PC1,PC2,spectral_cluster,dbscan_cluster
-1.0418122346805656,0.6224118263958812,2,0
-1.334129786845764,1.062820238885478,0,1
1.8305713091551097,2.8874628834067178,0,2
-0.2045877467027273,-0.4463267246205753,1,3
1.516013390405858,-0.3204075051875929,2,3
0.9665530996639096,-0.343103278332602,2,3
0.8798003593455714,-0.3588453139474377,2,3
0.6236829187408333,-0.2844275528650015,2,3
-0.0771796540984927,-0.490486816281181,1,3
-0.2894695068086346,1.1202336464486464,0,1
-0.5581063372094102,0.5165448284141752,2,0
-0.3594603411666686,-0.3145735473771762,1,3
0.8446513764421361,-0.3586243296023023,2,3
-1.371605839634666,1.181797435426221,0,1
1.1955021763828628,-0.3434422335460019,2,3
-0.4571063037156796,-0.3304605064090785,1,3
0.7665629394496075,-0.3521730666418516,2,3
-1.592532981479852,-0.5681221364186618,1,3
-2.2596347467143287,-0.6442065715563167,1,3
-0.970976154167878,0.4838333084922079,2,0
1.1125449806603571,-0.365722319780225,2,3
0.9362336534990222,-0.3579333446297135,2,3
-0.6272973280555928,-0.502831582658189,1,3
0.3778815808616553,-0.4298265324865556,2,3
-0.8204057891506705,0.4979236643644755,2,0
-0.5682670211126966,-0.5540972807234438,1,3
-2.027687047562116,1.5100141426480815,0,1
0.9278847560580644,-0.3600772006456,2,3
1.242988640956585,-0.2993652798884137,2,3
1.236381732694141,-0.3028108066461513,2,3
-0.4069866624635044,-0.3427814696197993,1,3
-0.9563819533816138,1.1121599532842046,0,1
0.4200167136663724,-0.4000746870907725,2,3
0.9801402826096874,-0.297627814687667,2,3
0.7007144422497198,-0.2688227225213629,2,3
0.2149321966466084,-0.3366803739445766,1,3
-0.9463717266228312,1.054842445734326,0,1
0.9032802498146386,-0.3046421905352127,2,3
0.5982322878894027,-0.3989608926290705,2,3
0.6295294062569335,-0.3766945781253248,2,3
-1.6624443134072575,1.0340075413137353,0,1
-0.0664160927731306,-0.3426633813480441,1,3
-1.0767584120497626,1.4707103355667297,0,1
-0.0837351669297271,0.5296367903209857,2,0
-0.1101874581378125,-0.4262440011934553,1,3
0.5341426619825917,-0.3007650941770093,2,3
-0.743052500579803,0.4844656882257031,2,0
1.150799334396913,-0.3177427252246767,2,3
0.2010391134754129,-0.4388748043033569,1,3
0.0786561434227823,-0.3166957433401227,1,3
-0.1987320513522558,-0.2884231189427427,1,3
-0.4807504664783112,0.6379283356457679,2,0
-1.2278700487609928,1.80769014962501,0,1
0.0700100230253921,-0.3821758126483999,1,3
-0.4863259279394359,-0.4086181002628231,1,3
1.4332585881563145,-0.3103602737684803,2,3
-1.117409411255066,-0.4378915577733441,1,3
1.0114292488328522,-0.2951074085299653,2,3
0.9887478900301158,-0.3073182254831903,2,3
1.1070433410022733,-0.263214600868299,2,3
0.4934916533233019,-0.3942665197952267,2,3
0.9309562743074966,-0.3642408186567037,2,3
1.6489668857141675,-0.2900286308082154,2,3
-0.4935898446616258,-0.4263308586713789,1,3
-0.2897700325236145,0.4831745244627299,2,0
1.7548071371107017,-0.2441995773452187,2,3
0.6915019378210024,-0.3640314857592369,2,3
0.7672872666443495,-0.3286401183428614,2,3
-0.5401388776381463,-0.4828209852196481,1,3
1.2019960096645512,-0.2549976228942405,2,3
-1.0900007522555348,-0.4334321799221977,1,3
-0.6619968021693606,0.5054999061151078,2,0
-0.1513773805093724,-0.4612498768934468,1,3
0.7417181314995649,-0.3207672819358469,2,3
0.2852046037100587,-0.3724328870694154,2,3
-0.66442302796582,-0.4896904298209839,1,3
0.0716247714117398,-0.2649115808534357,1,3
-0.7447275271656159,-0.3772563643674781,1,3
-0.3193982749184074,-0.4668399569276077,1,3
0.8980445846205345,-0.3065020476570462,2,3
-0.7451396739154462,-0.3773234204787475,1,3
1.1793543910987814,-0.32491402078101,2,3
-2.518940221121558,1.7674692997870338,0,1
-2.1112023257512025,0.9547996958844802,0,1
-0.8824307668121779,0.6073923098663389,2,0
-1.5986723361445916,-0.563735269981569,1,3
1.4470572629228653,-0.289286135583145,2,3
2.109765140111851,-0.2545568593421685,2,3
-0.1011084141807539,-0.3929893134195535,1,3
1.025545429262344,-0.2809232885640655,2,3
-1.298092289385394,-0.4672885897415827,1,3
-0.0332552967113794,0.6365841657652581,2,0
0.152316657251861,-0.3964641080116501,1,3
-1.3838975793600872,1.17979757429166,0,1
-0.8193086734464524,0.5030017445868504,2,0
-2.9314770759126985,0.9280070094948544,0,1
-0.2826852861541071,-0.5100322293027552,1,3
0.2877382115400946,-0.3837176368264742,2,3
-0.9852140337767674,-0.4812889329840177,1,3
0.4894850923761848,-0.4274676957765875,2,3
0.4849743708298917,-0.3973437468138939,2,3
1.7633979762262315,-0.2771212589861109,2,3
-2.1207099318646816,1.6637727819749089,0,1
-1.7970907063412331,1.3500332756721598,0,1
-0.6465175602142781,0.5683504082729017,2,0
1.439667526150357,-0.3058910640057899,2,3
1.5476098095760429,-0.3163256613718423,2,3
1.1053189183640333,-0.3186832052035499,2,3
0.9383568343057326,-0.3845496804773044,2,3
-0.4262042025176723,-0.4193117283816692,1,3
-0.4571063037156796,-0.3304605064090785,1,3
0.8801397849647226,-0.3700934955116959,2,3
-1.804281256377669,-0.5905961496827449,1,3
0.3628519236435382,-0.3876922336931419,2,3
0.8497247839417321,-0.3690908811370742,2,3
0.5800783762790958,-0.4004450264711364,2,3
-0.1500256734153333,-0.3280410376580359,1,3
0.5747793203344366,-0.2994819599470001,2,3
-0.7021914793102856,-0.4927230162659425,1,3
1.069060061079819,-0.3245583235793126,2,3
-0.3539687174499846,-0.4187042289478841,1,3
-0.0194893055608751,-0.3300936724891094,1,3
0.1035107633472338,-0.4437997964153237,1,3
-1.8080812638692645,0.4501977350685979,2,0
-0.4364883567981183,-0.3680567922685537,1,3
0.0491338686595723,-0.3189287095042637,1,3
-0.2771093013906506,-0.3011750661598962,1,3
1.001242386100577,-0.3455015763279266,2,3
-2.177409691762898,1.823036180243986,0,1
-1.2195710310545564,0.5934905413592738,2,0
1.4270008505405385,-0.2831857815381457,2,3
0.3627952089596651,0.596433002759317,2,0
1.808283487057588,-0.2459528376779953,2,3
0.3088056986449413,-0.3381064330365566,2,3
1.7568732840489036,-0.2595200725148119,2,3
1.4007299619784963,-0.3041720196314583,2,3
-1.5044326655538702,1.4326415150221936,0,1
1.169605128555396,-0.3287797412792377,2,3
-0.0405290680914447,0.6533982950545064,2,0
0.6868729453569453,0.6025621678548156,2,0
0.3428101350082916,-0.3351442209736919,2,3
0.6686466138494912,-0.3928467741447862,2,3
0.9269958449550216,-0.3447945128635141,2,3
1.710361321250286,-0.299462098037239,2,3
-0.698322158391073,-0.369706229437819,1,3
0.4193467597872157,-0.3783606577816166,2,3
-0.7735025550250677,1.06603729909171,0,1
-0.5605040654202933,-0.447753871675941,1,3
0.227750523965912,-0.4005324094716785,1,3
-0.9864255602723334,0.5904723985857945,2,0
0.2829054812909147,-0.4194261873124527,2,3
-1.1531066242458436,-0.598225229174229,1,3
-0.6100437355350947,0.4959842687074029,2,0
-0.6719546925783918,-0.3654162533015205,1,3
0.2362644900037356,-0.4122440727538217,1,3
-0.1145373831033836,-0.2747246801106911,1,3
-1.0641741822424848,0.493273971138105,2,0
0.293881572729861,-0.3021540609044183,2,3
-1.6624443134072575,1.0340075413137353,0,1
0.885921803110414,-0.2893038182326478,2,3
0.7508945400135211,-0.3039425578275619,2,3
1.4758153396525582,-0.3155029956555525,2,3
-3.0010602820037904,0.3036429531254135,2,0
1.5447906980962025,-0.2896649533383322,2,3
-1.2008136175618365,-0.5564855553155722,1,3
-0.5814836736319156,0.5931392177106024,2,0
1.287521692858962,-0.2959159686633349,2,3
-0.0640875558760809,-0.2869919221953886,1,3
-0.362055075724108,-0.314995709651341,1,3
-1.302343269984578,1.0614860299710078,0,1
-0.4344109312343136,-0.4978020742911886,1,3
-0.5961764580699966,-0.3530871648710543,1,3
-0.1481032747001084,0.5693755061450635,2,0
0.0361985020531802,-0.4293914540353548,1,3
0.6965543414864467,-0.3424614810125753,2,3
1.2428354238771882,-0.3234085564086473,2,3
0.2169342055775606,-0.2822206116352035,1,3
-0.889347947543238,-0.5049539302493872,1,3
0.7535364210359479,-0.377164532355875,2,3
0.2939795247632878,-0.4201082408744618,2,3
0.7581691965261977,-0.3816040596084069,2,3
-0.0332552967113794,0.6365841657652581,2,0
-0.1515379895392111,0.5959552224474354,2,0
-0.0754611873945185,-0.4225751128344669,1,3
0.8149171379411059,-0.3181787833879135,2,3
1.515767016434359,-0.226946910394799,2,3
1.2589707393139835,-0.2445611137312923,2,3
0.6561915278512968,-0.3705463939575899,2,3
-2.877049847596872,0.936862297761786,0,1
-0.5541135718338597,-0.4942565678415818,1,3
0.296691590841834,-0.3824214682242533,2,3
1.0301954687446242,-0.2549274961111631,2,3
-0.5656414590843319,1.1691416660018337,0,1
0.4908880814276541,-0.2785992432343716,2,3
-0.0330831399009929,0.5524777569719324,2,0
1.0912203408055294,-0.3819270600962831,2,3
1.2167163040076727,-0.3232533501232587,2,3
0.9556711343219276,-0.3368612486286936,2,3
0.208389661937982,-0.4295594030135012,1,3
-0.3520220335674545,1.0650442831433025,0,1
0.9571970142614395,-0.2951109463922958,2,3
0.9734747947803182,-0.3529274296945102,2,3
0.6666820652629171,-0.270473041197716,2,3
0.3076912675870878,-0.4357948311432523,2,3
1.0656466380630063,-0.343383829283024,2,3
0.4637573563472814,-0.3398283006879626,2,3
1.5402025531846266,-0.2942781285457044,2,3
-1.324005717351613,1.0394384364168807,0,1
-0.9966283165042392,0.4785788680574913,2,0
1.1834704172668224,-0.2510397523102857,2,3
-0.02510597644915,-0.260174226035664,1,3
-0.181672803070918,-0.4723084553154868,1,3
-1.7494515077625965,0.4218982808281158,2,0
0.8847640370812403,-0.3674493347254078,2,3
-1.9288630295440872,2.057234032272161,0,1
1.321923043636204,-0.3135504738040102,2,3
1.5823277666795343,-0.3158749767459465,2,3
-0.9044773517385104,-0.4869400694714931,1,3
-0.4681433814423543,-0.4522007900752926,1,3
-0.118275952342399,1.1606578035653736,0,1
0.8824735596588805,-0.3674444842905018,2,3
-0.3147660928809965,1.098674873405385,0,1
1.5303254104241664,-0.2949683341332583,2,3
1.8795481533095524,-0.2858074082889289,2,3
0.1880329245803888,-0.422436987151183,1,3
-0.0908535567989127,-0.4137339896975748,1,3
0.0883467880572734,-0.4219175297875848,1,3
0.6874600246219281,-0.3290900885705093,2,3
-0.1791634517537355,-0.2852393156187973,1,3
0.994942123452302,-0.3264919044783427,2,3
0.2093138528441586,-0.4276132499864818,1,3
-1.1817778668113272,-0.5302659148787565,1,3
-1.9785625714296715,0.9601933653310968,0,1
-0.3594062806348219,-0.3145647517502781,1,3
1.8276980612930611,-0.2425312004830615,2,3
0.5202162799942608,-0.312871921519363,2,3
0.2294046368001782,-0.2512182062200803,1,3
-0.5572965239305306,-0.4909982643897431,1,3
1.1947805373873808,-0.3493947236669526,2,3
0.355227585840272,-0.3679411050375549,2,3
0.3351675579402898,-0.4300220361503192,2,3
-1.9848932307252252,-0.6199816456338999,1,3
0.839118239090346,-0.3176844676493186,2,3
-0.9000121373356263,0.4922484581702209,2,0
-2.290865976648089,-0.6697632889549469,1,3
1.0618497165837892,-0.3655185287970783,2,3
0.1339104060050944,-0.4552891174627559,1,3
1.256967692494381,-0.3132639307165732,2,3
0.6167685004141635,-0.4118842625442783,2,3
0.6304460502413237,-0.3510518286533994,2,3
-0.0820485636969291,-0.2694387621942576,1,3
0.7924652852887213,-0.3762114083650643,2,3
-0.7247445116160901,-0.4064578908471349,1,3
0.6518516253523867,-0.3870183423665802,2,3
0.7329157414172232,-0.3569695161582356,2,3
0.7803575284161564,-0.3133465639096826,2,3
-0.3989152443336481,-0.320992844333841,1,3
2.226106225766459,2.9368242263140467,0,2
-0.6897674428869732,-0.3683143806486282,1,3
0.7271551720571118,-0.350125702252607,2,3
0.037281850648679,-0.4126499828192787,1,3
0.40692010474831,0.579151419042402,2,0
0.8185504022571151,-0.29952658545683,2,3
0.538419686503017,-0.3078722009600547,2,3
1.4748198947397435,-0.3081771450057233,2,3
0.094198214183011,0.5679902672639683,2,0
1.5852577091254825,-0.2814775838461943,2,3
0.7527882553089751,-0.3249848352292458,2,3
-0.7687183939590053,0.5279929727373818,2,0
-1.1202078568949418,0.4576010834262954,2,0
-1.6239229012917369,1.012430534267601,0,1
1.7913649934278582,-0.2981677529598017,2,3
-0.106817238803049,-0.314419433294697,1,3
-1.3570850070738802,0.571117072489668,2,0
0.3337973202478634,-0.3605652949822466,2,3
-0.3235389863666548,-0.4930078364012115,1,3
1.54972247201636,-0.2955347657771574,2,3
0.4236158706821681,-0.3942770146985492,2,3
0.4404263146318341,-0.3787408248765364,2,3
-1.658365977080977,-0.5259049745595338,1,3
-2.1262152857978585,1.7664599793821287,0,1
0.1792580467489898,-0.4062524818032725,1,3
0.2680907170224279,-0.4200040323065003,2,3
-0.3847007861743048,-0.4532006369260912,1,3
-0.722184515018541,0.5571336156782324,2,0
-1.3741096755410156,1.466431448689285,0,1
0.803252368582188,5.630512343060521,2,-1
0.4986350009942062,-0.3608132884163601,2,3
-0.2987669787163065,-0.4779090820842004,1,3
0.6389513835440215,-0.3140291764720017,2,3
0.5747793203344366,-0.2994819599470001,2,3
-0.0012542934722954,0.5097227504486773,2,0
-0.472594824099347,-0.431413039686757,1,3
0.023689722166891,-0.4101875158483171,1,3
-2.6978069355503496,0.3529821512410028,2,0
-2.390392097328412,0.4029984224020294,2,0
-2.4581754633633346,1.407521094552059,0,1
0.2447828289099517,-0.4525820074564086,1,3
0.4287976507695289,-0.4093224599182724,2,3
-2.5214962911163807,2.275782565287561,0,1
-0.5341637504696976,-0.3429977221600073,1,3
0.6091553513229977,-0.3321388655540296,2,3
-0.0261906829829398,-0.466319897310786,1,3
-1.6624443134072575,1.0340075413137353,0,1
1.409936111646221,-0.3269994721298553,2,3
-1.5431150196867516,0.4538720115491545,2,0
2.36410126713816,2.962103190172469,0,2
-0.6230210422005715,-0.3574547679667464,1,3
2.4582480704538425,2.99716056982716,0,2
-0.3805493532328894,-0.4459335911052276,1,3
0.7176684354999475,-0.3633024383611452,2,3
0.3774039460993027,-0.4393636095352799,2,3
1.027831025099987,-0.3244987391315174,2,3
-1.3656347730059253,-0.4782777247982802,1,3
0.6839726122573263,-0.4142417961383216,2,3
-2.4969416072844077,2.185898621049553,0,1
1.391250831545627,-0.2815296647357931,2,3
-0.9955852809558776,-0.5017632930966507,1,3
0.6814326879394351,-0.3686818557572428,2,3
0.9471955153458186,-0.3355278725895438,2,3
0.3805340313994581,-0.4325155325231216,2,3
-0.413909759457412,-0.384858672302617,1,3
-0.4237448991354247,-0.3250326192340486,1,3
0.0491338686595723,-0.3189287095042637,1,3
-0.8421310763275494,-0.4904621481772929,1,3
-0.362055075724108,-0.314995709651341,1,3
0.9590553327755637,-0.3901961959747489,2,3
1.6621132157170315,-0.2725964213996784,2,3
-0.0871629305901655,-0.4612793002113884,1,3
-4.085390348090778,1.1752266390797634,0,-1
0.2358451047770253,-0.3762272906956228,1,3
0.1528593506006662,-0.44756361422892,1,3
0.7950138268498513,-0.4090122038344933,2,3
-0.2708759231145914,-0.4538860623493654,1,3
-0.7450678828786712,-0.516430182432459,1,3
0.375554252865266,-0.3904635337622363,2,3
0.2091752214089644,-0.4288181037304054,1,3
-1.1175782641834482,-0.4379190300772223,1,3
1.7540608386901702,-0.2570557585031405,2,3
1.8813692222256893,-0.2347061067936874,2,3
-0.0383908467246689,0.5671277182557232,2,0
-0.2334413894672204,-0.2940703143644695,1,3
-0.0332552967113794,0.6365841657652581,2,0
-0.1567506202198086,0.5561225017309491,2,0
0.1938324438544402,0.5698175412426285,2,0
0.1471682983455695,-0.3966328903738641,1,3
-0.2716085080560744,-0.4120641834172709,1,3
-0.0123727970616147,1.5673301632827146,0,4
-0.2338471433453198,-0.2941363303580665,1,3
0.194605592551553,-0.3798859032102564,1,3
-1.7287363530511517,0.4901741384361082,2,0
0.3337973202478634,-0.3605652949822466,2,3
1.0862403486192955,0.6620635743805867,0,0
1.2360295132479584,-0.3139774794812415,2,3
1.2349168685141616,-0.3369530334814439,2,3
0.5776902188137166,-0.3905248877256766,2,3
0.0296986471803329,1.1516204828183707,0,1
-0.2341337190473482,-0.294182956110108,1,3
0.4846400127412149,-0.3380065288878999,2,3
-1.6270345931934955,1.4007571016591085,0,1
-0.9722088242073412,0.6337362734267942,2,0
-1.0676436145336508,-0.5097898645893407,1,3
-1.5669321956302646,1.723953954969164,0,1
0.7515272965504542,-0.361427990116529,2,3
0.7154983480383652,-0.3781278157954611,2,3
0.2934149935168015,-0.3758379741358622,2,3
1.199735727281218,-0.310748979776707,2,3
1.0521461932713547,-0.3490059965402725,2,3
-0.4523117050971028,-0.3296804271324825,1,3
-1.0768148796637875,-0.431286843728089,1,3
-0.556836501411551,0.5293932688163251,2,0
-0.7702611771387226,-0.3814106790003445,1,3
0.5748824085258839,-0.3959830963841659,2,3
-0.3776334527986357,-0.3380057141535501,1,3
1.7479953823226897,-0.2794627511682864,2,3
1.1585327120946307,-0.2964716711767779,2,3
-0.0871139135287433,-0.3231910564840523,1,3
0.9484996649579368,-0.3881111294873998,2,3
-1.197368868591301,1.0687243125045138,0,1
0.5957456617400825,-0.3561773573123904,2,3
0.7446784217230311,-0.3401994431723109,2,3
-0.4459986955856375,-0.3286533030112336,1,3
-0.3128270835079705,0.57912060160239,2,0
-0.3516473456145628,1.1146030504958837,0,1
0.302652221492402,-0.3019329522187854,2,3
0.8612105396373769,-0.3251629314550077,2,3
-1.1061867895881128,0.6119381120730815,2,0
1.539943946330179,-0.3077612972249243,2,3
0.2159592260730995,0.5552583840843639,2,0
1.491206567983092,-0.3055035262131109,2,3
0.360000460551934,0.5775589005514669,2,0
-1.086171756474468,0.5014620725741616,2,0
2.853755608310728,3.0075976850594377,0,2
0.8611801889004952,-0.3702957503286143,2,3
-0.1972155291315297,-0.3700780165289209,1,3
0.6977088755049595,-0.3742664426762603,2,3
-0.994542674623205,0.6301025649014328,2,0
0.1545569927202417,-0.4330113088942944,1,3
0.4519988646837489,0.5980312062535664,2,0
-0.906881434795374,-0.4036387402499812,1,3
-0.2325298770317013,-0.293922011655969,1,3
0.5704806548077113,-0.2993081908671548,2,3
1.7655616189311572,-0.2560993142809902,2,3
0.3641058110052063,-0.3893364733743222,2,3
1.0513826473938732,-0.3271100829061845,2,3
-0.1952967395677198,-0.4530206685703231,1,3
-0.370836744366237,-0.4238779447431452,1,3
0.7662571839874772,-0.2993113996841672,2,3
1.224990044619015,-0.3403643388170755,2,3
2.028841314616237,-0.231942533725095,2,3
-0.6408305327407446,0.5605102928414833,2,0
1.8102918382775768,-0.2472531303164064,2,3
1.3995756677687632,-0.3139177558881102,2,3
-1.7446460730617397,-0.6312513969945522,1,3
0.6029330823029272,-0.3596471031840527,2,3
-1.187855397809242,0.5781752534105378,2,0
-1.028118958009529,0.5376616646989243,2,0
0.6277977189034563,-0.3751495295648143,2,3
-1.1894035473147593,0.5983987788916671,2,0
-0.7068949177199831,0.6359519222697512,2,0
0.926381848018458,0.6324048411075838,2,0
-1.7824881822158365,-0.5460996076651997,1,3
-0.1235755134197518,-0.3712800341261515,1,3
-0.0219148052905392,-0.4652620997861856,1,3
-0.0155231254646779,-0.4232152525198002,1,3
1.8110251257275016,-0.2499863213458903,2,3
0.580278750122279,-0.3331607292352965,2,3
-0.4815236687482552,-0.3344332019288223,1,3
1.313349144688546,-0.2816132178995921,2,3
0.5826082466024074,3.787200651917243,2,5
0.66867800551708,-0.3174124877762203,2,3
0.9641351457283792,-0.3555546657500677,2,3
1.7717861771449817,-0.2548881128381944,2,3
-1.0402521803093818,-0.4253381071743616,1,3
-0.4459986955856375,-0.3286533030112336,1,3
-1.3358551631474138,1.0466891262195257,0,1
1.070785042850505,-0.3231684115948653,2,3
-1.201452487178792,0.5964384211973932,2,0
-0.2096968741978862,0.6283526005006915,2,0
-0.9897752320743118,0.6308782258963582,2,0
-0.9991198733059125,0.6293578565074063,2,0
1.6204662719317946,-0.2768666228470442,2,3
-0.1095456343983903,-0.4324222257450273,1,3
0.0685970553012744,-0.3941003688696323,1,3
-0.6523642926947137,-0.4492069554116226,1,3
0.5950322328614114,-0.4009806549720835,2,3
-1.1739709980041793,0.6009096484888811,2,0
1.0037278359247652,-0.3405493844435182,2,3
-1.970576417300128,1.0314169982299557,0,1
0.4623545653886927,-0.4233254616322792,2,3
-0.2578813752929715,-0.4509489665699317,1,3
1.2724826610707625,-0.3149183497595236,2,3
-1.275625897249881,-0.5825412827269011,1,3
-0.2745082902443427,-0.3007518826872342,1,3
-0.3776334527986357,-0.3380057141535501,1,3
-1.6624443134072575,1.0340075413137353,0,1
-0.7344275577007728,-0.4330623030942279,1,3
0.0286754523508665,-0.3163295193175152,1,3
-1.8661702988149755,-0.6171963941859048,1,3
1.2557506010861357,-0.3573377519415218,2,3
-0.1917181976245746,-0.412356503080739,1,3
-0.646220488168252,-0.4836165584049517,1,3
0.565251298292775,-0.3988018106547537,2,3
-1.0956386645783238,-0.4343494660010015,1,3
-1.2932462968785925,0.5815036050922112,2,0
-0.6839514159062272,0.5867566569344352,2,0
0.0729444341892495,-0.5256762151921538,1,3
-0.6427229234490154,-0.3606602561617993,1,3
0.8276718022964916,-0.2870217304058603,2,3
-1.164722968885245,0.5266462832082944,2,0
0.0948460599926818,-0.2611334864937407,1,3
0.3086430905070909,-0.3916701422309608,2,3
0.583556004858999,-0.44138633920478,2,3
1.0705156178985895,-0.3473450246455644,2,3
0.5044612375630931,-0.3709166209203161,2,3
0.3525917548575066,-0.3946307681868634,2,3
0.4662882231704268,-0.3501542631757833,2,3
-1.22729457794952,-0.4557698304219681,1,3
-1.1091960664410867,-0.4365552498588302,1,3
-0.8903450334880911,-0.4009482743746304,1,3
-0.0820485636969291,-0.2694387621942576,1,3
1.1957294299825345,-0.325439289658634,2,3
-0.44839439743247,-0.4776410655418441,1,3
-0.1515379895392111,0.5959552224474354,2,0
-0.8888981359983024,1.0999521606264946,0,1
-0.2723587317143563,-0.3004021503745906,1,3
0.9803514608750772,-0.3965924880741999,2,3
0.1064717050990879,-0.4054272311772656,1,3
0.4592948139431327,-0.3129428091012909,2,3
1.8267502772879805,-0.2449638896048831,2,3
0.6646348383848392,-0.3669071882788368,2,3
0.8696060929702113,-0.3696801482620803,2,3
1.128297848304182,-0.3400011407378558,2,3
0.2838375123496734,-0.2968872963692146,2,3
1.0374195684930283,-0.3419271771851714,2,3
0.0014257810397041,-0.4449686858432941,1,3
0.8499321479041697,-0.3040917994141088,2,3
-1.3458088807266753,0.4280510014801452,2,0
-0.3130217392123612,-0.4876800565327967,1,3
-0.5525263620714733,0.4872345169780443,2,0
0.1040564099252015,-0.4229730336806706,1,3
-0.3191285817578122,-0.4678703698285889,1,3
-0.0387036144166689,-0.4571435801503317,1,3
0.7999905416455734,-0.3523343949190005,2,3
1.5388390706128945,-0.2885206992181228,2,3
-3.054712682367115,1.5829410694025696,0,1
0.5732526189132279,-0.3731100171784337,2,3
1.0458743053948698,-0.3450120934407196,2,3
1.4384824454121743,-0.3186689845863543,2,3
-1.5702464583364022,0.4022279035064338,2,0
1.0091701766210637,-0.2567218495323518,2,3
-0.5281264032550996,-0.3420154481841474,1,3
-1.0600890845842117,-0.4285655635617756,1,3
-1.4064192708056964,0.5101622436233604,2,0
0.6884961764625872,-0.354359936481975,2,3
-0.3638690205327552,-0.4779170690326235,1,3
-0.876234571805572,-0.4856305602371634,1,3
1.051609050008064,-0.3165476323114954,2,3
0.5040209029793103,-0.3932876939380157,2,3
-0.8727199691698835,-0.4185560922492071,1,3
-0.6369016243155721,-0.4769946459240567,1,3
-0.3387287953534581,-0.311200533169475,2,3
-0.2976114545801225,-0.5070801513685892,1,3
-1.553926139719071,0.3903006739954145,2,0
0.5343155659456355,-0.3966749611863439,2,3
0.2217392916250999,0.5454763197083611,2,0
0.4974236211987168,-0.3877030532946318,2,3
-3.04189757699585,0.2969987415719976,2,0
0.736174229249773,-0.3044061547808199,2,3
0.1055733141449789,-0.3970054199169541,1,3
-0.0087661801787742,-0.339417382865769,1,3
0.1091405722121405,-0.3903881728964414,1,3
-1.4936143807769946,-0.5195753645554037,1,3
0.2788621991058426,-0.4501922125382863,2,3
0.1623586219766521,-0.33469797744102,1,3
1.3582029917662866,-0.2715081611272915,2,3
-0.3639755979179073,-0.31530817784374,1,3
1.5880677086511374,-0.2933383741652773,2,3
-0.3965788308823786,-0.415697564630039,1,3
-2.6003631687549227,1.8941440766949311,0,1
-0.1791634517537355,-0.2852393156187973,1,3
-2.1078226287341546,0.4284969530808057,2,0
-2.1091097115079265,0.4282875452285629,2,0
0.8297214756688722,-0.3958921728058277,2,3
-0.3756137898253444,-0.3991033421544703,1,3
0.7147969809172007,-0.4051869952618319,2,3
1.0172775673818886,-0.3298467860982991,2,3
1.1735570588941755,-0.3356024695782351,2,3
0.8683886377005354,-0.3745104713630378,2,3
-2.1087872941106003,0.4283400024100867,2,0
-0.7166418461295023,-0.3726868353019026,1,3
-3.043141762185288,1.2534913815861992,0,1
0.6371578466490048,-0.3787578181508282,2,3
-0.6827719563308993,-0.5137775102621497,1,3
0.7391219441426675,0.6155890115162946,2,0
0.1189335630210386,-0.4566404488626716,1,3
-0.840354807551106,0.4840645754268445,2,0
-0.0572087194193999,-0.2858727382565791,1,3
-1.2841169906386734,1.0490202624821052,0,1
-0.6885688912270527,-0.5010427227002077,1,3
0.7148713360382355,-0.4256743669638556,2,3
-0.4571063037156796,-0.3304605064090785,1,3
-0.1989446408898274,-0.4764200984132442,1,3
0.7090289722876953,-0.3758872072503634,2,3
0.301139147669393,-0.4285436690552951,2,3
0.4379516908935974,-0.421527686343717,2,3
0.6816034511363097,-0.3294715640456507,2,3
0.9854128441312606,-0.3416407032211387,2,3
-1.5973595049145377,0.9553261618698718,0,1
-1.5254065919201034,-0.5247479445861515,1,3
-2.2010339086558406,1.819192529609168,0,1
-0.3211876810850473,0.5574701298669889,2,0
1.1979135813900943,-0.32823324377968,2,3
-2.595435795265856,0.3696378947996016,2,0
-1.592564890316114,1.1458474863011638,0,1
-1.3853810474762536,0.4445987145911848,2,0
-0.734262572736703,-0.4892861978467649,1,3
-1.6018376033256234,0.98207504404019,0,1
-0.551382503502777,-0.3987273702872408,1,3
-1.240272686457795,0.5576696351963191,2,0
-0.5658123778150451,1.0871696477051485,0,1
1.4662525136600717,-0.3156913357276728,2,3
0.338365365053351,-0.2215129930090837,2,3
-1.7679184771476733,0.433441354751852,2,0
0.1397461891050405,-0.3789027887875376,1,3
-2.0286332685845254,0.4294036839612383,2,0
-1.576919181791716,-0.5126536135583991,1,3
-2.0263973256360064,0.4297674709842089,2,0
-2.1104037234282638,0.4280770100069467,2,0
-2.1094325619710617,0.4282350175874053,2,0
-2.111053351211992,0.4279713158264945,2,0
-2.109755846664944,0.428182419297079,2,0
-2.1091097115079265,0.4282875452285629,2,0
-1.2178557829381862,-0.5874838978051576,1,3
0.6249222017029067,-0.3945749815196397,2,3
-2.1087872941106003,0.4283400024100867,2,0
0.4449101106869209,-0.3891412342250835,2,3
-2.109755846664944,0.428182419297079,2,0
0.5482972651944358,-0.3860839475236127,2,3
1.134760228572721,-0.3385257740609204,2,3
-2.108465308618824,0.4283923893207502,2,0
-2.1087872941106003,0.4283400024100867,2,0
-2.1078226287341546,0.4284969530808057,2,0
0.4901356125402337,-0.3604497110985148,2,3
-0.3198014329978955,-0.4426415381349552,1,3
1.1763567607766907,-0.3178630334365493,2,3
0.7495293986927039,-0.3784658930834254,2,3
-0.6933063221480558,-0.4703293495502987,1,3
-0.7362419200558815,-0.493709433611536,1,3
0.8330861059345336,-0.379305321743155,2,3
0.0206567457090842,-0.3453504296730847,1,3
0.2346009414459717,-0.4190248517066955,1,3
0.2947062515875186,-0.3344726410972824,2,3
-2.0570930577433657,0.4367506339806393,2,0
0.6081399302583319,0.6017589930280235,2,0
-2.0557973018632127,0.4369614529438199,2,0
-2.6716329201575,0.3572406530714073,2,0
1.4170966830591163,-0.3234387558918216,2,3
-0.1168243122640706,-0.3689757440414425,1,3
0.5478670976460386,-0.4136564028485304,2,3
-0.1661913245884752,-0.4871822628231549,1,3
0.3063696459219956,-0.4116252849344475,2,3
1.386962259400501,-0.3583423083349875,2,3
0.5447504957881263,-0.3597263539904482,2,3
-0.1279231001908468,-0.4511031040510213,1,3
0.9262546370821512,-0.3833360076901162,2,3
-0.7721054306132711,-0.4790690036416256,1,3
-0.0554776767276141,-0.2651156895171775,1,3
-0.3291533558378806,1.1878324527581183,0,1
-1.4519857603413582,-0.6060594732599521,1,3
-1.592564890316114,1.1458474863011638,0,1
0.0853741830905746,-0.4028387642100221,1,3
1.4671341332175254,-0.2955882573736931,2,3
4.22907479724941,12.74388883533625,2,-1
0.911472005147148,-0.356316331888435,2,3
1.3014410259838936,-0.3329798788039761,2,3
0.5861855065130845,-0.329107142514443,2,3
-0.344953410274053,-0.4289321090159438,1,3
-0.3535203674535842,-0.4610233504179575,1,3
1.6762041446533242,-0.2512340995658695,2,3
-1.2402471459991748,0.4537969438376861,2,0
1.0245375691602188,-0.3332575706887357,2,3
-1.7385926073073117,-0.5714105703061964,1,3
1.0274893241447225,-0.2956517620298801,2,3
-0.3007380732552951,-0.4083054895591362,1,3
-1.796305902047102,-0.5483477451523328,1,3
1.1493901499599095,-0.3125577574444517,2,3
0.154199246700267,-0.4221015090438397,1,3
0.2967705562011166,-0.2812086156635682,2,3
-0.3992371927671825,-0.4456885153602822,1,3
0.701833491045627,-0.3639191058762761,2,3
-1.3521621606500782,1.063526642826347,0,1
0.4836702729583032,-0.362076341100169,2,3
0.4267770191878757,-0.3755676047517134,2,3
-0.9361517933621848,-0.4084010158757308,1,3
-1.3759506899816651,0.4080572693742701,2,0
1.0633573238277154,-0.3600648057620038,2,3
-0.0073923758904186,-0.289744985426175,1,3
-1.592564890316114,1.1458474863011638,0,1
-1.9665766312097916,0.4514776203558446,2,0
1.1845202031708957,-0.2743893567319644,2,3
-0.3218909470703517,-0.4876524641116962,1,3
-1.0041765127512965,-0.512090390718774,1,3
0.9811273601706824,-0.3360406258367943,2,3
-1.5048602362318757,-0.6033066958823038,1,3
-1.406525784672764,1.1761159743423786,0,1
-0.945002080909482,-0.4573833810329517,1,3
-0.7580129490105824,1.842533597241912,0,1
1.157640977076441,-0.3460098058999221,2,3
1.5369722685148532,-0.3042547954267943,2,3
0.8094034144941747,-0.3405878623138137,2,3
0.3343402138577021,-0.2016924747117212,2,3
-0.3048494740524866,-0.3705938913772276,1,3
0.0045275108920819,-0.4322654165853004,1,3
0.6739565975759352,-0.3420711375062398,2,3
-1.6270345931934955,1.4007571016591085,0,1
0.6867519203519369,-0.324224220589019,2,3
-1.0227159379525708,0.4543944924856753,2,0
0.2668223079086129,-0.3592789034679329,2,3
-0.7098727809383185,-0.4730247057661023,1,3
-0.9108034366809568,1.011158799804826,0,1
0.5570452211791637,-0.3222634698201915,2,3
1.453596041324018,-0.3326918097520367,2,3
-1.1907811340179295,0.4546169019388943,2,0
-1.021602154368206,0.4449728099271547,2,0
0.7519026091799728,-0.3842067789202121,2,3
0.5696350184767953,-0.3884079151415627,2,3
-2.613617972196012,0.3091979222520384,2,0
1.108796668650642,3.848415926622978,2,5
-2.710920849415472,0.3508485227029204,2,0
0.1525684717550358,-0.2841948283116815,1,3
-0.3630042735547087,-0.3151501437585408,1,3
0.9704753822794484,-0.3539642071369733,2,3
0.1357101897653076,-0.3672592557005354,1,3
0.930807736871406,-0.3208745791031756,2,3
0.6744523236952004,-0.3899773599454366,2,3
-0.383947944246067,-0.4554665022419588,1,3
0.3782665454011167,-0.3857829249579825,2,3
0.5674087457606335,-0.3963790720554952,2,3
1.6392922800879284,-0.2959918957815156,2,3
0.3506030272333053,-0.353729816432814,2,3
0.0473727551256316,0.5559312299449034,2,0
0.6176165851078808,-0.3647210063403382,2,3
0.9447798691457676,-0.3417674150528993,2,3
0.4473895825189219,-0.4263025803946442,2,3
-3.55495409442654,1.598910257180256,0,1
0.0848379161431441,0.5898642741318886,2,0
0.5242505435820678,-0.4293153634830163,2,3
0.2989493089870385,-0.4099577648469871,2,3
0.9726561607793232,-0.3418288707887217,2,3
-1.1365551723943332,0.4744038991537573,2,0
0.729780530681383,-0.3736135594467444,2,3
0.9715825073874328,-0.3170737600931026,2,3
-0.1416867505726817,-0.4612047774951086,1,3
0.8591804831239626,-0.3043652502224921,2,3
-0.614525368260698,-0.4575117198784684,1,3
1.5524529311050614,-0.3170653248975538,2,3
0.4125357493377068,-0.2647381082979702,2,3
0.111751096784069,-0.3958599654374755,1,3
1.1599762001595235,-0.3309784037350359,2,3
0.199090571794392,0.5944531689493852,2,0
0.3480850483246578,-0.3695728336202787,2,3
-1.2785957485111716,0.5081192275314363,2,0
0.966469992638782,-0.3125624531517364,2,3
-2.4057679869869606,2.294611514058616,0,1
-0.6422081289628367,-0.3605764993049025,1,3
-1.1299351889126026,0.4654469762617029,2,0
-0.4571063037156796,-0.3304605064090785,1,3
0.0941848145976455,-0.4542476950339688,1,3
2.196211648178197,2.942165659732441,0,2
0.490533665977139,-0.3985855419091695,2,3
0.2568616172199879,-0.4091763827937248,2,3
0.4931244624677438,0.5792054568952308,2,0
-0.8121934937181723,0.4856513954326119,2,0
0.3033797602298551,-0.4458898641407988,2,3
1.29172692836,-0.3410279440810786,2,3
-1.7372241399779775,0.419334092935861,2,0
-2.304660946777846,0.4169468462897149,2,0
1.4639354609187805,-0.2791887373731492,2,3
0.8647824336627066,-0.2953256350920756,2,3
-0.9161233537555028,0.6428613570256793,2,0
-1.0397628933543346,-0.4252585003825726,1,3
-0.906961269765456,-0.4935862241176188,1,3
1.0540154251698122,-0.3277938537256876,2,3
-0.994305780257268,-0.417862646272177,1,3
0.6424485129977487,-0.3869559354407456,2,3
1.2079664938200914,-0.2566067361769617,2,3
-2.501209715106639,-0.663035313456937,1,3
0.914598379016348,-0.3549361507378308,2,3
1.165916240401197,-0.3449897282215381,2,3
0.5292332534012765,0.5821218876999408,2,0
-0.3127618454777784,-0.3069757208158528,1,3
1.2555730912143248,-0.3256565301059306,2,3
0.6907147919384247,-0.237589454939272,2,3
-0.228234937941797,0.5303107498180069,2,0
0.855867180915844,-0.3754641028366919,2,3
-0.530228484380147,-0.5012783902410042,1,3
-0.3246026811542875,-0.4900813919419466,1,3
-1.7450999642835243,0.3860725907747603,2,0
0.9079980522837108,-0.3714834015334217,2,3
1.2956704254800715,-0.3458077252853339,2,3
1.2653849959702843,-0.3106290210343292,2,3
-1.5563856790557584,0.4436060790822728,2,0
1.563052910493608,-0.2918136704025135,2,3
1.279453549686237,-0.3205792210508955,2,3
-0.6051728394540791,-0.3545508725221776,1,3
-0.4039547198283857,-0.4887859993397903,1,3
0.0746710113118014,-0.4606912096069336,1,3
0.1768805265696027,0.6210600888314349,2,0
-0.1808565455497925,1.537430871152505,0,4
-0.2962949483790439,-0.4372199091744457,1,3
1.54079918260468,-0.2981049822324075,2,3
1.0174366305546894,-0.3202947940635657,2,3
1.175854001595635,-0.3538812279870764,2,3
0.9562006173871928,-0.3628300599874002,2,3
0.4841536266337197,-0.3406559598389069,2,3
-1.9680805915523891,1.5197120891882478,0,1
-0.850743914876124,-0.498673069582559,1,3
-1.187572189446118,-0.4493070137081064,1,3
1.0289870739155516,-0.3284396270798094,2,3
-0.8499922321223066,-0.3943828897403304,1,3
-0.5497737675814544,0.5031788206612494,2,0
-0.1515379895392111,0.5959552224474354,2,0
-1.40593206914422,0.4011500311989436,2,0
0.3338904281478682,-0.3897789326883745,2,3
-0.2934696987351399,-0.4232677037056453,1,3
0.1101174442874335,-0.4069557866009716,1,3
1.2083061286897945,-0.3349439793135033,2,3
0.7532586472155444,-0.3729724564993782,2,3
0.4583809927107271,-0.3978358735514251,2,3
1.2256432410757092,-0.3212730270737692,2,3
-0.0516692201843231,-0.4491188907983942,1,3
-1.4182138304640366,-0.5397604803053924,1,3
-0.3101519204725018,-0.3935291393936226,1,3
1.1560593242594506,-0.3007850916297486,2,3
0.188495662082013,-0.3762497835104839,1,3
-0.8229831849549517,0.658015225217783,2,0
0.7946966737687021,-0.3595674799917098,2,3
-0.2516573378863963,-0.3678673184421777,1,3
0.7609974536198831,-0.2992487468967238,2,3
-0.0624408122503547,0.5685318761181423,2,0
-0.2660433302709156,-0.4111587312186335,1,3
0.5238480189209646,-0.4206905632505175,2,3
0.7362849976219903,-0.3989453688288878,2,3
-1.87993362063709,0.4860498122903908,2,0
-0.4329135747983865,-0.3589771142083934,1,3
0.2262724328858004,-0.4315297443762446,1,3
0.5422306250379925,-0.4257522847229782,2,3
0.412905688241665,-0.2802185888143756,2,3
1.0566463704001308,-0.3415707666412076,2,3
0.0684762531824295,-0.3959553818941024,1,3
-1.0433070747269302,0.4711616693476735,2,0
1.497999563184994,-0.2772974555529928,2,3
0.0499845393986642,-0.4494187488476559,1,3
-0.4632221422806049,-0.4623408632184927,1,3
0.2208534832974587,0.6277717920944241,2,0
-0.2212226976948015,1.093458357237426,0,1
-0.0084753795989886,1.1694388585585742,0,1
-1.1157697388213683,0.6103789700676235,2,0
0.9211655744086338,-0.3036041792468379,2,3
1.418395725700229,-0.3269696535003509,2,3
-0.4257321715080748,-0.4415011753396555,1,3
-2.1687338251615245,0.4390621345829611,2,0
-1.0243476441962098,2.125789056535204,0,-1
0.97171907340415,-0.3799363628315422,2,3
-1.6540962803661432,-0.5661611141849409,1,3
1.0154404773167396,-0.2667351775128839,2,3
0.4319458447574741,-0.3910809082989336,2,3
-1.2201599464811363,-0.5604653565354178,1,3
0.4946640138180618,-0.4122516504360595,2,3
0.2701133099392364,-0.4006595481833148,2,3
1.1835393979589544,-0.3182759235697281,2,3
0.1905235688927635,-0.4328334934989314,1,3
1.768259119473225,-0.2496420633743976,2,3
0.1495104960865236,-0.2317641958300922,1,3
-1.3202051569946756,1.3839854632622322,0,1
1.3690920380301026,-0.3280328438433363,2,3
1.116223979502275,-0.2972598885094365,2,3
1.0158399450876576,-0.3289192459768014,2,3
-0.5727957607133617,1.1064946849322983,0,1
-0.4585825875498628,-0.330700697198138,1,3
-0.8970872675089743,-0.4890232854835185,1,3
-0.906752403140896,-0.4445685644237451,1,3
0.8340237318330981,-0.3872834832972988,2,3
-0.2917897851358799,-0.4903307025147459,1,3
0.7048617023976292,-0.2965597295992798,2,3
-0.6147787888649758,-0.5101617632255765,1,3
0.7567241545047043,-0.3438512709432714,2,3
-0.0304482901940907,0.6259379093657842,2,0
-0.1291616205819645,-0.2771040376962995,1,3
0.7799180674474498,-0.3770839614397576,2,3
-0.8486980515508498,-0.4926048842885157,1,3
0.5659944844660405,-0.4063584657189844,2,3
-1.063504232945167,-0.4291212068334688,1,3
-1.6469276303100997,1.3980893839677846,0,1
-0.4468486716013009,1.0715153404046192,0,1
0.9402735820176475,-0.3445862070067072,2,3
0.6747173144538641,-0.3654268810074034,2,3
0.096674017030616,-0.2403606698290028,1,3
0.2417486986124745,-0.4060635483044686,1,3
-0.8715097418062441,-0.5109809689612109,1,3
-0.6091030415548371,-0.5248373122201614,1,3
-1.2830084517012816,1.4318508933091936,0,1
1.4719074208303229,-0.3057366808486341,2,3
1.5245060096615055,-0.2904555865540107,2,3
0.7087621106013784,-0.3118082778461697,2,3
-0.8875065138770524,-0.5538852030829827,1,3
0.6258750781836331,0.6040285298958865,2,0
0.8019524240569429,-0.3783211793324521,2,3
1.752660681720778,-0.2783781715340041,2,3
-1.127334080370909,-0.5152743133844223,1,3
0.4824669500086251,0.5935034560226486,2,0
0.8408699281514997,-0.3684003071298539,2,3
-1.7930148882634744,0.3759857993575456,2,0
0.7743143657871591,-0.4061412972316755,2,3
-1.856203542279186,-0.5785684760351106,1,3
0.5959133880789124,-0.3523124936455044,2,3
1.4241892263504636,-0.2863910762427272,2,3
0.9677796349138016,-0.3255709043883245,2,3
0.6974658381675694,-0.3842154827445743,2,3
0.6152198592484587,-0.3921331418742439,2,3
-0.1023854181664991,0.5160193510589678,2,0
-0.3595480089212121,-0.4671544043524775,1,3
-0.7656951763612434,0.5123400732583766,2,0
2.534142745671492,3.012305203251595,0,2
1.7735156587419316,-0.2942371952306745,2,3
-0.875150512309252,-0.3984761318591994,1,3
1.922673190219908,-0.2469605708263166,2,3
-2.7931476523132788,0.3374702547760097,2,0
1.366621251820997,-0.2812025481169884,2,3
-0.5500195534084908,0.5376023591223418,2,0
-0.8688572341226588,-0.3974522180166114,1,3
-0.1715541276937067,0.6689176183231481,2,0
-0.7572323240218589,1.0671572967942196,0,1
-0.5852987059292575,-0.3717927677368445,1,3
1.595780325424838,-0.259887821402477,2,3
-1.097819665022538,-0.5490587041581286,1,3
1.419324555984424,-0.3059443530152482,2,3
-0.6083862787849275,0.4723625115026424,2,0
0.1145154196495147,-0.4600960938796518,1,3
1.854454767236036,-0.3027506268453987,2,3
-0.8632583294494365,-0.5102737558439099,1,3
0.7882428134037711,-0.3527093881856308,2,3
0.5403440592248492,0.5929728450983711,2,0
-0.8857973124211933,-0.5068740491905718,1,3
0.0584265498525418,-0.4224409605446428,1,3
2.412049170118685,2.934512858826773,0,2
0.8944112810178027,-0.3638249477425583,2,3
0.3717376280428358,-0.26051344061505,2,3
-0.8934883161846845,-0.5801674243717626,1,3
-1.0528229998193293,-0.4598361295911808,1,3
0.6330705002753083,-0.3594707479566756,2,3
0.8484634834183062,-0.3835503939494173,2,3
0.71425884856976,-0.3717009708657647,2,3
-2.760614440926365,0.8525202601609667,0,1
0.7142706362444067,-0.3863586674416411,2,3
1.0945174559143105,-0.3322833428436827,2,3
1.5465498600325474,-0.284178701608032,2,3
-0.8737989517025513,-0.3982562334893409,1,3
0.2435733018440029,-0.3493835609013326,1,3
-2.433791713717863,0.9765274636530388,0,1
0.1524443585955009,0.6219598723595331,2,0
0.3062869885219851,-0.3001357047192943,2,3
0.0840979611557172,-0.4232638228904927,1,3
-0.0902749708550648,0.5928902407745087,2,0
-0.6907780275006027,-0.4503804375054879,1,3
-0.1515379895392111,0.5959552224474354,2,0
0.3253816251885093,-0.4045471853642896,2,3
-0.7377203618620164,-0.3965917101627847,1,3
0.8991255883323546,-0.3727987055469001,2,3
0.9859836793898654,-0.3394995505331089,2,3
-0.3839257866227741,-0.4877238349515394,1,3
-0.082081865033795,0.5298145493345604,2,0
-1.2692111717322965,0.4345856517481887,2,0
0.5081027208226573,-0.3261562960667555,2,3
-2.494349862680676,0.3656091267936649,2,0
1.0105559904050745,-0.3619379855479878,2,3
1.3425579646824386,-0.312038871920442,2,3
-0.9285702424038552,-0.4071675005687072,1,3
0.264908624923499,-0.4193705377496918,2,3
-0.7142851847807997,-0.4502605558666445,1,3
-2.21167661649846,-0.6688565580745143,1,3
0.479218442825466,-0.3594278947292116,2,3
0.2317927003982541,-0.4508146438166686,1,3
1.1719167573194422,-0.2970433954936591,2,3
-1.5954940495588363,0.5323280166811143,2,0
1.471476460937623,-0.2926253410849909,2,3
1.0274591931352943,-0.2937340206043813,2,3
0.9893954356691316,-0.3265530965557524,2,3
1.091099395086675,-0.345153058228394,2,3
0.4899171489567919,-0.3794118533839443,2,3
0.2055441232972989,-0.3911359736208508,1,3
1.2508980840049102,-0.3275307562853062,2,3
-1.0460771729209897,-0.4262858311412926,1,3
-0.4837681761858388,-0.3347983823907363,1,3
0.3297185924020986,-0.4286666958865993,2,3
-2.5474147120051294,1.316486006348405,0,1
0.5944893295077032,0.5977617597152307,2,0
1.0561996131497584,-0.3592482715117706,2,3
1.5602720979700648,-0.2738197249050982,2,3
0.1342893562723954,-0.3640516896388113,1,3
0.759468886387792,-0.3841201438320983,2,3
1.6115860403583369,-0.3249244012804053,2,3
-1.3589092431863723,0.5708202700041671,2,0
0.3856614003017306,-0.4044565497546408,2,3
-0.5790542173124292,-0.4032295470507277,1,3
-0.1230862446087854,3.881946511347577,2,5
0.3174396689251796,-0.4543044611314812,2,3
0.4267704339444669,0.5901263286830264,2,0
0.1169458723751596,-0.449783383855205,1,3
0.1771870195094347,-0.2952790722454898,1,3
-0.4579602779951227,-0.5099276482445462,1,3
0.4942185432188085,-0.358601302632127,2,3
1.049366453919769,-0.3462145257798053,2,3
-0.9423601769100868,-0.4851791333120448,1,3
0.5806925691777599,-0.4144279719519375,2,3
-1.0112076836582538,0.5420102555880935,2,0
-0.4704760808839899,0.5237232916043003,2,0
-0.1186831390861861,-0.3163500105224059,1,3
1.4699323208158144,-0.2960709176534837,2,3
0.1064717050990879,-0.4054272311772656,1,3
1.2912538674303464,-0.33376809366595,2,3
0.6215871863753876,-0.3228491504033027,2,3
-2.2587700862053723,-0.6645413004236757,1,3
0.1467584382439176,-0.4172875158305107,1,3
-0.5275927078892027,-0.513940056782778,1,3
-0.7757468133868624,-0.5121142102747174,1,3
-0.8565900692101758,-0.5004805217461198,1,3
0.3473306415497107,-0.3865047390210539,2,3
0.6944540856831045,-0.3703118708435863,2,3
-2.5157456058620964,0.3091998840407954,2,0
-1.142865989852813,0.4421671505786166,2,0
-0.3240911461301816,-0.4092895843124031,1,3
1.157389125358559,-0.3161479586784766,2,3
0.3626285098342435,-0.3598360485256058,2,3
-2.687400022938528,0.3546753517584294,2,0
1.0894006379467778,-0.3106655518539876,2,3
1.220754430652655,-0.2883088098195648,2,3
0.3124828834648244,-0.4163626651602805,2,3
1.1646605968780137,-0.3030665302364519,2,3
1.3250713779496284,-0.320695002246229,2,3
-0.4842875467539995,-0.4804328278932648,1,3
0.4950036299208432,-0.4083943766283457,2,3
0.7777291468105987,-0.356709048470004,2,3
-1.0509862946426836,0.4279555532789463,2,0
-0.7735892905470665,-0.3819521617200764,1,3
1.294030941350131,-0.3111304397136417,2,3
0.8540990050182217,-0.332096156668865,2,3
0.9791160253720712,-0.3195986230966857,2,3
-1.3030774816424402,1.0120899380454944,0,1
1.0664653462005014,-0.3393600884788058,2,3
0.8272921822795793,-0.4092266769434048,2,3
-1.3700907717388997,1.0129705447816086,0,1
0.9040901334430804,-0.3719387181520255,2,3
0.3640869218489495,-0.4262082210266463,2,3
-0.3181219871956723,-0.4073169604790118,1,3
0.492339467797241,-0.3370084854042808,2,3
0.301840351212474,-0.4597630842293863,2,3
1.6503837266608752,-0.2712847153140637,2,3
0.0072216522526257,-0.4570773381134013,1,3
-3.126360322842176,0.2832566866221164,2,0
0.7656136335584453,-0.3726769935563404,2,3
1.6118995053327243,-0.2486455574080212,2,3
0.593695081920791,-0.3665785466711068,2,3
1.0198184807421942,-0.2809895314256446,2,3
-0.6394540643778095,-0.360128414099008,1,3
-0.3786179603429985,-0.5058558988670216,1,3
-0.8333320580554612,0.5425989903284939,2,0
0.6141430102047569,-0.3981016699090395,2,3
1.286390028043063,-0.333957728617117,2,3
-0.2188140830016813,-0.4646479395632398,1,3
-3.495471673863829,0.8362453141009824,0,1
-1.2287334739576896,0.48377904453499,2,0
1.357053676346487,-0.3236930129073452,2,3
0.2148587796620454,0.554892070267175,2,0
0.4353520583473187,-0.3967187501831171,2,3
-1.1609642259012034,1.4776519138194095,0,1
1.803240439878861,3.902058440110383,2,-1
0.5620047776262596,-0.3368372583507446,2,3
-0.021502605828496,-0.431686666440829,1,3
1.2983862925127283,-0.312769562560475,2,3
-0.8126075646058804,-0.3883004192955679,1,3
0.2997433246505346,-0.4094526699804197,2,3
-1.3789265916351383,0.4642774237495132,2,0
-2.3816718374576547,0.4044172051934298,2,0
1.3380573799319733,-0.3285327145670177,2,3
1.6192597583819912,-0.2850856881498841,2,3
-1.517084320164268,-0.50291850551563,1,3
1.612371339025882,-0.299151712154303,2,3
1.1414316110436136,-0.3442745513330483,2,3
-0.2953765948397429,-0.4661667913329986,1,3
0.1649548886421025,0.5746706366437243,2,0
0.5842437633224187,-0.3795736336404184,2,3
-0.0972505637806775,-0.2719121215245244,1,3
0.4914764574186603,0.6124404167372794,2,0
0.3788467588075592,-0.3420677824444741,2,3
0.2347315250027621,-0.2178987685281772,2,3
0.1956813884840596,-0.4135586812276832,1,3
0.3440113195491598,-0.4006969051619618,2,3
-0.525430945029661,-0.4932872064833681,1,3
0.3744368826629424,-0.3853856962645697,2,3
0.7511859364294803,-0.3775701206814059,2,3
0.6290454314006909,-0.3582082494832607,2,3
0.5140414973580052,-0.4052969232146711,2,3
0.510807656515111,-0.3985406855296262,2,3
-1.5656315163897505,0.4421017850479236,2,0
-0.1584642091325371,-0.4151213126819366,1,3
-0.2352892448513545,-0.4442904305416781,1,3
1.09284260810348,-0.3563216564005847,2,3
-3.126360322842176,0.2832566866221164,2,0
0.0336908410617963,-0.4621835872037279,1,3
-1.4116566514648767,-0.5676671011516795,1,3
-1.0110093126745912,-0.5024819394568769,1,3
-0.0940153225504054,0.553218134695077,2,0
-2.098484531846241,0.3635136141620964,2,0
0.2955693897353951,-0.403516504283465,2,3
-2.862732967395646,-0.7218550019342019,3,3
0.5114961884978324,-0.380896787365275,2,3
0.1065184300088826,-0.4180188882604712,1,3
-1.090191332152152,-0.4983686974211025,1,3
0.5569425673269894,-0.3848712956559759,2,3
-1.4062677548387963,-0.5853592854964874,1,3
1.876682672617921,2.9200005653882544,0,2
-0.2040973932151967,-0.4757968196080408,1,3
0.3820134765169777,-0.3700988204113252,2,3
-0.6423042536140462,1.2053696577986164,0,1
-0.3519110544651201,-0.4817350775890618,1,3
0.0429352989776601,-0.4184655245076079,1,3
-0.4951867973502508,-0.4928703830563152,1,3
0.5971688043859398,-0.3940042407639926,2,3
-2.191313108696619,1.3155006048063982,0,1
-0.2433935953556288,-0.4816502485584763,1,3
1.110748384867853,-0.3348487899121182,2,3
0.4834963644727614,-0.3813599397642218,2,3
0.6118962624032831,-0.3877961936006575,2,3
0.9079338771513508,-0.3593380078913148,2,3
1.368705391570647,-0.3198928701204767,2,3
0.3652922177290689,-0.4126085715585106,2,3
-0.7539390410943607,-0.5138909873943144,1,3
0.1670422160458077,-0.4315432434620992,1,3
0.4219780682894994,-0.4036022159007866,2,3
-0.3792774797328241,0.4710284815332837,2,0
-1.4875151525020012,0.5498961400225264,2,0
-0.5402637362690408,-0.5221352472567907,1,3
1.0399223903284331,-0.2974686727366307,2,3
0.064507712474691,0.5567769404097324,2,0
2.0225387442397937,-0.2669084919178556,2,3
-0.7637114331969252,-0.4603402203098892,1,3
-1.5758515408647813,0.5355238449853271,2,0
0.9192789970256616,-0.3729762701688163,2,3
-1.354455943402156,-0.5875639227295995,1,3
1.524317854161566,2.8866614923250284,0,2
-0.6065529440138009,0.5470431063202579,2,0
0.7344930236724019,-0.3139412200502104,2,3
-1.482490454213629,0.5507136564233194,2,0
-1.5736835032796104,0.5358765838328545,2,0
2.2519244620387653,-0.230626168233763,2,3
-1.5618986855356711,0.5377939689638825,2,0
-0.0972505637806775,-0.2719121215245244,1,3
0.6350495571431161,-0.3431722704575247,2,3
-1.951191094274881,0.4744562498445065,2,0
0.6084981069297939,0.6391557633015673,2,0
-2.139623026938524,1.829184055489885,0,1
1.2694229030408677,-0.3244577872440239,2,3
0.6520995382122531,-0.3364403588787898,2,3
-1.5728927726259645,0.5360052353937773,2,0
0.9678637967757708,-0.3060723543183569,2,3
0.7046413209212203,-0.324606252098705,2,3
-1.50031571176637,0.5478134941525921,2,0
-1.486397090772193,0.5500780482185532,2,0
-0.7402705806225518,1.8411440685179208,0,1
1.4176015754260944,-0.3115175113747797,2,3
1.454412949912033,-0.2958260152757131,2,3
-0.8701492750910262,-0.5498894846990913,1,3
0.1025324354255202,0.5533273586211535,2,0
-0.3041218889651673,-0.4873203164268525,1,3
-1.613424443591633,0.4126919152573722,2,0
0.6397881616309369,0.5982317790452764,2,0
-0.119884524012245,-0.4445713561016086,1,3
-0.8934048576272089,0.4635763322795768,2,0
0.6903577366707196,-0.3466469555410607,2,3
0.2852554454650515,-0.4333077047710149,2,3
-0.3603967826993847,0.5014682829892746,2,0
-0.4079911450948554,0.6151243605002394,2,0
1.59370015983902,-0.2729975625572954,2,3
-0.5644410600545405,0.606200944007245,2,0
1.60888469667649,-0.2914055064872519,2,3
1.8707108291121244,-0.2726881893532419,2,3
0.5669050798938227,-0.3037604803036088,2,3
0.1705078327723307,-0.3394529265882196,1,3
-0.0526739222035906,-0.4679044880036243,1,3
-0.3885431197302175,0.5219640797951569,2,0
-2.9658356640290147,3.0184243885418485,0,-1
-0.4555246556051399,-0.4737609170418527,1,3
0.0708323018060128,-0.3264667416996359,1,3
1.1146506298064374,-0.298273938490239,2,3
-1.4470569092799843,2.122440476550445,0,1
0.6536871858742594,-0.390215124105459,2,3
1.87002159050934,-0.2858110979239376,2,3
0.947457956345796,-0.3549700204810321,2,3
0.9354853430970258,-0.3596827079978287,2,3
-2.687282518417877,1.312763728739115,0,1
-0.3312227233189226,-0.4474562199179815,1,3
0.88373301415819,-0.3358135784944708,2,3
-1.6819167570919704,-0.5297366770430461,1,3
-0.0972505637806775,-0.2719121215245244,1,3
0.2729921206709208,-0.4565226172773802,2,3
0.3991432596743801,-0.3958742714238626,2,3
-0.830217419778306,1.0460093289888237,0,1
-0.4591896953521639,-0.4878955186527604,1,3
1.6859271244165217,-0.2366224802611648,2,3
1.1835016850897682,-0.2931892855701779,2,3
-0.0981831634463396,1.8849693507085103,0,-1
0.2883666970753802,-0.3970327014268672,2,3
-1.1125940120010205,1.0732896711739237,0,1
1.1639073497213253,-0.3080927101346252,2,3
0.6899501167034573,-0.3817730191075739,2,3
-0.8342142176610916,0.509793945701294,2,0
0.6267361193588563,-0.342285192410394,2,3
-2.158977688626221,1.8260350597784196,0,1
0.3220928414402171,-0.4261179179747872,2,3
0.773413004346984,-0.3783226369515722,2,3
-1.064602243160822,0.4119425663016424,2,0
1.6775342518646454,-0.2991269109102327,2,3
0.8663664431034859,-0.2449430405654588,2,3
0.6768851926619531,-0.3748482762437193,2,3
-2.037332475941436,-0.5875626722737392,1,3
1.4235434499240394,-0.3203344103290431,2,3
-1.840007025183949,1.3843354116139082,0,1
0.0343987789856317,-0.4384552173761538,1,3
1.1493816439560225,-0.3194817753261221,2,3
1.029689480210629,-0.3212559340562985,2,3
0.1813183063187109,-0.3348098488642571,1,3
-1.1405125605345603,-0.4416504309159692,1,3
-0.6236363630620723,0.599140188021959,2,0
-0.6367191125474818,-0.4171651781676128,1,3
1.6080930187961238,-0.3222302824624312,2,3
1.718676417460099,-0.313682875094215,2,3
0.9608875388558274,-0.3778702407147443,2,3
0.1494887073284533,-0.3568422761850791,1,3
-1.7321826967324585,-0.6437712531060186,1,3
-1.3702619205103863,0.4113035428844369,2,0
-0.2319248235795883,-0.2938235697014335,1,3
-0.7852752160160723,-0.3838534571175464,1,3
1.0817773762799443,-0.3627650596267119,2,3
-1.6328410315034014,1.7191504339418235,0,1
-0.1300302999143477,-0.5162158888693508,1,3
1.2334685305990671,-0.317996858895972,2,3
-0.2508671137822783,-0.4130507004231267,1,3
9.589163025881769,27.10695040252392,2,-1
1.2871412115894798,-0.313649330096885,2,3
-1.182650693473706,0.999230573176566,0,1
0.8383836575256624,-0.3697717682362534,2,3
0.2311221957835655,-0.3947246116793015,1,3
-2.0750314670390453,-0.5936962830393778,1,3
1.333217788247555,-0.3202057968446309,2,3
0.144906722274961,-0.2939394543454187,1,3
0.6909642295914239,-0.3794787222599727,2,3
-0.925468800168576,-0.4866580791860013,1,3
0.4873914733617813,-0.3865486333148855,2,3
1.093120045885341,-0.2746104900267128,2,3
0.1376188528754493,-0.3515326355470154,1,3
-0.6417957882894245,-0.4474874639740629,1,3
1.477788130505963,-0.2678174738841803,2,3
-0.8976757259164038,1.0570594845949604,0,1
0.5450245028691254,-0.3937339785162098,2,3
1.3145551368369763,-0.2923237189979218,2,3
-0.6578260912911477,-0.5207871865879997,1,3
0.2251303905228276,-0.4193666335425763,1,3
-1.3607663389018083,-0.5389118588762032,1,3
-0.124011153829504,0.5595951155559855,2,0
-1.1322029185113502,-0.4402984554840485,1,3
0.6653457627409122,-0.4035470580407106,2,3
1.30547945124214,-0.2730816395430221,2,3
-0.233330460316107,-0.2940522662359737,1,3
0.6532146661267276,-0.3211155963043935,2,3
-3.597110448762516,0.8197087260975849,0,-1
0.5794208582269788,-0.4047578564402583,2,3
-1.8085839445843512,1.0782485175027114,0,1
0.2030692166848975,-0.4655513016379123,1,3
1.509817587539198,-0.3221380422663374,2,3
0.3665704015811799,-0.3376228482763955,2,3
-0.3427172664838676,-0.3323248646124893,1,3
-2.6343899060629887,2.63738962352009,0,7
1.7002256221426186,-0.2899478055076778,2,3
0.3187475129399111,-0.3610344115915218,2,3
1.8631025262690195,-0.3162879800718172,2,3
-1.36070545659215,0.445884736656696,2,0
1.544996920658507,-0.3034457880041044,2,3
0.6873516934062524,-0.3733738803416289,2,3
1.0368406835341233,2.826832534098887,0,2
0.6053811332102631,-0.362145688071237,2,3
0.3704017085693579,0.6266761860071146,2,0
0.8750316910872891,-0.3338986964396579,2,3
-1.378599270191882,2.077656413694409,0,1
-3.1530947538157035,0.278907005400996,2,0
0.3037677381368927,-0.415684375749256,2,3
0.9648583525989682,-0.3669561467762129,2,3
1.3667448993863829,-0.2856806202700251,2,3
0.8632315969475429,-0.3792153386734155,2,3
-0.9509165243606088,4.63593608884902,2,-1
-0.4034607797697567,1.1382747654608574,0,1
-0.3754182235419637,-0.4866269188168743,1,3
-0.5703277326492967,0.5426110860149719,2,0
-0.2920528675970434,0.5918307819236968,2,0
0.5725737038964025,-0.4075722090255601,2,3
-0.6236363630620723,0.599140188021959,2,0
-1.516639616737385,-0.5028461524460324,1,3
1.1360825309065794,-0.2668834330815074,2,3
1.4577715718115831,-0.317695969594074,2,3
-0.8209363661584119,-0.4425836758743933,1,3
1.0754844128522707,-0.3214075784595913,2,3
-0.2256256265053375,-0.4156511455751313,1,3
-0.3489496995328573,0.5320780361910654,2,0
-0.9277470614147711,0.640970184440956,2,0
-0.2323471389904259,-0.2938922802497795,1,3
-3.0754363161997893,1.6769276078099191,0,1
-1.1602555949459612,-0.444862614714167,1,3
0.7526493503088819,-0.4063796950626053,2,3
1.0710783214996815,-0.340865526638383,2,3
1.4765756882890555,-0.3252779248806167,2,3
-0.2328680962292773,-0.29397703978407,1,3
-0.9806676626247266,1.4452692406293788,0,1
-0.2328340400491121,-0.2939714988571854,1,3
0.9436860526860972,-0.3971554415620862,2,3
1.3839512791286552,-0.3366624857832885,2,3
0.206004720171278,-0.4323057827580343,1,3
-0.4277195993920994,-0.3666301189475735,1,3
-0.2328106292239957,-0.2939676899253072,1,3
1.3299528009517767,-0.3093342331868037,2,3
-0.5003138122763169,-0.4801176315062589,1,3
-1.0406594208164122,-0.5521435531995501,1,3
-0.3292019871827633,-0.4171039864103052,1,3
0.4111474979486254,1.1652930226525648,0,1
0.4837732099318369,-0.388213354621466,2,3
1.6370948464804214,-0.2797139580811461,2,3
1.0092352250077232,-0.3579809713731509,2,3
0.0839828958020072,-0.3855216860135252,1,3
-0.232143316305021,-0.2938591183804275,1,3
-1.2324064868957303,1.06696819274884,0,1
-0.2888741574593849,0.5364767502338269,2,0
0.2534185649184279,-0.3604083387307843,1,3
-2.793637191718891,0.2759643805521451,2,0
-0.2014497146545897,-0.4991298483069202,1,3
-0.673757438844482,4.659305544286942,2,-1
0.1691029383998277,-0.2761189402208731,1,3
0.9407084332473528,-0.3425367997244287,2,3
-1.285124068796598,0.4167997354458123,2,0
-0.1079153437555413,-0.3995658631620747,1,3
0.5230430063439061,-0.4143863073200399,2,3
0.5707702661145493,-0.3530145576676056,2,3
0.7196039540111822,-0.3968793858173535,2,3
-1.582491498082392,-0.578465737415017,1,3
-1.2241161893734662,-0.4552527078725346,1,3
1.0214181703505492,-0.3529378758510016,2,3
-3.617284794177908,1.864430121963784,0,8
-0.91843832112435,-0.4055190410310056,1,3
0.8571630181165316,-0.3727721707123759,2,3
1.356063605461324,-0.364186979810477,2,3
-2.3096738240279784,1.3771569546275444,0,1
0.909281378470398,-0.3720013854605862,2,3
0.1314669297631031,-0.4086559815138868,1,3
0.5828979299253242,-0.3837483905450865,2,3
0.8301277720817818,-0.2761789901891822,2,3
-0.7562228642034017,-0.4200774686757692,1,3
0.4864767715642262,-0.3168461338839722,2,3
0.5383069373356035,-0.3889732035575379,2,3
0.277977132343012,-0.4732957046110688,2,3
-0.7486812088877773,-0.4558567752246502,1,3
1.5303292221566636,-0.2949677139659063,2,3
-2.183208103890335,0.3453984898804212,2,0
-2.5585006705818256,1.4236509785975762,0,1
-0.0763569659719275,-0.4223997680249134,1,3
-0.8059745053673961,-0.4996691603526764,1,3
-2.170889172428357,1.3688815401121588,0,1
0.5040861468204567,0.6439404643044128,2,0
-0.7819078602342067,-0.3833055896793461,1,3
0.38000425347422,-0.3817633756376283,2,3
0.5442266961077676,-0.402977457103469,2,3
0.6764486711703748,-0.3252914660915297,2,3
-0.3183057673248386,1.1584119118350016,0,1
0.9279937776332936,-0.3420901246938209,2,3
-0.2113890541690761,-0.4626681252961268,1,3
1.6762041446533242,-0.2512340995658695,2,3
-1.8939008431385065,0.4308491868794992,2,0
0.8732217727439561,-0.3185390629219439,2,3
-0.7036584564364953,-0.4181168699092721,1,3
-0.3013232094748513,-0.4585134140287393,1,3
-0.9549538105321174,-0.4590025234601875,1,3
-0.1796726916079989,-0.3467483950977739,1,3
-0.4622415890484629,-0.3312960152777437,1,3
0.0601035773209603,-0.4184093730986225,1,3
0.7065671408260565,0.6283302677987846,2,0
1.1737049473532346,-0.2733615401882676,2,3
-0.2176941103225897,-0.3324590559215137,1,3
0.2337334485808423,-0.3988533376319322,1,3
-2.6424913720233483,-0.6860217825008409,1,3
0.6802109109404615,-0.3887292465953142,2,3
0.8142895814253855,-0.3761198503467733,2,3
-1.0598232707515731,-0.4285223157575756,1,3
-0.0481510018563525,-0.3817573165726669,1,3
-0.1603397016961842,-0.4732768700794164,1,3
0.0615567658085096,-0.4408312564087241,1,3
-2.765274508883367,-0.705998549734043,2,3
-0.7031076450123842,-0.3704848261961062,1,3
0.2021954686948978,-0.4121069331464967,1,3
-0.0135357420654856,0.5413665666405665,2,0
-0.2890402494792238,-0.4967179166821286,1,3
-0.5060375700843539,-0.5260253117815522,1,3
-0.5300726977997706,-0.4362110909991841,1,3
-0.924392961149092,-0.5248635620544071,1,3
0.4726587113020036,-0.3573331703764671,2,3
0.1194784253826557,-0.4416629821712922,1,3
1.7633920965373029,-0.2851678970479908,2,3
0.4367706478345212,-0.2789060655645728,2,3
0.3249422106822072,0.5921415563867357,2,0
-0.4154408813333677,-0.3236815588606588,1,3
0.5699034491366936,-0.3723342193651797,2,3
-0.8418102939779486,-0.3930516916783959,1,3
1.0413973548860551,-0.3050316735543285,2,3
-0.4555783937088429,-0.3831400799615385,1,3
-0.1646076853892684,0.6120639575607213,2,0
1.0970400465357115,-0.342128151067001,2,3
-0.8430582618153927,0.485869330769654,2,0
-0.3122755883896249,-0.3068966069821949,1,3
1.0717151387113577,-0.3282657466066361,2,3
-0.1796726916079989,-0.3467483950977739,1,3
-1.1079757449824708,-0.4363567040458473,1,3
0.271796673505699,-0.447827957607687,2,3
1.3633258264858166,-0.330015359668072,2,3
-0.3183234878177495,0.5504299065776543,2,0
-0.1807345396627698,-0.4929751600800586,1,3
0.5611706239508247,-0.3724771755409968,2,3
0.2144815470719366,-0.3732492384408746,1,3
1.3494979314866755,-0.2789553774812042,2,3
0.726383457250761,-0.3715842288088615,2,3
-0.9897532483689282,-0.5165910979063397,1,3
-2.0310266511462647,1.963592752765761,0,1
1.5670867229568433,-0.2867964199264151,2,3
0.4367706478345212,-0.2789060655645728,2,3
1.0680162115422496,-0.358122709778199,2,3
-0.5816025547533308,-0.4679975094352165,1,3
0.280660101759038,1.1693295498963878,0,1
0.7189134193679976,-0.3685657656237742,2,3
-0.3739569736923321,-0.3169321436880084,1,3
1.6275436482161332,2.904316133842023,0,2
-0.8529222112122592,-0.4922178615047647,1,3
0.253556147901562,-0.3902294680314205,1,3
0.9130711435345008,-0.387431864071846,2,3
-0.4079161217846216,0.567735141407829,2,0
0.5508111347105586,-0.3561659919292913,2,3
-1.7966660958359393,1.6390553796806626,0,1
-0.9621311820346434,-0.4740540783750808,1,3
-0.0284628795827309,-0.441186165674078,1,3
-0.1777759507257671,0.5306316646457908,2,0
0.9298722739020686,-0.3578255757463168,2,3
-0.9465059321259726,1.0340952705526172,0,1
-2.81253213851197,0.9473593032119556,0,1
-0.1119598854436584,-0.451731617446618,1,3
1.4551674049454644,-0.2485767559330386,2,3
1.2070175505630387,-0.3146624066797452,2,3
-0.2550495155698408,-0.2975859478344781,1,3
-0.5571794399080341,-0.5086391827939759,1,3
0.1567556616848549,-0.4011643389294175,1,3
-0.334870461012285,-0.3785906194171863,1,3
0.6874997973420596,-0.3007446319903278,2,3
0.2868638891946652,-0.3283248197313035,2,3
-0.4356071442766642,-0.4751718977689673,1,3
0.3775660849500172,-0.406599353845434,2,3
-0.1699256459344364,-0.3821688855179458,1,3
0.2696142845784572,-0.4312303399713699,2,3
-0.9562104595359516,-0.5608361414381361,1,3
-1.1806584583528363,1.1010804038180129,0,1
1.2565504186590528,-0.3249727406771076,2,3
-0.9001299292515645,-0.553368731586971,1,3
-1.4062233973032847,1.1437124175333924,0,1
-0.1622757420868101,1.5420472852481135,0,4
0.4367706478345212,-0.2789060655645728,2,3
0.6698277585482533,-0.3833380484482543,2,3
-0.9505873786760431,1.155212116716173,0,1
0.5181355352405687,-0.3838416371362826,2,3
0.7923626636182076,-0.3773400838175021,2,3
1.7342283413241002,-0.3005901553527701,2,3
1.051269118615997,-0.3190916174059078,2,3
-1.4222787195420814,1.4050571115905912,0,1
-0.9901815359036392,0.5103625992471904,2,0
0.0967406091762198,-0.4000764496643171,1,3
0.6379435659933147,-0.4137724388519083,2,3
0.1014798095613526,-0.4169322166742368,1,3
-0.8120888277537133,-0.5013132100232321,1,3
1.279453549686237,-0.3205792210508955,2,3
-0.6484601268415915,-0.5501610192162222,1,3
0.5041339212291733,-0.4031327134018834,2,3
0.5118967919727466,-0.4237851500683444,2,3
0.2755683981464474,-0.397269791093521,2,3
0.6624196583687526,-0.3709365431492933,2,3
-3.077430951172463,0.8837849636100528,0,1
-0.3229550855744689,-0.5170974112739952,1,3
-1.2219628197632633,-0.4873551106116595,1,3
-1.0151838523665548,0.6267442535425355,2,0
-0.5406929798009482,-0.4742335013332153,1,3
-2.3141814213073366,0.3624697049944081,2,0
0.5418129313097434,-0.3866754277674639,2,3
-0.774525764720599,-0.4690825780250818,1,3
1.3253567352500373,-0.3149356801695309,2,3
0.9271146107232956,-0.3601919549487319,2,3
0.90196705792676,-0.3702351854197607,2,3
0.5092874537842799,-0.3849868353082487,2,3
2.122731767062381,-0.2272272672805065,2,3
0.2840002187225205,-0.3752588728157642,2,3
0.4367706478345212,-0.2789060655645728,2,3
1.4645142798011326,-0.3291115034229147,2,3
0.3208617150619137,-0.4173459783761228,2,3
-1.4556525051778322,-0.5133989825865604,1,3
0.7870447513363951,-0.3210442518010222,2,3
1.0734665175509772,-0.3060984675373286,2,3
1.1860580282877136,-0.3491324899227369,2,3
-1.1955122410832235,0.4979357501094271,2,0
0.0625231408987544,-0.4223819699449876,1,3
0.1450369344041711,-0.2529674513117899,1,3
-0.6152178481838837,-0.4524286161264477,1,3
-1.3248903037631965,-0.492124024743291,1,3
0.468507526723928,-0.3807718480105523,2,3
0.8999203711208567,-0.3582088865182761,2,3
-2.0537991637684647,0.4577619579984003,2,0
0.6754058766424959,-0.3751398910198916,2,3
1.3912533524785784,-0.2815292545810107,2,3
-0.6294510270263345,-0.4384961059526968,1,3
-0.1924012221915956,-0.444489140829834,1,3
0.1850114867031056,-0.3039453472862612,1,3
1.8571538566430883,-0.3031997920298104,2,3
1.6735308212283944,-0.3131037891957251,2,3
0.2303289464449258,-0.4308025389944073,1,3
0.6922974255389642,-0.3557300347017281,2,3
-2.629066213415592,0.2690813853947069,2,0
-0.9829643922334068,-0.6247340057074752,1,3
-0.2032466599388958,-0.3905968386152255,1,3
0.4367706478345212,-0.2789060655645728,2,3
0.6732315784335767,-0.3519087411147714,2,3
0.0104830483750478,-0.2543839059383677,1,3
1.667472421464831,-0.3179411932201699,2,3
-0.2508677209144634,0.506540310994849,2,0
-0.965291472301178,1.5108540369848775,0,1
-1.5060114093795935,1.4754597527775948,0,1
-1.8688286586743832,1.4624567662647114,0,1
-0.3691521462451655,-0.4944371378623236,1,3
-2.862732967395646,-0.7218550019342019,3,3
0.9854985829745464,-0.3119372488697669,2,3
1.6649313942808135,-0.2626358113641991,2,3
0.4786517206597894,-0.3854820915695527,2,3
1.1225710271815588,-0.3422783703154776,2,3
-0.8411682050181246,-0.499612911275248,1,3
0.0056857235051175,1.112676747671819,0,1
0.6867519203519369,-0.324224220589019,2,3
-2.06260065775388,1.4189527932290569,0,1
-0.1751487040501068,-0.4244923340048619,1,3
-0.3616913545430333,0.5710475775924929,2,0
0.3767572224903477,-0.3065753385128003,2,3
0.8686153329393573,-0.3743205553103312,2,3
0.1648917288027177,-0.4343028381448876,1,3
-2.4438793967460444,0.3942960601907039,2,0
-0.8058198688460196,0.6608076898804907,2,0
-0.2014116823920769,-0.4570506357389559,1,3
-1.0383774702685753,0.4544822346761595,2,0
-1.3173782945729422,1.4443379124208888,0,1
-1.8444279395349188,1.0109904875094162,0,1
0.4627084042269658,0.6050351771918835,2,0
-0.3649142150692077,-0.5033723071210413,1,3
0.6177570557973134,-0.4020613883587047,2,3
0.6572382718879815,-0.3924747057023423,2,3
0.747313628862852,-0.3734089050834365,2,3
0.4525315828948554,-0.4039285686493021,2,3
-1.5215772011378508,-0.5036494954521232,1,3
-0.1011332741983604,-0.2725438369557437,1,3
0.5709385711921849,-0.4071499226691591,2,3
-1.549369360599918,1.441442243919737,0,1
-1.4498528446589496,-0.6124294925335483,1,3
0.048382951819116,-0.3970080317968275,1,3
1.054950956165834,-0.2659472301721675,2,3
0.7207662773793362,-0.3590659966472216,2,3
2.4171657992504496,2.978255485322956,0,2
0.6190827448378036,-0.3792669534009296,2,3
0.9254223319442688,-0.3050875155968205,2,3
0.8185124770386814,-0.3685794438042315,2,3
0.3139158167426142,-0.4011945145262235,2,3
-0.5581764701189511,-0.3469045820378109,1,3
0.4239486477844407,-0.4044537415749972,2,3
-1.2143158870878703,-0.5811958115551942,1,3
-1.607957102780413,-0.5177034708828671,1,3
0.4411747445035048,-0.4324441699646561,2,3
-0.8554638529812961,-0.3952731202645186,1,3
-1.1497045651559816,-0.545523010320308,1,3
0.6186551526026227,-0.2934688403166994,2,3
0.5146913048966129,-0.357815507675602,2,3
-0.909432966038332,-0.4365066284751631,1,3
2.8139686577292795,6.228215009316144,2,-1
0.1427150423916134,-0.3254915936467021,1,3
-2.400529634733505,0.9939165369202012,0,1
-0.2207511014902237,-0.3449337734880147,1,3
-2.765274508883367,-0.705998549734043,2,3
-0.2665632894526392,-0.4261984223954212,1,3
1.1535352719233551,-0.3608203217328489,2,3
-0.4549317570416276,0.4653077424830202,2,0
0.4772280215292928,-0.3952337583664263,2,3
0.2009061933264219,-0.4143185447440385,1,3
-2.140310117489067,-0.6247925021313042,1,3
-0.1880309580409742,-0.4838097472303899,1,3
1.2087498857482628,-0.3389050688553382,2,3
1.8112378068005972,-0.1901234261622905,2,3
-1.8016532044917248,1.079376146142319,0,1
0.2683228300748128,-0.3965965400219882,2,3
0.8596999979643717,-0.3340058852804425,2,3
1.2952158633015378,-0.2861383898502535,2,3
0.7834014665046135,-0.3648397662055354,2,3
-0.9269345177647026,-0.5328199550278293,1,3
1.0175907674027895,-0.2499883715554635,2,3
1.503399920691013,-0.2525889357430304,2,3
-1.4999082911119073,-0.5001239724621138,1,3
-2.039393151342032,-0.6083733521229554,1,3
-0.9302405175539554,-0.508878448329277,1,3
0.9622296487076604,-0.3523180097938024,2,3
0.4064213823885773,-0.4205969539459886,2,3
-0.9019755598046209,-0.4028405563521615,1,3
-0.1904208537997446,-0.4490905342657546,1,3
0.392076390545281,-0.4388777277481006,2,3
-2.9748834328424287,0.8799939950199235,0,1
-0.756606093652373,0.4840213295209362,2,0
0.5377572071410543,-0.3861062020219727,2,3
0.106798028636338,-0.3786197134229307,1,3
0.7308581869603068,-0.3169810889945669,2,3
0.0430962946905478,-0.3865546654784573,1,3
0.4802333271138458,-0.3241409560568724,2,3
-0.3626787255211857,0.5366890394721945,2,0
1.3024397623837105,-0.3186397492804459,2,3
-0.340498271649243,-0.4653754527576272,1,3
0.8964110642280352,-0.3293751329123204,2,3
0.5708704006099883,-0.3657785010680927,2,3
-0.0689792075213602,-0.4475144063113475,1,3
1.181603970460435,-0.3311517746745284,2,3
0.0736769197802962,-0.3807229248208966,1,3
0.1283798507339515,-0.4590134586938452,1,3
-1.1084960698737798,-0.5588286105603931,1,3
-0.7567127920991883,-0.3792063621760469,1,3
0.9203726938644148,-0.3544522728908503,2,3
0.572977664663932,-0.3369855651924003,2,3
0.2586719335237478,0.600031906420186,2,0
-1.289651493443037,-0.4659152756195004,1,3
-0.5860962661559563,-0.4868860097404862,1,3
-0.4322245441166946,0.5122261975182681,2,0
-0.6632520275406274,-0.3640003331824072,1,3
-0.8542506775032805,-0.4820537894314389,1,3
1.0327065279975651,-0.3706869214271408,2,3
1.0968544902022677,-0.3506506825861752,2,3
-0.9370667020504924,-0.4085498711532009,1,3
1.0582700680236277,-0.3311939504359589,2,3
-0.5843139924787731,-0.4040853103654965,1,3
0.1776640407515831,-0.3210626068507083,1,3
0.1257007857336152,-0.4527326196743793,1,3
0.1094857877453368,0.6176809477057499,2,0
-1.285030647958397,-0.4651634659082655,1,3
1.1536722692954082,-0.3185551555584834,2,3
0.1099071439578594,0.585909224444085,2,0
2.404727834440346,2.986728604295464,0,2
-0.9837361668366428,-0.5258410417859135,1,3
0.2115970782971537,-0.3868192072297281,1,3
1.3446434526459043,-0.3306200734012398,2,3
-0.1405506099543534,-0.3364387613466324,1,3
0.7313044909192192,-0.3196628206560705,2,3
1.0860616254394084,-0.3196866702043295,2,3
0.5335871851220919,-0.293036512677838,2,3
0.7291359106290728,-0.3169237016102459,2,3
0.7690927796146357,-0.3450355050660424,2,3
1.6131308966720976,-0.3191524971416881,2,3
0.4739197971283361,-0.4593938755941221,2,3
-2.9287704053149746,1.2876402250092458,0,1
1.9927704100547945,-0.2502455042734689,2,3
-0.1726727421774249,-0.3792681335978689,1,3
-0.4633704116568219,1.0837828465708226,0,1
-0.0842105768833266,3.7325083689843535,2,5
0.3930185877134753,0.5725271384631132,2,0
-1.6051267942149678,0.3845755404901589,2,0
-2.501209715106639,-0.663035313456937,1,3
1.144111265987913,-0.349764571595446,2,3
0.3613327495144591,-0.3673241052514678,2,3
-0.1368751327776594,-0.3850247102575075,1,3
-0.7258081853417254,0.4815580108192218,2,0
0.1079070512955052,-0.3855446333147069,1,3
1.3050193242081196,-0.3343232127178794,2,3
-1.265348492069326,-0.4619611870212892,1,3
1.5043989109001636,-0.2969677277095233,2,3
-0.3934723623092145,-0.3980644380296493,1,3
0.7546923203320561,-0.3442754780618008,2,3
-0.3198409630354542,-0.3980619851596008,1,3
0.2923818109101605,-0.4121561181904609,2,3
0.623918273576938,-0.3709614609536487,2,3
-0.3028882419815754,-0.4705257629583455,1,3
-1.7988182377658648,-0.6016846650675695,1,3
-1.6801558544641122,-0.529450178890151,1,3
0.5365563530424362,-0.2711690337176426,2,3
1.725269562859361,2.8643945416274152,0,2
-1.9919058020077272,1.0808748797725245,0,1
0.304521371350245,-0.3987233579188786,2,3
-0.448829084469881,0.5460172282061578,2,0
0.3424054951114677,-0.323232709396143,2,3
0.7851218682448977,-0.3709558781897896,2,3
-0.4290351222971815,-0.3258933364254866,1,3
0.3234775767626496,0.5968385188202824,2,0
0.0017693458770817,-0.463491539628919,1,3
-0.0519228833343027,0.595657224936645,2,0
1.5815339359162162,-0.3026274242622203,2,3
0.8080632814323601,-0.3886523423873728,2,3
1.5994488503116389,-0.2702400958788976,2,3
1.213435195218539,-0.3440167796534412,2,3
0.1076810303930126,0.5789946988882643,2,0
-1.9595386219102475,1.7935782058979206,0,1
-1.9281079007496853,-0.6022446327112518,1,3
0.9404261081730456,-0.3670859261197421,2,3
0.1086622305111957,-0.4210885326046821,1,3
0.124864754535945,-0.3862422611341451,1,3
-1.2445644376953595,-0.4585796296917652,1,3
-0.1776514971915297,-0.4583710062944401,1,3
0.1956187851842355,-0.4033164432347889,1,3
1.1300558239139518,-0.3215738830136007,2,3
-0.4574095041767819,-0.3305098370027686,1,3
0.2455480226002081,-0.3946369171252159,1,3
0.8187149129347508,-0.3604738978187081,2,3
0.5662514337964893,-0.3567517737618344,2,3
0.6189641535305043,-0.3956919008468224,2,3
-1.039457374436926,0.4772450170962564,2,0
-2.406576417852956,2.061411890304704,0,1
-1.5790567863148943,0.4480243005015125,2,0
1.584867647449367,-0.2462192918093149,2,3
0.6726650020639037,-0.3608083051198877,2,3
0.5709726847311861,-0.4300712202739534,2,3
1.42555900519349,-0.3213728068154218,2,3
0.5257438069729234,2.752162334744716,0,2
1.0729579892723635,-0.3226132366384784,2,3
-1.3774095919976532,1.095472248227095,0,1
-1.055525894080484,-0.4927286445188527,1,3
0.9269362715104642,-0.3840228811943103,2,3
-0.442969991694883,-0.3486359428863558,1,3
0.1453576490870888,-0.4337723049644022,1,3
1.7902774110008433,-0.2665935074640427,2,3
0.4386876068146382,-0.3843477577717502,2,3
-1.1478889320658798,-0.5265430361851501,1,3
-0.6495930435729725,0.5706654692194701,2,0
-2.564839356343912,1.3326851822106736,0,1
0.6673249716383747,-0.3619901606963981,2,3
-1.3407793965165171,-0.5668555452095613,1,3
-0.1047048358372184,-0.4516229170328835,1,3
-2.1595462665257337,1.825942552381696,0,1
0.59162420766538,-0.4285608372860017,2,3
1.0601786885189637,-0.2954025326614476,2,3
0.1427150423916134,-0.3254915936467021,1,3
0.0848454774352363,0.5898655043510862,2,0
-0.0645477615609947,-0.319519552589159,1,3
0.9115467657208752,0.627286924154223,2,0
-0.5878715218577221,-0.4966366473265539,1,3
0.3411146792108758,-0.4271867464143841,2,3
0.1987749234453627,-0.4196567051049946,1,3
-0.3659550993656841,-0.4781361481259561,1,3
0.3891092344075084,-0.3989439282040199,2,3
-0.4090991070833609,-0.5099425148168965,1,3
1.5216755435445857,-0.3117444050037459,2,3
-0.2855251008749683,-0.3025443133682583,1,3
-1.7309875941770374,0.5102832711919586,2,0
0.5042115367903521,-0.4112420835376911,2,3
-0.488877871058217,-0.4818149601918563,1,3
0.5021607777862636,-0.2424059718180562,2,3
1.0935144819413245,-0.3308955259538574,2,3
1.0259553523567282,-0.3141065729606505,2,3
-0.9095516734259106,1.476925290494955,0,1
0.9101659596433752,-0.3201484357190565,2,3
1.4171522965327563,0.6726130696633246,0,0
-1.3419400210943098,-0.5881550755212771,1,3
1.1778241581123596,-0.3388273350548479,2,3
-0.0117347930782277,0.5048906851387813,2,0
-0.3722485596507923,-0.4931942209858972,1,3
0.2334931151623867,-0.2938682732311027,1,3
0.2097893463054816,1.1736581070642758,0,1
1.3515704619022864,-0.3258479257224695,2,3
1.3317513670905825,-0.3168982247214357,2,3
0.7101898702285052,-0.3305694613923582,2,3
0.6518531404494294,-0.3942062560242175,2,3
1.0476881809273022,-0.3454549999272322,2,3
0.3054961795136461,-0.4336759867452541,2,3
-0.16957238145383,-0.4883751888998194,1,3
0.2591632262405588,-0.3920688003618323,2,3
1.889000093537188,2.9978533428194183,0,2
0.4942164987897827,-0.4255241404829261,2,3
-1.2128634366308078,0.9978428809705688,0,1
-0.6693445698126228,0.4883767890094579,2,0
0.727937152800528,-0.3105271296866779,2,3
0.3212069212024462,-0.3819032214707792,2,3
-0.0012839199521138,-0.4340862505652944,1,3
0.8394575609713911,-0.3876639360023968,2,3
0.1123573065267626,-0.3489139939383744,1,3
0.2159796403051993,-0.4064157759696767,1,3
-1.513235435319586,0.4301511976846305,2,0
-2.320795107742696,0.332420189612488,2,0
1.5052098641500733,-0.3202836256185758,2,3
-0.5400966827690246,-0.3439630078709362,1,3
-1.0316008854007637,0.4627983045454384,2,0
1.3789889415961891,-0.3104905841468028,2,3
1.0284130131113485,-0.3755290148586598,2,3
0.3880431276184548,-0.3448385946907603,2,3
0.9571970142614395,-0.2951109463922958,2,3
-0.8841320171374316,-0.5154976817165479,1,3
1.4027441590893763,-0.3163406693578081,2,3
-0.6057863785821084,1.051866657013473,0,1
1.0758910328604565,-0.3513236970661119,2,3
1.233308560665774,-0.296355173822401,2,3
-1.280229528598305,0.385322241088217,2,0
1.4997608665984925,-0.3205728066313866,2,3
0.8550000264668336,-0.3048416854835915,2,3
1.1505623041479978,-0.2710877470966037,2,3
1.1505623041479978,-0.2710877470966037,2,3
0.2830515511940485,-0.3951687868378645,2,3
-0.2888856641380546,0.5048834018036475,2,0
0.8558056218625243,-0.3577917034240831,2,3
-1.3596994176368848,-0.5507156175401863,1,3
-0.5655700784033862,1.499363911371297,0,1
0.3531389022689797,0.579486698961763,2,0
-0.7497043549341786,1.0688194200592611,0,1
-1.4910773282505243,-0.6053528655521103,1,3
-1.5143353261529813,-0.5229466540762105,1,3
0.57757598682402,-0.3343905830067482,2,3
-0.0651096698624774,-0.4222941331287435,1,3
-0.2980882191990428,-0.3045883276922231,1,3
-0.0019642667374668,-0.4145017412933938,1,3
-2.210811955989504,-0.6891912869418734,1,3
1.0283049214334896,-0.3532922545007823,2,3
0.123924869675141,0.5601869222735414,2,0
0.1162370778015525,-0.3550114417952292,1,3
1.68393473730056,-0.2949561447723378,2,3
1.0652334345926402,-0.3764078207499206,2,3
-0.5503858865274797,-0.4369457425505338,1,3
-0.3181743944359364,-0.4504836211100558,1,3
0.6673145959560174,-0.3420716765705056,2,3
0.1711429441167667,-0.4387238340017422,1,3
1.4411421271537346,-0.3247306846365915,2,3
-0.7760311620675509,-0.5027989744180258,1,3
0.1970516690466386,-0.4408375266974589,1,3
1.9867340330558116,-0.2682688339896912,2,3
-0.4504439693259909,3.7245176591753,2,-1
0.543184115093856,-0.3739034984175142,2,3
-1.1157667923223131,0.6103794494618408,2,0
0.5098024811710375,0.6247470997539071,2,0
1.154974640670026,-0.3536823963030075,2,3
0.523205617893288,-0.3908482675390553,2,3
-2.364651887241968,0.3337827715973691,2,0
0.7071108270574257,-0.3075985492625149,2,3
-1.6450716362145723,1.7377234535463724,0,1
-1.7338109071903662,1.760073611582966,0,1
-0.4413080375197484,-0.4680543419556199,1,3
-1.6587109783149072,1.756243889610671,0,1
0.7618393706163205,-0.3086034992141481,2,3
-1.7161385618721066,0.4037305495325082,2,0
0.808091718098021,-0.3514839220289863,2,3
-1.06717395512222,-0.4297182691631687,1,3
0.1524443585955009,0.6219598723595331,2,0
0.6439626360190708,-0.4101358395481545,2,3
0.3625018450312888,-0.4233607546642908,2,3
0.6708828136098438,-0.3920887839138346,2,3
0.7805995514120063,-0.3834707673958642,2,3
-0.0555998238568685,-0.2651355628062278,1,3
1.9335063230273868,-0.2515920698114117,2,3
0.4371122378412245,-0.4058916195284692,2,3
-0.1190312181880051,0.5314543500962013,2,0
-0.7901635353058938,0.4602316890647611,2,0
1.0430115471275043,-0.3099906211802447,2,3
1.6208746118990935,-0.3232053595424997,2,3
0.7071108270574257,-0.3075985492625149,2,3
0.8655549822473726,-0.3181424337941286,2,3
-0.3258974238240354,-0.3091128741563464,1,3
-2.314560308050024,0.9808366938406776,0,1
-1.7791835142741357,1.728906485664905,0,1
-0.8998175426326496,2.2780432057302105,0,-1
0.2000524380187056,-0.3910280245546644,1,3
1.2009840209950775,-0.3003320841539139,2,3
-0.8687392072667708,0.4646100244192407,2,0
-2.092163750940924,-0.6374345163467291,1,3
-0.5303952844532543,1.082853223929922,0,1
0.3083054263379791,-0.3948428854998121,2,3
-3.045134771824663,2.2486937072345667,0,1
1.0003467670716826,-0.3747171891902229,2,3
-0.1080303307658812,-0.4354394629576774,1,3
0.7945080493466474,2.816679277842404,0,2
0.2044663619282946,-0.3861609658844937,1,3
-3.44349982616402,0.8447011129242536,0,1
0.8373129177301173,-0.3029005558547482,2,3
0.9273551118886704,-0.3280201030073567,2,3
-0.6751543319321951,-0.4991865888984169,1,3
-1.673316588738928,-0.5858191727304792,1,3
0.7133508418167336,-0.3847797606251074,2,3
0.633966191071554,-0.4148143776849256,2,3
0.6814658257650473,-0.3182572788159484,2,3
1.5470634885580894,-0.3202989291323471,2,3
1.0864742801388696,-0.3357154966009518,2,3
2.5013401535293798,3.023499156701277,0,2
-0.0461704775810191,-0.3250276382989425,1,3
-0.0417911948823038,-0.4481882529006482,1,3
0.0803293594324245,0.5562452978374987,2,0
-0.8791792251747814,-0.4196070106164143,1,3
0.1285207485741784,0.5882513420949372,2,0
-1.3224425098872317,0.5767533929191054,2,0
-0.6347782322930584,-0.5180150740392582,1,3
-0.0750047141502346,-0.3519852032645615,1,3
-0.5904845991969393,-0.4201789374111465,1,3
-0.2653709342356651,-0.4528276488923064,1,3
0.4595931325730673,-0.4056947215120786,2,3
1.9126251643306065,-0.3040474366009287,2,3
1.2129287317834714,-0.3214078129069828,2,3
1.1000850444509247,-0.3338901770270004,2,3
1.0815122596924565,-0.3683786504578594,2,3
0.9372334988248896,-0.3731877632330597,2,3
-1.383190601709605,1.8028949666007936,0,1
1.354628815757991,2.951513953825393,0,2
0.7307748436271104,-0.375642336076342,2,3
0.8011594961497938,-0.3043791518922077,2,3
-0.7279092281946532,-0.3745200338550531,1,3
-1.1532969147949768,0.5837979047677484,2,0
1.5751096420236597,-0.2911791210873727,2,3
0.5052269400681269,-0.2608673250724601,2,3
-0.6404841708570304,-0.5396923550961156,1,3
-0.7991902387544675,0.5335713118471063,2,0
0.1844794756205208,-0.4415088269413369,1,3
0.3906898840005968,-0.4290306681449312,2,3
-0.8177176615685037,0.5309430538616303,2,0
-0.7787787002458001,0.513323714633019,2,0
-1.0429426440312384,-0.5170845298907797,1,3
0.947343852062562,-0.3605529294261272,2,3
-1.0977291198902928,-0.4346895822437249,1,3
-1.2783931537751196,0.5839202055313888,2,0
0.7498958583702163,-0.374887286185608,2,3
-0.0461704775810191,-0.3250276382989425,1,3
0.8048483095918461,-0.3711900578134714,2,3
-0.5028395644957955,-0.4383718804510323,1,3
-0.3137186212300976,-0.4677710037686941,1,3
0.760995253814796,-0.3365354355780253,2,3
0.9696774117300436,-0.3249060666984084,2,3
1.2306198477498167,-0.3043648713534837,2,3
0.6363921311051621,-0.3708712423871165,2,3
1.7514465078670356,-0.2918100169537852,2,3
-0.2717144811272531,1.1093192729318249,0,1
0.8228639197101281,-0.3687817667057894,2,3
0.552465508284552,-0.1986563317083023,2,3
-0.5266151875325342,1.0724680164823572,0,1
0.9454359805896289,-0.3730281027269588,2,3
-0.1242919002376952,-0.4245210321423286,1,3
1.1870055712252796,-0.3525132424847687,2,3
0.1684282385759053,-0.4453792325797028,1,3
1.2266450688203656,-0.2991522515745693,2,3
0.8373129177301173,-0.3029005558547482,2,3
0.8011594961497938,-0.3043791518922077,2,3
1.0635270635999865,-0.2646784097719072,2,3
0.3369435308165753,-0.3094896871147409,2,3
0.6938111785045811,-0.3785787934107506,2,3
0.2785747041724696,-0.4477503480689502,2,3
0.5674093850191929,-0.3927871086988979,2,3
0.5052269400681269,-0.2608673250724601,2,3
-1.2896769024758354,0.3876119451812592,2,0
0.6886649817764832,-0.3275036790447329,2,3
-0.3674682416255636,0.5079400841119204,2,0
-0.4827903510777278,-0.4786515017593768,1,3
0.0029494949154724,-0.4369803939667939,1,3
0.2654686942976081,-0.4102487587820748,2,3
0.1016533366921944,-0.4231876553701296,1,3
0.3840415970162706,-0.3412225843467265,2,3
1.310096763827241,-0.3226038762625512,2,3
0.8060686783004294,-0.3878626194355449,2,3
1.1050451977337257,-0.3408790577031116,2,3
0.83358859860118,-0.3427068752565989,2,3
0.431659834444825,-0.4169199979183968,2,3
-1.9354027351559129,1.5250287633473114,0,1
-1.140182735932857,-0.462072177371414,1,3
-0.3984739168924543,-0.3209210405357641,1,3
-0.9029293574116712,-0.4354484939541436,1,3
2.2285221117348564,2.987356488578874,0,2
-1.352140047171313,0.5514462067008429,2,0
-0.0461704775810191,-0.3250276382989425,1,3
0.6179432914882927,-0.4489013684519458,2,3
-0.0940153225504054,0.553218134695077,2,0
1.4877590010573034,-0.2993580145907416,2,3
0.098293395825817,-0.2400971975470477,1,3
0.8576671578206371,-0.2924814606633729,2,3
-0.2679992866130326,-0.4794948002338211,1,3
0.8509737041351756,-0.2822365650884941,2,3
-0.0244439062718951,-0.454168883591699,1,3
0.4425854466674468,-0.4190098341654222,2,3
0.4563384544788692,-0.4213969383868028,2,3
0.6466198928027023,-0.3694612187295471,2,3
1.5336020314120449,-0.2595595581209911,2,3
0.7652205542117338,-0.3167200829956523,2,3
0.4301428824001633,-0.4161061040123686,2,3
0.7179261630090621,-0.3966123672175631,2,3
-2.4226571973055133,0.3977489035472262,2,0
-0.3494776819428277,-0.3334247815023579,1,3
1.0993327474713666,-0.3216058789394474,2,3
-0.7376009831324996,-0.3760968785051073,1,3
0.1397060409211567,0.5058116300766624,2,0
0.1524443585955009,0.6219598723595331,2,0
-0.8566156973711473,1.0772693540034586,0,1
0.3843800651321442,-0.4051723534105909,2,3
-2.3216076671762376,-0.6338141321297125,1,3
0.8197261563148535,-0.3175582201852546,2,3
-0.7597365782240358,0.481064807091935,2,0
-0.8293740955780482,-0.3910283271753049,1,3
0.3185104766981786,-0.3689802246438343,2,3
1.35224110397842,-0.2898126769998609,2,3
0.9434515983524656,-0.3321084361321204,2,3
1.1512483418815511,-0.3710221357611531,2,3
1.0090451505752245,-0.3713716515598277,2,3
-1.0043957573915827,-0.5014059166588668,1,3
0.1133611902948181,-0.258121082202752,1,3
0.6140854846382897,-0.4010491268176316,2,3
1.599823186375566,-0.2730559118287559,2,3
-2.516385095814758,1.6428104823192022,0,1
0.6815796435952458,-0.3596085891381865,2,3
0.5543491564107034,-0.3375568803296208,2,3
-0.5664836548294665,-0.4096823840244092,1,3
1.3116509184192773,-0.3223418775654668,2,3
0.1344283564707812,-0.4236216954107483,1,3
1.79241549736633,-0.2874530997186721,2,3
-0.5743023154322244,-0.3495282506172279,1,3
-0.7956101911967253,0.5754907480167223,2,0
-1.7965117320259782,0.975471174492098,0,1
0.7207749406319466,-0.3786296741686474,2,3
0.2426341735650019,-0.4226651388354698,1,3
-1.8306494422374056,-0.5863881805110926,1,3
1.383551383664552,-0.3184984514966469,2,3
-0.0722019868317576,-0.4298563719175098,1,3
1.248969139307753,-0.3235102961006878,2,3
0.2953516221738329,-0.3550474766421841,2,3
-2.433742141773622,0.3959453875181086,2,0
0.8473971463416475,-0.3764247598723715,2,3
-1.5223527478580612,-0.6266281293100916,1,3
1.53379532968933,-0.3194208933703854,2,3
-0.9821661802117476,0.5142825414643555,2,0
-1.461509617869648,-0.5513582633284894,1,3
-0.0431962076733968,-0.4629211087648037,1,3
-0.588735968204769,-0.4337782352920563,1,3
-0.1648637622720206,0.559149499838472,2,0
0.5623242315675316,-0.3743083580332343,2,3
-2.3170014870597004,0.3673966184092702,2,0
-0.3053290425094034,0.5383022359748766,2,0
1.3282867394666436,-0.3233572475071292,2,3
-1.076601129419673,-0.4312520666489077,1,3
0.3181746379054984,-0.4304610918394809,2,3
1.0411097859387295,-0.2987313949844105,2,3
-0.1673715787908942,-0.4519075112778741,1,3
-0.3175849854863848,-0.4716788789984201,1,3
1.0195232086223776,-0.354877079391672,2,3
-0.2951676896634547,-0.4887929659524414,1,3
-3.1042676888933154,2.3828586569091232,0,1
0.9828925811794466,-0.350282328721345,2,3
1.7978363375035509,-0.2784868437131313,2,3
0.0838437466946779,-0.4572320747730172,1,3
1.2049748844195425,-0.3239701014814291,2,3
0.2744814052170556,-0.4304740514806426,2,3
-0.6417506230712924,-0.476062325895345,1,3
0.0353598697722711,-0.4196022908205806,1,3
-2.7451895220974096,0.312820268257812,2,0
0.5719422560122938,-0.3640414702671399,2,3
1.630483941331126,-0.2894639047943773,2,3
0.1168225520433653,-0.3965429997355285,1,3
0.0507769474547585,-0.3720337605903494,1,3
-0.918916447690312,-0.5612081542148989,1,3
0.4767684987492893,-0.3887600684570093,2,3
-0.2520936737033517,-0.2971050335456347,1,3
0.2857994945191706,-0.4034431241876755,2,3
1.14566568439977,-0.3256448959578074,2,3
0.94739227398541,-0.3003200353550722,2,3
-1.7537546289527413,1.1196219803280134,0,1
0.7495899680635598,-0.3564053192349193,2,3
0.1934272316156979,-0.4203315319878243,1,3
-0.6128822593402703,-0.3882579471655898,1,3
0.5712786472385578,-0.3736931240282451,2,3
-0.1490705534747098,0.5310461640612283,2,0
-1.0308862369723084,-0.4238142719413737,1,3
0.8568011714199589,-0.3593736728437058,2,3
-0.4385132900965208,-0.5154995078295134,1,3
-0.0132699867878325,-0.3521274967256201,1,3
0.0410630737143817,0.5832214824971261,2,0
-0.5200756889892857,-0.3407056001947404,1,3
-1.3038033022344195,1.0810447869971458,0,1
1.6921860723060684,-0.3145359304171988,2,3
-0.7803310663150909,-0.5354463565894566,1,3
0.2954035479210815,-0.3846423693104991,2,3
1.6520319445608462,-0.2762508485082244,2,3
1.270188510894274,-0.3392511594427421,2,3
0.8255104510584093,-0.3776676829087391,2,3
1.603914340449751,2.894189102979104,0,2
-0.5042408844412015,-0.4395684784933941,1,3
0.058181565385121,-0.3379320616537751,1,3
0.8368503598438435,-0.3686532614958286,2,3
0.5861707467354641,-0.3237040412848032,2,3
1.409746549867368,-0.2936417610621356,2,3
-0.8928407246289105,-0.4662598325505344,1,3
-0.5005415425318209,-0.546570133527512,1,3
-0.1293001529699411,0.584537395315852,2,0
-1.1067381711182105,-0.5356244980239867,1,3
1.329439594221298,-0.3215465698499996,2,3
-0.7201286598392023,-0.4551557736417845,1,3
1.307832180486672,-0.3055744989105496,2,3
-0.6701521984168267,0.4901328855618649,2,0
0.2265593778814794,3.820458010735404,2,5
-0.4550891709992855,-0.4359886475216161,1,3
-0.6270428547475073,0.5781105444017524,2,0
0.7450716016491883,-0.3624517046927749,2,3
-1.4945340561144125,-0.6042737531304586,1,3
-2.148914894539877,0.3714533901048409,2,0
-0.994038611010601,-0.4935871938601257,1,3
-0.2452912995051607,-0.3574245163441534,1,3
1.4271638594765874,-0.2795944180768626,2,3
0.1229079477911974,-0.36767281761284,1,3
1.3763634706783243,-0.3113015075545815,2,3
0.2306859854750481,-0.3399912475803612,1,3
-0.3442339756001419,0.5891003846289231,2,0
1.6597430533246351,-0.3071741096141058,2,3
-0.2720353305494783,-0.4623691769734073,1,3
-1.3099157160160757,-0.5306384828815034,1,3
-0.4282386557737523,-0.4241963088501165,1,3
1.6762053431232575,-0.251233904575291,2,3
-0.5315928820757889,-0.5050853490898951,1,3
-0.4515135710220783,-0.4646864844346498,1,3
0.8842604318842013,-0.3859937544497511,2,3
-2.1797835348899364,1.8226499569171537,0,1
0.5057673614302705,2.751577180363728,0,2
1.357705823674732,-0.3260732270328674,2,3
-0.4969312649625288,-0.4773599759901822,1,3
-0.242302164096738,-0.4092444362280181,1,3
0.0324828480822554,-0.4452360607792225,1,3
-0.8186071755966096,-0.4843614074326661,1,3
0.9573637592558366,-0.3745976056103925,2,3
-0.980404167399535,-0.415600859423209,1,3
-0.8329769706576002,-0.4673825294264602,1,3
0.1288546584972023,-0.4591773499853313,1,3
1.0674361506836902,-0.3178514882158206,2,3
1.6384347756980209,-0.2816261050670333,2,3
1.7720823985109928,-0.2762351958079007,2,3
0.5597146060533666,-0.3943545775778532,2,3
-0.286198222421034,1.1090169382095325,0,1
0.4582465727446705,-0.3696983742203414,2,3
-0.3122755883896249,-0.3068966069821949,1,3
1.6079502532741068,-0.2772352214757316,2,3
-0.8481145865652631,0.5237528800587721,2,0
-0.5724748677846382,-0.4998798105762131,1,3
1.194636325456211,-0.3044240002336487,2,3
0.2794928146134918,-0.4044274661515446,2,3
1.3200996461306,-0.3240704572280093,2,3
-0.3223986549098769,-0.4516398016933219,1,3
-1.0153525678294024,1.0955228509429986,0,1
0.2207692768985953,-0.2850759309334648,1,3
-0.690376871542464,0.5362623578420518,2,0
2.9783774531141654,2.991445135369049,0,2
0.6765307684377364,-0.3986930759029335,2,3
-1.3397017222544,1.0470820063261028,0,1
0.921313482571014,-0.3262658010879676,2,3
0.9821557070793911,-0.3690852630662076,2,3
0.4121499143372367,-0.4207499398354039,2,3
-1.6049285736653678,0.4103435022056531,2,0
-0.3940266742465943,-0.5051040771632941,1,3
-0.3874030521377813,-0.4870114584434556,1,3
0.8718989721591526,-0.3321507182681774,2,3
-0.6738247370297932,-0.4775046029170979,1,3
-0.162563528084568,-0.4384528115268168,1,3
-1.462418866472257,0.5539792957168269,2,0
1.6944355486948763,2.9816398082823583,0,2
0.0224488035393411,-0.423107607265998,1,3
-1.911687770559792,0.4159779145789831,2,0
1.1915462960902337,-0.3345262472206759,2,3
0.2246596533713471,-0.432543381802164,1,3
-1.4301532192531694,1.402739344097377,0,1
1.0633210399773352,-0.3476789792809335,2,3
1.158266754471604,-0.3330642506642597,2,3
0.73891276587754,-0.2947896166942144,2,3
-1.0556506464562057,-0.4958612671555084,1,3
-1.1243578794860387,-0.5352654954775918,1,3
1.7524688957590764,-0.3012336485054783,2,3
-1.1389189499107737,-0.5797002340164884,1,3
0.827201654106662,-0.3622329485043906,2,3
1.142531503636775,-0.3419177865038007,2,3
0.2377069431618579,-0.4293317530758467,1,3
-1.1004823347630708,1.0515466858847162,0,1
-0.5874213047476178,-0.4386407572607573,1,3
1.6651137989223852,2.9039120520382946,0,2
0.6510326506052937,-0.3787212674705186,2,3
0.0615889360241453,-0.4497957677230295,1,3
-0.915615028151448,-0.4050596923941069,1,3
0.0044313876988762,0.6504844225828099,2,0
1.3931720376105698,-0.3072182429400739,2,3
0.4913867163342493,-0.2960856271405969,2,3
-0.644894251612258,-0.4495067748722556,1,3
-1.9351634807347744,-0.5914152264245681,1,3
0.1333627716430309,-0.445012899306575,1,3
1.6119183072746843,-0.2628228512347033,2,3
1.595130794015516,-0.266805909413865,2,3
1.034597889755907,-0.3108521889311162,2,3
0.0899917375780929,-0.4435160500689516,1,3
-0.2962665793800192,-0.4840938774553345,1,3
-0.3689265853326275,0.5006280753591018,2,0
0.2207692768985953,-0.2850759309334648,1,3
1.3044099704356185,-0.3227795930172665,2,3
0.3170954831509793,-0.2044981854969099,2,3
0.7960669460427428,-0.3674263020025277,2,3
1.1926931906150404,-0.3300608039457093,2,3
-0.337710729642111,-0.4452427804489204,1,3
-1.9743468193239293,-0.6097676862599305,1,3
-0.1085319252008573,-0.4396657249022588,1,3
-0.2803055202592475,-0.4576093865370207,1,3
0.6464952251336301,-0.3735903931177801,2,3
0.2506532584623566,-0.4433033769171039,1,3
-0.0642612555481387,0.5732256077866983,2,0
-0.2319513566183147,0.5707161648920871,2,0
-0.8796904754155308,-0.3992147820398415,1,3
-0.0444703241462166,-0.4769353577461341,1,3
0.0768584662860402,-0.3193526679230582,1,3
-1.112604017009264,-0.542966049850821,1,3
0.5784761008892078,-0.2604042207964169,2,3
1.339703506383343,-0.2997229585006098,2,3
0.703877980742544,-0.395721269616926,2,3
1.0061873616742414,-0.3678286218254041,2,3
-0.1740584809558099,-0.4229900797026869,1,3
0.2289574717868341,-0.4025342263857652,1,3
0.751649645074505,-0.2883221463789455,2,3
-0.775342972395785,0.5338443668734438,2,0
0.0794395149887479,-0.3464507480868613,1,3
-1.7922718990818012,0.4593615217356784,2,0
0.5872782129384927,-0.3847865100615339,2,3
0.2854602539838387,-0.3681549257740857,2,3
-1.39284128432311,-0.6117767010196319,1,3
-2.4500984620701822,1.6367601462603223,0,1
0.813260606241609,-0.3982290022307593,2,3
0.3332171052285657,-0.4197200542611001,2,3
0.5555819627837424,-0.4386897485113129,2,3
-0.8954820151394738,0.500034462068375,2,0
-1.9387548091269056,1.08952252504489,0,1
0.85485550632176,-0.3334075188575108,2,3
1.7620980911119957,-0.2879783869468525,2,3
0.6240149078671079,-0.3705144934056788,2,3
1.715210249687276,-0.244503826887156,2,3
0.2928817597717733,-0.4383031274503839,2,3
1.8793108171314117,-0.284592239525215,2,3
1.64857825072643,-0.275375183195269,2,3
0.998684012591916,-0.3632988395426144,2,3
0.7837669522777243,-0.3628273972928985,2,3
0.7171673465206275,-0.3724262459053932,2,3
-1.0027644231591617,-0.4806650904459037,1,3
0.5955927283107706,-0.455252190739711,2,3
0.539265555567161,-0.3658131013807678,2,3
-1.952618125349992,1.087266969043054,0,1
-1.5884883922382755,1.3806619869758234,0,1
4.322436326864522,9.498047638068131,2,-1
1.2372460382468156,-0.3564350378996782,2,3
-0.2650272100939553,0.5373105976949905,2,0
1.1500650891811868,-0.3358777592161653,2,3
1.0380610568771491,-0.346502559830289,2,3
1.4780086982943048,-0.3097464035231097,2,3
-1.520694618177303,0.5444978542345261,2,0
0.7523826311305957,-0.3979163645940228,2,3
0.9937469374914476,-0.3628163499884608,2,3
1.3111051536526894,-0.3291899776809928,2,3
0.6631143631406183,-0.3868069889499407,2,3
0.0768584662860402,-0.3193526679230582,1,3
0.8978385047695479,-0.3269728451072757,2,3
0.1637329515897552,0.5488395082936108,2,0
0.3826715384279866,-0.3354955406635092,2,3
0.6106486768097917,-0.3766731258688812,2,3
1.260800232117534,-0.3178823006352093,2,3
2.1192094042776985,2.9858667237984844,0,2
-0.194832457582933,-0.3816676380684321,1,3
-1.147126279019601,-0.4632018890530412,1,3
-2.439884499938552,2.0084502517633367,0,1
-0.9357700666770644,-0.4612670729959678,1,3
-2.4064172287701235,2.206012638193108,0,1
-1.3656186961790109,-0.5907230462458443,1,3
2.1147922835306634,2.9466622202528017,0,2
0.7037409932751992,-0.394735012857428,2,3
-0.3024095125857631,-0.4438727411868622,1,3
1.1801636088452785,-0.3166609364564972,2,3
-1.0203997126221995,1.04881612557449,0,1
0.6318225278818791,-0.3357259243941293,2,3
0.0015995122040867,0.572655611547966,2,0
1.8909312136566112,-0.2760246983846683,2,3
-0.077693038289066,-0.4252412001415721,1,3
-0.5641944036886566,-0.5019317039996584,1,3
0.5385086838903042,-0.3831141244799257,2,3
-1.3910835796356744,-0.5473237456791232,1,3
-0.991589797628108,-0.4378961657714195,1,3
-3.1201181707537438,1.669657887954254,0,1
0.7353100640195109,-0.3610427769756433,2,3
1.1562301657586973,-0.3358813081463796,2,3
0.6019423989139043,0.6294811373973672,2,0
-0.3610996625101363,-0.4687272908066703,1,3
-1.8108553892817596,1.0898563006862414,0,1
-0.6009771357152986,-0.4947931631677485,1,3
1.470357997358858,-0.291292258873297,2,3
-0.533341130815552,-0.4532737858075734,1,3
-0.9679869196900668,-0.4135805781898678,1,3
0.0768584662860402,-0.3193526679230582,1,3
1.5768520093621492,-0.292963383605452,2,3
1.4344488567252494,-0.341058313607594,2,3
-0.2198282974793311,-0.4886073325082692,1,3
0.9638161888143408,-0.3647677942817294,2,3
1.3773779550747112,-0.31921952967197,2,3
-1.4959573775910515,1.0497813958305977,0,1
-0.5365872051060127,1.0754118883505357,0,1
-0.1117836914097877,-0.4646817411380675,1,3
0.8346283401626728,-0.3176096251857389,2,3
1.101070949989544,-0.3595019815734787,2,3
-0.725332090126984,-0.4150515520950454,1,3
0.4510237333953948,-0.39858099914117,2,3
-0.2498672748890223,-0.2967427993494776,1,3
-0.7762477597229986,-0.4906054646216288,1,3
-3.7471853730792337,1.5676343050683326,0,1
-0.7098537928734093,-0.4865459010274164,1,3
-0.2467953710523926,0.5725693098477045,2,0
-1.2045200644455858,1.0378579304409312,0,1
-0.4302150768681188,0.5233334964818255,2,0
0.6354451751673422,0.6242361305551289,2,0
0.2097030315959829,-0.4191359075336625,1,3
0.4400313227236037,-0.2744310683434264,2,3
-3.749196783425095,1.5673070494099637,0,1
-3.8416579281791434,1.552263658158502,0,1
-3.757415092808968,1.5659699337619146,0,1
-2.694687662968868,4.8489335953391,2,-1
1.460327878374191,-0.2739093414541014,2,3
1.1184522512730983,-0.352159804859363,2,3
0.6459607383891823,-0.4001761293725127,2,3
-0.2782768622989766,0.4885174258857681,2,0
0.97585389006732,-0.3256919935727639,2,3
1.9927704100547945,-0.2502455042734689,2,3
1.399044590768858,-0.3324159135341707,2,3
-3.751225167898548,1.5669770320678282,0,1
-3.777002932400556,1.5627830000987963,0,1
-1.2535019205632298,1.0790982923494992,0,1
0.4710238434371689,0.6011957911443837,2,0
1.3800778672578573,-0.3212602289454401,2,3
1.468054190753851,-0.3086461614378087,2,3
-0.2530062420725235,-0.297253508054118,1,3
0.1685925143357225,-0.4210588831936186,1,3
-0.1414689325843577,-0.4611693385955721,1,3
1.3011364571945925,-0.329073139850419,2,3
-3.7451906551278142,1.5679588448808055,0,1
1.831444412634506,-0.2810408585012332,2,3
-3.772510051426973,1.5635139900352897,0,1
-3.7886168887291065,1.5608934140516788,0,1
-2.26558232624903,1.329157853503235,0,1
-3.798329811584485,1.5593131253899128,0,1
-3.341468279083877,1.6336443139062449,0,1
-3.727946137078362,1.5707645210667414,0,1
-0.2847558187494347,0.5404578583551264,2,0
1.7149973441829485,-0.2713448297736855,2,3
-0.1638824740819821,-0.3789965313701917,1,3
0.1128298991613229,-0.4241256534466804,1,3
-0.4125735247575145,-0.3232150410931928,1,3
1.2871412115894798,-0.313649330096885,2,3
1.4880279957479607,-0.294605302698842,2,3
1.1110291986692011,-0.3460830642530556,2,3
-3.400345288775275,1.624065047990169,0,1
1.5637443516544225,-0.3164867762388235,2,3
-0.7825501661302707,-0.4995553202774254,1,3
-3.718874791319124,1.5722404253917042,0,1
-3.733557959304172,1.5698514798362757,0,1
-3.729802224553767,1.5704625363772404,0,1
-3.75951433876102,1.5656283872855676,0,1
-3.724276414901309,1.5713615833964414,0,1
-1.397474630724667,1.516306025972858,0,1
-3.3512957728526387,1.632045384602719,0,1
0.1195460288063033,0.5324051287965718,2,0
1.865366686530264,-0.2883670866167207,2,3
-3.7886168887291065,1.5608934140516788,0,1
0.2675443678631681,2.750081967499703,0,2
-3.641845482790667,1.5847730630645944,0,1
0.5293240215541513,-0.3448907560187229,2,3
-0.5525083308199332,1.08334720007877,0,1
-1.2045200644455858,1.0378579304409312,0,1
-1.9952675159945807,1.5152887874608496,0,1
-3.0509689227550885,0.2955228372470348,2,0
-0.2432832444523693,-0.4106350595060708,1,3
-0.0148528101278935,-0.4586488008211553,1,3
1.447051496441915,-0.3066283931444375,2,3
-1.3139749440205633,-0.5611813766404997,1,3
1.1770780295533554,-0.3081926187212515,2,3
-3.768099613305739,1.564231566552697,0,1
-3.73545806511752,1.569542333380806,0,1
-3.3834467859039368,1.62681442764509,0,1
-3.7616320805103696,1.5652838315504016,0,1
1.5070910103925048,-0.2877667741098111,2,3
-0.7107493759621346,1.0621087386402226,0,1
-3.7451906551278142,1.5679588448808055,0,1
0.3191283222679921,-0.2954761287315602,2,3
0.2945400187299913,-0.3985261103187195,2,3
0.855442082931686,-0.3040454592042845,2,3
0.4598613979531436,-0.3863113910116335,2,3
-0.6431906834646551,-0.4182181001661192,1,3
-3.765924375530839,1.5645854768682117,0,1
-3.774745994375492,1.563150203012319,0,1
-3.757415092808968,1.5659699337619146,0,1
-1.1506569729383276,0.6047028310375606,2,0
-3.348610134480774,1.632482336891114,0,1
-3.3168483123804604,1.6376499726367597,0,1
-2.013382703246182,-0.6041414626263184,1,3
0.3184430405061755,-0.3721705816275366,2,3
-3.361542267690288,1.630378283992956,0,1
-1.1466658367339817,-0.5582118291071861,1,3
-2.566338558433112,2.156038809198715,0,1
-0.1835907293246925,-0.4692408456081593,1,3
0.0768584662860402,-0.3193526679230582,1,3
-1.6121805299356111,-0.5388660295770925,1,3
1.095905028917967,-0.2961814807176471,2,3
-0.2343970709716203,-0.2942258033628019,1,3
0.058587674944987,-0.3378659877908971,1,3
0.4540287180333311,-0.3902983196790855,2,3
0.2706513908855858,-0.3514379955046188,2,3
0.1036443014027142,-0.4031450425841844,1,3
-2.156689943614931,1.8264072749762728,0,1
-0.5508663153369876,0.5502327244053202,2,0
1.111055649246767,-0.348754899318447,2,3
0.2340436349664167,-0.4411330424432048,1,3
0.7862043814754196,-0.3594598419482762,2,3
1.064104679929072,-0.360718409310562,2,3
0.0569514128666972,-0.4210240947574842,1,3
0.6101153429629174,-0.4325212758864125,2,3
-0.5781322962952508,-0.5104031666329619,1,3
0.6867519203519369,-0.324224220589019,2,3
1.2649592715609412,-0.3303177320783292,2,3
0.3751865747067363,-0.4236270788088714,2,3
0.2495079478623696,-0.4106535821428408,1,3
-1.097871459979355,1.2263339094563102,0,1
1.1883244849363517,-0.2351947944555596,2,3
-1.857742080944204,0.4691849581319153,2,0
0.2721677618979347,-0.4245728680561846,2,3
0.3932520323912881,-0.4019137478908044,2,3
0.2947123909506061,-0.3687795215617162,2,3
-1.1589559735942414,0.9577576586728755,0,1
-0.3840552280467043,-0.3185751256304632,1,3
-3.386497955539741,1.831145771697276,0,-1
-0.8449152280010782,1.8017633245028928,0,1
-0.5255911470944084,-0.4714139834733106,1,3
0.8043720835417,-0.3607640121961755,2,3
-1.2045200644455858,1.0378579304409312,0,1
-0.6274099831839035,-0.501954698526925,1,3
0.5821787668431855,-0.3934431201288014,2,3
1.1367719609808766,-0.3439811048136535,2,3
0.9955666720003908,-0.3421183448727385,2,3
0.0099673384756301,0.5793119311019971,2,0
-0.371396164216805,-0.3984171361557212,1,3
-0.4842875467539995,-0.4804328278932648,1,3
0.6759321113170238,-0.3988530674878881,2,3
-0.1258669292348982,-0.4437477997571687,1,3
-0.3595616959435341,-0.3470427928718079,1,3
0.6948113898657631,-0.3795797458511339,2,3
0.4982307905629068,-0.3706223482360928,2,3
-0.0298769134795644,-0.3428520907259607,1,3
1.4471508305536716,-0.3031638366329129,2,3
-3.011748633631511,2.735293322070135,0,-1
0.9293055500992484,-0.3717247892440568,2,3
0.1049663304726059,-0.4317593937578625,1,3
-1.97219476098386,0.3643732744622862,2,0
0.0083776326063552,-0.344660950991366,1,3
0.6050816070781153,-0.3427746256117568,2,3
-0.2358884066046672,-0.2944684430735134,1,3
-2.084010982943249,0.4323710983223196,2,0
0.9043545246736848,-0.3480844964899841,2,3
0.6754247737170753,-0.407457820718099,2,3
0.2961192861253174,0.583502601969096,2,0
1.2993190141080455,-0.3343964100105964,2,3
1.5927111911501972,-0.280751555019207,2,3
0.5967389891102132,-0.3970974749636853,2,3
-2.862732967395646,-0.7218550019342019,3,3
-0.4337675812946524,-0.4905817408438298,1,3
-0.4631059185149783,0.4865664273207696,2,0
1.614977430960736,-0.3322446060843541,2,3
0.4372090311332703,-0.3827846154588446,2,3
-0.7192124625531287,-0.4930496291021204,1,3
-0.851812603624106,-0.6169847428088258,1,3
1.70277266986214,3.874248666441872,2,-1
0.5185543149876617,0.5575846679034099,2,0
0.8175839179563564,-0.3795440948353142,2,3
1.2458888005279638,-0.333741321644134,2,3
-0.7092944285315999,-0.3919668221850842,1,3
-1.5341449767087962,-0.5056942675082904,1,3
0.6066692307743848,-0.3829440457584085,2,3
-2.7883399682180707,1.638257149727533,0,1
0.6018655238371414,-0.3592383924418889,2,3
0.9940521141441192,-0.3154773183284201,2,3
-0.2370725760118182,-0.2946611069621898,1,3
0.4890505800382079,-0.3924928747744265,2,3
0.9745677906097376,-0.3378872314450928,2,3
0.7981440621057073,-0.362875568022764,2,3
0.9095886724828112,-0.3668212745100553,2,3
2.4054570748138184,2.9506004926884435,0,2
-0.1027953865837965,-0.3690576866793547,1,3
0.0083776326063552,-0.344660950991366,1,3
-1.3125404839426722,-0.5171817321292224,1,3
-1.1860211602130817,0.5989490919195859,2,0
-0.0337960522818159,0.5222805880193119,2,0
1.7096879732853696,-0.2863246329026228,2,3
-0.8525746649904219,0.4583628591823556,2,0
-0.1640589769381902,-0.4497550579702346,1,3
-0.608814430913857,-0.4165695843539035,1,3
-0.6864077209372186,-0.4924110453769961,1,3
-2.395603337106329,2.322609132407628,0,1
-0.4210362642644512,-0.4184709068959153,1,3
0.6043786724530356,-0.4064697989934234,2,3
-1.4834908414895718,-0.4974528599783033,1,3
0.0852665131933778,-0.4482135280129244,1,3
-1.801424413865798,1.0794133702856026,0,1
-1.030391193929465,-0.541567402761544,1,3
0.4341821859069287,-0.3910553018339293,2,3
-0.1942555656865717,-0.465626057331968,1,3
1.1650792067229978,-0.3270275172460347,2,3
1.537619770512448,-0.3188483355943914,2,3
1.1108783723659867,-0.3432089699562607,2,3
-0.768686702728995,0.5279981288878226,2,0
1.3983770398028754,-0.2994887713393966,2,3
-1.551644949947806,0.4089307092561126,2,0
0.5116731405422411,-0.4169982905578788,2,3
0.7690383839371288,-0.3162666048950458,2,3
-0.6130445869446944,-0.3558316026888766,1,3
0.5308761277397648,-0.3755187720308596,2,3
0.1775688051985482,-0.436041580910993,1,3
0.9177655221773546,-0.3737536260252919,2,3
1.2434082819622168,-0.2855508185208662,2,3
-0.2632395656728757,-0.4100234547432822,1,3
-1.2045200644455858,1.0378579304409312,0,1
0.3311452174172147,-0.378299030323151,2,3
1.1444810205465863,-0.2497518791560395,2,3
-2.5986681736189188,-0.6788917656570962,1,3
0.6054795750010811,-0.3897890577817125,2,3
0.657095660465237,-0.3803951942815642,2,3
-0.7492741670559894,1.0905637001100943,0,1
0.4547626667892973,-0.4092149982014006,2,3
-0.8182999426767124,0.4938419861075336,2,0
-2.483788667415665,2.160971580974083,0,1
-1.9297520109585264,-0.5700593736713148,1,3
1.3912533524785784,-0.2815292545810107,2,3
1.094123313450582,-0.3317863469591777,2,3
0.0747430358999007,-0.4825988957436176,1,3
-0.2974561227714286,-0.4620127763021577,1,3
3.128215118306329,3.046989385430406,0,2
-2.198990625626416,1.375477431833615,0,1
-0.267544661134131,-0.3200943118037831,1,3
1.0541555885355989,-0.3049769658897438,2,3
-0.8810615081722928,-0.5231992889792277,1,3
0.9534150942147696,-0.3024953861097539,2,3
0.0300782767200519,-0.4247398768895554,1,3
0.7016286028605632,-0.3236851138763018,2,3
0.1697410729709367,-0.3279418358172511,1,3
0.1613317862005877,-0.3987205641353851,1,3
0.9924459271742248,-0.3439757072919852,2,3
0.2047122929408304,-0.3812925867230063,1,3
-0.1447489383751494,1.1365428858519324,0,1
-0.6816071110443347,1.0680335735892024,0,1
1.4400449597305638,-0.273081866754781,2,3
1.5864320365542002,-0.2971549639242889,2,3
-1.0632430226064802,-0.5295492988299241,1,3
-1.935952696440496,2.2073626192246243,0,1
1.1254317225543669,0.6803384636242144,0,0
0.7276437204252938,-0.3434769088697445,2,3
-0.1745330875384391,0.575862580767494,2,0
3.0214705351134428,4.925044838771018,2,6
1.61028986775756,-0.2923443230163581,2,3
0.7487430663565275,-0.3539452653584463,2,3
0.3477260585319675,-0.383445068705093,2,3
0.0106110835826486,-0.4070979863653067,1,3
-0.3291413889230856,-0.4623755776838098,1,3
0.9038683880230818,-0.3585397995647315,2,3
0.0562074271824747,-0.3736837559615071,1,3
1.4656133713747943,-0.3047023058163432,2,3
-4.102560386792015,1.785475977237393,0,8
1.279460674165931,-0.3205780619009002,2,3
0.3826190244842465,-0.3546053028517401,2,3
-1.144163701123443,-0.4422444700287095,1,3
1.0887653044319865,-0.3558131341621188,2,3
-0.4325368827959723,-0.3469384802435028,1,3
-0.4882614284118877,-0.4674513345934685,1,3
-1.2045200644455858,1.0378579304409312,0,1
1.1219478520004873,-0.3083007389541128,2,3
-0.9142606720911032,0.477246284197976,2,0
-2.1337776326694478,-0.6357070157920838,1,3
0.9178509154338038,-0.3480423587884179,2,3
0.7392256975972064,-0.4034750273068213,2,3
-0.647818600272864,0.5116716657028918,2,0
-0.1203609970885819,1.1501871222708555,0,1
1.6414110399800534,-0.2786649089188335,2,3
0.0514682927063422,-0.3947271967521599,1,3
0.3053276983965723,-0.4232593984997431,2,3
0.8499321479041697,-0.3040917994141088,2,3
0.3185352814710207,-0.4309840891895838,2,3
0.5585457753134775,-0.3728781075340648,2,3
0.9248182083326092,-0.3691321361534059,2,3
0.8354298078983258,-0.380020637311262,2,3
-1.1075545711623351,0.4288550768099069,2,0
0.6347361971559616,-0.3971578108943226,2,3
-0.8921047564963713,-0.515588970861513,1,3
-0.9490372451320208,-0.4104974737223334,1,3
-0.1295531239903996,-0.4386929779744092,1,3
0.8000429824808166,-0.3401258888073992,2,3
1.4207512914373708,-0.2796444497169909,2,3
0.8343553068583909,-0.2589215599605788,2,3
-0.1841896325596979,-0.4785875882284521,1,3
-1.3511068913975437,0.4548081967161863,2,0
0.7690073190694028,-0.3553234540464058,2,3
1.300687383272731,-0.3261222111940453,2,3
1.3208414698881694,-0.343571608882622,2,3
1.3757479134106414,-0.3339247087576776,2,3
0.1364941982565093,0.5642783381615963,2,0
1.1649571340701776,-0.3442096825222806,2,3
0.8959551391200108,-0.3215943332181705,2,3
1.1885941546397147,-0.3495769906698228,2,3
-0.8583147997143917,0.5177463063884161,2,0
0.0260658388251331,-0.4572023479738312,1,3
0.8325296641829854,-0.3849495498303842,2,3
-2.1335403786536906,1.3247998999450263,0,1
-2.7931476523132788,0.3374702547760097,2,0
-2.289502321911653,0.3340322294772972,2,0
-2.2051348260975234,-0.6558148650672612,1,3
-0.4219833990645535,-0.4911964167877225,1,3
0.2000051055794787,-0.3317695141023955,1,3
-0.3249557277766565,-0.3089596605862748,1,3
0.4453438136834065,-0.4245906181608516,2,3
0.9326653361878184,-0.3517048940881224,2,3
-0.9423368012288112,0.5242420493539427,2,0
-0.5911229004355545,0.5173814781388691,2,0
-0.0472812866379787,-0.3212638797664877,1,3
-0.1522817822153894,-0.4643846383591912,1,3
0.4367269238994531,-0.3690811913713728,2,3
-0.3384379549624541,-0.4242504025601735,1,3
-0.427807028820683,0.6079558374262248,2,0
0.8780294060341298,-0.3749128390137086,2,3
-0.3208762739349209,-0.5041648019807093,1,3
-0.0960315268680552,-0.4435499146012396,1,3
1.2871381866890694,-0.2998557412344337,2,3
-1.2045200644455858,1.0378579304409312,0,1
-1.404115651331516,4.266091027298447,2,-1
1.2502595249001798,-0.2973802093857053,2,3
0.5164219903199099,-0.3878018113578987,2,3
-0.2347400749397711,-0.2942816099711607,1,3
-0.2441490143473667,-0.5074794749676387,1,3
1.0018180625776312,-0.343960320332995,2,3
0.1173086965344706,-0.3796306964757122,1,3
1.0608572952993112,-0.3409050625565608,2,3
1.9449234398155004,-0.2504206773447524,2,3
-2.500700281785451,1.3047400625285492,0,1
-0.0303758857245961,-0.4376465527980387,1,3
0.71441782006233,-0.3600647183331727,2,3
1.02285963116374,-0.3465931733420926,2,3
0.517742964457702,-0.4058425465782898,2,3
0.7710982731769376,-0.3454776009190146,2,3
1.2650137941560613,-0.3445639354591235,2,3
1.1034080505385158,-0.2912670869978782,2,3
0.5936702134574028,-0.3349708843714155,2,3
0.8079276693849629,-0.3829971894962926,2,3
-0.3688844891356999,-0.3365822612666486,1,3
0.7611818960440845,-0.3643879469346986,2,3
-1.8321579461830333,0.3759892212806135,2,0
1.6367970927047806,-0.2887438501815195,2,3
-0.2332333803490002,-0.4734328144493282,1,3
-1.4849732180538258,1.0141810197206818,0,1
1.084662270232521,-0.3436924207392134,2,3
0.0921075495142115,-0.3469599600648684,1,3
0.0666069195517508,-0.447257496252789,1,3
0.2976677542652636,0.6977174038352548,2,0
0.8501485939373583,-0.3626046384673732,2,3
-1.3731930760358415,0.4346043463404616,2,0
0.7514130848645793,0.6328779752838083,2,0
-0.4693151209276553,-0.3324468760838849,1,3
0.2445682272122022,-0.3564625481496917,1,3
0.724083466070005,-0.2952322899272609,2,3
0.2069184512823308,0.560715704329412,2,0
-0.8489509550184555,-0.4650467509315738,1,3
-2.321180983878967,1.4622627966563084,0,1
0.7340583021729382,-0.4205393227174874,2,3
-1.2045200644455858,1.0378579304409312,0,1
-1.5773751597393757,1.4098186934780572,0,1
-1.060035913636948,-0.5170501571571265,1,3
1.1774186024192406,-0.297365733683717,2,3
0.6073851058563534,-0.3909018359040561,2,3
0.546566614912648,-0.385522241815903,2,3
1.5245060096615055,-0.2904555865540107,2,3
-0.5875139928430142,-0.3516777852450685,1,3
0.1497996151179079,-0.2317171562793823,1,3
0.4019032082675254,-0.4280124305279292,2,3
0.324747856964503,-0.4542522980156774,2,3
1.0977282798285577,-0.3456973104007378,2,3
1.2424267944840317,-0.2835400440902537,2,3
-0.3197557451861292,0.5172834242670575,2,0
0.7750458148809634,-0.3433427939585694,2,3
-1.3944396461484858,-0.5768432476032411,1,3
0.7998687061334905,-0.3779927355966346,2,3
0.2187414891726386,-0.4031786812706985,1,3
0.8565394320959437,-0.3791310826050133,2,3
-0.3760201248862571,-0.4167369643122688,1,3
0.3661867845183356,-0.3919085279882507,2,3
-0.2620489892657559,-0.4171004628780702,1,3
0.4072175003771938,-0.3959702033224704,2,3
-0.6809213132116598,-0.3993278740033902,1,3
-1.0479070194958386,-0.5376885354812129,1,3
-1.0244510612486009,-0.5286235992245824,1,3
0.0678862340748418,-0.2450444305959482,1,3
-2.507917374357576,0.9969200034426938,0,1
0.615137573258364,-0.3828228567569882,2,3
1.309648835250002,-0.3240426371689502,2,3
1.5408404512920109,-0.3207326225991235,2,3
0.4608260108172011,-0.4344972772636555,2,3
0.8219961803953936,-0.3623278363625551,2,3
0.989085829078888,-0.2851932004927313,2,3
1.063485904587079,-0.3215656457900396,2,3
0.5481292951639974,-0.4268757783174514,2,3
0.1980941029685584,-0.3702536574215098,1,3
-0.4408182301625182,0.5091025677160884,2,0
0.2066093710372754,-0.3462356721832715,1,3
0.472793190972235,-0.3810124214210828,2,3
0.0221012097682591,-0.4260377424904426,1,3
-0.8504365245476366,-0.3944551759401398,1,3
1.5122099020975293,-0.3155710144541346,2,3
0.6669387416773103,-0.2965604489077889,2,3
0.4785981497222971,-0.3761598268793674,2,3
1.1194914471871609,-0.3054915475762302,2,3
0.8702877159499279,-0.3247825257546016,2,3
-0.0738841062967837,-0.44442466103501,1,3
0.1230472673695244,5.651325340954028,2,-1
0.672018206757479,-0.3691534719866364,2,3
1.3527326077716484,-0.3249534038490928,2,3
-0.054208273866079,-0.4102442666554516,1,3
-2.321180983878967,1.4622627966563084,0,1
-0.0509194257838411,-0.405298993877576,1,3
-0.8560493673222634,1.065367379680193,0,1
0.6455333536080152,-0.3430636942875421,2,3
0.6967628144128412,-0.3880831545552006,2,3
1.6512530438274822,-0.3122525231836247,2,3
2.1199397730361187,-0.2579647292838885,2,3
0.247472424078497,-0.4476930552073199,1,3
0.8360133513304318,2.8274819718246564,0,2
-0.1614442384021717,-0.4171862057409433,1,3
-1.267072649100527,-0.4622417066803125,1,3
0.1644969291641688,-0.3912227263379566,1,3
-0.2718552315922834,-0.4322421329698254,1,3
0.330151014750962,-0.4587890706450079,2,3
-0.8443120025124378,-0.5789248019609692,1,3
0.1614786938137417,-0.4245739987078641,1,3
1.1482269317730245,-0.3250441011649093,2,3
0.8089395455875403,-0.3886181491024025,2,3
-0.0723090125441339,-0.4607747688161885,1,3
0.3342564414805388,-0.3750002257582894,2,3
-0.8923207904680812,-0.5295847454409514,1,3
0.5144246405104473,-0.3765936484951874,2,3
-2.2594910614406096,0.3668142289215676,2,0
-0.5445041515139454,1.0752814021913244,0,1
0.5120854396654303,-0.4291683310937568,2,3
-2.196307626337852,-0.6134278656264153,1,3
-0.0845483597308036,-0.2698454780086298,1,3
0.1789656909543095,-0.4297578767733825,1,3
0.5264059137799084,-0.3933949313816829,2,3
-1.2045200644455858,1.0378579304409312,0,1
-0.8668253193507769,-0.3971216262963341,1,3
-0.9019755598046209,-0.4028405563521615,1,3
0.2310119120699789,-0.4055875761591915,1,3
-2.1638284186313888,0.3869320783632747,2,0
-1.1580543836839376,-0.5612233120124727,1,3
1.4100891959913684,-0.3013856608040667,2,3
0.0820314978072498,-0.452058906420434,1,3
-1.1344830487445206,1.1106791512273684,0,1
-0.7279106861570999,1.061038390068885,0,1
0.8230939663690908,-0.3414805749212814,2,3
-0.2171555216960812,-0.5108869524205691,1,3
0.0155308214452541,-0.3617834063102674,1,3
-1.413206104883072,-0.5389457253573027,1,3
-1.1105888410717624,-0.4692346088468914,1,3
0.8453140317392812,-0.3642837721067443,2,3
-0.727664336710984,1.071618652528829,0,1
-0.9751397520923216,-0.4927014895824924,1,3
-0.0957954902270518,-0.4868470536787911,1,3
0.9347189292947506,0.6295693621074522,0,0
-3.301539044937198,0.8473226664354923,0,1
0.671943312339605,-0.3274266367971126,2,3
0.2627772984788157,0.6040119488007809,2,0
0.8057412728741574,-0.3597996224858659,2,3
0.4194534142640148,-0.3881554785471043,2,3
-0.1316148307733936,-0.4445798752757272,1,3
-0.3630169986385823,-0.4922124603675534,1,3
1.2293189401986997,-0.3097845722119892,2,3
-1.418967585528666,0.4063655067890819,2,0
-0.1620410742564822,0.5271006251528033,2,0
0.9267292627477898,-0.3863042138647648,2,3
0.7903055442825947,-0.387509378869945,2,3
-1.824828685861714,-0.6059165545642065,1,3
0.1029079739455596,-0.412724092611451,1,3
0.5112641572423925,-0.3618708552236163,2,3
-0.7290378538959802,0.5465609048294718,2,0
0.4808114999278552,-0.255818803504392,2,3
1.2328096657093108,-0.3257711204664279,2,3
-0.401036051008704,-0.4732214612889011,1,3
-2.450559475730338,0.948770370959573,0,1
-0.4002826239762377,0.4905492366456622,2,0
0.634561180260346,-0.3244178410565951,2,3
-0.8226601181398066,-0.5719366173492052,1,3
0.3005348484657435,4.734369503715586,2,-1
0.1926547161359385,-0.4425153247411137,1,3
3.1841882769083223,4.879631961209618,2,6
0.672736719959847,-0.3916250496808307,2,3
-1.0436823434941869,0.6221075604402634,2,0
-1.2045200644455858,1.0378579304409312,0,1
0.4047656984057259,-0.3827647915616495,2,3
1.3787011787973598,-0.2967973954553087,2,3
1.2028927415770716,-0.2626991736264161,2,3
0.3851418881569905,-0.3453106251901564,2,3
-0.0932748648299123,-0.3830493710278507,1,3
1.1236517016870542,-0.3226476936909382,2,3
-0.0845483597308036,-0.2698454780086298,1,3
-0.489770467457992,-0.4680344556966123,1,3
-0.7011804985621,0.4691411117078272,2,0
-1.63335714345392,1.0522325507076915,0,1
-0.049815638605265,-0.4602188179188033,1,3
-0.2927603401602698,-0.5024482745640486,1,3
-0.6074357399924015,-0.4475408257539948,1,3
1.1755771580397856,-0.3085835245407555,2,3
-1.3112429156058298,1.0375704524321392,0,1
0.2641804675829435,-0.4018736814798447,2,3
0.8866248295399066,-0.2714298398598623,2,3
-0.1154878532433872,0.5417685294337311,2,0
0.6036475477108855,-0.3603211631227041,2,3
0.0713635881484516,-0.420489165740127,1,3
-1.7489616980899814,0.3930045014203688,2,0
0.4793100023913478,-0.3925801209552529,2,3
1.45742515209097,-0.3294827132137729,2,3
0.4441789921184448,-0.3852189013037331,2,3
-0.0348196623828784,-0.455607732714006,1,3
1.0393450913182174,-0.2718385290322829,2,3
0.19401270410792,-0.499194868334157,1,3
1.843221443027691,2.9312850701917323,0,2
-1.598734777357147,0.3818812807195026,2,0
0.5897952219503115,-0.4090954699664889,2,3
0.2328858964393004,-0.422074786183352,1,3
2.362504381692738,2.9586761879125034,0,2
-0.440627744725513,-0.4977091282334036,1,3
-1.7658043107603412,0.3782868687519435,2,0
-0.5858534693855653,-0.3514076187430304,1,3
-0.388046962270246,-0.4890603297509598,1,3
0.3423238318036976,-0.4047409808617603,2,3
-1.2776045947743897,1.17661599156251,0,1
0.1906708791557424,-0.4218570795545676,1,3
0.2909363208199826,0.5985291864309014,2,0
-0.413909759457412,-0.384858672302617,1,3
-1.2391094132426064,1.0397829663539662,0,1
-1.18423034376344,-0.5537874633046741,1,3
-0.9759121702938643,-0.4148700132916714,1,3
0.191909842924016,1.159585447317558,0,1
1.0178906310561062,-0.2905881157503698,2,3
-1.4606335380560558,1.1673126645191263,0,1
-0.2688590514867347,-0.4847957824967664,1,3
-2.142672366230004,-0.6047014302700008,1,3
-1.2045200644455858,1.0378579304409312,0,1
-0.8901800690529373,0.4837442516298452,2,0
1.6229010794380407,-0.3013094246668307,2,3
0.5198515431264298,-0.3751468837850569,2,3
-1.7076082662213403,-0.5988221855234556,1,3
-1.5955723700028936,0.3843022562472954,2,0
-0.8864823571461755,-0.5528864119462403,1,3
-0.106401991021644,-0.4552768026117141,1,3
-0.1021282157088167,-0.4292167937295814,1,3
0.607088252826011,-0.3426715093214203,2,3
0.0303400134069161,-0.4302072332636286,1,3
-1.5343451315342496,-0.5911077516304417,1,3
0.718834008215878,-0.3791822385389785,2,3
-0.830217419778306,1.0460093289888237,0,1
-0.3673610807661852,-0.4702263531095828,1,3
0.1607047580714433,-0.4637496770982351,1,3
0.6531182819077765,-0.2958023947290132,2,3
0.1526499659826145,-0.4253971247260178,1,3
-0.4384813626296976,-0.3274302359475008,1,3
-1.083799439305488,0.4487111212296957,2,0
0.7449943493416276,-0.379150798349242,2,3
0.2446360821933309,0.6092044781667248,2,0
-0.3086421757123991,-0.306305452193587,1,3
-2.550885784454228,1.3254207707726835,0,1
-1.8204265776549744,0.9395086471855376,0,1
0.5775284349217676,-0.377820006256268,2,3
-0.8058198688460196,0.6608076898804907,2,0
-0.6023470462177609,-0.4740356726301947,1,3
1.02146007754131,-0.3322220679188706,2,3
-0.249015609180749,0.5752367536556607,2,0
0.9966614952585848,-0.3444520835413991,2,3
-0.2511060171399972,-0.3983835368800456,1,3
0.9588670967283596,-0.3535550333688328,2,3
-0.3741147837719013,-0.4719537073575596,1,3
-0.5241098968116868,1.1516927380888762,0,1
-0.732150652261585,-0.4651446066034121,1,3
1.6762053431232575,-0.251233904575291,2,3
0.986433124392764,-0.3418947247166098,2,3
-0.4682299404430183,-0.4816306594268247,1,3
0.4403241428733205,-0.4006564943280023,2,3
0.4396884187560081,-0.3522423696617547,2,3
0.9586343550612224,-0.3654776976559276,2,3
-1.4118886166358882,1.1752434437280137,0,1
0.7227493216741748,-0.3194202113738832,2,3
-0.3002944853990021,-0.472535954829859,1,3
0.5163523768318569,-0.4046746845872915,2,3
-1.3208243780889106,0.4292012357625515,2,0
0.8871867848985584,-0.3663326427371329,2,3
-0.1114273907657437,1.131958269268902,0,1
-0.2925816190068401,-0.4519017020418526,1,3
-1.5300322773964794,1.1560215173996171,0,1
0.2583404570437194,-0.4176646584401783,2,3
2.464046788091625,3.012496067775365,0,2
0.5607556969679341,-0.3904711584284485,2,3
1.374799276503334,0.718392539455606,0,0
1.2993724355137186,-0.3379005892452025,2,3
0.0862855078279513,-0.3942779282530844,1,3
0.2057269225412124,-0.3985518760574995,1,3
-0.0845483597308036,-0.2698454780086298,1,3
-0.2464143897192959,-0.4459152842288621,1,3
0.7628721516977526,-0.3747834197023782,2,3
0.5015417080983491,0.6859111873696057,2,0
0.4225395665136335,-0.4066506154885786,2,3
-1.7467999677117672,1.0407583189010097,0,1
-0.482353681007921,0.5239350159062285,2,0
0.9384739076653846,-0.2590114866673255,2,3
0.9597475835059311,-0.3740916156035029,2,3
0.4664533580056487,-0.3476847014780003,2,3
-1.278660233661622,1.1354934219656776,0,1
0.8837070745631542,-0.3799370783111223,2,3
-0.354486717841895,-0.502381519375762,1,3
-1.2045200644455858,1.0378579304409312,0,1
-0.328627301146612,-0.4873448876931848,1,3
0.9277617767766816,0.6544124726053921,2,0
-2.0355019719065943,0.9626768113413464,0,1
-0.2825359912866827,-0.3020579864343912,1,3
0.0453426890771012,-0.3561657174637433,1,3
0.6276870987124658,-0.3967859262827467,2,3
-1.8005294760484274,0.4989688348399422,2,0
1.5017346293618643,2.8824870333001957,0,2
0.4845746387698414,-0.4071270989605229,2,3
0.6933627230268958,-0.3618561789570712,2,3
0.6479845497297186,-0.3110442917929011,2,3
1.125084948525005,-0.2999501546631851,2,3
-0.0638588044893927,-0.4548463476093808,1,3
0.2668673084845278,-0.3439051889031228,2,3
0.8366726856683815,-0.3705800735056281,2,3
0.7029805904935151,-0.3991702444136139,2,3
-0.9370356127640462,1.034070206488814,0,1
-1.5885289228375163,1.1465041365948654,0,1
1.6427071339383243,2.8772770758146464,0,2
0.9741178216697144,-0.3432697380561266,2,3
0.1843652719075597,-0.3130713900835061,1,3
-1.4854244734773057,0.4702411106353457,2,0
-0.7876398919231922,0.4814549442756973,2,0
1.363566337723531,-0.3166986501277994,2,3
0.2786005743235218,-0.4132373521612315,2,3
-0.2613420757406752,2.670775063012416,0,-1
-1.9031533855023868,-0.6271580143119981,1,3
0.8759132347092458,0.6393081913021266,2,0
-0.907298176289715,-0.4512489708392241,1,3
1.281723436574129,-0.2853977806806199,2,3
0.5650889475603442,-0.3996647506013353,2,3
0.8111753731892762,-0.3868823978414178,2,3
0.7656209916195905,-0.3495711382579409,2,3
0.1482132921727219,-0.3378315781860702,1,3
1.4839100548112738,-0.2526897130924615,2,3
1.054439929628438,-0.3547383622457485,2,3
1.4760011808778428,-0.3022977751458539,2,3
1.9927716986559731,-0.2502452946185727,2,3
0.1600586615323073,-0.3908157848424116,1,3
0.6975237262093985,-0.390429140941843,2,3
0.6751380219031753,-0.3768528286126235,2,3
-1.8393533253708856,1.3563196462127003,0,1
0.4764523509358767,-0.3849524581805777,2,3
0.2425677331673791,-0.4223706970229178,1,3
-0.0453521142444663,-0.3547769498986092,1,3
0.6882150754350238,-0.3861809902317709,2,3
-0.5227152141971865,0.5213472508139705,2,0
1.0439611950459429,0.6443802547384088,0,0
-2.4186286873583187,0.3984043405035526,2,0
-1.060911305196797,-0.4901255648848863,1,3
-1.2045200644455858,1.0378579304409312,0,1
0.3111306879011866,-0.4240993298637017,2,3
0.9277617767766816,0.6544124726053921,2,0
-0.3899115523698883,-0.3195279472543297,1,3
-0.0642422897771599,-0.406187640803214,1,3
2.136533826453386,7.727047095978648,2,-1
-2.6961266321311976,-0.6947482178572554,2,3
-0.604472570537544,-0.3544369390496827,1,3
0.1121107439224897,-0.4206490238666597,1,3
1.1791956970693538,-0.297276570220297,2,3
1.2403558291577697,-0.3418313189407485,2,3
0.9790076512260336,-0.3309660262164307,2,3
-1.3402623195127414,-0.5611276890999105,1,3
0.6902364125912475,-0.3707814766626138,2,3
-0.4483245142011763,-0.3290317127692628,1,3
0.159214499100087,-0.43839307685417,1,3
1.3887424656952083,-0.3346095692420101,2,3
-0.9321358215404292,-0.4077476188673959,1,3
-1.2525150862759915,-0.5173549366711944,1,3
-0.8376105612251648,-0.392368396840118,1,3
1.0055831032726337,-0.306810027864249,2,3
1.171020597614028,-0.3381342092647819,2,3
0.3305407992568843,0.6161500373140197,2,0
-1.4669759883291011,0.9928197372795222,0,1
0.6880262927422407,-0.3858422992352546,2,3
1.1666526636086327,-0.3649086415353583,2,3
-1.4013472520714492,-0.4840881308512378,1,3
0.8562308499086124,-0.3822275595827001,2,3
1.3715493699662007,-0.307782745515349,2,3
-0.0379352587133994,-0.4446337710848427,1,3
-1.2790034321383943,-0.5604262650098774,1,3
0.0848530384894741,0.589866734531585,2,0
1.957418957098813,2.908631463071667,0,2
1.1613003844300074,-0.3021995795641263,2,3
1.0774538745088524,-0.3290874108047097,2,3
0.6843704112428154,-0.3539099158064275,2,3
0.0757345108961253,-0.4691409019077826,1,3
0.737755428435797,-0.3376474142269816,2,3
-2.2843369132032576,-0.6752926222877645,1,3
-0.5972862772387897,-0.4868403297977888,1,3
-0.5861631542315062,-0.4465428581732998,1,3
-0.0672967076949078,-0.4459546521528342,1,3
0.5758256050855444,-0.3382603413049496,2,3
-1.2045200644455858,1.0378579304409312,0,1
0.7920037090500602,-0.3699561072628662,2,3
-1.978690717174226,0.3416670560069493,2,0
0.9486167807601136,-0.3417617150852003,2,3
1.2599754357045378,-0.3448171928410559,2,3
2.058895501250031,-0.2516989138579026,2,3
2.049643884256463,-0.264539663000475,2,3
-3.5700271645493054,0.2110722690177859,2,0
0.9509061456976292,-0.3815311195719719,2,3
0.7267578379951518,-0.3001100598626369,2,3
1.0655226521151453,-0.3359907807438746,2,3
0.0372215658977164,-0.4366944290788843,1,3
1.7132866691354034,-0.236180370379114,2,3
1.235021471531569,-0.3205096244075733,2,3
0.160924923864185,-0.4487354589679706,1,3
-0.4719155678545471,-0.5094100033370678,1,3
1.6820863662059262,2.902631274265409,0,2
0.4194534142640148,-0.3881554785471043,2,3
0.1299359881432953,-0.4536336876664208,1,3
1.681428349190233,-0.2877522217538411,2,3
1.1118710903583746,-0.2936382935936337,2,3
0.0483359493142332,-0.2482252541030944,1,3
-1.7113870843978722,-0.5550068962887812,1,3
0.7091980096079,-0.3721994962019315,2,3
-0.2878220666901772,-0.3438688463595329,1,3
-0.1985397310168398,-0.4897566434451801,1,3
0.2265710325320167,-0.3923527586440494,1,3
-0.0114969799518658,-0.4444608094426828,1,3
0.7568033259190494,-0.3657662106602103,2,3
1.676458644118222,-0.2492826058364134,2,3
-1.8736439211445923,1.6854802453209687,0,1
-1.1857884136084351,0.598986959699024,2,0
1.100150361509982,-0.3724415455921319,2,3
1.0105093826116296,-0.3298424376131688,2,3
-1.6830675652743443,0.4856270856053541,2,0
-0.3674915111095952,0.5107726648457259,2,0
-0.0218945223615039,-0.4068663206845422,1,3
0.1025952590267098,-0.4263230878221966,1,3
1.0625447125177176,-0.3404016232167547,2,3
0.7403111578958422,-0.3085986466807596,2,3
1.0030374640368114,-0.3474517332138276,2,3
-0.2255635484332862,-0.5054874931758128,1,3
0.3483641831678836,-0.438543902563251,2,3
-1.8501459089604884,0.3741774275702931,2,0
-1.0053449097387153,-0.4876765439223354,1,3
2.433311417208168,-0.2365705110388181,2,3
-0.2264265797294676,-0.2929290076272419,1,3
1.184759864018951,-0.3415160318442143,2,3
-0.004218216800469,-0.4829980811129215,1,3
0.7993874304430856,-0.3253516375591025,2,3
1.1078383588446064,-0.3214049510319767,2,3
-1.4813439898199294,1.163943082304811,0,1
-0.4368536417382096,-0.4108578789826436,1,3
1.1191964781333967,-0.3091324970530867,2,3
-0.0417990053515014,-0.4614039377015407,1,3
0.1924855562755512,-0.4369820645106569,1,3
1.451982545995069,-0.272844651484354,2,3
-0.291434719468289,-0.4039763967625809,1,3
-0.489331109149296,-0.493514798248854,1,3
0.9021942470177644,-0.3593898108608655,2,3
0.8106840500312932,-0.3518563869171956,2,3
-0.7219636138151874,0.5048040716284564,2,0
-0.5348694444697547,1.084159713055196,0,1
-1.1014433126003915,1.22575277046421,0,1
-0.4633160265787437,3.8265912619702487,2,-1
1.3549609533806497,-0.3171399041853523,2,3
-0.9141107890295486,3.7532471345132894,2,-1
0.5963919899827567,-0.393609263215919,2,3
-0.4493982265230412,3.828855682469849,2,-1
-0.6065331944444486,0.5470463195672883,2,0
-0.1115786503743602,-0.4450051335039617,1,3
-0.3798283106483201,-0.3178874078612245,1,3
-1.5618798328642889,0.5377970362859722,2,0
0.2815466869412352,-0.4209034355860672,2,3
0.4695192709697908,-0.3940273988641524,2,3
-1.5758315614679312,0.5355270956251995,2,0
-1.4875013175157448,0.549898390969254,2,0
-0.6299110798009869,0.5142692757293938,2,0
-1.573663703276826,0.5358798052853841,2,0
-1.718809352031355,1.1253075628991298,0,1
-1.5728730376504894,0.5360084462663898,2,0
-1.4824769054335083,0.5507158608044233,2,0
0.5524911210480142,-0.3790960479440078,2,3
-0.6297648667628898,0.4959765870725601,2,0
-2.0823944320352985,1.7735896147535792,0,1
1.4150881058545444,-0.2974411023242576,2,3
-0.7152544956244661,-0.5113122261902977,1,3
0.4918641790096748,-0.4093367323250096,2,3
-1.1412919848752088,1.5240567884662042,0,1
-0.1552489727586726,6.9662965735740014,2,-1
-0.1735166577850017,0.5294905200168628,2,0
0.3824734017779307,-0.3857298795601445,2,3
0.1912013939443997,-0.4274571638345305,1,3
0.6780113983991142,-0.326956482413011,2,3
0.6178613165752914,-0.3625398752331299,2,3
-0.8154071506278242,-0.4667130592441471,1,3
-1.1025200284252252,-0.4354690611451885,1,3
0.5712064442127521,-0.3826207760446942,2,3
1.3062017478103756,-0.3209516620213408,2,3
-0.3705923925298202,-0.3163847276792665,1,3
1.0832621329275096,-0.3830257018954826,2,3
-0.536972700746585,1.0826838783188724,0,1
-0.5716095208344085,1.082651208927322,0,1
-0.916474154587018,0.6428042818707711,2,0
-0.4398380596630147,-0.4627868834087,1,3
1.2794677984344571,-0.3205769027852619,2,3
0.387074827708579,-0.3851591803667235,2,3
1.2888952102277975,-0.3440670860984077,2,3
0.768909069359752,-0.3193553477814552,2,3
0.6896681132629907,-0.3969066965601968,2,3
1.1524529898564233,-0.3103132852465204,2,3
-2.702099230570819,0.352283796558813,2,0
1.380266087153562,-0.2964526449900982,2,3
-0.6411717166417106,0.4965874457869465,2,0
0.105267435515585,-0.3657017122379717,1,3
-2.5986681736189188,-0.6788917656570962,1,3
-1.2045200644455858,1.0378579304409312,0,1
0.6134716360556343,-0.3579004285216189,2,3
1.0627580158717624,-0.3357113114416666,2,3
0.9053951871222982,-0.35346711204317,2,3
1.1710694942386477,-0.3921473760953622,2,3
-0.7277819538724751,0.4877076715851141,2,0
-0.9903675184323798,1.4387476003283808,0,1
0.0265173414509618,-0.3275431487888016,1,3
0.9388011115934332,-0.3110890367385079,2,3
0.1025690969886066,-0.3829592868262956,1,3
0.2894803762042905,-0.2089911523464449,2,3
0.8909456207432597,-0.3731910859366525,2,3
1.2785984906597476,-0.2509711428555841,2,3
0.1885550224300654,-0.4171012928186231,1,3
0.346456734101538,-0.3879875270003072,2,3
0.7620008722272087,-0.355847809582329,2,3
-0.9913404805711404,-0.417380193199863,1,3
-0.1981930688681254,-0.4425435408368106,1,3
-1.274848494924519,0.4598536299627826,2,0
-0.0331019438120597,-0.4586028586130306,1,3
0.4194534142640148,-0.3881554785471043,2,3
0.4917933020737866,-0.4128653622663974,2,3
1.781505656608148,-0.2838430218610663,2,3
-1.56764510550653,-0.6062295788877519,1,3
-2.146182974940174,0.3813049225313691,2,0
-0.4908729929612485,-0.3359543332369728,1,3
1.0832204952026,-0.3765213866730858,2,3
-0.8424361243794011,1.5378079492478138,0,1
-0.8777167935895642,-0.5183244722412753,1,3
0.574738081137296,-0.362178071426577,2,3
-0.9275924109659968,-0.4955016522722583,1,3
-0.2708216978788126,-0.368169911285657,1,3
-0.2276901726595197,-0.4373714429359731,1,3
0.3831556608339059,-0.4058928004425255,2,3
1.0138860470708162,-0.3552618427656949,2,3
1.2605935995810746,-0.2552509846452879,2,3
-0.8292506459471765,0.5065272988061684,2,0
1.0059603300664086,-0.3306104826345634,2,3
0.5478720890802715,0.5923393672816921,2,0
1.2602399514802365,-0.3337643149752947,2,3
-0.9356725340716868,-0.5107000845117339,1,3
-0.5086373702273499,-0.412248162994734,1,3
-1.7472722619419006,-0.560845400315083,1,3
-1.3107168595439624,0.5786611515377215,2,0
-1.2938722845651405,-0.5790499337869094,1,3
-0.4512498515178329,0.5269865851230789,2,0
0.7893488684339758,-0.3888968479148006,2,3
0.7929320733081655,-0.3525820465253023,2,3
-3.198949948277414,1.2375485022593964,0,1
1.0265525164609346,-0.3609514907830004,2,3
-1.8772341006563955,1.0237639037769342,0,1
0.7152614039811193,-0.3967967226698287,2,3
-0.2253872293707639,-0.461639593216141,1,3
1.3386938882802586,-0.3146279090699441,2,3
2.3354041760488564,2.9570452322671,0,2
0.3094853558694173,-0.3965141822564151,2,3
-0.3401031254694945,-0.3438768912423853,1,3
-1.150916508979785,0.4153541335129325,2,0
0.1800851817665957,-0.4144963407544996,1,3
-2.620099175231467,2.461632680333,0,7
1.3912558733850904,-0.28152884443053,2,3
-1.3734162185781469,-0.5575009113021071,1,3
-3.2175752580195374,0.2684160531700881,2,0
0.5537030658020766,-0.3102390757270994,2,3
0.5988403013645545,-0.3805471321596808,2,3
0.5523593514674319,-0.3911895703555842,2,3
0.9763193871460364,-0.37562787789494,2,3
0.1304326258271094,-0.4338415549008195,1,3
-0.0842605543884407,-0.4584656028790921,1,3
0.2703412348074339,0.6064179782906417,2,0
-0.0093562857113699,-0.4470638647461134,1,3
1.720230954238268,2.929973993544214,0,2
0.1545839844338046,-0.4419362250002466,1,3
0.46167123872823,0.6166748720239159,2,0
0.654449352740133,-0.3563452160986241,2,3
0.1980353741978608,-0.4433180235795337,1,3
1.10217345093971,-0.3631539860463273,2,3
-0.3748115976163058,-0.4964675337435999,1,3
-0.2480808893971226,0.6433308276168863,2,0
0.8362981184014269,-0.3703957180412198,2,3
0.3626354560309534,-0.4093211479834814,2,3
1.3522104701808055,-0.3124747429097486,2,3
-2.4529760785809755,-0.6551877200957853,1,3
-0.962312967539936,0.4843393781757207,2,0
1.504006954940064,2.880603908850249,0,2
1.070854034779541,-0.3437454145431871,2,3
0.2050878408282181,-0.4360747282578198,1,3
-0.9000032685995736,-0.5180799279782661,1,3
0.6444179991141317,-0.3920058964709915,2,3
0.6424402414264409,-0.3907608397681266,2,3
-2.5591772842439777,1.2821194854391589,0,1
-2.187392311972806,1.0490693028287168,0,1
-0.5652693762134784,-0.474390331605493,1,3
-0.613867539973971,-0.4677495909490871,1,3
1.7722057309208303,-0.2840839259994125,2,3
1.3021843230012162,-0.3044791765672907,2,3
1.2016972813730178,-0.3376767768636615,2,3
-0.8152775779412266,0.4861426431389235,2,0
0.9647960609847126,-0.3732151188094306,2,3
2.023679705881851,12.209182414542685,2,-1
1.1845284919182733,-0.3498638165948986,2,3
0.2639524395974862,-0.3846268933739085,2,3
0.3573807255500174,-0.3892265904175447,2,3
1.2900444445147945,-0.3670351082637144,2,3
0.1371645667401011,-0.3956696907668065,1,3
0.7078743684912425,-0.3853788611115156,2,3
0.4238367834623463,-0.3895138505415609,2,3
-0.1188885895194463,-0.4962189159214088,1,3
0.909936619426696,-0.3385548522403685,2,3
0.6617855219846055,-0.3556067090597597,2,3
1.5204014413259104,-0.3151513386606792,2,3
-0.0320931769319501,-0.4664662567912708,1,3
1.6254130628828336,-0.2822347470534863,2,3
0.7590620568099636,-0.3838057850283429,2,3
0.629934163952882,-0.3408400730502519,2,3
-0.7803940118219167,0.5202634019496246,2,0
-1.3598388649048232,1.4128980174257677,0,1
0.896704397290051,-0.3667062627908988,2,3
-1.8886286001955517,0.3563201263993726,2,0
0.727793516493555,-0.3924627430456218,2,3
0.51708823706664,-0.3908772636573703,2,3
0.0663533329211192,0.6162627217095742,2,0
-0.5966606399516707,-0.4581901076212869,1,3
0.6867519203519369,-0.324224220589019,2,3
-1.2380411132474582,-0.5559508446237907,1,3
-0.935501099493246,-0.4816987209289492,1,3
1.725652816643735,-0.2975341100179052,2,3
-3.496719092501156,1.560842641774832,0,1
0.8736988126189036,-0.3590023917434732,2,3
-1.3944808208179258,1.0117309802535186,0,1
-1.117609079547275,-0.546144814755049,1,3
0.0241799152762668,-0.4344043176191299,1,3
-0.1243504151896709,-0.3520892724217341,1,3
-0.023904617495163,0.5550719519216835,2,0
-0.2320629794853243,0.5309116894743406,2,0
1.1439123805322062,-0.2936957841706104,2,3
-1.315421219910757,1.077206173194868,0,1
0.2024789716272331,-0.4721697355228762,1,3
0.4940851205556512,-0.4074653970263156,2,3
-0.4502155019126892,-0.4192738704631653,1,3
1.2316520376586342,-0.3217504147565567,2,3
-2.6455571345324604,0.2573152915989155,2,0
1.419946952173217,-0.2929236357010821,2,3
-1.2775213277464883,-0.4639417025147802,1,3
0.4398670132345356,-0.3683953354904985,2,3
0.9459813959873904,-0.3666862591475948,2,3
-1.1638513454182242,-0.5029293815140568,1,3
-0.1661836404626575,-0.3036029143020049,1,3
-1.330196775030369,0.4975346286602137,2,0
-1.2007551865503236,0.4154368470236405,2,0
-0.2265624298310454,-0.504640964149916,1,3
1.084918748692656,-0.3394779818283789,2,3
1.2599873104328496,-0.2535037368935477,2,3
0.9295219188641828,-0.351203594040393,2,3
0.8492009550586344,-0.3186022700723621,2,3
0.151549283081551,-0.4339396900769875,1,3
0.5404018925057816,-0.3883770401109598,2,3
0.914963438768332,-0.282540722127887,2,3
-0.4786229597851601,0.5112564666896087,2,0
-0.3309791737177646,0.5197233696628681,2,0
-0.9769578013495714,-0.4764663634044762,1,3
-1.3107168595439624,0.5786611515377215,2,0
0.1327975437630512,-0.4244158256343603,1,3
0.8894612219147437,-0.3481063789050502,2,3
0.7151183884312646,-0.3836689568032628,2,3
0.3816496591147443,-0.3864383660688869,2,3
1.4499735330210215,-0.2824687329039164,2,3
0.5897526003456366,-0.3586507441815683,2,3
-0.1536678920861893,-0.3749701797348674,1,3
0.8162562973932765,-0.3542989109469347,2,3
0.9727637657650235,-0.3348738062399525,2,3
-0.2469124183033486,-0.4797810049825184,1,3
1.0725136795295973,-0.32948547004286,2,3
-1.0567788480443396,-0.5150050417331091,1,3
-2.6595902221937644,1.673752324336908,0,1
1.1812758433588708,-0.3317927798958018,2,3
-0.7520670867291815,-0.3989259165575675,1,3
0.6070305947414492,-0.3486086566020702,2,3
-1.221811348457214,1.4941182227410186,0,1
-3.1452625870941504,0.2597058870062511,2,0
-1.552067116384141,1.4093946158907849,0,1
1.018636809341922,-0.3103797669271153,2,3
0.0604359789408133,-0.4334449632899749,1,3
1.3853384068322685,-0.3180338001886929,2,3
-0.5827118261633788,-0.5315585257582953,1,3
0.063673179188451,-0.3961981059562519,1,3
1.835345617048359,-0.254286775063577,2,3
-0.5517327930751639,-0.435790693111295,1,3
-0.5925778478898349,-0.462911575970901,1,3
1.0027116965294631,-0.3483581191366326,2,3
-0.9777682424206228,0.3997568167917251,2,0
-1.1344784058775164,-0.4816194939402589,1,3
-2.5649525932337176,1.4226012533639685,0,1
0.7787405260723171,-0.3939039128021628,2,3
-0.3773541143380363,0.5523029129789455,2,0
0.2599666980222591,-0.4005070621371088,2,3
1.432361813949517,-0.2684598130766558,2,3
0.1883691275714139,-0.3994797311948544,1,3
0.914963438768332,-0.282540722127887,2,3
-1.5325391831427977,-0.581201021455159,1,3
0.5502074378921545,-0.402810164436522,2,3
-1.3520610264561734,0.3960770290145385,2,0
-1.1795127410014628,1.4886852418664556,0,1
0.7257504142690507,-0.3866705093034662,2,3
0.5931191291120138,-0.3703287415451953,2,3
2.129049965814096,2.8554850296942536,0,2
-1.44615548185572,-0.5118538206924607,1,3
0.4839081960557851,-0.3681819202897992,2,3
-0.5808029888167279,-0.4910058718984527,1,3
0.5286390008208004,0.6347078190154355,2,0
0.0657208509653391,4.302277702061507,2,-1
0.8463956693339357,-0.3438406363061747,2,3
1.2893787325843518,-0.3100698223628705,2,3
0.6062394201733821,-0.3548425385174398,2,3
0.5140415892820058,-0.3930733024701102,2,3
0.0198286718558366,0.6063246110892307,2,0
-1.0146196923055877,-0.4621185292057674,1,3
2.4064947846056834,2.953107380944157,0,2
1.034790734696548,-0.3301581124631042,2,3
1.53767696797669,-0.3036189315136915,2,3
0.4828657294835656,0.5842986247495475,2,0
0.629853759817105,-0.3925649338732895,2,3
0.6759520551932735,-0.3876161662925625,2,3
-0.8037730137147658,-0.4073384501870477,1,3
0.8514065228190095,-0.3634649797879952,2,3
-2.917761762851903,0.8727567458044537,0,1
0.5579227012635831,-0.4085706918505375,2,3
-1.3864040564863105,0.4983290391817837,2,0
-1.7879203260359728,-0.546983415290964,1,3
0.9602359143231886,-0.3676365626753158,2,3
1.394868324315497,-0.3108288932073287,2,3
-0.7232313140108919,-0.5530188395729183,1,3
-0.763565387501217,-0.4877747378236408,1,3
1.1613931562903503,-0.3365365821416454,2,3
0.5597111796371476,-0.3897156482364002,2,3
0.8568540921449422,-0.3476818050066206,2,3
1.048210258993002,-0.3396062932315688,2,3
1.5437015735766593,-0.3022806381343123,2,3
1.1239239701227537,-0.3047936650360791,2,3
-1.0957132436301311,-0.5461456941145534,1,3
0.536743494335262,-0.3492273148153118,2,3
1.3502717315914483,-0.2557441927868053,2,3
1.116223979502275,-0.2972598885094365,2,3
0.8245117654952807,-0.3832652506159099,2,3
-0.9019755598046209,-0.4028405563521615,1,3
-0.1217278089375418,-0.4737598620291526,1,3
-0.64407885556987,-0.4535026459950345,1,3
-0.0478412682677479,-0.4400360153735443,1,3
-1.6797521210626718,1.422163223988325,0,1
-0.8276170171572653,1.0372182002670638,0,1
-2.6424913720233483,-0.6860217825008409,1,3
-2.7931476523132788,0.3374702547760097,2,0
-0.911523842292203,-0.4368468132049655,1,3
-0.2456898713989827,-0.3779647726179389,1,3
0.7686558701193758,-0.3002953250059432,2,3
0.2736110242595696,-0.375144674182808,2,3
0.0991015512870892,-0.4323211749753409,1,3
-1.5870573069588594,0.996094682949468,0,1
1.116268957783536,-0.3133709413297841,2,3
0.2942883410055059,-0.35974493023222,2,3
-0.0945725200489861,-0.378929865998922,1,3
-0.6560242270385914,-0.4103667998479433,1,3
0.6298307012858826,-0.3728891594402716,2,3
-0.2494771596720072,-0.4376042577246637,1,3
-2.289288497694105,0.3170708936732895,2,0
-0.2546335327046701,-0.4234368537921251,1,3
-1.5713400946088592,1.0206045722526234,0,1
0.2158215654154686,-0.4245524602449749,1,3
-0.9058251611143064,0.4704175606156889,2,0
-2.0643546466291465,0.4150937675886243,2,0
0.8848748644507869,-0.3835560554054412,2,3
0.8749058991324921,-0.3569898158815822,2,3
0.9223228667317004,-0.3547859667796781,2,3
1.3004240454613674,-0.3057493840292976,2,3
0.8413239985393212,-0.3609997846454264,2,3
-1.4773151118040475,0.4835378468613131,2,0
-0.5750142654311613,-0.4787165723143851,1,3
-0.1446233964176953,-0.4326883604128335,1,3
1.3165296797134771,-0.3122596336824952,2,3
-0.3183872735408314,-0.4840537421675316,1,3
-1.982362261079765,0.4369319583660709,2,0
1.248988826929095,-0.3396324343759483,2,3
-2.4093424169460107,2.294029955734652,0,1
0.4199410461493948,-0.4450311043384551,2,3
0.6360124082127424,-0.3846156844111721,2,3
0.6369343149378762,-0.3865892228331399,2,3
1.0261798465249357,-0.3378168503414843,2,3
-0.5255911470944084,-0.4714139834733106,1,3
0.1491471396332045,1.150700142255488,0,1
0.5684772461861145,-0.3178065873746661,2,3
1.4947417392008702,-0.3216491067313539,2,3
-1.5681268465412197,-0.6085813694705413,1,3
0.0321497220014677,4.358596616582023,2,-1
-1.3137080879183152,-0.510780091486254,1,3
-1.769431881714235,0.4630775834215297,2,0
1.2884781114523982,-0.3241739292919413,2,3
-2.142072391692222,-0.6455546322251077,1,3
-0.8108139889164088,0.4474731335315529,2,0
-0.1507314903526335,-0.4362247690593508,1,3
-1.8340676498248407,1.4205699415793966,0,1
-0.7427347175815473,0.4256857517382271,2,0
0.5915214271700876,-0.3618857600240799,2,3
-1.626713041274356,1.0313229425319164,0,1
0.3347533493737996,-0.3194589318537163,2,3
1.4007299619784963,-0.3041720196314583,2,3
0.2806110674412532,-0.2904293673608497,2,3
1.030224451039692,-0.3176517795607039,2,3
0.4707748073286668,-0.3800060053837193,2,3
-0.1320759629083372,-0.2775782000265728,1,3
0.8656858754785512,-0.3456093311209509,2,3
-0.8257386367264372,0.5329236241720682,2,0
1.325393233165282,-0.26901595594213,2,3
-1.132023859574176,0.6077344311255262,2,0
-0.0562090579209461,-0.3915664215291159,1,3
-0.5554368837024296,-0.3874096699964517,1,3
0.2319599690795682,4.7695031902091465,2,-1
1.2640369129360902,-0.2421656787967487,2,3
0.7170890235988604,-0.3794748799556716,2,3
0.309823423028301,-0.3453272990190175,2,3
2.0790032726583103,-0.2442725609451596,2,3
-0.0211705953305505,-0.3124621050016339,1,3
-0.5007122563410393,0.5109535686807825,2,0
-1.793626463374646,1.0312332136783886,0,1
-1.6088772966265337,1.0365277771084953,0,1
-1.4102819685088088,1.0250366317191408,0,1
-3.4034208292848573,0.2381790530947325,2,0
-0.7788531428024081,-0.430351015290474,1,3
0.6219792942353852,-0.4013040990337915,2,3
-1.4813439898199294,1.163943082304811,0,1
-0.1255115083311148,-0.2765101658937456,1,3
-1.5666275582770843,0.9906069913543208,0,1
-0.70763195627327,0.5112975184720202,2,0
-1.589218100328808,-0.5146546426827462,1,3
1.0392088067198326,-0.2977029790273415,2,3
1.4074984685772602,-0.3223971458088284,2,3
-1.3107168595439624,0.5786611515377215,2,0
-1.8099327543423405,0.4325334149984274,2,0
-1.4091549562504295,0.5151028856805077,2,0
1.0143567025177431,-0.3243493704910271,2,3
-1.1344945509574964,-0.5115045797253516,1,3
1.3666729924945795,-0.3300445103749748,2,3
-1.4021066521267571,1.0405053635451924,0,1
-1.3388810151609158,0.4220230480824942,2,0
1.6655863837643208,-0.2619871698603179,2,3
0.1600027831484097,-0.4119953705175972,1,3
0.5676226455346051,-0.3602996561853858,2,3
1.758691241356063,2.909789143868533,0,2
0.2346566994245047,-0.3621477918644784,1,3
0.9714970487721464,-0.3322306087975555,2,3
-0.6278846511502367,-0.4615321068689431,1,3
1.1713015888555447,-0.3784762952146296,2,3
0.8308913807965821,-0.3891048328473894,2,3
0.2204333564478304,-0.4255788306363435,1,3
-0.5194842554529591,-0.4786436665599953,1,3
1.4429859222125072,-0.3172120352874407,2,3
-0.5705871538470854,-0.5464594503431308,1,3
0.570519085534227,-0.3397312330366855,2,3
-0.2325596382383595,-0.2939268537923828,1,3
0.512526883272099,-0.3668039510115958,2,3
-0.4450331314498851,1.0960835946886172,0,1
1.7659047881105938,-0.3054388879627287,2,3
-1.6569714773638682,1.4249943090948345,0,1
-0.7221458239992069,3.6959865130182337,2,-1
-0.2837664413183266,-0.4817225089406442,1,3
-1.8025352036234277,1.0792326452365393,0,1
0.4603093994384151,1.1732842920351063,0,1
-0.2866234197768736,-0.4620495304606333,1,3
0.455781360335478,-0.3953946060806831,2,3
1.5317159222408447,-0.2485660724162061,2,3
-0.8796904754155308,-0.3992147820398415,1,3
0.3484471439501648,-0.417756200460361,2,3
0.9360656221228232,-0.3440302765841965,2,3
1.6852675516936892,-0.3044843652143095,2,3
-0.1663083154945436,-0.3770267715651095,1,3
-0.5427625615173388,-0.4581292226536141,1,3
1.023741188274003,-0.3312463913723558,2,3
1.4507006733129122,-0.3181739425114284,2,3
0.0767379498994133,-0.4130612903365435,1,3
0.1468388909339242,-0.3985435698073574,1,3
-0.9019183689903753,-0.4913244959167632,1,3
0.0517498107970219,-0.4821696816285232,1,3
0.7569293492168894,-0.3011289333939081,2,3
-2.2892017078178304,1.8048476639674729,0,1
0.0126483615921184,-0.4273257316587669,1,3
-0.941163172446913,0.4831760663617869,2,0
-1.760139995948213,0.4321366144043485,2,0
1.179239403161339,-0.3628848137974926,2,3
0.9581273483870996,-0.320600722134444,2,3
2.077921744873515,-0.2738748057887193,2,3
-0.7839130097884066,-0.4041072354955736,1,3
-0.95067756375505,2.023078760613738,0,-1
0.3183697055192994,-0.3744075080035714,2,3
1.585462114741412,-0.2802472036117354,2,3
-0.1658377838490864,0.5818909802196074,2,0
-0.284844617043105,1.1850689446929132,0,1
-1.7150247001189958,-0.5351233261247929,1,3
0.1767957780852923,-0.4462605647579893,1,3
-1.7335846096712646,0.4418429021092542,2,0
0.8198608005862427,-0.293642091343326,2,3
0.1988495794246854,-0.4420956643444488,1,3
0.4529754416509114,-0.3921724505245247,2,3
1.5245093702651349,-0.290455039785145,2,3
0.4506690068560641,-0.3975292023300676,2,3
2.2745503492445875,2.96948658351604,0,2
0.1528305514110096,-0.4695997916796456,1,3
0.3840825188556671,-0.4013154461116828,2,3
-1.3813785013667466,0.4275185784395097,2,0
1.1657412654899708,-0.2900834518805397,2,3
-1.176623614859677,0.4867455914108572,2,0
1.3909520790860996,-0.2822512413205126,2,3
0.2952093594095936,-0.402937220485028,2,3
-0.1392478956506179,-0.4153657070857383,1,3
0.1442206438321544,-0.4153640370261764,1,3
0.8714724620389348,-0.2897725696948623,2,3
-2.0175608781715084,2.5206148971626416,0,-1
-0.0619287799185711,-0.266165281424819,1,3
0.4592733432899532,-0.4056724371726845,2,3
-2.111171330075379,1.0614704260822048,0,1
-0.0643439208700497,-0.3194863877903128,1,3
0.6400199883946271,-0.4168112898249692,2,3
0.1882263755615905,3.750224724113188,2,5
1.7150362954226364,-0.2501156298818547,2,3
0.8873926844013901,-0.3492715615063182,2,3
-2.119763408052078,-0.600974151941892,1,3
-0.6493730262488169,-0.3617422252261664,1,3
0.1691029383998277,-0.2761189402208731,1,3
-2.3593344898551085,0.4080514827096649,2,0
-0.8763288090372792,0.5656434409539921,2,0
1.2201599581429152,-0.3092425945436804,2,3
0.970824113445665,7.965713948847913,2,-1
0.532503019012756,-0.4219778630322565,2,3
1.782957068659513,-0.2658166371627341,2,3
1.0127358834875924,-0.3585918166879125,2,3
-0.5193702759050621,0.5217259815911608,2,0
-1.401238620514375,1.5590088871447765,0,1
0.4630506148826133,-0.3800388114042396,2,3
0.5420928171870697,-0.3643006883877537,2,3
-0.6769901602244615,0.5307612847487969,2,0
0.6184048594727166,-0.3942822832537289,2,3
0.6153399198320705,-0.3505686520147337,2,3
0.5396195199314897,-0.3718706626189053,2,3
0.3273871447912846,-0.3954413893001731,2,3
-1.22228135501569,-0.4549541810567669,1,3
-1.3415918045590485,0.4866597580072232,2,0
-0.2985481760234488,-0.4329781786798058,1,3
-0.0940153225504054,0.553218134695077,2,0
0.3604992667998793,-0.3982460084061074,2,3
0.7565321866861798,-0.3396011861712865,2,3
0.0415530954839062,0.5486066306400433,2,0
0.2025939936527121,-0.3917142606898051,1,3
-0.9206928798382782,1.2022326296448556,0,1
0.1144540259704489,0.5708759698544906,2,0
-3.2175752580195374,0.2684160531700881,2,0
-2.682773280763603,1.9003295435485583,0,1
-1.1322168426503665,0.5297458844331411,2,0
-1.4078839565511887,-0.546577876412779,1,3
0.6073836746872053,-0.4077445068195754,2,3
0.9163481806924104,0.6158456397530107,2,0
0.8943797748968428,-0.3536406078938516,2,3
-3.415344355517404,2.510328647107096,0,-1
-0.4679847823520698,-0.4800458570826122,1,3
1.9927716986559731,-0.2502452946185727,2,3
0.5258960662494833,-0.402010980154168,2,3
-0.8627401172696503,-0.5061550329401511,1,3
0.831618407209537,-0.3239392607461851,2,3
1.7817440176256791,-0.2864917185559262,2,3
-1.476783806780413,0.4662612066649382,2,0
-0.4502155019126892,-0.4192738704631653,1,3
-0.7488265037373177,-0.3779232662154134,1,3
-1.6797521210626718,1.422163223988325,0,1
0.540213651808973,-0.348858999851408,2,3
0.7089099841971129,-0.3769595005678336,2,3
0.5652664700675075,-0.3938750760941121,2,3
-3.060396097052541,0.2939890397612959,2,0
-0.0619287799185711,-0.266165281424819,1,3
1.4412203440221991,-0.3281777280095547,2,3
-0.0660309138297765,-0.4353211234856966,1,3
0.5423483879642667,-0.4066930533977317,2,3
-0.2699782974977227,1.0452614067097248,0,1
0.012898067356769,-0.4375099429335458,1,3
1.6762065415872152,-0.2512337095856847,2,3
2.294435636550358,2.936842583856498,0,2
1.282975187773312,-0.3371659125174719,2,3
0.8053355175253433,-0.3452553456152899,2,3
-2.6961266321311976,-0.6947482178572554,2,3
1.0082449015914572,-0.3890557935447783,2,3
1.3267849567130543,-0.3256557317028918,2,3
-1.5226325981883906,1.4229204656857657,0,1
-1.003083839422032,0.425045948679487,2,0
1.2774384847822848,-0.3507568657892949,2,3
-0.4564905792873635,-0.4298294750416014,1,3
-1.5749481523582929,1.3628212998221685,0,1
-0.5575208342212393,-0.4969014301963493,1,3
1.883946686447916,-0.2607201081576875,2,3
-0.95713967247622,0.527967247352787,2,0
0.8452731538415434,-0.3533156016281208,2,3
1.3832078012854905,-0.3194343473757927,2,3
1.3768648193314572,-0.3193648430746897,2,3
-0.058067284380468,-0.4740765037281113,1,3
-2.713837505147664,1.3070690524290858,0,1
-0.1098964805519826,0.456355201867684,2,0
-0.3541045144176415,0.5909737357807126,2,0
0.2209466834899361,-0.4589121118309346,1,3
0.5469227700375656,-0.370891823469049,2,3
-0.1777759507257671,0.5306316646457908,2,0
-1.8467930619887405,1.404615722669048,0,1
0.2220722590333761,0.6232624065391826,2,0
0.2220722590333761,0.6232624065391826,2,0
0.2220722590333761,0.6232624065391826,2,0
0.2220722590333761,0.6232624065391826,2,0
0.4848851291038767,-0.4162056064360078,2,3
0.1556127111552303,-0.3688056602452693,1,3
0.2220722590333761,0.6232624065391826,2,0
-0.53976425388982,-0.4505746090389889,1,3
0.2220722590333761,0.6232624065391826,2,0
0.2220722590333761,0.6232624065391826,2,0
0.9713431632038928,-0.3694333189882565,2,3
0.2220722590333761,0.6232624065391826,2,0
0.2220722590333761,0.6232624065391826,2,0
0.2220722590333761,0.6232624065391826,2,0
-0.4290179536711557,-0.5162017024427511,1,3
0.2220722590333761,0.6232624065391826,2,0
0.2220722590333761,0.6232624065391826,2,0
0.2220722590333761,0.6232624065391826,2,0
-1.297529649528636,-0.587646569640765,1,3
-0.0221267378011682,-0.3277073408008713,1,3
-0.0625656752148499,-0.4580929035497772,1,3
0.2220722590333761,0.6232624065391826,2,0
0.2220722590333761,0.6232624065391826,2,0
0.0784181578228648,-0.4192649611322387,1,3
-0.2270678786064962,0.5592186841820288,2,0
-1.310864078664542,0.5137316888197264,2,0
0.2220722590333761,0.6232624065391826,2,0
0.2220722590333761,0.6232624065391826,2,0
0.2220722590333761,0.6232624065391826,2,0
0.4237768706316853,-0.4019866541261012,2,3
-0.501633947861319,-0.3377051362930209,1,3
1.1762327726132238,-0.3438068424527891,2,3
-0.4577971581899423,0.5702162486927512,2,0
-0.1635587994106024,-0.4098415409268856,1,3
1.1760057671520563,-0.3120998622616022,2,3
0.6366506137983025,-0.3745243339202926,2,3
1.3599952212195996,-0.3184530227985158,2,3
0.9543777567208136,-0.2736853340432059,2,3
0.9750195170404748,-0.3688442477800514,2,3
1.2012541283978704,-0.3260480173387846,2,3
-0.3977975557349001,-0.4643687409935219,1,3
-0.9321358215404292,-0.4077476188673959,1,3
0.0122984954239139,-0.3895274214900743,1,3
-1.6931805445722516,0.3438175007858249,2,0
-0.3454026798354924,-0.4741831886765259,1,3
0.7493409332190328,0.6231300526656912,2,0
0.1985731865119426,-0.402559042133798,1,3
-0.7434501059841417,-0.5403865958876962,1,3
1.6009433536575282,-0.2883180804315976,2,3
1.2364462322931469,-0.3345639370504646,2,3
-2.089658846387904,1.0649704985695423,0,1
1.140932937525988,-0.2190581441425699,2,3
-1.998075316975213,-0.5811755482194064,1,3
-0.4966245968381026,-0.5282638062981196,1,3
0.0029562727805664,-0.4434177121165163,1,3
0.2000524380187056,-0.3910280245546644,1,3
-0.8523001844414818,0.5327958399543331,2,0
1.3551049959650354,-0.2918684331315967,2,3
0.0536363183445015,-0.4563306749513133,1,3
0.9009203441326038,-0.3507046834261814,2,3
-0.1796822127334049,1.537593382753765,0,4
1.041003061060754,-0.3667936417263159,2,3
0.8365261659399766,-0.3877093796056678,2,3
-0.3613129359922711,-0.3148749638139519,1,3
0.8065482546952996,-0.3661596312885227,2,3
1.4758022077065087,-0.2450046461381579,2,3
-1.199499803475308,-0.5382256840693211,1,3
1.0524051084277013,3.8337963276660494,2,5
0.6686269432708754,-0.3920637683354033,2,3
-0.3767842747635099,-0.4197691883716755,1,3
0.5552584780517071,0.557339394100364,2,0
-0.9623110526744868,0.4531596138666564,2,0
-0.769603880697436,0.5577313633864236,2,0
0.468361930837482,-0.3657933575069,2,3
-1.4970789458208735,-0.5796588211433521,1,3
0.8697713455220142,-0.3605771653951102,2,3
1.1161534144834195,-0.3515423653338913,2,3
-2.2971481206986404,0.3772183625140936,2,0
-0.0269972851332767,0.5575088575605539,2,0
0.7669747915545214,-0.395341300621783,2,3
-0.9010379895360427,0.454491643318164,2,0
0.5480786255013186,-0.3961597373603983,2,3
-0.1661836404626575,-0.3036029143020049,1,3
-1.5928579565541376,0.435398642619114,2,0
0.6184710462964218,-0.3456342096336242,2,3
-0.879833847157554,0.4784632219172837,2,0
-0.8972657822189956,-0.4839759125683103,1,3
1.266684799506631,-0.2736295416053965,2,3
0.4790741618557098,-0.382109073885925,2,3
-2.4116679026509944,2.1550702593511724,0,1
-0.7503322586926149,-0.4490015285034387,1,3
0.3109999299316001,-0.4182548898565111,2,3
-0.8020637881134888,0.6614188027126089,2,0
-0.2553788422434401,-0.4235581153558337,1,3
-1.9918562181869963,0.3214460554673964,2,0
0.9550603405999016,-0.3196372318736933,2,3
-1.0901514022972365,-0.4334566906236972,1,3
0.8511095526527068,-0.3144039716632532,2,3
0.9721534492302892,-0.3779729086181961,2,3
0.8663664431034859,-0.2449430405654588,2,3
0.7735034381912651,-0.3472973696214491,2,3
0.1365345254112942,-0.4372112876009276,1,3
-1.152486593109674,-0.5386834550540723,1,3
-0.5237747260260175,0.6093380564127872,2,0
1.115685800185301,-0.2757053203824651,2,3
0.5497984628642594,0.5964348423525989,2,0
-1.314243218000076,1.0786823738705946,0,1
0.1672721697568724,-0.4396609467635909,1,3
-1.1640397189396616,0.5410992372600251,2,0
2.399442710081846,4.828447659156071,2,6
1.0522196046683447,-0.2586033812053573,2,3
-1.8719424069952613,0.3594211096480537,2,0
-1.2169793938352882,0.4326372954057496,2,0
-0.0237633262896269,-0.397990069756938,1,3
1.2722363604009668,-0.3572402382624355,2,3
1.114981928489182,-0.2918907341169854,2,3
-0.9193898118782042,-0.4982956284156746,1,3
0.4603386657468212,-0.4111564218527531,2,3
0.7775823999998654,-0.3899811570026278,2,3
-2.1337776326694478,-0.6357070157920838,1,3
-2.8290819409895342,1.9926704107637123,0,1
-2.0385100878376834,0.9341739387908836,0,1
-1.1915093657977327,0.4921998352688668,2,0
-0.8625163101188715,-0.4978597468806719,1,3
-1.9685345048506333,-0.5968446786941913,1,3
0.4684346266333542,-0.3974223976414968,2,3
-1.356989518935687,0.5506571995853842,2,0
1.641067121348076,-0.260278380946934,2,3
0.996740794466308,-0.3350558651877602,2,3
-0.135618691031365,-0.4599676973610319,1,3
-0.7887196381394002,-0.486790907149446,1,3
-0.3087011594588408,-0.3797186215108374,1,3
-0.989651747816538,-0.4580562546287797,1,3
1.211473722799267,-0.2729971159373259,2,3
0.4985540325615594,-0.3955086982275402,2,3
-2.765274508883367,-0.705998549734043,2,3
-0.0793351649126897,0.5539505575139021,2,0
-1.3107168595439624,0.5786611515377215,2,0
0.8501308878092622,-0.285463544192868,2,3
0.4804923352004454,-0.3713464739481926,2,3
-0.2930014597700685,1.1532029042930958,0,1
0.99183955277133,-0.3474436829827052,2,3
0.7556457376910903,-0.3953779407264288,2,3
0.8190558323596953,-0.3659351853300345,2,3
0.1436011791920894,0.5651476632615131,2,0
1.2794677984344571,-0.3205769027852619,2,3
-1.4030030253263583,-0.4843575244972235,1,3
-0.3470350184223605,1.1147960004568045,0,1
0.9902141353123172,-0.3635944107021427,2,3
1.470417116861383,-0.314842269493884,2,3
0.7287298943097413,-0.3654284138210362,2,3
-0.1980322821986694,0.5564191748988383,2,0
1.0709535280095517,-0.3176646955799775,2,3
0.3417370365059269,-0.3233414673437685,2,3
-1.971668096365232,-0.629807267892647,1,3
0.5736516079740774,-0.3756751346087294,2,3
0.7493111663134535,-0.3850491464028353,2,3
1.648379491477506,-0.2641320625409284,2,3
-0.716984311129321,-0.4302242938572875,1,3
-1.040894273153746,0.4674102255669165,2,0
-0.6951475239978612,-0.3896651264785881,1,3
-0.4499499005684115,-0.382224326379935,1,3
-1.1076352537064245,1.627253446219817,0,1
0.0756908469657207,-0.4032351116920555,1,3
0.3537610189141265,-0.4477040829378323,2,3
0.7650545390796056,-0.4088426811952394,2,3
1.1892844977544443,-0.2950649939082604,2,3
-0.5314738048260175,1.1124897194208292,0,1
-1.3977567865770268,1.3972104755041834,0,1
1.4715914948927706,-0.3205894609544039,2,3
1.5437684888265066,-0.3043302042102313,2,3
0.6760067792374372,-0.2995022159617603,2,3
-0.3504068584763314,-0.4799699531420355,1,3
0.5552863996145495,-0.3782000276665959,2,3
-0.0726281989705394,-0.4319392255565957,1,3
1.1095799309853869,-0.2641286053197286,2,3
-0.9561797654430416,-0.411659558918726,1,3
0.3670652494694482,-0.3943787644443124,2,3
1.633954663485594,-0.2743436049220575,2,3
0.5611236860868788,-0.3972777920868918,2,3
-0.6407545242634097,0.4961994531135065,2,0
0.1156415925748822,-0.4587895454487219,1,3
-3.008691466871824,0.302401362401143,2,0
0.8183862916385394,-0.393692859640125,2,3
-1.640805886661782,0.3974181899740717,2,0
-0.1019066040487138,-0.4039045569006401,1,3
0.5816223064434043,-0.4056099886471712,2,3
1.04852286418216,-0.3379758070847252,2,3
-1.3449393178520757,-0.5363368088848842,1,3
0.7972696780459283,-0.3406398881375326,2,3
-1.2291779098727105,-0.5486980279919945,1,3
-1.8109973532040853,1.110308611999045,0,1
0.3897711283481503,-0.3206027570098538,2,3
1.1376765589305624,-0.3012350927212228,2,3
-0.7296968775119536,-0.5031258998799292,1,3
1.0551338258545149,-0.3611414611611556,2,3
-0.162987463927638,-0.426393340491115,1,3
0.9808467606225312,-0.376427453230133,2,3
1.4740742731788294,-0.2811938520139388,2,3
0.6627683476861457,-0.3256107961312305,2,3
-0.9269532354244204,-0.5388263160438392,1,3
1.38048712981279,-0.2787625263053407,2,3
1.7126177901762036,-0.2904213837927539,2,3
0.2809779296399213,-0.3077327623390418,2,3
0.8227034967151422,-0.3671515361861858,2,3
-0.9642534003665646,0.523925628667741,2,0
-2.184282061544557,0.3565372607174784,2,0
-0.5780703045550832,-0.3706167097258436,1,3
1.2782366685463786,-0.3175714165840165,2,3
-1.189548779527351,-0.4820813592363489,1,3
1.073820710318282,-0.3694449991954209,2,3
0.1844924647227981,-0.4222516421087208,1,3
0.8082172895944333,-0.3712486874241072,2,3
2.795959156564208,3.012478903248819,0,2
1.4832980587846136,-0.3247664479881864,2,3
-2.14165990811628,0.9336574939185746,0,1
-0.4376659394371756,-0.4007011396056917,1,3
0.4030168626905523,-0.4184349664216277,2,3
2.924232544567181,6.236402262210575,2,-1
1.8596561659651216,-0.2629708955953421,2,3
0.1793703823631942,-0.4299070927261342,1,3
0.5748415316413512,-0.4151523093230674,2,3
0.1255144817388386,-0.4423757186622409,1,3
0.6718036392884115,0.5995161570846245,2,0
-1.1415312328636766,-0.4992979081332341,1,3
0.1507067468392701,-0.4276326467381446,1,3
0.0897933149699163,-0.3029063836593092,1,3
-1.0105938638995895,0.6274910428293426,2,0
-0.31771753358952,-0.4618300158667667,1,3
0.8357074342935029,-0.3311643785862618,2,3
-1.6587368984312247,1.1350813270607774,0,1
-0.3638529408817489,-0.3833060572940774,1,3
1.2967166691875271,-0.3217753985271601,2,3
-1.5188714074572938,-0.5032092639030695,1,3
-2.862732967395646,-0.7218550019342019,3,3
2.060345054574469,2.979894981441274,0,2
-1.6413557722046772,-0.5231374210331051,1,3
0.4326010478250218,-0.4170261921396951,2,3
0.5901993095021265,-0.3523758409178161,2,3
-1.933056845408888,1.090449581461667,0,1
-0.7240221684206136,-0.4638221055352479,1,3
-2.5333896865855485,1.42773652564515,0,1
-1.383840567113282,-0.5136925553271595,1,3
-0.8081407807559817,-0.4285244929229679,1,3
-0.5981045975881522,-0.3534008723990778,1,3
-0.4705089543758776,0.7153626414839738,2,0
1.560647758515718,-0.2813905107947967,2,3
-0.3903730026319957,0.505778265992317,2,0
-2.340509931428212,-0.6573649317455778,1,3
0.3116864252468605,-0.40001361446405,2,3
-0.2483202773872657,0.5496664596357496,2,0
0.8492315896759236,-0.3280885121109984,2,3
1.2076854978132652,-0.3450237689101548,2,3
-0.1690466094000566,-0.407798965324202,1,3
-1.0693981892060966,1.149064864072392,0,1
0.4620575640781911,-0.4192239103823498,2,3
-0.0442511300800092,1.093542239877742,0,1
1.5111589614965375,-0.2922878934714117,2,3
0.0042470397455386,-0.397549324547578,1,3
0.2511657164560694,-0.4412372678656984,1,3
0.4925235615401661,-0.336077468380103,2,3
-0.1510568377760714,-0.4562153117242153,1,3
0.5496707036973878,-0.3641570895984534,2,3
-0.0902876714971506,-0.4657780858868796,1,3
-1.3067189510111603,0.5793116096561719,2,0
0.4669787106415851,-0.3806236287956299,2,3
1.3478181430808946,-0.3190899799372759,2,3
0.4968796522111212,-0.3331997035857454,2,3
0.8762988454330556,-0.3150743298128871,2,3
0.8454965599963467,-0.4010776177966444,2,3
-1.24206405535714,1.0289996683903155,0,1
-0.7319251591757147,-0.4889059015957509,1,3
-0.9345703967746826,-0.495121775615488,1,3
0.0298187454043314,-0.4249475918751669,1,3
-0.1838560545106578,-0.4936404351969209,1,3
-1.1333694765338445,0.4593062037873275,2,0
-0.4783038725580824,-0.381451769292022,1,3
-2.6961266321311976,-0.6947482178572554,2,3
0.5283954945322098,-0.351426808095623,2,3
-0.6868183034273424,-0.4752880179565739,1,3
-1.1844805762934856,0.5667469891938166,2,0
-3.366368842975404,0.244207396440249,2,0
-0.2860103762091291,-0.4985699730760034,1,3
-1.093958159127285,-0.4915577880735607,1,3
1.1586043758074551,-0.3257015881068463,2,3
0.412712174037054,-0.3361559850963332,2,3
-0.8504365245476366,-0.3944551759401398,1,3
-0.0978535418970518,-0.4734396792405626,1,3
2.623402072807431,4.895832592064896,2,6
-1.783283961331739,1.114817569766654,0,1
1.2212463676287415,-0.3349117553658297,2,3
0.5447885719229386,-0.3642044738319764,2,3
-1.2175654951570087,0.4246470718583015,2,0
-0.900065654683706,-0.5933076476493991,1,3
0.8091659057437546,-0.3437113934392452,2,3
0.0704011563234547,2.701048423282966,0,2
0.6430968569652872,-0.3908689746092951,2,3
-1.1158643873899017,1.0759902329799031,0,1
0.8284175028568008,-0.3905787370929763,2,3
-1.011753265481229,0.5183337553826157,2,0
0.4220547666423979,0.5776678740048516,2,0
1.4113574484799705,-0.3030448903250096,2,3
-1.4813439898199294,1.163943082304811,0,1
0.8488907340237443,-0.3600391248766962,2,3
0.4591013490136117,-0.4019783171150659,2,3
1.6282070067871997,-0.292724723893807,2,3
-0.2278457456237407,-0.3545861317088045,1,3
1.132184144671754,-0.3359645025680086,2,3
-0.306539965576158,-0.3958979181956112,1,3
1.4600464830194748,-0.2338537680524857,2,3
1.766671078005046,2.909297336872302,0,2
0.4129281053457349,0.5586894328691614,2,0
-0.3764451075772803,-0.5034064785790254,1,3
3.302599378845503,6.282050631493214,2,-1
-1.187238434624283,0.4468674793022899,2,0
-2.564209837490684,0.3747183456339826,2,0
-2.231913139802412,0.3205621143427862,2,0
-0.4650600860647057,-0.485153338327596,1,3
-1.7843621201065585,1.3939916887912285,0,1
1.0577126895092412,-0.3477304695492509,2,3
-0.4461125518406142,0.5189875281277315,2,0
-1.4426634901085555,0.4053099249880169,2,0
0.8451440691941738,-0.3231363543321887,2,3
-0.6408457048317966,-0.491240145766247,1,3
0.518387462812205,-0.4014403305662833,2,3
1.4243057526313427,-0.2826138715945524,2,3
-0.5437864423103396,1.0855405673485967,0,1
-2.1314059370111096,0.3581573147158761,2,0
-1.104372206953046,0.5196115637218951,2,0
2.1684226518579552,2.939188637354799,0,2
0.999411811121334,-0.3191872771406919,2,3
0.2061045923801816,-0.3044579941549054,1,3
-1.2443916750698534,-0.542243993854555,1,3
-0.2852076598832102,-0.5062791114249139,1,3
-1.6007115599764157,1.144522026407472,0,1
-0.504356420056624,-0.3586234902159064,1,3
0.818620985536687,-0.2718818085302987,2,3
-0.9032097717297528,0.4499234591863999,2,0
-2.48156216665088,-0.6922914202985063,1,3
0.2809779296399213,-0.3077327623390418,2,3
1.292528520315256,-0.2986408776346942,2,3
-0.0501526580578262,0.5490654924651767,2,0
0.4151683879953824,-0.4090924132482014,2,3
-0.6628823670389309,-0.3639401895667076,1,3
-0.9035257452587504,-0.5072606522641954,1,3
0.188640555267901,0.566784084418321,2,0
-0.1168069381534215,-0.3689729172805925,1,3
-0.6577784101394412,-0.3631097778216026,1,3
-1.8943261857427147,-0.5847710148711521,1,3
-0.9869381265142392,0.6313398218356623,2,0
-2.1455102380121303,1.4908443567109737,0,1
-1.7376778062326554,1.0172135063992973,0,1
0.2439560708429589,0.5555449718191334,2,0
1.3244148147446864,-0.30238254416725,2,3
1.7147215551137889,-0.2907388846987625,2,3
1.1957908133307351,-0.3011327095137364,2,3
0.2009367424943826,-0.3761320778226689,1,3
-0.6189235802736124,-0.4634537997645764,1,3
-0.944817872947193,0.4554535858846994,2,0
0.2775570633304941,-0.3313805917584055,2,3
0.9304359399964596,-0.3225898060938085,2,3
-0.5314723960036378,-0.3425598398653742,1,3
-0.2427743044641828,-0.4479860865495061,1,3
2.1307365333850776,-0.2620346827343082,2,3
1.2118823209034617,-0.2430218104679932,2,3
-0.9860675310698376,1.443807744407692,0,1
0.8773982265859006,-0.3545820887409042,2,3
-1.8831425290012744,1.0780952119809004,0,1
-0.5347983358381172,-0.3431009689455082,1,3
1.86601184794048,-0.2785424344576677,2,3
-1.413206104883072,-0.5389457253573027,1,3
-0.3227382020127816,1.1084882225278831,0,1
-0.2051034128084639,0.5343119856175628,2,0
-1.352525071432482,-0.5803126629573505,1,3
1.0880532858386631,-0.3394676681172717,2,3
0.3984728508703961,-0.3581275241092664,2,3
-1.1082054800844752,0.5791569168241447,2,0
0.6967499783432236,0.6017821034340404,2,0
0.327300558300178,-0.4350828159295685,2,3
-1.6447657216176392,-0.6175711999095045,1,3
1.1181051731344829,-0.2864512845627129,2,3
-0.1703224534275339,0.7437274562769817,3,0
1.2314927981071628,2.823965642818442,0,2
-0.8011307367146023,-0.4718140630024658,1,3
0.4141130648484783,-0.4035794438441328,2,3
-1.6778738178789272,0.3538788170389982,2,0
1.1476476211763489,-0.2430772811067752,2,3
0.3267530792916057,-0.3551539506034546,2,3
-0.7750913780026649,-0.5218425029982104,1,3
-0.2277317922115136,1.1394799237604658,0,1
-0.5702812180179451,-0.4512510636078232,1,3
-1.943802351796652,0.443205640175979,2,0
-0.3260305481903194,-0.4305688048273905,1,3
-0.0555998238568685,-0.2651355628062278,1,3
0.6761656765961668,-0.2867511348553559,2,3
2.0060472792308,-0.2325291943297128,2,3
-0.2187833835434884,1.5222250064908005,0,4
-0.6397385574597557,-0.3926274561225901,1,3
-2.174296964392243,1.3633083151315262,0,1
-0.8356220815648332,-0.4125202807812653,1,3
0.0155308214452541,-0.3617834063102674,1,3
1.0521676388773151,-0.3336212263602389,2,3
-2.315007932461846,0.3213844143879999,2,0
-1.318450381852556,1.4304882205724938,0,1
0.3026575067784613,-0.4232499124110536,2,3
0.0218984999344431,-0.3509591737470275,1,3
0.2475953417348461,-0.4072248612820913,1,3
-0.0731098452437785,-0.4009077822059482,1,3
-1.4904459903372178,0.3547027632015974,2,0
-0.0101454670780154,-0.4501832763164472,1,3
0.1675074803684061,0.5378249239718501,2,0
-1.5523443358752478,1.0874858441877115,0,1
1.0443617603634645,-0.3569637817765067,2,3
-2.1875207965754795,0.902241253064662,0,1
0.6105155031489127,-0.3954106218368644,2,3
-2.778575178239948,1.2927600904386871,0,1
1.1045016347243592,-0.356655564315722,2,3
0.3321623967775942,0.6294184599000097,2,0
-0.4312170919359976,-0.379176505911718,1,3
-0.8788306473791694,0.4933175432468062,2,0
-0.9607770718503846,0.4896212308364941,2,0
-0.9869381265142392,0.6313398218356623,2,0
-0.7819225743658687,-0.4037833924488359,1,3
0.5215259323496202,-0.4130719380607747,2,3
1.1827875361376734,-0.3557866987276033,2,3
-0.193806497583535,-0.3200744884286171,1,3
0.2776489820789349,0.5859141757792555,2,0
0.1463214196859168,-0.408140500395496,1,3
-0.4628260942028266,-0.4287493793714421,1,3
1.2267140928342444,-0.3170519524068836,2,3
-0.8404738692253015,-0.4577397661319243,1,3
0.944034791968954,-0.3140022135362941,2,3
0.2420169100706809,-0.3880173066663926,1,3
-2.286096645485868,2.0810139010566395,0,1
0.2656998171549184,-0.3514415805774156,2,3
-0.945797433604576,0.5129588607760941,2,0
-0.1414161057373613,-0.4337811324766663,1,3
1.4174855669712618,-0.3072895501498821,2,3
-1.0494970297459414,1.0295949124895216,0,1
0.3284212927981832,0.5777253348545007,2,0
-1.6295548766596468,1.1073764752122977,0,1
1.0579070837715916,-0.3434460484550647,2,3
1.2866290040608384,-0.3216476236631529,2,3
0.9484531078339504,-0.3875743464984939,2,3
1.66557175647726,-0.2629208107111652,2,3
-0.1642765869769475,-0.4769196047858006,1,3
-0.7019185677638413,-0.5205777930417342,1,3
-0.4713559166380651,0.497584419132874,2,0
-0.1536030532138648,-0.4130025508684335,1,3
0.2809779296399213,-0.3077327623390418,2,3
1.2672876614069344,-0.3299366480906735,2,3
-1.2793353901962308,-0.4642368497494228,1,3
1.3858485650315069,-0.3096278061511296,2,3
-0.7971372722302803,-0.4694758814896044,1,3
0.3707336975488157,-0.3831680429522682,2,3
-1.0128673797705996,-0.4738107749843829,1,3
0.3588821600448546,-0.4053894276690611,2,3
-0.453695024745825,-0.370856310258082,1,3
-0.4494683593080995,-0.4904927202024365,1,3
-1.2341165843210526,0.4660494503307166,2,0
0.3037641623840037,-0.4121337968965936,2,3
1.032248957509747,-0.3188949435078037,2,3
-1.378634740067993,-0.5959530768530209,1,3
0.5145461131762795,-0.3717644668183191,2,3
1.0105364363039675,-0.3680445464144218,2,3
-0.0910307917045823,-0.2709001670966995,1,3
0.6527924945887273,-0.3921879588243056,2,3
1.5079935398882762,2.923080179055124,0,2
-1.149408867540555,-0.4430978565058242,1,3
0.1943401013290105,-0.4063461845337238,1,3
-2.375472235938056,0.4054258778797843,2,0
-2.3982143338984727,0.4017257476422918,2,0
0.7161869215797902,-0.3391644016899297,2,3
1.4136232005232168,-0.2935995134703559,2,3
-0.2801573585007301,0.5181935732227904,2,0
0.6699423819630014,-0.2409691177298127,2,3
-1.589218100328808,-0.5146546426827462,1,3
-0.7694493637413594,1.139094526946652,0,1
-0.3561824000703746,-0.4258243218042044,1,3
-1.0803963758758586,-0.4728203693009048,1,3
1.2205881007155024,-0.294494832174134,2,3
-0.9040856820353668,-0.4031838723946997,1,3
-0.5954912320888147,-0.5261859993682583,1,3
-0.6881918051569003,0.5962532561988588,2,0
0.2818169925691105,-0.4020619813123642,2,3
-1.7715886040450075,1.369680605309447,0,1
0.5524657063558001,-0.1986562994821896,2,3
0.6771472250015158,-0.3881930727058567,2,3
-0.3914576689664573,1.1354645387093796,0,1
-0.4082737899407556,-0.3225154759591238,1,3
0.8049934932012642,-0.2717186669798835,2,3
-0.2731038054025474,0.5805071458670517,2,0
-0.7348188029258509,-0.375644218898826,1,3
1.8027714310941905,-0.283236965776017,2,3
1.092491429851309,-0.3419856661135508,2,3
0.0329100241284381,-0.462516001632787,1,3
0.392054052807456,-0.3575689475852706,2,3
0.6040649544930452,-0.389916548197012,2,3
-0.6290771739437947,1.0998822569669742,0,1
0.5949952541056057,-0.3667642330564408,2,3
-1.3800437242571266,-0.4806220554008447,1,3
0.1498790587079501,1.1297491226039216,0,1
-1.3600201860570047,-0.595739937222705,1,3
0.7136522026941136,-0.2236710384895082,2,3
-0.0892423896977568,-0.4260678563352458,1,3
-1.4890655302596068,-0.5597860859688437,1,3
1.1495901838212672,-0.3024346248945582,2,3
0.2009270889453292,-0.3893168671363715,1,3
-1.141816854382819,-0.4418626390031438,1,3
-3.220452909770586,2.1145201762179453,0,1
0.3341559660092114,-0.3250328945952897,2,3
-0.0106624539750499,0.5515918940058989,2,0
-0.0583622605798257,-0.3336028458566503,1,3
-0.5549519518705494,-0.3463799542091461,1,3
-2.025230325324923,0.9526005404472964,0,1
0.5535953781491735,-0.3359494239982997,2,3
0.0476094123814688,-0.3943184454954697,1,3
-0.9105007967019132,2.526734127457125,0,-1
1.4232561636925534,-0.2794910151249272,2,3
0.3445031794994457,-0.3501424841254379,2,3
2.429012551926082,4.897582841187673,2,6
-0.7375646142964207,-0.4975252326999528,1,3
-2.082636457385318,1.948091439337194,0,1
1.086946135494138,-0.3601122460196859,2,3
-1.2405867229570064,-0.4579324570955906,1,3
2.7445452409289666,2.981933495695124,0,2
-1.783283961331739,1.114817569766654,0,1
-1.6782513237847552,1.815755802479465,0,1
-0.0432668491056961,-0.4357459549971262,1,3
0.5396105266298993,-0.2462522253894778,2,3
-0.2230210418689082,-0.2923749279801172,1,3
0.5683068877905989,-0.253560685238845,2,3
1.0989824045197216,-0.3364721204243839,2,3
-0.2386722649026735,-0.5085746541970172,1,3
0.2263934224393543,3.750439661366391,2,5
0.9383591887098578,-0.3654395804210881,2,3
1.541308955101426,-0.300797921945995,2,3
-1.0243538467465538,0.4633554819539497,2,0
-0.2159483717143853,-0.4434512595101955,1,3
-0.6387733311309478,-0.3600176590721514,1,3
0.5475443465676044,0.6998844814478213,2,0
1.367033681708307,-0.3197871540706764,2,3
-2.0238471476203403,-0.6502741249782874,1,3
-0.5751054502250047,-0.3496589203266241,1,3
0.244721622157162,-0.3780468613772584,1,3
-0.2788069112954862,-0.4860170205485646,1,3
-1.1549683126212968,-0.444002375995747,1,3
0.8212763118740265,-0.3674207512119271,2,3
2.7478503065256064,2.9841366796515727,0,2
-1.7244349336480709,0.9579418901109616,0,1
0.2809779296399213,-0.3077327623390418,2,3
0.6955265750017247,-0.3404263977041383,2,3
0.5746543363980521,-0.3894640906173238,2,3
-0.1741139231613876,-0.5155382845693185,1,3
0.7282667333228362,-0.3607386282317331,2,3
1.1957908133307351,-0.3011327095137364,2,3
0.2159533771951452,-0.3823543044130957,1,3
0.9046884904050668,-0.3482545255269367,2,3
0.0252266545473828,-0.4914853187720984,1,3
-1.207739420515462,1.8238502589570351,0,1
0.1792508331249734,-0.4396243552901793,1,3
-0.1014599585727664,-0.4470400233590546,1,3
-2.0744190088596097,1.8397927231387408,0,1
0.8108175131147211,-0.3793864783655676,2,3
-2.875896911953956,2.292873394930576,0,1
1.3332766906044655,-0.3250582131328318,2,3
1.0888428665088437,-0.3529830647500877,2,3
1.0512718567155963,-0.3683871417477177,2,3
1.1339063181030091,-0.334402518363063,2,3
0.6039278119438636,-0.3144890914044249,2,3
-1.1060254938768328,-0.4684921540843834,1,3
-0.1703224534275339,0.7437274562769817,3,0
0.8941152754604712,-0.3813594271249345,2,3
-0.4844673184500269,1.0729458040308204,0,1
-1.1534193801474757,1.0675620171587117,0,1
0.6419154747688532,-0.3791818443561438,2,3
1.496760728821698,-0.3099918649287058,2,3
-1.063643081365856,0.451068959878744,2,0
0.2607416595052254,-0.3261148671939282,1,3
-0.213886455403032,-0.50314341936319,1,3
-1.803147957362988,0.3702277927815845,2,0
-2.740439995204571,2.0070924198712263,0,1
-2.395009852045017,-0.645756638234633,1,3
1.9927729872502444,-0.2502450849648004,2,3
-0.0923896546593823,-0.4204815953292071,1,3
-1.3796130905568262,-0.6463625087321594,1,3
1.1164081950086913,-0.3597237880326697,2,3
0.9690451531965084,-0.3309316906797426,2,3
-1.327008045512546,-0.4924685804784571,1,3
0.6780558555674351,-0.3612643712519784,2,3
0.2064594317214642,0.5842769708095286,2,0
0.420360037653101,-0.3982712195876747,2,3
-0.3077238932788728,1.0954582670640345,0,1
1.5744426256232311,-0.2350331723170806,2,3
-0.635216581394674,-0.3594389773133583,1,3
1.2137284072706036,-0.351191168597847,2,3
0.7905862015949359,-0.3618557218006984,2,3
0.8623049609466602,-0.3200817066426929,2,3
0.4938353949566627,-0.421884257716899,2,3
0.529196633360637,-0.3730516606456656,2,3
0.0199308128110296,0.5496111784139256,2,0
1.4033529805560676,-0.2990728334302608,2,3
0.6668754237403423,-0.3576615664989603,2,3
0.0676691379686969,-0.424271194165452,1,3
-0.4351476174739256,2.7074024811498787,0,-1
1.2446874373900827,-0.3176602618629914,2,3
-2.7931476523132788,0.3374702547760097,2,0
0.1419754953243961,-0.4249033810421107,1,3
0.1014150088717817,-0.3104225889129938,1,3
-1.0876798828938377,-0.4655073305187827,1,3
-0.7870834983299368,-0.3841476639263949,1,3
0.0693845176931761,-0.364745215987584,1,3
-1.0661076451745908,0.3920559306309056,2,0
0.1383495692821192,-0.4348151862749331,1,3
0.5875741171144974,-0.3979662860521427,2,3
0.0057884815370118,-0.4441115453855243,1,3
0.5131787853126388,-0.3947895083693118,2,3
-0.7960931000336517,-0.5456038865739821,1,3
-1.151789212252361,0.4628520630355459,2,0
0.8179363851025305,-0.40087205571056,2,3
-0.3528210971597713,-0.47335212860181,1,3
1.3326716517874977,-0.3057995105924474,2,3
1.3599719505785537,-0.3011073030761367,2,3
-0.3614053895320043,-0.4666003142417321,1,3
0.4817859504688178,0.6498685230699619,2,0
0.3440851357052963,-0.4316498441612802,2,3
-0.2323874993938675,-0.2938988468712685,1,3
-0.3550318566249807,-0.3918101831374975,1,3
0.7726500654620221,-0.3749450049857,2,3
0.8457403031850547,-0.2959868485973068,2,3
-1.1713798900936327,0.6013312207090477,2,0
-0.4896010597263611,-0.3832898171235245,1,3
0.4093511088625566,-0.2674453805345307,2,3
-0.9897473537203912,-0.417120992098765,1,3
-0.1183830241554052,1.1293315002646365,0,1
0.4392058786146701,-0.4078923111670799,2,3
0.9579265620126648,-0.3634000147974573,2,3
-3.418794248038512,1.896724454391033,0,-1
1.011408406183221,-0.340813942002284,2,3
1.4735999113126357,-0.3022165781864769,2,3
-1.7392594488375723,-0.5595417188294828,1,3
-0.627880137140697,-0.4865603569653609,1,3
0.0852381875558716,0.6080998597181981,2,0
-0.1703224534275339,0.7437274562769817,3,0
0.3967969256158309,-0.3730919497182221,2,3
0.1965600351980879,0.545578602294659,2,0
1.3590486685206953,-0.319606473394813,2,3
-0.069591857827386,0.5280996637934977,2,0
-0.4948309112116045,-0.4015037951784614,1,3
-0.3657849695736105,0.5374425306022892,2,0
-0.655239065942093,-0.5858963315537103,1,3
-1.265504723555923,-0.4619866058216396,1,3
1.534782676764601,-0.3259267163695031,2,3
0.6655645156106359,-0.3883428760649173,2,3
-2.3317348327439547,0.3715911183048279,2,0
-0.1750307516464801,1.2522740675025346,0,1
0.40448372458186,-0.3752995021658259,2,3
-0.9321358215404292,-0.4077476188673959,1,3
1.111446799519623,-0.3197779046528058,2,3
0.0336126034002541,-0.3556449031433206,1,3
0.5309961899851279,-0.368705085351672,2,3
-0.4639132376698995,-0.5529024131584228,1,3
-0.5026062166441271,-0.3378633240349126,1,3
0.2151738814259489,-0.4956679756736634,1,3
1.373175946287966,-0.2897051797260036,2,3
-0.1624650169548506,-0.4414434212582014,1,3
1.547895027248621,-0.3031546396204588,2,3
0.0241997631307133,-0.4158398565373164,1,3
-0.5251801396613789,-0.3944642561756016,1,3
1.2348093001860023,-0.3257457746398968,2,3
-1.1859422378063482,0.5989619325635791,2,0
-0.8686472715541613,-0.3974180571907372,1,3
0.4444505166567161,-0.3462834786977743,2,3
-1.3463052061689758,-0.5677545922287622,1,3
-0.3136653952120261,-0.348073545568356,1,3
-0.1156152965987383,-0.4163214645913831,1,3
0.5790100081224234,-0.358370705140539,2,3
-0.6447053046253037,-0.491868101108161,1,3
0.7789945362556606,-0.3765840746017712,2,3
1.328502510054469,-0.2215038239691243,2,3
1.6773213264323483,-0.2911285271069113,2,3
1.1410110930904191,-0.3520630136782038,2,3
-1.783283961331739,1.114817569766654,0,1
-1.3339243872708126,-0.4731184577286695,1,3
-1.4526119455895348,1.40129012593949,0,1
0.7493619973987413,-0.3644866542337878,2,3
-1.2975658961955518,-0.5556961902674348,1,3
-1.1843171773508196,-0.4487774245427542,1,3
-1.044025032712757,0.4605265622113108,2,0
-0.8735234298990908,-0.3982114062021731,1,3
1.1771675201168734,-0.3462124359730196,2,3
-0.3680782242940537,1.1386348537974909,0,1
1.2486477479906808,-0.342213113687449,2,3
0.5128597121033016,-0.3285617206312411,2,3
0.2809779296399213,-0.3077327623390418,2,3
1.0028048034976142,-0.3234090277555519,2,3
-0.0887941790689205,-0.3029890262288935,1,3
1.075702377163186,-0.3683585575596585,2,3
-0.7795678892359863,-0.503870876934506,1,3
0.8677744478286239,-0.368624214499182,2,3
-1.1079304421171992,1.0595408436075475,0,1
0.9269191154533732,-0.2939470752379098,2,3
-0.9020469925660572,1.1932889617157143,0,1
-0.3854369875992083,0.5157217834702092,2,0
1.3961210768631391,-0.3283547204130344,2,3
1.2794677984344571,-0.3205769027852619,2,3
0.6083715507422868,-0.4155446703336495,2,3
0.8090325199618189,-0.3318086402034735,2,3
1.4846753384285,2.8582124957702084,0,2
-0.1273873054203396,-0.4667001132226996,1,3
1.5493790281965858,-0.2528226555531533,2,3
-0.1703224534275339,0.7437274562769817,3,0
0.3296359215021567,-0.4340821504270153,2,3
1.1418817938884411,-0.3148936284751981,2,3
-1.5169320434730087,-0.5737270067182524,1,3
0.1860179397407632,-0.3220678740602956,1,3
-0.99284368830772,-0.4176247644970683,1,3
1.195934638248191,-0.3431120023098669,2,3
-0.1201191320682444,-0.4039478446299467,1,3
-1.1329220278993863,-0.4404154542937171,1,3
0.1839311835593331,5.294966780441096,2,-1
-0.0002507679745298,-0.3361254755909856,1,3
0.2186375326521537,-0.411155857397408,1,3
-0.9252420530967568,0.4600706983970054,2,0
-1.689743468163648,0.5169936739897439,2,0
-1.8741508448720348,2.0661356828242203,0,1
-0.4555246556051399,-0.4737609170418527,1,3
0.1377360169170066,-0.4271550800744184,1,3
1.526334279166061,-0.27067569440219,2,3
-2.9179548016467,1.57462091730456,0,1
0.1013925587327326,-0.3346778188120403,1,3
1.5556633506874824,-0.2939623405239894,2,3
0.6136983412566432,-0.3195790866094495,2,3
-0.1334404974815146,-0.4331054170855192,1,3
0.5436327594650789,-0.3683180932167187,2,3
0.0752373124182459,-0.3957319756488532,1,3
0.4869221401675506,-0.3781674910787126,2,3
0.3438583183705871,-0.4143469511074779,2,3
0.8223016274326618,-0.3258783968488917,2,3
0.4513952705616824,-0.3891654261080062,2,3
-1.4060637555430977,-0.5173082591916743,1,3
-1.8109666732623175,-0.5507330467622721,1,3
0.7897837944159716,-0.2393760805406552,2,3
-3.117941927392898,2.2285780571704863,0,1
0.962384238598158,-0.3470667316729114,2,3
0.275533793358107,-0.346699143854611,2,3
-0.7420204766138905,-0.4982501997159101,1,3
-0.1495415912904339,-0.3717285361206591,1,3
1.2033544134863512,-0.3035513740309031,2,3
-1.6394711285354968,0.418507276316174,2,0
0.670098806147103,-0.3553236888743818,2,3
0.2667317336609082,-0.3578110463162622,2,3
-0.5001990620738771,-0.3374716809496,1,3
1.1061139439103531,-0.3427173100183654,2,3
1.0494609447561305,-0.3391900740705953,2,3
-0.4999338009543925,-0.337428523071609,1,3
-0.5470652909385422,-0.4250919796593754,1,3
-1.0901514022972365,-0.4334566906236972,1,3
-0.9564178053357496,0.4443922222748475,2,0
-0.1340589015037072,-0.2779008233425303,1,3
0.6486764283975394,-0.3656608845903182,2,3
-2.276534621166021,0.4215229882114942,2,0
-0.641519675816582,0.5006662605867385,2,0
-1.3134259985903665,-0.4697833780931669,1,3
1.0432672392775115,-0.3680406487048804,2,3
-1.0640060727303406,-0.550637127355618,1,3
0.5871193013790087,-0.3667277695451149,2,3
-0.9096064116293114,-0.482039241313528,1,3
0.6838953490564987,-0.379118939890166,2,3
-1.4751229601446394,-0.4960914090320439,1,3
0.8642398588759481,-0.3323820281871118,2,3
1.495375380680679,-0.247460517702719,2,3
-1.436209135450385,-0.4897601453263689,1,3
-1.102036667420407,-0.4883185824022816,1,3
1.2468905893874451,-0.3360390838213187,2,3
-0.562546603087795,0.5899782493329878,2,0
-0.9217673004376844,-0.4986824448529063,1,3
-1.4659547192857174,-0.4945997399131369,1,3
-0.3138263972151831,-0.4518299876515936,1,3
0.4878484336880799,-0.4098690051209998,2,3
-1.207739420515462,1.8238502589570351,0,1
-0.8397388381392724,0.5520030554774273,2,0
0.2674735157173222,4.360924096053187,2,-1
0.3053109182326423,-0.3899936278102681,2,3
0.2913566454991408,-0.3646001809292256,2,3
-1.0227771993835768,0.625508819021483,2,0
-0.7741531048385972,0.545510338533736,2,0
-0.3898966418537677,-0.4326227103252534,1,3
-1.1863767271083652,-0.590286724673924,1,3
-1.9406574367148108,1.0317312286607512,0,1
0.172001501663375,-0.3870258525219246,1,3
-1.327974017775865,-0.472150334992991,1,3
-1.4433075935232995,-0.4909150616142541,1,3
-1.4038352089631712,-0.4844929204419194,1,3
-1.444950539999728,-0.4911823683485138,1,3
0.43134438684353,-0.344966684160946,2,3
1.1347035905651015,-0.335739841054343,2,3
-0.2438539145533045,-0.4464133129891734,1,3
0.0306662581464409,-0.4520740911598381,1,3
-0.177071450115876,-0.4174922369786875,1,3
-0.3028882419815754,-0.4705257629583455,1,3
1.8562569576153087,-0.2694056051574572,2,3
-0.3671030372663917,-0.3158170109742362,1,3
-0.7417925935601148,1.083162961245151,0,1
-0.5778707242442704,-0.4505794201170152,1,3
0.9662620785408002,-0.2235223303480377,2,3
1.114966724464432,-0.3806267484272387,2,3
-1.00628101205083,-0.419811011692881,1,3
-1.302608809601933,-0.4680234257734453,1,3
-1.3825738753425358,-0.4810337099699545,1,3
-1.746397261295804,-0.540227629273954,1,3
-1.4367477565302509,1.1387461165020467,0,1
0.2809779296399213,-0.3077327623390418,2,3
-1.17413716846653,0.4437865673630193,2,0
0.6258539341600798,-0.3875366527804954,2,3
-1.593816490574558,0.9563860856467904,0,1
1.1048408224468396,-0.329188915399458,2,3
0.2068218100106585,-0.3843364851613096,1,3
1.1843717163576652,-0.2915188125604472,2,3
0.3183318067759628,-0.3252430357380508,2,3
0.2485756265587402,-0.4358912265799879,1,3
0.7868116761176817,-0.2838387468121162,2,3
-0.9020469925660572,1.1932889617157143,0,1
-0.4153192898925899,-0.5025085260843996,1,3
-0.8013331810594087,0.6410622634017854,2,0
1.2805886106074242,-0.301409993570101,2,3
-1.860407476841596,1.537230461864323,0,1
0.7162773799653601,-0.3868291868098105,2,3
-0.7424290767236882,-0.4449002431013806,1,3
0.0090315177825482,0.5825501158345854,2,0
-0.7762849685849917,-0.4786341721617472,1,3
1.257269945461296,-0.3177629308454462,2,3
-1.6162728671895252,-0.6103651277700345,1,3
-0.5000890402280346,-0.3374537804393087,1,3
1.1794593506897586,-0.3444218999884,2,3
0.6019379585500971,-0.3713993663167133,2,3
1.353270215462364,-0.2767270314138412,2,3
0.4727944869550946,-0.3957045090967699,2,3
0.640646445648513,-0.4149853995626535,2,3
-0.5424388727706853,-0.520047671037854,1,3
-1.783283961331739,1.114817569766654,0,1
-0.9912358991684466,5.328341987646976,2,-1
0.5898704404142887,-0.3832091669731564,2,3
-0.5323230312217245,-0.5179354005430451,1,3
-0.3695075574386074,-0.3162082254440429,1,3
-0.4238873076164308,0.5443798938018314,2,0
-1.7896924025851453,1.5487357761479148,0,1
1.4518101041997982,3.8570249747796073,2,10
-0.2390211808293583,-0.4547047585369896,1,3
-0.4094253469891098,-0.4638770460398581,1,3
0.8890631622901086,-0.33658210031594,2,3
0.5619411905832803,3.835730549864946,2,5
-0.4362122518797776,-0.5119111182992774,1,3
1.0313548478903756,-0.267479914797697,2,3
0.0924428487820264,-0.460038250539511,1,3
0.2603990243859231,-0.4156642082554924,2,3
1.1310601679097856,-0.3337742176790477,2,3
-1.1760307022670895,-0.5658049218368505,1,3
0.0718051757419646,-0.3343413151048964,1,3
-0.8622832400286644,-0.5368025961311523,1,3
0.8449737612638061,-0.3965966677676436,2,3
0.9742597294277836,-0.3707480313657216,2,3
-0.4997205105304315,-0.3373938208049826,1,3
-1.3465850512553286,1.4248824592866776,0,1
-1.7203235089446618,-0.5564608489864696,1,3
0.5843896338916634,-0.3021837463438385,2,3
0.5568034458899066,-0.2389013685681295,2,3
0.4846496194283178,-0.3066812566339526,2,3
-1.5999759300156111,-0.5573557548401594,1,3
-0.306539965576158,-0.3958979181956112,1,3
1.2222316113376703,-0.3310644816874385,2,3
-1.3067189510111603,0.5793116096561719,2,0
-0.9721012445702688,-0.4142499772014542,1,3
-2.830931326678489,0.2633050303755828,2,0
-1.437735999182767,-0.5679657138677396,1,3
-1.2624016938867606,0.4814978431041104,2,0
0.6607984889175568,-0.3756524292748039,2,3
0.6035549522966591,-0.3796829963836213,2,3
-0.5027108555633825,-0.3378803487452023,1,3
-1.5917685190188653,1.1459770555925437,0,1
-0.9754199837891656,0.4369193554219269,2,0
0.7385572169270642,-0.3935365750681199,2,3
0.1513572287625486,0.5698493009588969,2,0
-0.5418300526158163,-0.3442450264513695,1,3
-0.143914275555442,0.6115485786476365,2,0
-0.50371377250315,-0.3380435229299669,1,3
1.2326672999773003,-0.332350065155911,2,3
-0.1883590403339139,1.522940856936586,0,4
0.0304911026389886,-0.4649309117986253,1,3
0.4406457825588477,-0.3815616143679796,2,3
0.0677496570747814,-0.3320447039509231,1,3
-0.8012848937459345,-0.5425228520702664,1,3
-0.4876529888079067,-0.513858179086914,1,3
0.2466711661996447,-0.2634986205981911,2,3
-0.9421415602746396,-0.4093755485554722,1,3
-1.3583910577403189,-0.509551930336266,1,3
0.4969806509277075,0.6091680404674802,2,0
1.118249066825561,-0.3264069187674345,2,3
1.323459844917591,-0.3099020953483483,2,3
-1.5563856790557584,0.4436060790822728,2,0
1.4380975983112834,-0.32563118780718,2,3
-0.549725083693401,-0.3455295448483511,1,3
-3.1530947538157035,0.278907005400996,2,0
-1.0278148551181745,1.0733574340561838,0,1
1.559581588540259,-0.3308140412421153,2,3
0.6391212495166035,-0.3707173571851126,2,3
1.0222128734250404,-0.3564390153236917,2,3
1.574314650506928,-0.3068040221661701,2,3
0.2238081185689122,-0.3846112031385968,1,3
-0.8639104721820827,-0.4646652175294541,1,3
-0.87382958474072,-0.3982612174723927,1,3
0.0098164785669007,-0.2869451116924078,1,3
-0.5936899145110929,-0.3526826052290566,1,3
-0.4998626831145805,-0.3374169522275306,1,3
-1.7388681136171067,-0.6039081501855458,1,3
2.010352147396034,-0.2583982906565785,2,3
-0.3029412459025881,1.2002100756513083,0,1
-2.193333503725404,1.4830635305167803,0,1
0.2517447552517452,-0.4022143508701454,1,3
-0.8796904754155308,-0.3992147820398415,1,3
-0.0859392129583893,0.5275111682810076,2,0
0.6073678673721729,-0.3528657895124271,2,3
1.1636833635745325,-0.3347976262256383,2,3
0.9864191195330634,-0.3685038222880692,2,3
1.760592838220603,-0.2765448236961091,2,3
0.3847882425921552,-0.4218321916702138,2,3
0.6220573828318227,-0.4030809888062838,2,3
0.0698624424020822,-0.3497470688437607,1,3
-0.7858216719172368,-0.5401565608454911,1,3
1.2811659796427353,-0.3057039566213114,2,3
-0.4999661342026245,-0.3374337836781576,1,3
-2.4544630871496085,0.3925740979973017,2,0
-1.641800990325293,-0.5436852666293236,1,3
1.661356472023573,-0.3143156615263239,2,3
-0.5237747260260175,0.6093380564127872,2,0
1.2918916647474927,-0.2855503004141927,2,3
-0.5037991808690475,-0.3380574188369207,1,3
-1.4057882492333025,-0.4848106793123249,1,3
-1.966394710668535,-0.6169719438231983,1,3
1.5245093702651349,-0.290455039785145,2,3
-1.5297273186914326,1.1560711340588934,0,1
-1.4439332909820362,0.9944034264469638,0,1
-1.5567388540896798,0.434465590116362,2,0
0.9190955714202362,-0.3117934799926942,2,3
-1.878029612555984,0.486359593643263,2,0
-0.5023970753666273,-0.3378292968327551,1,3
1.7339713506472612,-0.2753968535567618,2,3
1.1406365811463903,-0.348142167222303,2,3
-0.564912239174039,-0.4259576373907469,1,3
-0.5500911444504897,-0.436897788132554,1,3
1.0236188845449143,-0.2679748500555532,2,3
1.8900149859897983,2.929953963400139,0,2
-0.7702577976512319,0.471315179199186,2,0
0.6527370265740989,-0.398201880040878,2,3
0.1319030519074276,-0.4012895612283683,1,3
-0.4524170033213952,-0.4096927411393129,1,3
-2.862732967395646,-0.7218550019342019,3,3
0.2436113425580722,-0.4334534830433072,1,3
-0.1858735987112041,-0.4534077551065683,1,3
-0.4794305164755169,-0.334092646891661,1,3
-1.1124749051609426,0.4452125275182653,2,0
-0.5036874991103636,-0.3380392482594743,1,3
0.4284040930120664,-0.2953569724880417,2,3
-0.1703224534275339,0.7437274562769817,3,0
0.8295227795091336,0.6797160219625568,2,0
0.1469935395897854,-0.4069369560836325,1,3
-1.243733749368268,0.4144792409011515,2,0
1.5138915147684435,-0.2944174654290868,2,3
-2.6915088774145923,0.3540068427794071,2,0
-0.4072763580357177,-0.4417840016320284,1,3
0.7268385347110112,-0.4091868972098708,2,3
-0.3797930045238266,-0.3178816635688978,1,3
0.5916318279068002,0.643050273657842,2,0
0.3286049506137062,-0.3928425332684926,2,3
-0.4161575869385756,0.5788704787404558,2,0
-0.6876543244054742,-0.3679705771172914,1,3
0.8917769800630801,-0.359356356936607,2,3
-1.783283961331739,1.114817569766654,0,1
1.706134598805303,-0.2996183638232396,2,3
0.7754967455070565,-0.4054854848067453,2,3
-0.4008990204134239,-0.456451517304962,1,3
-0.7540682774727141,-0.486996871735034,1,3
0.6650517106996083,-0.371316391280586,2,3
-0.4797454104925573,-0.3341438800222229,1,3
1.8897465841652743,-0.288087398575855,2,3
0.5575796135808806,-0.3256232933720547,2,3
-1.326095856151742,1.168726482741082,0,1
1.5474762835209983,-0.2773518564590472,2,3
-1.6126627634072213,1.516112201242038,0,1
-1.0123684549435636,-0.5454447263606655,1,3
1.5796479932357237,-0.3179824086785915,2,3
-0.0728711647612532,-0.4354325855115811,1,3
0.9667381605454152,5.649525803168078,2,-1
0.9618302498441594,-0.3618318031076365,2,3
1.541857280298866,-0.2969605530801849,2,3
-1.2397385742499258,1.1383466765092254,0,1
1.6120526999718552,-0.276468842565371,2,3
0.4520722196306528,-0.4012402473086304,2,3
1.0206383729119843,-0.2799644780176116,2,3
0.2965254931702238,-0.4056737707883357,2,3
-1.2090860643218984,-0.5142335388996941,1,3
-1.1832650475777913,-0.5658877562514805,1,3
-0.3488521529048233,-0.312847599392035,1,3
1.5592750125282622,-0.3085511779559163,2,3
0.4989255361196136,-0.3503858054604543,2,3
-0.5237747260260175,0.6093380564127872,2,0
-0.3961990445313995,0.576445886908346,2,0
-1.4349051775822177,1.1714986584725446,0,1
-0.289416245761395,-0.451190418813079,1,3
-0.5054674303425516,-0.3383288423586792,1,3
-0.0339880599837172,-0.2616193374724095,1,3
-2.236913350975321,0.901366297349563,0,1
1.2741258560195663,-0.3137930020220194,2,3
-0.6485145687015206,-0.5015087707576189,1,3
1.0166054122870465,-0.3247527864333454,2,3
0.1425012030004061,-0.4163049308506116,1,3
-1.4484947911591626,-0.5122344253800133,1,3
-0.3707219367447835,0.5128233535404935,2,0
-1.5736439049049469,0.5358830264725662,2,0
1.1078201646913337,-0.3312154447022312,2,3
-0.4641841217137648,-0.3316120645650482,1,3
-0.4989593803384791,-0.3372699852273321,1,3
-0.237325104560809,-0.3356530108283697,1,3
0.5506327839781215,-0.3902827937529465,2,3
-1.1711845441725763,-0.4995689142790691,1,3
-2.297551393532738,-0.629900186034474,1,3
-0.8504365245476366,-0.3944551759401398,1,3
-3.2464694930048723,2.0220909286662767,0,1
0.6615060731915138,-0.3494367056941206,2,3
0.1997185746649199,-0.3541268999217655,1,3
-1.042235901769325,-0.4461362666482285,1,3
-0.2218702395749458,-0.411095658902832,1,3
-0.4997721999225643,-0.3374022306483981,1,3
-0.0566429918684236,0.557053617397937,2,0
1.5400447939813278,-0.2848375397528478,2,3
-0.5003674282501491,-0.3374990740591047,1,3
0.0387526478560812,-0.4236586169147413,1,3
-0.4811145697249002,-0.4914626869395642,1,3
-0.8521004710203686,-0.4152013081515512,1,3
-0.7686550156768543,0.5280032843585257,2,0
-0.4999790687198564,-0.3374358881189352,1,3
-0.6508042378123864,-0.5350170850277091,1,3
-0.637025078027216,0.5157393194074718,2,0
-0.0431264816330071,-0.4369803185171814,1,3
-0.0493155615256509,0.6030984554831413,2,0
-1.7841674497858877,1.1146738265487082,0,1
-0.8201988898617232,1.101864128109747,0,1
-0.5039240630971994,-0.3380777371254671,1,3
-1.1023986605147795,-0.5062825911940805,1,3
1.1065971366316127,-0.3485693704083665,2,3
1.0762511579144318,-0.311314057429122,2,3
-0.7160365519302477,0.5418428018221604,2,0
0.6091346888300833,0.6051723641713409,2,0
1.4155246243966986,-0.297656964116533,2,3
0.1691256785151987,-0.413138567434803,1,3
0.2107806400004539,-0.3713434644370535,1,3
-0.1206861862073579,-0.2757250879151514,1,3
0.5233146600252461,-0.4098171133901171,2,3
0.199090571794392,0.5944531689493852,2,0
-0.5416376921099538,-0.3442137294740423,1,3
1.155294650316676,-0.2976416563504238,2,3
-0.4213537029443395,-0.5036286825078954,1,3
-0.1362820001190277,-0.3733473744273901,1,3
-0.5028482633120783,-0.3379027049309289,1,3
-2.1928623236862763,1.3429759841859414,0,1
-0.1703224534275339,0.7437274562769817,3,0
-0.404344863979333,-0.3218762412774321,1,3
-1.495704436921451,1.1616066433079897,0,1
1.7154925349649852,-0.2667484947107301,2,3
1.1190342913411568,-0.3140086083985075,2,3
0.0137441651470245,0.6473432848769719,2,0
1.357139969096267,-0.3250912309744288,2,3
-0.1231831534796581,-0.2761313434911475,1,3
-0.6927487168729382,-0.3687994327331332,1,3
1.635328318925374,2.906856159819506,0,2
0.8562576429108497,-0.3216746918834695,2,3
0.1131983440543307,0.5474436393073387,2,0
0.2809779296399213,-0.3077327623390418,2,3
-0.2810823335665092,-0.4308939646222567,1,3
-1.768907707327817,1.552117437748905,0,1
-2.419756854517439,1.722180167485012,0,1
0.9704823102925414,-0.2870081761507473,2,3
1.215515649685679,-0.3370852679619513,2,3
1.3206854925389755,-0.1947769029456255,2,3
0.1913625217539768,-0.442464478718267,1,3
0.6894012202913673,-0.241282456388118,2,3
-0.3150307531159094,-0.4389252690012272,1,3
0.5490182909189566,-0.386054947218892,2,3
1.1367337142119351,-0.3606138815303258,2,3
-0.0660322734729145,-0.4419129540416585,1,3
-0.6357651304372914,1.472437106121819,0,1
1.0564785297758812,-0.3741138708349018,2,3
-1.326095856151742,1.168726482741082,0,1
0.4279313115066264,-0.3459257290667289,2,3
1.2196115729831296,2.9744420067493724,0,2
-0.5006007455174245,-0.3375370346851242,1,3
0.8366555990723397,-0.3901906589203993,2,3
-0.9107569886363484,1.0755341789710686,0,1
-1.04855136422721,-0.5688392035773641,1,3
1.1983281363958531,-0.3540750555648427,2,3
-0.3122504507398273,0.5799623017659034,2,0
-0.4987919972302759,-0.3372427520626089,1,3
-0.2866056028088833,1.09118832511273,0,1
0.6572097323609405,-0.3207329306930617,2,3
1.1998124320252437,-0.3350991592138329,2,3
-1.337891829873581,0.4186284725567127,2,0
-0.5051103880735601,-0.3382707517243913,1,3
-0.472309932424246,-0.3858622946151026,1,3
-0.2560692332393688,-0.4343724919632284,1,3
-0.4978542355919697,-0.3370901786193189,1,3
0.1057129432307956,-0.3556088736431075,1,3
-1.8113471515190915,1.5452125571619064,0,1
1.0147668916968762,-0.3768036755336414,2,3
-0.5056858842170745,-0.3383643847166457,1,3
0.0200027756397217,-0.4630996167543092,1,3
-1.0383009802800638,-0.4250206477104001,1,3
1.1336432926323583,-0.2997330512856118,2,3
-0.2435382970623945,-0.2957130771897417,1,3
-0.7224959775173638,-0.4265674640352209,1,3
0.207958609152957,-0.4165221144134557,1,3
-2.839835739170706,1.6110918460536794,0,1
1.4729481872040704,-0.3070328320508872,2,3
-1.7007890123400928,0.4372394199491987,2,0
0.6436015428958913,-0.4018395991620639,2,3
0.5211460505147372,-0.3709318019790019,2,3
1.2665538198025004,-0.2556287700878872,2,3
-0.4995461408515455,-0.337365450928005,1,3
-0.502789364658068,-0.3378931221434908,1,3
1.809746045278821,-0.2805298076736235,2,3
1.0731411668655155,-0.3346449629758402,2,3
-0.0887941790689205,-0.3029890262288935,1,3
-0.780844355370137,-0.3831325578635429,1,3
0.256607713637708,-0.4410459625962855,1,3
-0.6934394759813073,-0.3893872277498015,1,3
-0.3222823534303026,1.1362361849636,0,1
-1.983496115968659,0.3524814022525935,2,0
-0.4601554853024187,-0.4391773780635183,1,3
1.2771687475516895,-0.3272959546826243,2,3
0.1982696287755958,-0.264781922025754,1,3
1.2395048263967048,-0.3172903382293573,2,3
-0.1163828705708657,-0.2750249401831448,1,3
-0.1703224534275339,0.7437274562769817,3,0
1.3690978772349278,-0.3409269388652518,2,3
-0.6070109238754307,-0.5353812720689898,1,3
0.8350126753435928,-0.3779971388651764,2,3
1.1005293644473244,-0.3415184615575561,2,3
0.6431524042402968,-0.4059888501846412,2,3
-1.545508455156034,-0.5912355734771774,1,3
1.0032517939269228,-0.3596196020721505,2,3
1.1757566789250913,-0.3262789162315595,2,3
1.1210017753847124,-0.3567400106314259,2,3
-0.7997334302633017,-0.4271566203621643,1,3
-0.398273171403233,-0.3533411344379944,1,3
0.6290736323153824,-0.4279801002738909,2,3
1.2447711683565157,-0.3283745259879314,2,3
1.6752361726552902,2.883859688758679,0,2
0.1174271282049386,-0.3933471577977372,1,3
1.3406074807740784,-0.3270061159854291,2,3
-0.2906288235505038,-0.4918920689108519,1,3
-0.8555677989583907,0.4684927937641364,2,0
1.0274591931352943,-0.2937340206043813,2,3
-0.5045560410256926,-0.3381805596815354,1,3
-0.3490660749763821,-0.3128824044274728,1,3
1.5013374468689644,-0.326447926116748,2,3
0.9397143575471992,-0.2841846546904291,2,3
1.0888115206237028,-0.3680695469763118,2,3
0.6794633611472914,-0.3754064556043013,2,3
-0.9091475643332336,1.1414789491406905,0,1
-0.0389949674155677,-0.4184985861006035,1,3
0.1648612471163229,0.5704907789790665,2,0
-0.8780650712053315,-0.4669681651263144,1,3
1.172647475939781,-0.3354588058323394,2,3
0.266775386667371,2.758254646627113,0,2
-0.0718525916719604,-0.4349596886505061,1,3
-0.5414762281687864,-0.3441874593554271,1,3
0.2562884799793762,0.583768819860029,2,0
-0.5176297980143229,0.592732619806352,2,0
-1.0699805717247637,1.024572191512118,0,1
-2.8767954493712966,1.6478201709946612,0,1
-0.5415838587437922,-0.3442049708069102,1,3
-0.2094032412066692,-0.4295426920433678,1,3
0.2809779296399213,-0.3077327623390418,2,3
-1.6514424882947407,-0.595611802263928,1,3
-0.5868446930477486,-0.3515688904362113,1,3
0.8354951834295917,-0.2953919243768079,2,3
-1.3423001532006036,0.4480229869604247,2,0
-2.2654555030900214,-0.6246781975032029,1,3
0.8061683673808226,-0.3894681071370318,2,3
1.0078790701524458,-0.3830133298487036,2,3
-0.0745933201140616,-0.4144110295367996,1,3
0.5704793663473579,-0.3874151100103015,2,3
-2.7558768983402997,0.2959917646179577,2,0
1.025398894269794,-0.3554738554679826,2,3
-0.6429802111406193,-0.3931548718792594,1,3
-0.3791818856322643,-0.4645893801404065,1,3
0.3365489601156012,-0.4084161177870768,2,3
0.4445615640754928,-0.3462654113271771,2,3
0.9792618616239596,-0.3063750394735432,2,3
0.6501772414023254,-0.3598924916382413,2,3
-0.2015876716239457,1.8537920949988,0,-1
-0.8816130045339308,-0.39952757675807,1,3
1.232606248509628,-0.3138362911084847,2,3
0.8976570376494106,-0.3564514404978321,2,3
-0.4641841217137648,-0.3316120645650482,1,3
-1.6759947792511332,0.3694963122592564,2,0
-0.3323446634954098,-0.4940923030361815,1,3
0.4672054868269153,0.5902335061214313,2,0
-0.633530064340661,1.579173274858644,0,1
0.214452031814057,0.6098251266263758,2,0
1.7541812338588272,-0.2730684613717265,2,3
-0.500341518083992,-0.3374948584854393,1,3
5.132654857776139,11.066069621745417,2,-1
-1.6539832964337986,1.4293941850259075,0,1
-0.9032433110867792,0.6040061172413823,2,0
1.253106809355587,-0.3181508763028742,2,3
1.1197821924719995,-0.2775084328076987,2,3
-1.7451331464175872,1.0800738745141254,0,1
1.2718584594298112,3.882764972092675,2,5
-0.1703224534275339,0.7437274562769817,3,0
1.1927045979327788,-0.3058045985980913,2,3
0.5639026469598172,0.6645651176619627,2,0
-2.2702572944808246,0.9946363857622909,0,1
-1.6198916464352768,0.4008209284897075,2,0
0.7430324999892284,-0.376760345766399,2,3
-0.2471434282641564,0.5228291370860725,2,0
-0.5917905387051361,-0.4590392647591693,1,3
-2.0930284114498803,-0.6170997874793699,1,3
0.1131983440543307,0.5474436393073387,2,0
0.5165391447797273,-0.3918636796972239,2,3
0.586144247528417,-0.3126076217552039,2,3
0.9057939167319576,-0.3484742852972175,2,3
-0.9321358215404292,-0.4077476188673959,1,3
-0.5046087809345532,-0.3381891404436022,1,3
0.1734442732349962,-0.4271576472990205,1,3
-0.5047076994649695,-0.3382052344489168,1,3
-0.3103168537971652,-0.425485887643253,1,3
-0.2617907603196749,-0.4550457565097023,1,3
0.3935030216853506,-0.4052683336809889,2,3
-1.3909206504608405,0.5656120268505626,2,0
-0.9641647867053452,-0.4129587186827502,1,3
0.9624160596467995,-0.359306373182277,2,3
1.0261744404995947,-0.3498623674994504,2,3
0.6276645050039006,-0.4033573475176065,2,3
0.811231080114542,-0.3261706976554153,2,3
1.6771479358785044,-0.2736973591231503,2,3
-2.4574684078577818,0.9181499777724128,0,1
-0.3927470974936837,-0.3199892893112758,1,3
-1.2577921116822584,0.5872719868360127,2,0
0.2500590413383849,-0.4188013646693281,1,3
0.5569425673269894,-0.3848712956559759,2,3
1.6450572180391625,-0.2924519380921206,2,3
0.4380168216471523,-0.4209340813856512,2,3
1.1622784851862535,-0.2923175397849881,2,3
0.9559998114103206,-0.4088836917197518,2,3
-0.0018841159072752,-0.377830310008076,1,3
-0.504932065628435,-0.3382417387339284,1,3
-0.0752038772619566,-0.3942437206536613,1,3
3.887964815290205,8.203789883051387,2,-1
-0.4996946700021546,-0.3373896165613725,1,3
-0.4414252641675491,-0.4614818053417394,1,3
-2.6333269234476147,1.293101073725175,0,1
1.0716459565401573,-0.3475031332387572,2,3
-0.0339857734239296,-0.3982396019220239,1,3
1.4728133519407958,-0.2486400163938109,2,3
-0.502116328027326,-0.337783619352997,1,3
-0.4744077062304492,-0.4888867598577004,1,3
0.8941316605455947,-0.3831606825883653,2,3
2.891005110939276,3.0144030534792634,0,2
0.7412736654557898,-0.3578697592408204,2,3
-0.4856009258528623,-0.3350965700281527,1,3
0.962014310680248,-0.2632578049346893,2,3
0.8424303638688734,-0.3559433614735742,2,3
-2.6803501287783664,0.2983406270801851,2,0
-0.8920549220562297,-0.5130105666920902,1,3
-1.8812746030044083,-0.652106613546256,1,3
0.0252580123471614,-0.4138768423850787,1,3
0.0699976940200394,-0.4161832528648123,1,3
-0.5379967259056073,-0.4305993980613133,1,3
0.0930479957016029,-0.4304511153428106,1,3
-0.4935845202482302,-0.3363954976414974,1,3
-0.5035627396987395,-0.3380189499531278,1,3
-1.2946623965922908,0.5812732062354707,2,0
-0.3496190131858755,-0.3129723672528889,1,3
0.3803786380628804,-0.3936280309892466,2,3
-0.504285930471418,-0.3381366128024446,1,3
-0.550387183901987,-0.4235944167104512,1,3
-0.3915764915534614,1.0970216884981792,0,1
-0.153748389493956,0.5297889306137661,2,0
0.928046014782548,-0.3641460081012005,2,3
0.4762075447673856,-0.4190995965974018,2,3
0.833300837064453,-0.3624611628570106,2,3
-0.5005488776600403,-0.3375285958054836,1,3
0.8438532881253653,-0.3472978290408178,2,3
0.2353123339705087,-0.3868776627265175,1,3
-0.3494702860088381,-0.3129481694007009,1,3
0.9730008713605878,-0.3031363971137243,2,3
1.3673594458191614,-0.2743665570950109,2,3
-0.4851748704538587,-0.3350272509852287,1,3
-1.0335414576949975,0.4914979755839065,2,0
-0.8577735731626475,-0.4605544210397369,1,3
1.182363921035069,-0.3104936600441059,2,3
-0.8025286049448865,-0.492516904390307,1,3
-0.264715296399316,-0.4339883655512717,1,3
-0.3492560040476277,-0.3129133058113608,1,3
-0.0404142453887829,-0.315593039165409,1,3
-0.9543341977199412,1.054648432119588,0,1
0.4773446121112343,-0.4073007024541714,2,3
0.2809779296399213,-0.3077327623390418,2,3
0.8737699325031293,-0.3423139771870084,2,3
0.7768924892986908,-0.3727636268772067,2,3
0.4598424744994419,-0.3958924353051999,2,3
-1.5668560414395385,-0.5110163446500499,1,3
-1.1510741846957175,1.7757547045373248,0,1
0.9995984925315502,-0.3379680715572904,2,3
0.7925092274246817,-0.3798689604109449,2,3
-1.6298116991492286,0.5267445488255941,2,0
0.4412603694286753,-0.3959864619518944,2,3
-0.1703224534275339,0.7437274562769817,3,0
0.0900857058684139,-0.4079882895660542,1,3
1.6762077400451971,-0.2512335145970506,2,3
-0.2055623202221239,4.309734453538437,2,-1
-0.500613714230801,-0.3375391446896008,1,3
-2.2126156530632954,1.817308184428722,0,1
-0.6181841093915752,-0.4821673762723051,1,3
1.0247604151956051,-0.3367278797684737,2,3
-0.2838447431031198,-0.3597526594681626,1,3
1.3194630850761635,-0.3202365907635384,2,3
-0.5386566314432802,-0.3437287120965005,1,3
1.9927742758376077,-0.2502448753121521,2,3
0.3671319090768001,-0.3670278039263164,2,3
-0.9552284644881788,1.4597530874558609,0,1
-0.4985925772843087,-0.3372103065172016,1,3
-1.4815247740471114,1.1639136687833926,0,1
-0.1808565455497925,1.537430871152505,0,4
-0.3927636573471955,-0.3199919835928155,1,3
-0.5410999002421624,-0.3441262309523599,1,3
0.3278281639849492,-0.3534008675800628,2,3
-1.391093201223509,1.0544211935860328,0,1
0.7127391492871405,-0.3772183466266304,2,3
-0.8484934515103495,0.6009365511584694,2,0
0.4408773654001443,-0.4113792568644814,2,3
2.473539226456977,2.96588445372135,0,2
-0.2685978971916013,-0.3678080998037423,1,3
0.792739254022229,-0.3940004513163866,2,3
-0.5027043142961886,-0.3378792844836474,1,3
2.17263066386713,-0.2508581070247461,2,3
1.0621665239992024,-0.3497678012032401,2,3
-0.4517549202335574,0.5236164537268942,2,0
0.3406293518213851,-0.4225094582119494,2,3
-0.3176247770906648,-0.3077669178432782,1,3
2.4125623927793582,2.995716527319255,0,2
-0.8520008872544265,-0.4766113322711524,1,3
0.3367766184877251,-0.3962145164258687,2,3
0.9222975938312812,-0.3639727886266587,2,3
-0.3993391216043191,-0.4771264357887945,1,3
-0.5704737820177331,-0.348905349762748,1,3
-0.5034905401523049,-0.3380072031158149,1,3
1.229316740946547,-0.3283985924102717,2,3
0.7238979734115519,-0.378997709963068,2,3
0.7351251175162739,-0.365702154123821,2,3
-1.2075515264817511,0.595446109943444,2,0
-1.2502705323762533,-0.4799834177991048,1,3
-0.5040029695268623,-0.3380905751699974,1,3
-0.5041411181398203,-0.338113051894043,1,3
-0.7845246551689222,-0.5015650152932062,1,3
1.8821988643378305,-0.2444570272223451,2,3
-0.3212777767591507,-0.4882302489274315,1,3
-0.4854182381997212,-0.3350668468200924,1,3
-1.2932576434411005,1.0878789683807757,0,1
0.2661631681127355,-0.3934469038824612,2,3
-0.3492041903244717,-0.3129048757393375,1,3
-0.5725604219697676,-0.3967872721628172,1,3
-0.3494045986530416,-0.3129374820941988,1,3
-0.5004710968540331,-0.3375159408994717,1,3
1.2331911663360473,-0.2891376516681882,2,3
-2.4000180489871674,0.3400060575606811,2,0
1.0251465250353862,-0.3514601194146606,2,3
-1.8335193623674524,1.5416051473294947,0,1
1.38557524075974,-0.3207534750733851,2,3
0.2497379203266272,-0.3778423229763034,1,3
-0.5426692018105524,0.5413584225376249,2,0
-2.327917962957542,-0.6757916323004632,1,3
0.7292787098074284,-0.3889433209729971,2,3
-0.5997268400244637,-0.4065929744934468,1,3
-0.4132778826115498,-0.3762578037333338,1,3
1.4263994419014243,-0.3216479926570269,2,3
-0.1337125084885493,-0.5104399812935413,1,3
-1.6185959722407888,1.141612239688834,0,1
0.7545797212501151,-0.3919668081503721,2,3
-1.2685795003427685,0.4575880131136869,2,0
-0.5573640458265141,-0.3997005648296891,1,3
0.5972088758595268,-0.3579673283352925,2,3
-0.0041298732041369,-0.3671713259677819,1,3
-0.3553048942028788,-0.3819152935200829,1,3
-2.093893071958836,-0.5967650586120108,1,3
-0.5003868627078524,-0.3375022360375959,1,3
1.1874324273585373,-0.2943909478081715,2,3
-0.3498509344428884,-0.3130101007485974,1,3
0.4774209893965412,-0.4111321920929907,2,3
0.8108364089729174,-0.3786532059281088,2,3
0.4122233689496571,-0.3410767231513843,2,3
-0.3317645012715534,-0.310067445309239,2,3
-1.856142659969528,0.4062281194977885,2,0
-0.5416146191909377,-0.3442099755193514,1,3
-0.3455408086566784,-0.4597250793948677,1,3
0.5365700391647756,-0.3925859414240509,2,3
-0.5414147466148849,-0.3441774563312103,1,3
0.1131045535900564,-0.4063721328892527,1,3
-0.5000502210090325,-0.3374474645679112,1,3
0.8421124163502725,-0.3306994830373924,2,3
0.9060442127460164,-0.3304519063757331,2,3
0.753431349210357,3.8194288291446217,2,5
0.7390166733371919,-0.3499919273509727,2,3
1.848987821650059,-0.2547634838064533,2,3
-1.905217903681872,1.0374972265034317,0,1
-0.278158380430344,-0.4648008076789733,1,3
-0.9601314066078944,1.0430810854175083,0,1
-0.5414916010147939,-0.3441899605113208,1,3
-0.4580550778759211,-0.3306148715852804,1,3
1.5356446468785567,-0.3025424862064537,2,3
1.532799103420666,-0.320983669998752,2,3
1.4048719285263436,-0.2658931606502889,2,3
-0.5237747260260175,0.6093380564127872,2,0
1.2754458531014148,-0.3022632346646421,2,3
-1.6195406340236151,1.1414585435947917,0,1
-0.5027959082402819,-0.3378941867816984,1,3
0.3171083568130439,-0.3826411508054951,2,3
1.263525371295177,-0.3105655541531541,2,3
-0.5479340486273636,-0.3452381441598224,1,3
-1.4332243748506388,-0.5368169528860773,1,3
-0.5036480944051741,-0.3380328371297085,1,3
-1.5651656799986726,-0.5815746000794041,1,3
-0.8638234675256968,1.0754988628929965,0,1
-0.392598110130109,-0.3199650491268422,1,3
-0.4366891259477047,0.4565029196770807,2,0
-0.7569154763076477,-0.5108197366362509,1,3
2.010038602618984,-0.2627309285629217,2,3
0.4315735785609426,-0.3578840858053113,2,3
0.9081589438062208,-0.3463641884556225,2,3
0.801563356200445,-0.3652378651603347,2,3
0.7711078221659053,3.856944480705735,2,5
1.1479771705088826,-0.3293918125902039,2,3
-1.3067189510111603,0.5793116096561719,2,0
0.0534639278348232,-0.3488301287118888,1,3
-1.9888319773913792,1.5163358470162918,0,1
0.932984193947574,-0.3343185585394694,2,3
0.0833458885416195,-0.4304405676430572,1,3
2.204790383021668,2.945528200847808,0,2
-0.485351287501788,-0.3350559539683302,1,3
0.732140772490081,-0.4265816181504366,2,3
1.2049961710754096,-0.3468958575149216,2,3
-0.0771991088857261,-0.3523422304098987,1,3
-0.34927327777103,-0.312916116239246,1,3
-2.173426306209611,0.3808169301572616,2,0
0.8111553956954,-0.3644224626554424,2,3
1.0271294783065703,-0.3566126097973497,2,3
-0.8912279766749849,0.4899609385267632,2,0
0.8588487367816665,-0.3705941531163644,2,3
1.4299964637478637,-0.3346993410122227,2,3
-0.7596476531482782,-0.3796838628942954,1,3
0.0585945021921362,-0.4192586525751245,1,3
-0.3493527528916044,-0.31292904680956,1,3
-0.2343049720442735,-0.2942108189041777,1,3
-0.2356858675482321,-0.2944354900500811,1,3
1.2112473108817567,-0.2930096669335729,2,3
-0.4935845202482302,-0.3363954976414974,1,3
0.1458033313009474,0.5811365423123752,2,0
-0.5039437872762932,-0.3380809462415127,1,3
0.8086990133851745,-0.3894576617859182,2,3
-0.485290439409299,-0.3350460540080318,1,3
-0.5003026580709194,-0.3374885359768629,1,3
1.181763444105842,-0.3147195907206219,2,3
-0.5040161231172381,-0.3380927152538879,1,3
-0.3486246384268383,-0.3128105828775109,1,3
1.4284858269785523,-0.3191648972295739,2,3
-0.503674363490847,-0.3380371110994354,1,3
0.9595415436586288,-0.3356701918774094,2,3
0.6711205450348252,-0.3317485153607887,2,3
1.0930706893507325,-0.3706222521005375,2,3
-0.3313152201261324,-0.3099943474466671,2,3
-1.3161116369622314,-0.4702203303815619,1,3
-0.5416992307242158,-0.3442237417819568,1,3
1.7498096295285996,-0.2850228345667823,2,3
-1.5157582962244036,0.5453009918409032,2,0
1.8096821345689575,-0.2639016033230075,2,3
0.2090713405105848,-0.4092620494417376,1,3
-0.9824142955830018,1.5767935694376822,0,1
-0.8828165325727488,-0.4572051299253299,1,3
0.9132279925393652,-0.3423220050779696,2,3
-0.4985475698628372,-0.3372029838277386,1,3
-0.500004939842629,-0.3374400973402575,1,3
-0.1703224534275339,0.7437274562769817,3,0
2.06979654544147,-0.2558761509103053,2,3
0.3139131955744415,-0.3988272839431445,2,3
0.0530223216410736,-0.3599107203417249,1,3
1.754520020836422,-0.3012145706636783,2,3
-0.503543046762457,-0.3380157459202751,1,3
0.153048042121605,-0.4183770176708749,1,3
1.4216992639031834,-0.3047145119885008,2,3
-0.4969137328109255,-0.3369371591932025,1,3
-0.1276684795777233,-0.3622420232645629,1,3
1.21283867239441,-0.2990514339774914,2,3
0.1532134436243833,-0.4093067875957363,1,3
-0.50305779771233,-0.3379367960940008,1,3
-0.0077309364050059,-0.2778227227595791,1,3
0.621483096872665,-0.3996071928838223,2,3
-1.0594219565134293,0.6195467317005273,2,0
-0.441948104778935,-0.4390992625423402,1,3
-1.1803368486707666,-0.448129826659311,1,3
1.279474922491829,-0.3205757437039784,2,3
-0.3496017145990722,-0.3129695527797384,1,3
1.0814144110291843,-0.3080994396606732,2,3
0.9829384651821924,-0.3484680824692671,2,3
0.5114664788866656,-0.3769571343856114,2,3
1.193223833742171,-0.291345583589124,2,3
-1.9609404139054505,0.994604250679887,0,1
-1.627643591443797,1.1076874405520805,0,1
-0.4135810305871416,-0.3967825345738089,1,3
4.498171405385193,13.118697958046384,2,-1
-0.5414762281687864,-0.3441874593554271,1,3
-0.9746598530780516,-0.5370535116447436,1,3
-0.5049848881177097,-0.3382503329317955,1,3
0.2289076913897192,-0.3007479390711317,1,3
0.6671088099837567,-0.3759246945523563,2,3
-0.3928216258207122,-0.3200014150402595,1,3
-0.3491144063211958,-0.3128902679179333,1,3
0.9422745832256684,-0.3679347917043168,2,3
0.5168140117713413,-0.2929500604115954,2,3
-1.0306508186051373,-0.423775969467242,1,3
-1.9470592782360248,4.53175138780278,2,-1
0.6279446784828827,-0.3481905489986012,2,3
1.820760694925663,-0.2422133949972844,2,3
-0.5739857745295944,-0.4069584891759977,1,3
0.8878951095804457,-0.3447925995146106,2,3
-1.198550080171454,0.5493682147411553,2,0
-0.3312767493610755,-0.3099880882685871,2,3
1.062110267274199,-0.3424894734810663,2,3
0.2809779296399213,-0.3077327623390418,2,3
0.0702529508615557,-0.4059342710138429,1,3
2.6539393819145354,4.846688113132581,2,6
-0.2807290329577959,-0.3017639950373688,1,3
-0.499901472055009,-0.3374232631726163,1,3
-0.5050575379999818,-0.338262153038569,1,3
1.509474921310426,-0.304645055884618,2,3
-0.9839726186186268,-0.4841992807096111,1,3
1.0737375215488263,-0.3185419203275305,2,3
-0.6425943427655857,-0.3811147449222157,1,3
-0.7354276949864209,0.6014271918393748,2,0
0.4054636966460913,-0.2967863997370875,2,3
-0.5039109145436188,-0.3380755978610612,1,3
-0.1462034267152432,-0.434084846863145,1,3
0.4968261914265595,0.5897147015638519,2,0
-0.5441973867719747,0.6419473366624362,2,0
1.1467364591629206,-0.3297528487557349,2,3
-0.3489556398107976,-0.3128644366702248,1,3
0.5681441090233923,-0.316387586233158,2,3
-1.1654562123549947,0.5373894904806665,2,0
0.2479543307174015,3.842845517723843,2,5
-0.3484902992089156,-0.3127887259405132,1,3
-0.5260585297540943,0.4814872813875523,2,0
1.0925729414751637,-0.2870449120774015,2,3
1.2027563754018509,-0.3351941563762737,2,3
-0.0200494525238879,-0.3447324506286304,1,3
-0.143914275555442,0.6115485786476365,2,0
-1.6684597613371115,0.4795057070010429,2,0
0.6138353343602536,-0.3559540397208185,2,3
0.1313874866045496,-0.409634871013424,1,3
1.0617562906323188,-0.3592399743296477,2,3
-0.48497427739901,-0.3349946145754758,1,3
-1.6743681860654631,0.4665670623352664,2,0
1.338819737206402,-0.3189896108460917,2,3
-0.4513849646673011,0.514807134829664,2,0
0.6298217106752869,-0.412895620177195,2,3
-0.2332984710340249,-0.2940470615925801,1,3
1.163765717920732,-0.339413166937524,2,3
-0.1122065941406046,-0.4174416375183674,1,3
0.4099923114028952,-0.3636655237872318,2,3
-0.2178502646127915,-0.4198486607860404,1,3
-0.7013316670395873,-0.4896266827353357,1,3
-0.5043649558044404,-0.3381494701925039,1,3
0.7313625221048073,-0.3615076238918311,2,3
-1.8900702898188408,0.4314724163717428,2,0
-0.5416146191909377,-0.3442099755193514,1,3
-0.5002897061292378,-0.3374864287011343,1,3
1.25833401054719,-0.3447588831773351,2,3
0.356285634333141,-0.4219484081072167,2,3
-0.1703224534275339,0.7437274562769817,3,0
-1.3987800480068409,-0.5365986116763909,1,3
-0.2168310305680075,-0.4882329300370496,1,3
-0.3494529981220634,-0.3129453566684407,1,3
-0.5044110659166873,-0.3381569722893147,1,3
0.5726388022993747,0.5897040634022593,2,0
-0.4567503105687379,0.5130787651279397,2,0
-1.5958660489415268,0.3810831287859079,2,0
-0.8686472715541613,-0.3974180571907372,1,3
-0.5741431590737169,-0.4314039910860143,1,3
0.0494118215531632,0.53046109163164,2,0
1.203358767912273,-0.3035506655675482,2,3
-0.5813385838569783,1.148109826136349,0,1
-0.4848163522069512,-0.3349689202099244,1,3
-0.5055336075224709,-0.3383396093593701,1,3
1.8357791284125884,2.9053784723869054,0,2
-1.189895149947344,1.5537007689124462,0,1
1.1137054321029356,-0.3164768906255152,2,3
0.8597863631408221,-0.325960133768477,2,3
0.7916847590313327,-0.3715467159885975,2,3
-1.1175029152661935,-0.5490117598729761,1,3
1.3010847355357118,-0.3284581243896632,2,3
0.2450526579869827,1.1547643259397955,0,1
-1.334427623144969,1.753186110068221,0,1
-0.5416453835751682,-0.3442149808723548,1,3
0.5159328368730367,0.7222939158062034,2,0
-0.3496570744596673,-0.312978559806904,1,3
-0.5001149231908192,-0.3374579915869962,1,3
-0.5037400487681303,-0.3380477980677642,1,3
0.9353068187434126,5.684059043409461,2,-1
-0.3491731074509648,-0.3128998185682564,1,3
-1.769431881714235,0.4630775834215297,2,0
-0.7354276949864209,0.6014271918393748,2,0
-0.7966199582323272,-0.4931527032542,1,3
-1.4960777883928986,0.5485030025895731,2,0
-0.3315846880261243,-0.3100381897661632,2,3
-0.5035167920236358,-0.3380114742847753,1,3
0.6719821113873141,-0.3399787995195491,2,3
-0.0857206944525605,-0.4419601317092235,1,3
-0.0186969435749876,-0.4842453599109,1,3
0.8714386230200067,-0.3292545862088668,2,3
-0.5034905401523049,-0.3380072031158149,1,3
-0.5040161231172381,-0.3380927152538879,1,3
1.5648193842930216,-0.2925473236471941,2,3
-0.3172340991891214,-0.4705687757255435,1,3
0.3619227837806286,-0.410449739205234,2,3
0.0339447970600252,0.5989589569581039,2,0
-0.8541242734026131,-0.4155305799892808,1,3
-0.3490004979774951,-0.3128717350759957,1,3
1.045336522055193,-0.3701331595282348,2,3
1.3003608881002668,-0.3262499838027753,2,3
0.4892591296334203,-0.3609384876664639,2,3
-0.2921720109553848,0.4939387371847331,2,0
-0.5033199728404901,-0.3379794518824383,1,3
2.9218434303827623,3.0179567817894477,0,2
-0.4850168134544274,-0.3350015351746706,1,3
1.7543071676012254,-0.290127150975938,2,3
-1.1254314524120472,0.608807013132732,2,0
-0.5026781510074215,-0.3378750277270348,1,3
0.8141247668200197,-0.3892844917499763,2,3
0.2091616527246232,-0.423294088635591,1,3
1.3044931109604037,-0.299635040306081,2,3
0.4194115512098493,-0.3739751698721268,2,3
0.562221593086535,-0.3915822485586125,2,3
1.2696642698013605,-0.1948507335726254,2,3
-0.3485247380050985,-0.3127943291188708,1,3
-2.862732967395646,-0.7218550019342019,3,3
-0.5417149171203848,-0.3851771115246494,1,3
-0.3927098419941645,-0.3199832278564126,1,3
-0.5044967224572302,-0.3381709085741839,1,3
-0.3316135775127812,-0.3100428900740816,2,3
-0.4999790687198564,-0.3374358881189352,1,3
-0.541591548486532,-0.3442062219249768,1,3
0.6619125522709061,-0.3446141234321638,2,3
1.2185101760371069,-0.3297230292400348,2,3
1.419147426098186,-0.318790540980054,2,3
0.0737977688427853,-0.3999969231010421,1,3
0.1714310159564514,-0.4093769079190061,1,3
1.531331884151358,-0.2524446890016005,2,3
0.7957106414046425,-0.3537699502420405,2,3
-0.2884204562765139,1.1289150317536631,0,1
0.629897819387947,-0.3878405843587617,2,3
-0.500276754885436,-0.3374843215389504,1,3
-0.5037991808690475,-0.3380574188369207,1,3
-0.5250962783885581,-0.3739752031939157,1,3
0.3566007362776537,-0.3492550603664562,2,3
-0.504121377761721,-0.3381098401424257,1,3
-0.1545315953050675,-0.4347941328026914,1,3
-0.5001666974793696,-0.3374664152430249,1,3
-0.5029988476976462,-0.3379272049502017,1,3
0.9842241903157484,-0.3418054034011652,2,3
-1.895965034057509,1.5314452615343026,0,1
-0.3929168901021231,-0.3200169145007233,1,3
0.7796455879000695,-0.3651609932589224,2,3
1.448363821477569,-0.3160774544162354,2,3
-0.3498613242128726,-0.3130117911600162,1,3
0.2381458528927504,-0.4467614331988582,1,3
0.008049302484877,-0.4111428862728493,1,3
-0.0661864960018158,0.5612098161548218,2,0
1.2909386383258137,-0.3103396916742553,2,3
-0.4845129412430746,-0.3349195553675172,1,3
-2.3874642298709445,0.3829993764795629,2,0
1.314408771174945,-0.3175119904668126,2,3
-0.4009868609586996,-0.4888168779813951,1,3
0.787850166572312,-0.3628042258589992,2,3
1.3704274107725178,-0.3129339348447052,2,3
-2.469753932522873,2.127542615304169,0,1
-0.5416223099178541,-0.3442112267975431,1,3
1.1821288446899847,-0.3388850930613853,2,3
2.538922246661984,2.980975569370038,0,2
-0.9914903790067228,-0.4174045816153477,1,3
2.0362272903858147,-0.2561364734944301,2,3
0.8079311662457149,-0.3577696033103562,2,3
-1.277669720010646,0.5840379079153734,2,0
-0.3493734898542318,-0.3129324207050812,1,3
0.1933027483621121,-0.4362834111420302,1,3
0.9951487994788384,-0.371795837351643,2,3
-0.0415583604243312,-0.4374545999383399,1,3
1.248303290547317,-0.3498545320880836,2,3
-0.3717049018726071,-0.316565732504147,1,3
0.9357854984970704,-0.3460478599714572,2,3
-0.371943968135157,-0.3166046284893971,1,3
0.9115598200949626,-0.3573137572323855,2,3
-0.503543046762457,-0.3380157459202751,1,3
-0.5017186202574325,-0.3377189124579854,1,3
-0.643741306760455,-0.5371401995116446,1,3
-2.2005170713809186,0.3929401955694012,2,0
-0.392651900470194,-0.3199738007936489,1,3
-0.1935129317245581,-0.4239035721618672,1,3
0.2740508602237881,0.5579647881312441,2,0
0.7500223610555514,-0.3139970529819131,2,3
-2.645443581300804,0.3410262392370912,2,0
-0.5703004105923961,-0.3488771423012234,1,3
-0.5005488776600403,-0.3375285958054836,1,3
-0.3076659449176367,-0.3266220286200924,1,3
0.0009907108714365,-0.4227977092273325,1,3
0.7028832948410805,-0.342998254170459,2,3
1.7230947546559656,-0.290999921409192,2,3
-1.9078706758558832,1.0620946060562388,0,1
-0.5041674411661209,-0.3381173346398884,1,3
1.3159963544966782,-0.2478911816886813,2,3
1.277347434663059,-0.3277212779996023,2,3
-0.484421992588272,-0.3349047580577756,1,3
-0.1788591302570759,-0.5413781105971398,1,3
0.400432536539388,-0.4020997745326988,2,3
-1.174986684956488,0.4940787094145143,2,0
-0.3490039489524869,-0.3128722965482459,1,3
-0.6194224065698388,0.4614422127928845,2,0
-0.3889008021858774,0.4753844436532075,2,0
-0.2062433842498571,-0.4415287723570931,1,3
-0.7081245207693797,0.4725018459821922,2,0
0.1120367523045282,-0.4313785699866495,1,3
-0.3309724062681298,-0.3099385717691533,2,3
-0.7827664844478797,-0.5028760949400299,1,3
-0.6605383939866264,-0.3840342348752381,1,3
-0.5054409645713657,-0.338324536388298,1,3
0.282178476804263,3.818810431630143,2,5
0.0402424603813239,-0.4625043197071279,1,3
0.4533875507617675,-0.3206326035477008,2,3
0.266568509648307,-0.3584821324550736,2,3
0.1973403371369204,-0.3947441378554719,1,3
-2.217547647976001,1.3408148160256448,0,1
1.1638545803409583,-0.3384754241855242,2,3
-0.7563930740228372,-0.3791543441729656,1,3
-1.1073712374031877,-0.5336166162435866,1,3
0.0276717753195848,-0.2720627157290323,1,3
-2.993663940470186,0.3048463349331493,2,0
-0.5303166107241818,-0.3952999579620666,1,3
1.0989726061105398,-0.2703366191930906,2,3
-0.1703224534275339,0.7437274562769817,3,0
-0.500341518083992,-0.3374948584854393,1,3
2.0157718949609498,4.907322639941036,2,-1
-0.940089222047188,-0.4295170427333031,1,3
0.1308196402513311,-0.4402999479608596,1,3
1.4297928806463578,2.8313318998089048,0,2
-0.5036152620848254,-0.3380274953243262,1,3
-0.4998497548586785,-0.3374148488054689,1,3
0.4771984227486792,-0.3366818316665725,2,3
1.987607737615096,-0.2524382032937225,2,3
-0.561866719716984,-0.480428330097716,1,3
-1.1073057839096605,-0.5275563869929087,1,3
1.0655826487958555,-0.2941804853154636,2,3
-0.7878990661633043,-0.5118179654292748,1,3
1.0505846552643097,-0.3514373049245861,2,3
-0.1218824595670599,-0.2759197211120642,1,3
0.108198633553926,-0.3846708518225689,1,3
-0.5031036577213456,-0.3379442574991159,1,3
0.5161768823183561,-0.331299664789103,2,3
2.034953582730997,2.9510224900331568,0,2
1.945713956659468,-0.2629934487710438,2,3
-0.3924574845875932,-0.3199421694073488,1,3
1.0750223720598615,-0.3406251805516161,2,3
-0.4553129189720909,-0.4956540289213161,1,3
-1.1823786514831565,1.5562367950789675,0,1
-0.3495705802797784,-0.3129644872384483,1,3
0.3416244715144738,-0.358599991073135,2,3
2.0317468360563264,2.9585912178518576,0,2
1.1172671980545632,-0.3271161549104469,2,3
-0.3716176829289376,-0.3165515420169142,1,3
0.639829098627364,-0.4307303897887035,2,3
0.0984678133188257,-0.4393215550794746,1,3
0.6544814053159452,-0.3986033271424776,2,3
-0.2386865031476912,-0.3524054318983119,1,3
0.3757386978411677,-0.4395747476333669,2,3
-0.3492940078778721,-0.3129194890193337,1,3
0.7209857793068887,-0.3512630236061632,2,3
-0.3716631845161381,-0.3165589451069434,1,3
0.6735111001992697,-0.4012997733485565,2,3
-2.6961266321311976,-0.6947482178572554,2,3
-0.5048132574536193,-0.3382224086914292,1,3
-0.6887171109556922,-0.4771121453370684,1,3
0.903889311373566,-0.2958471781355874,2,3
0.3116107363129444,-0.426310663605394,2,3
-0.3494702860088381,-0.3129481694007009,1,3
-0.0164809318988309,-0.4128189413170397,1,3
-0.5000696298348556,-0.3374506223761059,1,3
-0.1831172550819069,0.5260413608197022,2,0
-0.5417300059406295,-0.3442287488973521,1,3
-1.4285627102330625,0.5594876787887823,2,0
-0.3719363750744351,-0.3166033931014562,1,3
-1.1272238872778657,0.4296686345948406,2,0
-0.5280031169573136,-0.4319298843027856,1,3
0.087506669733076,-0.262327602351987,1,3
-0.5414608563059174,-0.3441849583594896,1,3
-0.4842886634468922,-0.3348830654598272,1,3
1.08413019970147,-0.3164338141195097,2,3
-0.5018489437532739,-0.3377401160386075,1,3
1.3290985082336506,-0.3219574598019516,2,3
1.779598758439411,-0.2716295760768584,2,3
0.9805715104137244,-0.2970289639983651,2,3
-0.4843735007065987,-0.3348968684480323,1,3
-1.0953305079544913,-0.4342993290416185,1,3
-0.5042464275458882,-0.3381301856922687,1,3
-1.6126627634072213,1.516112201242038,0,1
-0.9348658535313276,-0.5448124304518195,1,3
-1.6737733077268333,0.4172149687712785,2,0
0.4594497293822032,-0.4173570021801763,2,3
-0.0424630261399435,-0.4495524384288025,1,3
1.2765184200264954,-0.3174970065323148,2,3
1.5863719108128416,-0.3110501683030063,2,3
-0.3296896788102078,-0.4629640598448298,1,3
-0.2137844329698913,-0.4702003359703814,1,3
-0.5050707494289935,-0.3382643025327824,1,3
0.730804058642067,-0.3893862361325059,2,3
1.799933988577039,-0.2356471452096633,2,3
1.1752567102487204,-0.3246190515582721,2,3
-1.5392355032286087,0.9369584240351456,0,1
-1.1700734783423803,1.4180046628357883,0,1
-0.2147430916524583,-0.2910281087924744,1,3
0.1148787479487017,0.5375888717531179,2,0
0.7609704269746143,-0.3969700729268478,2,3
1.1003907114023868,-0.3416743829750115,2,3
-0.5034314839228271,-0.3379975946909113,1,3
0.8796449460575162,-0.3869198543669398,2,3
-0.3483028605579805,-0.4475880287907904,1,3
-0.5029726523311744,-0.3379229429745592,1,3
-0.6203597440126224,-0.3570217758165343,1,3
0.4295159937202174,-0.3978058834389447,2,3
0.4821877827330769,-0.2850911955374881,2,3
-1.3600817713959548,-0.509827008771468,1,3
-0.7354276949864209,0.6014271918393748,2,0
-0.8796904754155308,-0.3992147820398415,1,3
0.7999497970057713,-0.383504617927905,2,3
1.3280075858827098,-0.317835070312132,2,3
-1.6418545439079515,0.36376275672029,2,0
0.9140225953404972,-0.3545396456079808,2,3
0.999595469998489,-0.2733916080281516,2,3
0.4386013600027593,-0.4255177457868881,2,3
1.1985876268681095,-0.3518677876670879,2,3
-0.5037203413001022,-0.3380445916706024,1,3
-0.5037269102765766,-0.3380456604404461,1,3
0.5170231898658679,0.5933163089423918,2,0
-0.3192830254597665,0.5069585293828006,2,0
0.6342746628780437,-0.3821608489389838,2,3
0.2246472525100523,-0.4071431835423683,1,3
0.8748769278460432,-0.3782892518443304,2,3
1.256250217952388,-0.3278568370729763,2,3
-3.924461142718309,1.168957001282098,0,-1
-0.4193442230501433,-0.3243166309959845,1,3
1.0037653309877017,-0.3558099857512296,2,3
-0.41711513917801,0.5252523338491294,2,0
0.2830754968875152,-0.38565958523645,2,3
-0.5416453835751682,-0.3442149808723548,1,3
0.0682045331493957,1.5592508571177237,0,4
0.536471679331728,-0.4039003031297245,2,3
1.2179565163473192,-0.2632822116978747,2,3
-0.3791935925111168,-0.3177841394742957,1,3
0.3015218608447121,-0.3926087268938918,2,3
-0.1287168604605415,3.742449071611826,2,5
-0.3925443318250037,-0.319956299418122,1,3
0.2809664449718371,-0.3442683153259938,2,3
1.4470572629228653,-0.289286135583145,2,3
0.3052646030397228,-0.4412478304501576,2,3
-0.4325739641226047,-0.3913746148003398,1,3
-0.4847981367445754,-0.3349659565614852,1,3
1.158081859318435,-0.3393129163299871,2,3
-0.3718073297280543,-0.3165823974752399,1,3
0.087506669733076,-0.262327602351987,1,3
-0.4262146553051507,4.24566296966475,2,-1
1.2644540161735496,-0.3174211465374177,2,3
-0.2035291015164945,-0.4613893141448559,1,3
1.3334786465553148,-0.3241922422040574,2,3
0.3936257361073952,-0.4122232526714691,2,3
-0.5037860391449509,-0.3380552806836691,1,3
-0.6535844313277597,-0.4828769403259657,1,3
0.9560014218572164,-0.3586792174226134,2,3
-0.556803903305626,0.5293985725151144,2,0
0.9723336847626066,-0.3702447643600492,2,3
-0.5005488776600403,-0.3375285958054836,1,3
-0.4999273348266455,-0.3374274710352121,1,3
0.3833769130704273,-0.3563404546595438,2,3
0.9465628018685824,-0.3366471302379805,2,3
0.878328677304041,-0.2837646980388453,2,3
-0.50447695285377,-0.3381676920676121,1,3
-1.314709643975703,1.0213128989559912,0,1
-0.4999079374870341,-0.3374243150958195,1,3
-0.3623941660519681,-0.3150508795119907,1,3
0.4387298088228792,-0.3551032090161166,2,3
-0.1410415330785244,-0.3439424049315143,1,3
-0.5414992878065137,-0.3441912111492576,1,3
1.71640010935108,2.8969971882343177,0,2
-0.349501407338796,-0.3129532328286312,1,3
0.645722881117268,-0.3919720812748766,2,3
0.3428884269933079,-0.4249190863929907,2,3
-0.3903808300210726,-0.3605551161127004,1,3
-0.5249214400354145,-0.4233956370954556,1,3
-0.5415531022327247,-0.3441999667348673,1,3
0.0486784639535866,-0.3907968078529765,1,3
-0.7813127547206034,-0.4956567033912948,1,3
-0.6203597440126224,-0.3570217758165343,1,3
-0.3494080554347892,-0.3129380445112059,1,3
-1.3469139288872187,0.5727719028404945,2,0
-0.5048198563673636,-0.3382234823320547,1,3
1.2902804198347508,-0.3260033522915355,2,3
1.0440371011088512,-0.3614774910392469,2,3
-0.3791231716244189,-0.3177726820242101,1,3
0.9994797638304044,-0.3305754153277673,2,3
0.0707242436544616,-0.3842286398232216,1,3
-0.4821293644942364,-0.3345317483843132,1,3
-0.2638212607381766,-0.421400357126139,1,3
-0.5032281790132653,-0.3379645170634818,1,3
-1.396397285127809,1.177763877165238,0,1
0.6405633217606326,-0.3955760935919826,2,3
-0.0984106127271827,-0.4135222694102506,1,3
-0.503825466472996,-0.3380616954941644,1,3
-0.2830715366580213,-0.3821403014798747,1,3
-0.5035561752073718,-0.3380178819130092,1,3
0.2594737635050415,-0.357885427347352,2,3
-0.5049584754220247,-0.3382460355967771,1,3
-1.6680829017922714,-0.5599386694346504,1,3
1.0526653868308031,-0.330112198957845,2,3
0.942774876389705,-0.3281024747241689,2,3
-0.3491800144088295,-0.312900942327537,1,3
0.073033276919493,-0.3355156941303174,1,3
-0.504833054738378,-0.3382256297017372,1,3
-2.7931476523132788,0.3374702547760097,2,0
-0.4812782271498927,-0.3343932686789867,1,3
0.5320770665560592,-0.4178859804155605,2,3
0.9946985148182312,-0.3337970891983601,2,3
-3.447244027689287,0.231049036250988,2,0
-0.0277926476006168,-0.4141737567280905,1,3
-2.5986681736189188,-0.6788917656570962,1,3
0.3233034772512803,-0.3960622634903807,2,3
-0.3924864301802593,-0.3199468788436925,1,3
-1.1960074147550692,0.5358981059433177,2,0
-0.5031102098655394,-0.3379453235303543,1,3
-0.37172765984646,-0.3165694352173858,1,3
0.1120404427615723,-0.4427872258556978,1,3
-1.2452453865621724,0.5893133339922486,2,0
-0.5023709454974707,-0.3378250455134997,1,3
0.9396939437316596,-0.3077531275808052,2,3
-0.4848892278638931,-0.3349807770501464,1,3
-0.1640597132571974,-0.4742914480984641,1,3
1.2093451221586435,-0.3246389158510017,2,3
0.7525241203349246,-0.3510134768111934,2,3
-0.1703224534275339,0.7437274562769817,3,0
0.7897837944159716,-0.2393760805406552,2,3
-0.1827366518603487,-0.3982686109871314,1,3
-1.4623831508432346,-0.4940186471567735,1,3
-0.5001925888063365,-0.3374706277515615,1,3
1.443864625104759,-0.2589986470574305,2,3
-0.2589180960021491,-0.3511435282218825,1,3
0.9787283808860816,-0.2675213027044857,2,3
0.8249998546834176,-0.3747245894576037,2,3
1.419124774727847,-0.3094825277900243,2,3
-0.3336348072983573,-0.3103717433513628,2,3
1.379390412680492,-0.334339628847385,2,3
-2.127800515521707,0.3382685065632698,2,0
0.3210728108552798,-0.4136572783508743,2,3
1.0463330861510138,-0.3501292264838047,2,3
0.7158169286890637,-0.3758755008992392,2,3
0.6738664942825134,-0.333324689706177,2,3
0.7282995149900109,-0.3960792676111991,2,3
-0.5007888603815335,-0.3375676408982371,1,3
0.9043989437618448,0.7034734113333957,2,0
-0.5055733225778305,-0.3383460709829843,1,3
1.3349303356602829,-0.3271459226660174,2,3
0.0599664011080854,-0.4307842428081812,1,3
1.1421569316876925,-0.2848801461613091,2,3
1.0814346721154342,-0.3634473710235807,2,3
0.1282690319490252,-0.2761709911174151,1,3
1.067434130951535,-0.2998717300876338,2,3
-0.6203597440126224,-0.3570217758165343,1,3
-0.5026323721036231,-0.3378675795177061,1,3
0.7706326038674546,-0.3631343043859037,2,3
-0.3479605639125708,-0.3127025382197811,1,3
-0.3791231716244189,-0.3177726820242101,1,3
-0.3315975273692984,-0.3100402787221598,2,3
-0.5044110659166873,-0.3381569722893147,1,3
0.2642746582017795,-0.4175854258813785,2,3
-0.1497108113140389,0.4974261616469056,2,0
1.163462562384918,-0.3339153555314355,2,3
-0.499488045724089,-0.3373559988740157,1,3
-0.5045692249180616,-0.338182704695548,1,3
-0.5043649558044404,-0.3381494701925039,1,3
0.7359467807341631,-0.4116248744529076,2,3
0.1821404768259374,-0.3543841809253066,1,3
0.08512736610818,-0.4435717479028188,1,3
-1.0440208787711227,1.5603581672906792,0,1
-0.9689097999751604,2.4370418540824046,0,-1
0.8412702817804903,-0.3748418539671631,2,3
0.72525994231758,-0.3923937530742155,2,3
0.0720240377566777,-0.437506362895731,1,3
-0.5052293432437318,-0.3382901056829761,1,3
-0.3713297060656809,-0.3165046882965016,1,3
4.488500197282106,6.330057560234618,2,-1
-0.5035627396987395,-0.3380189499531278,1,3
3.3441994329973443,9.513161251276308,2,-1
-3.2170644804883413,0.8240603134164741,0,1
0.508296056517755,-0.3847356259266826,2,3
-1.2164658484928412,0.4402705889788856,2,0
-0.5037531879778893,-0.3380499358119341,1,3
0.7350467913338985,-0.3938073785558261,2,3
-0.3496328529517446,-0.3129746189772576,1,3
1.385004688913738,-0.3300190122689885,2,3
-0.4852174420254971,-0.3350341773628985,1,3
0.0547348672390282,-0.4173938294182949,1,3
-0.8840695895203878,0.4684766590883389,2,0
0.4389879177348259,3.839187866473319,2,5
-0.5025866019171253,-0.3378601327266786,1,3
-1.3607077046295533,-0.4774760927451012,1,3
-1.0313658998272903,-0.4768204767950846,1,3
2.306769991172437,2.960890379479471,0,2
-0.3566830072941627,-0.3141216762675206,1,3
-1.1776096054138268,-0.4801388603857579,1,3
-0.482153383894043,-0.3345356563310499,1,3
-0.3494633707049172,-0.3129470442835202,1,3
-1.3285273816919565,1.526408875164616,0,1
-0.4263287811033359,-0.3459284245823965,1,3
-0.3927305387809915,-0.3199865952153471,1,3
0.7912028440119143,-0.3729648740847478,2,3
0.7027916728243565,-0.39658881254709,2,3
-2.297551393532738,-0.629900186034474,1,3
-1.136090131618185,-0.5058364137269801,1,3
1.5388603391613376,-0.2921088426558845,2,3
0.979992437251386,-0.3348912013694088,2,3
0.326314070681853,-0.407752412856189,2,3
1.4027802020570663,-0.2904743374651716,2,3
-0.1399226073058603,0.5846403461423323,2,0
-0.4824418040680431,-0.3345825821779431,1,3
0.2508134994074897,-0.4122226127496115,1,3
0.0782650738217582,-0.3712846674264399,1,3
-0.5000566904435052,-0.3374485171423111,1,3
-0.392428542480278,-0.3199374605380704,1,3
1.0643462365283618,-0.3440823225767328,2,3
1.0874830154811386,-0.3557289868174969,2,3
1.4343952293743818,-0.3196246291216837,2,3
-0.6509984110010248,-0.5249909681726129,1,3
1.2250163293972995,-0.3262916135942338,2,3
-0.1703224534275339,0.7437274562769817,3,0
-0.5001019813610318,-0.3374558859564687,1,3
0.8994612921808435,-0.3416032040536835,2,3
-0.3792601200759924,-0.3177949634824787,1,3
-0.3501662907718882,-0.3130614090971301,1,3
1.280839121508235,-0.3260587742356661,2,3
0.3775462757559362,-0.403455046003024,2,3
-1.96106271131228,1.5208538954949802,0,1
1.1188595335922953,-0.3634793563229688,2,3
0.8951833254464581,-0.3734641980226439,2,3
-1.5055508695786992,0.4584684915842768,2,0
0.1453803195120021,-0.357510709238769,1,3
-0.5042727621082048,-0.3381344703150193,1,3
1.3134924701182096,-0.306461838788411,2,3
1.30605747869518,-0.2845528492937868,2,3
-0.6092445595211937,-0.3552133397477237,1,3
0.9046276402826288,-0.3602179208949945,2,3
-1.71604103200814,-0.5352886829164528,1,3
-0.6517790342439753,1.4670373622413366,0,1
-0.5037597578521203,-0.3380510047278425,1,3
-0.9657834218787416,-0.5683730227797743,1,3
0.7046907982577972,-0.3487056240980373,2,3
-1.482465101933759,1.0547920245391744,0,1
-0.3788964001235609,-0.3177357863917673,1,3
0.622492363063183,-0.3913066493297578,2,3
-0.9542456833017976,-0.411344884528304,1,3
-0.3792053313316962,-0.3177860493757065,1,3
-0.0905349291890824,-0.3891951939380906,1,3
-0.0713303454936622,-0.3671640591322941,1,3
-1.0541258913844005,-0.4480707632006039,1,3
-0.4998562188997089,-0.3374159005023578,1,3
-0.3493907720231671,-0.3129352325070512,1,3
-0.5048660538369438,-0.3382309986418687,1,3
-0.5042661781971272,-0.3381333991153217,1,3
-0.9019916021705734,1.05560304536863,0,1
0.1922265755594038,0.5463291505522558,2,0
-0.4846524627197122,-0.3349422554559341,1,3
-1.6724136446768547,0.9726043462576576,0,1
-0.3310556618739254,-0.3099521174229,2,3
1.2992437124389642,-0.3474893230340404,2,3
0.9304160174266728,-0.2834189191619479,2,3
-0.34974013816491,-0.3129920742385075,1,3
-1.3983409781235636,-0.4835990112829325,1,3
-0.5037926099171843,-0.338056349745682,1,3
-0.5416915375357544,-0.3442224901032727,1,3
0.5875072390143689,-0.3793306869977688,2,3
-2.488443311094655,0.3870455291592521,2,0
-2.100572605108608,1.8355375434948704,0,1
-3.07020815875596,0.292392621248626,2,0
0.1877070603541809,0.581999682505154,2,0
-1.519881479265467,1.157673048193505,0,1
-0.3924947009898764,-0.3199482245011075,1,3
-0.3296951720939119,-0.3097307662801167,1,3
-0.2406793239638325,0.5474020745755207,2,0
-0.0860083676076471,0.5472406639358207,2,0
-0.4312175845599242,0.5436813663302918,2,0
0.4522123734055843,-0.3981091164035754,2,3
0.7752622447477702,-0.3564821735810762,2,3
1.3711712372448512,-0.30493859595901,2,3
-0.4144744495678338,1.5754677424202077,0,1
0.8798872536102357,-0.3660592629989362,2,3
0.8480995836795134,-0.376220593531878,2,3
-1.817090880569138,-0.5517294528403779,1,3
-0.5441973867719747,0.6419473366624362,2,0
-0.482051318017518,-0.3345190502537828,1,3
-0.9134868172426762,-0.5555418919181213,1,3
-0.503851754951809,-0.3380659726191475,1,3
-0.4851383865356022,-0.3350213150663281,1,3
0.8980692805447913,-0.3263377357495711,2,3
-0.503097105755755,-0.3379431914969362,1,3
-1.843278619570069,-0.5559901874963254,1,3
-0.6472550615503521,-0.4618682240313002,1,3
-0.4839738155266491,-0.3348318398291958,1,3
0.8681973362792932,-0.3728605428485361,2,3
0.6687841116449523,-0.3115398467802542,2,3
-0.3493251063907855,-0.31292454873494,1,3
-0.4425256374802317,-0.4816506482184955,1,3
-0.6647082724102776,0.5409038315030901,2,0
0.265644492310991,-0.3906571047063845,2,3
-1.66594294613905,0.4474624367136231,2,0
-0.5040884807338636,-0.3381044878091576,1,3
-0.379170116589722,-0.3177803199512791,1,3
0.5375696089712162,-0.3137458323840155,2,3
0.793668131999133,-0.3341228846919752,2,3
0.93931476213698,-0.346791332888928,2,3
0.4324448518027864,-0.3687122043513783,2,3
-0.2015967256505474,-0.3364316272196033,1,3
1.6383117304071633,-0.2977807998430919,2,3
-0.4846767355936201,-0.3349462046428056,1,3
-0.4821714000191999,-0.3345385875474034,1,3
-0.5023186942793814,-0.3378165442612258,1,3
-0.5417453950265985,-0.344231252695481,1,3
-0.330857176862615,-0.3099198239909872,2,3
-0.1560217410701211,0.5589443257473077,2,0
1.0185166261959986,-0.3571536946976911,2,3
-0.3494184260783267,-0.3129397318107594,1,3
-2.1697546554181684,0.9811056659327708,0,1
-1.3606417102254185,-0.5349470951189155,1,3
-0.3926229349451205,-0.3199690881143106,1,3
1.3625580579522414,-0.3053072880963468,2,3
-0.1644985951598151,0.5152505634714158,2,0
0.6265628426484202,-0.4281100686934883,2,3
2.307151155691846,-0.2397618100216684,2,3
0.1576455772008652,-0.2628933765011854,1,3
0.8969877567499799,-0.3715201524750524,2,3
-1.4856108105220869,1.101822645925547,0,1
-0.348710792818121,-0.3128246001624963,1,3
-0.3290813255622905,-0.3096308936950638,1,3
-0.3792014183278028,-0.3177854127315389,1,3
0.5869685046922872,2.8919866414883293,0,2
-0.1840120337142936,1.157829048108221,0,1
1.9927742758376077,-0.2502448753121521,2,3
-1.972860665845852,1.063498107018645,0,1
0.2876620305507317,-0.4085744638900797,2,3
-0.5002702795252157,-0.3374832680004338,1,3
-0.4727206664451292,-0.3330009569767864,1,3
-0.5004451755109688,-0.337511723507328,1,3
0.4018374017199095,-0.2973763964704489,2,3
-1.326790161423267,-0.5333839483966347,1,3
-0.8312558754475863,-0.4118099007932066,1,3
-0.5040950597792501,-0.3381055582172093,1,3
-0.4998885417126705,-0.3374211594110921,1,3
-1.0064451654580944,-0.4847432296125432,1,3
-0.3488418066643753,-0.3128459160628543,1,3
-1.4924806758417726,-0.5313682575429539,1,3
1.210355981746425,-0.3044633149973684,2,3
0.384095388404281,-0.3935370652880862,2,3
-1.0859331322479018,1.5648045706003404,0,1
1.194588287561705,-0.3401203857764283,2,3
-0.0400136055013817,-0.3035505088892142,1,3
0.1319232367838251,-0.4205863501592974,1,3
-0.3495913360445393,-0.3129678641930691,1,3
-0.5028220843506989,-0.3378984456243885,1,3
-1.0272392639674988,-0.4846471372513639,1,3
0.0538833221665369,-0.3087489251183772,1,3
-0.4650438348326517,-0.3317519395454613,1,3
-0.5040884807338636,-0.3381044878091576,1,3
-0.5000566904435052,-0.3374485171423111,1,3
-0.3309147846602626,-0.3099291967566117,2,3
1.18170902292157,-0.2636636088258377,2,3
-1.207739420515462,1.8238502589570351,0,1
0.2794228447447514,-0.2311029174763629,2,3
0.7331456465541495,-0.3172070462623541,2,3
0.1832545027742497,-0.3257432061958987,1,3
0.8903612003888683,-0.3428291305737511,2,3
-0.3718225079380657,-0.3165848669639349,1,3
-0.5004905396959987,-0.3375191042420791,1,3
-0.3492352772180377,-0.3129099335644807,1,3
0.8734952277969547,-0.2605734621733895,2,3
-0.4998820768023387,-0.3374201075727682,1,3
0.8119458379433,-0.316560346944987,2,3
-0.3755025932043874,-0.4879454533884034,1,3
-0.1560217410701211,0.5589443257473077,2,0
0.6839259109674316,-0.2667296251332895,2,3
-1.3978837588159334,0.4105921054046879,2,0
0.2295334462235481,-0.4551224722589931,1,3
1.0250501872341886,-0.2957775996575024,2,3
-0.486271971051625,-0.3352057488134604,1,3
0.9544006997212248,-0.3812064575950821,2,3
-1.3382196530992787,1.11639607805608,0,1
-0.0055752967180741,1.1464882491987305,0,1
-0.3791309951486089,-0.3177739549084651,1,3
-0.5413686457675745,-0.344169955741801,1,3
-0.4845129412430746,-0.3349195553675172,1,3
-1.0915783118186924,-0.5779256974764956,1,3
0.3834225935287094,0.612743319003148,2,0
-0.414188586346923,-0.4429086184122067,1,3
2.194920696886834,2.9377835554995246,0,2
1.5226299739247249,-0.2969418974396025,2,3
2.0903855733772625,3.0104956382634795,0,2
-2.765274508883367,-0.705998549734043,2,3
-2.6378736173067434,0.3627332781358216,2,0
-0.4999984718008737,-0.3374390449924522,1,3
-0.3490729788592412,-0.3128835276864512,1,3
-1.275753633227692,-0.5686782658757858,1,3
1.1509481263255252,-0.2988926778400424,2,3
0.7181479329630186,-0.3002695384832054,2,3
0.9044183474366904,-0.352724053517535,2,3
-0.4843977454245605,-0.3349008130539427,1,3
-0.4841311879347623,-0.3348574442570204,1,3
-0.4869081413700944,-0.3353092534697001,1,3
0.576613384204933,-0.2664426082052591,2,3
1.3154323078971344,-0.3404596623034764,2,3
-0.5417530899390784,-0.3442325046546622,1,3
-0.3492629133880234,-0.3129144299582783,1,3
1.3613645082879302,-0.3269471758729513,2,3
0.7629957898187638,-0.329338339905071,2,3
-1.8124911101544705,1.5450264355497063,0,1
1.0382377274778676,-0.3390818840097659,2,3
-2.6277453874140564,1.913643693330263,0,1
1.3206854925389755,-0.1947769029456255,2,3
2.464384936365324,3.0058482746841024,0,2
1.4185904478976934,-0.3222901972957528,2,3
-0.7836487864796213,-0.3835888376828114,1,3
1.5457386536839073,-0.3118060918876363,2,3
-0.4837319051462587,-0.3347924811071112,1,3
0.169909100920733,-0.4431057646646852,1,3
-1.0439768754914225,-0.4464195223761312,1,3
-0.7345315424701759,0.4982869638228075,2,0
-0.3493527528916044,-0.31292904680956,1,3
0.2277852355761176,-0.4250810551041865,1,3
0.2019201914285741,-0.2846633857291106,1,3
1.4173116292384995,-0.2924846917150462,2,3
1.4421582407292508,-0.3012110324426328,2,3
-0.392598110130109,-0.3199650491268422,1,3
-1.125926816504407,1.765109820041153,0,1
-1.2718387431344558,-0.4630171482723929,1,3
-0.7230868960368877,-0.5476096058420685,1,3
-0.1703224534275339,0.7437274562769817,3,0
0.3250414090843346,-0.4120478472726414,2,3
0.4148872355826052,-0.3930517022435354,2,3
0.3532415383100679,-0.4164991042732641,2,3
-0.3899221570135358,-0.4313137667572744,1,3
0.1969386768070017,0.570427880853506,2,0
-1.1279852916496922,0.4377209796061881,2,0
0.5372457009592394,-0.3306994769955786,2,3
0.9386100271014484,-0.3780735177850848,2,3
-0.3503605620563912,-0.3130930169573775,1,3
0.1106139270086487,-0.4557703481474345,1,3
-1.5212352582930833,0.5444098923040358,2,0
-0.4637254405578912,-0.4241592175443106,1,3
1.0214181703505492,-0.3529378758510016,2,3
1.0595316009042226,-0.3509085931434627,2,3
-0.94818472697432,1.0666408876048137,0,1
-1.7952035017415382,0.4793599599422302,2,0
0.8094034144941747,-0.3405878623138137,2,3
1.2706517910741426,-0.3289781251018479,2,3
-0.8054260471054866,0.5477745755141507,2,0
-0.5000890402280346,-0.3374537804393087,1,3
-0.4858325297219704,-0.3351342518849761,1,3
-2.0119214128890546,0.9463834484040402,0,1
-0.1808410870345311,-0.2855122662076463,1,3
-1.2225533404164346,1.5652410586942032,0,1
1.4344130371131538,-0.3235093050323265,2,3
-0.205770443769041,-0.4991793213485846,1,3
-1.224887230538525,1.5467503701512926,0,1
0.2229866099342641,-0.3017112966545049,1,3
-0.3370975843798549,-0.3109351357968287,2,3
-0.3713297060656809,-0.3165046882965016,1,3
-0.333923094834299,-0.3104186476180969,2,3
3.051528809481404,4.915920711401617,2,6
-0.3493181952624126,-0.3129234242971194,1,3
-0.3293896431502793,-0.3096810568432507,1,3
0.9285302812116952,-0.3120209039344488,2,3
-0.3567970513666022,-0.3141402311924696,1,3
0.2493558551934248,-0.3518489977523747,1,3
1.676208938497204,-0.2512333196093886,2,3
0.2913413605384646,-0.2767062066410188,2,3
-1.9228136609142503,-0.6164729338104995,1,3
0.1215060636724637,-0.3336787711163567,1,3
-0.3717011090864474,-0.3165651154193565,1,3
-2.530215160172057,1.7656348717153911,0,1
-0.5016886846504602,-0.5371400314192988,1,3
-0.4257609876632859,-0.3961939125901106,1,3
1.2184041245499002,-0.3280583066320432,2,3
0.1562273204254478,-0.4385435534577378,1,3
1.1397941216968974,-0.3170276537349911,2,3
-0.3340852059442863,-0.3104450230308201,2,3
-0.4998756120658862,-0.3374190557627343,1,3
-0.3491454816040942,-0.3128953238540255,1,3
-0.5413686457675745,-0.344169955741801,1,3
0.45077741709016,-0.3828909491832488,2,3
-0.3491558409245854,-0.3128970093113239,1,3
-0.4812363475232567,-0.3343864548804919,1,3
0.9307251870104528,-0.3424391078960615,2,3
-0.3494841172135756,-0.3129504197321769,1,3
0.3715930406975125,0.6016639442493406,2,0
-0.4718367209463765,0.566548631595469,2,0
-0.3300776302211738,-0.3097929920643746,1,3
-0.3494253400892768,-0.3129408567175742,1,3
0.1576455772008652,-0.2628933765011854,1,3
-0.5414839144688899,-0.3441887099133781,1,3
-1.3860078946324508,-0.5789506888732217,1,3
1.7695966612891951,-0.3107772349873975,2,3
1.0634569687933968,-0.3170979543043754,2,3
0.1109685881308494,-0.3622406047391378,1,3
1.0531294527092403,-0.285290421872402,2,3
-1.050956181692548,-0.4270796439160004,1,3
-0.4843856227598916,-0.3348988407012522,1,3
-0.4819792976018878,-0.3345073325609801,1,3
0.3290222632727606,-0.3816805278792917,2,3
0.1691029383998277,-0.2761189402208731,1,3
1.1011815547009154,-0.3475180302288515,2,3
-0.3492352772180377,-0.3129099335644807,1,3
-0.3493389292437066,-0.3129267977075788,1,3
-0.3492560040476277,-0.3129133058113608,1,3
0.5724648941412009,-0.3738770302208558,2,3
1.04155549253878,-0.3179612814410879,2,3
-2.1548346653236763,0.3323548690532254,2,0
0.8546624289329081,-0.3564473407120049,2,3
-0.4816794446018392,-0.3344585465978638,1,3
0.2534339890615122,-0.3604058292288768,1,3
1.2693621175877072,-0.3306691562184823,2,3
1.0208699285832958,-0.3524109648091131,2,3
1.3206854925389755,-0.1947769029456255,2,3
1.6436754282910104,-0.3042611079455375,2,3
1.681588959253552,-0.2941955430000282,2,3
1.2209549898859031,-0.3207726466154875,2,3
-0.3311934171539931,-0.3099745301518417,2,3
-0.4997334318364053,-0.3373959230962938,1,3
-0.3714433399302558,-0.3165231764807952,1,3
0.93588743668326,-0.3409025544666013,2,3
-0.5412995110711675,-0.344158707554361,1,3
-1.4702329936148857,1.165750836941103,0,1
-1.35128164963392,0.4360256050207557,2,0
-0.0780994545059608,-0.4187157145548586,1,3
1.1220203083576883,-0.26318241671631,2,3
0.3559201579890034,-0.4046991887174647,2,3
-0.48643085584818,-0.3352315993062792,1,3
-0.5032019586430349,-0.3379602510197378,1,3
-2.01869041325064,-0.5845296161339096,1,3
-1.0614676877283102,0.4425989774183925,2,0
0.5104000423708143,-0.392583994274522,2,3
0.3919584990377472,-0.3672400715628099,2,3
-0.2755153230032059,-0.3009157265141186,1,3
-0.3717086947186153,-0.3165663495986747,1,3
-0.2714872637028815,-0.3002603628778577,1,3
0.2890258547671587,0.6224776940279028,2,0
0.6568314878342754,-0.3679259963100756,2,3
1.9828653396645248,2.938315591584879,0,2
-0.8257941397134944,0.6370824752172666,2,0
-0.3925071077379456,-0.3199502430740535,1,3
-1.3374446601123018,0.5743125490808719,2,0
-0.2356156817338756,-0.4649111183241084,1,3
0.5623357551583151,-0.359756623079572,2,3
-0.5721669124913279,0.5329048019897707,2,0
1.137565964920883,-0.3534999749659245,2,3
0.023967620754038,-0.3955178329115006,1,3
0.6280215155567163,-0.3838867744932689,2,3
-1.9228136609142503,-0.6164729338104995,1,3
-0.3791075253399393,-0.3177701363799864,1,3
-0.4845614612671937,-0.3349274495560252,1,3
-0.3505445706898383,-0.3131229550884049,1,3
0.9020616775983396,-0.2782041072216152,2,3
-1.396397285127809,1.177763877165238,0,1
0.5001174327976877,-0.4005073200754165,2,3
0.4701960661400324,0.5961522419044036,2,0
-0.3873153930962649,-0.3191055531794119,1,3
-0.5259566189562915,-0.4699774413433222,1,3
-3.0010602820037904,0.3036429531254135,2,0
0.9250523949159648,-0.3306832363670086,2,3
-1.0893656583362905,0.4251744101018727,2,0
1.0649612118737313,-0.3677922492376403,2,3
0.1997654008415022,4.392677236474809,2,-1
0.9733720084185168,-0.3512615462463685,2,3
-1.6999598932929854,1.128374362292906,0,1
-0.607608824807623,-0.5123314467934791,1,3
5.972363521994376,14.729364352943792,2,-1
-0.3295168996831475,-0.3097017614302244,1,3
-0.3564337243715045,-0.3140811180357592,1,3
0.701373065217492,-0.3472168446262287,2,3
-1.2824822254400992,-0.5661880332463762,1,3
-3.0351912501868217,2.572179405219148,0,1
-1.1330542492498763,0.452726782161677,2,0
0.2383378084097093,-0.3821359673776368,1,3
-0.1560217410701211,0.5589443257473077,2,0
0.9061774588511038,-0.3108805056467717,2,3
-0.8903708561284165,-0.5360883891046636,1,3
-1.6322868293126778,0.3433605311635163,2,0
0.0812388835079644,-0.3452490038072693,1,3
-3.6674856230615847,0.1952158168176268,2,0
0.5091506308240893,-0.3261531661166036,2,3
-0.7122374832753822,1.0551834352756313,0,1
0.0272042466138639,-0.4075776705224356,1,3
-0.1703224534275339,0.7437274562769817,3,0
0.714340337791536,-0.2677954765157338,2,3
-0.7634809459984415,-0.5365217336785542,1,3
-0.4837319051462587,-0.3347924811071112,1,3
-0.4823696665724037,-0.3345708454362697,1,3
-0.3494045986530416,-0.3129374820941988,1,3
0.3121613678485942,-0.3523125377476283,2,3
0.8011431870858285,-0.3086647858964853,2,3
-0.4650941730381203,-0.3317601295513472,1,3
-0.3299437006421882,-0.3097712017754681,1,3
-0.9998821658454558,-0.4187699219758822,1,3
-0.2592126723022177,-0.2982632917688724,1,3
-0.3341533252276929,-0.3104561060109712,2,3
-0.4836956395792123,-0.3347865807138651,1,3
-0.3313504904040023,-0.3100000859067625,2,3
-0.3717162805901871,-0.3165675838169439,1,3
-0.4852113599107515,-0.3350331878052632,1,3
-0.3927429577085648,-0.3199886157698936,1,3
-0.5002443798286589,-0.3374790541301682,1,3
1.002255775792921,-0.3125242635394022,2,3
-1.2560054297999106,-0.4604410745288529,1,3
0.996040706587956,-0.3792943019169433,2,3
-0.3492180062252464,-0.3129071235808649,1,3
-1.572394584497751,-0.5119174633892715,1,3
-0.3556625862217276,-0.3139556541673756,1,3
-0.4812662607976805,-0.3343913217582703,1,3
-0.2830966459282348,-0.4026197955342471,1,3
-0.4853817173254328,-0.3350609048884602,1,3
0.3930280356354902,1.5729049762068337,0,-1
-0.3493181952624126,-0.3129234242971194,1,3
-0.3498613242128726,-0.3130117911600162,1,3
-0.4843310783337681,-0.3348899663449488,1,3
0.7856432202937765,-0.3604195111941653,2,3
-0.503851754951809,-0.3380659726191475,1,3
-0.8869108856667707,-0.5250328300434774,1,3
0.4996782771631276,-0.4200976040620151,2,3
1.4234664553820071,-0.3147837201132741,2,3
3.0701562222823524,4.8750493468899485,2,6
0.3302824019301232,-0.3658077358676576,2,3
-0.3066953247696788,-0.3059887003242745,1,3
-0.3493009183108108,-0.3129206133440074,1,3
-0.4819072987594832,-0.3344956183781325,1,3
-0.5036349609388611,-0.338030700319995,1,3
-1.7838347523128604,-0.5463186940811308,1,3
0.1615575944645745,-0.4241126540533192,1,3
-0.4856740398104349,-0.3351084656397918,1,3
1.0727136528283867,-0.3223479294958164,2,3
-1.3512323066762206,-0.4964098580760048,1,3
0.8767784522527476,-0.3787956202867265,2,3
0.8553418407887619,-0.3943581715486446,2,3
-1.141163822762165,-0.4417563910197859,1,3
-0.3718338922245988,-0.3165867191827982,1,3
-1.366584822201953,-0.4784322974222944,1,3
0.9462206133527632,-0.2799276421578986,2,3
-0.3310809598943081,1.060363595345898,0,1
-0.3494910331144154,-0.312951544946476,1,3
1.3168134384166656,-0.2832650181120466,2,3
-0.3714736513693283,-0.3165281081398026,1,3
-0.3791896796983207,-0.3177835028612195,1,3
0.4615553071182973,-0.393649408195581,2,3
0.9156160592207524,-0.3455687442668572,2,3
-1.0149475126923142,1.1783993761379046,0,1
0.1523866629516312,-0.3791116711847059,1,3
2.0667731664439124,-0.2519219810335961,2,3
-0.1132644048768065,-0.4556967389624858,1,3
1.608177132711426,-0.2966544619528426,2,3
-0.1640985400973797,-0.4427786245765588,1,3
0.6839259109674316,-0.2667296251332895,2,3
-2.1560343052998587,1.3530964237725849,0,1
-0.5566406570932072,-0.3466547058731061,1,3
-0.378003127832143,-0.3175904513474129,1,3
-0.3715115460443448,-0.3165342735882636,1,3
1.5379528358506922,-0.2882511312416844,2,3
-0.4845978577139116,-0.3349333712433415,1,3
-0.3722060757260331,-0.3166472732895455,1,3
-0.9047950437083137,0.5080838320651492,2,0
-0.7686550156768543,0.5280032843585257,2,0
0.7555836967765115,2.919420265765973,0,2
1.0704720873842954,-0.3318364660176452,2,3
-0.2903540681761533,-0.4590931823611051,1,3
-0.487332811461434,0.4948733030527278,2,0
1.4823107610457469,-0.2545160286767134,2,3
1.646136709045719,-0.2787571265260282,2,3
-0.2512630816382809,-0.4895875495827681,1,3
-0.3312254645839317,-0.3099797442558684,2,3
0.6184127276516828,-0.3804863350909255,2,3
0.3775645244143149,0.5777984824209728,2,0
0.7663597103852798,-0.3747597599344544,2,3
0.9435985570629192,-0.3164535178810361,2,3
-1.374815548374915,-0.4797714332769593,1,3
-0.9867740419008176,1.147051149581036,0,1
-0.1538896090233395,-0.4044377143527025,1,3
0.8315625017457154,-0.3061496388496699,2,3
-3.060396097052541,0.2939890397612959,2,0
-1.083317407876274,-0.4323448024661547,1,3
0.2166461960757115,-0.4219460815935164,1,3
-1.0848081872193531,0.5159472553728224,2,0
-0.3497159082855589,-0.3129881320468331,1,3
1.858803796356276,-0.2633345990942754,2,3
0.7869744796661471,-0.320623176943933,2,3
-0.4823696665724037,-0.3345708454362697,1,3
-0.1028683240374639,-0.3895449623600357,1,3
0.8014438300019859,-0.3017816342542195,2,3
-0.3495429087144962,-0.3129599850858501,1,3
0.3191483117662279,-0.4314951176292088,2,3
-0.4838528299028802,-0.3348121555166232,1,3
-0.500004939842629,-0.3374400973402575,1,3
1.5456614654420584,-0.2969249412528969,2,3
-0.4845493303429118,-0.334925475859499,1,3
-0.4809194954774147,-0.3343349031794276,1,3
-0.3278727750770627,0.6230092281614917,2,0
-0.3297875437266269,-0.3097457951077952,1,3
0.0617371742980993,-0.3279465153055914,1,3
0.1519431123902918,-0.4459461950260165,1,3
-1.8133750582362305,0.3670678433064033,2,0
5.143362266532892,11.473179554132384,2,-1
-0.8119097964913629,-0.5638132542907562,1,3
-0.1107897272647414,-0.2741149380054372,1,3
-0.9466554221184532,-0.4858779679886248,1,3
-0.4835808347016628,-0.3347679020062291,1,3
-0.4858752179443275,-0.3351411972416711,1,3
-0.3321888797727643,-0.3101364915215632,2,3
1.1383599132484472,-0.3612929363539383,2,3
-0.3494149691474306,-0.3129391693694859,1,3
-0.4857654635434861,-0.3351233402445744,1,3
-0.0906519766406912,-0.4545345557473441,1,3
-0.3340916926634074,-0.3104460784174254,2,3
0.6035951118363249,-0.3651803330182245,2,3
0.9587669290493772,-0.3760118686108046,2,3
0.5197491347757381,-0.4047558868207838,2,3
-0.5023774776984595,-0.3378261082999866,1,3
-1.384360962635562,-0.481324468357394,1,3
-0.3776529668412581,-0.3175334802943193,1,3
1.6610892047546937,-0.268283485269736,2,3
-0.010347633984674,-0.3989472618322987,1,3
-0.5415761692470574,-0.3442037197288685,1,3
1.5543962787482488,-0.2941871768540355,2,3
1.588456913169642,-0.2794045557076323,2,3
-0.46971394884187,-0.3325117652259293,1,3
-0.818570043687229,-0.389270512256108,1,3
-0.4839193644597261,-0.3348229806623971,1,3
0.6003330787418822,-0.3425206274450427,2,3
-0.5607418486534337,-0.4744630640986164,1,3
-1.6023095043339468,-0.6422841842136121,1,3
-0.3310716758739754,-0.3099547228942998,2,3
1.788002502860976,4.902717406105462,2,-1
-0.5415761692470574,-0.3442037197288685,1,3
-0.3925691510860786,-0.319960337501967,1,3
-0.4812483123863021,-0.3343884015589214,1,3
0.5413025750452762,-0.4031762249629125,2,3
1.1991813062170786,-0.3025782896505125,2,3
-0.3709135075782748,-0.3164369729691501,1,3
-0.3718376871066007,-0.3165873366085813,1,3
-0.4755409386118476,-0.4358368580605107,1,3
-0.4846949418577772,-0.3349491667946984,1,3
-0.4802311778433344,0.5204327113942636,2,0
-0.3338971671999859,-0.3104144292023696,2,3
-0.3180795032888704,-0.3078409016137593,1,3
1.1738297610051462,-0.3218522638199366,2,3
0.8362827963193094,-0.3511589561843127,2,3
1.1434581484556954,-0.3292176522937751,2,3
-0.2683111821511676,5.106509835533175,2,-1
0.5808000027346825,-0.3852683683453639,2,3
-0.5411843307477432,-0.3441399677618315,1,3
-0.8814711379252571,-0.5607793994096171,1,3
-0.5035561752073718,-0.3380178819130092,1,3
-1.5946880183094254,-0.5155445961493048,1,3
-0.3313088079043454,-0.3099933041807483,2,3
-0.2310673640954529,-0.4605534651621529,1,3
0.2958282028361474,-0.372445983402233,2,3
0.5459092919367801,-0.3449140372321123,2,3
-0.5015297766115526,-0.33768818767237,1,3
-0.3348713726474871,-0.3105729320388319,2,3
-1.2161004893527625,0.5160980486822402,2,0
1.5493380943579524,-0.3244578341056013,2,3
-1.298629812084996,-0.4673760444697084,1,3
-2.112479713257988,1.3858085063345933,0,1
-0.3319444491347373,-0.3100967227545696,2,3
0.0493331968969719,-0.4392089360111508,1,3
-0.3311165207509857,-0.3099620191378439,2,3
-0.1580500415088086,-0.4545066331409829,1,3
0.5248324784064011,-0.3417335554014786,2,3
-0.1206109212001283,0.5595699746849513,2,0
0.0617371742980993,-0.3279465153055914,1,3
0.9446361533888272,-0.3490952635707491,2,3
0.8150369208806026,-0.3542352549459873,2,3
0.623526426758955,-0.4187577329560423,2,3
-1.5946233503250036,0.4105550756498363,2,0
0.12616074305694,0.5852172981151307,2,0
0.9233894399611928,-0.3861313973740646,2,3
1.19655610568022,2.8290069055903,0,2
-1.375471840580472,0.4525652794200566,2,0
0.4230911401746688,-0.3459001504645801,2,3
-2.3092633214529723,0.4161980417717966,2,0
-0.4852417720236115,-0.3350381358438556,1,3
-0.1350651430209253,0.5399876608292336,2,0
0.863784536057607,-0.2892616914625775,2,3
-0.371598726476199,-0.3165484578096394,1,3
-0.3930039035199624,-0.3200310715489857,1,3
-0.3319926723395187,-0.3101045686506901,2,3
0.0667766628939617,-0.4441983545969422,1,3
1.7978363375035509,-0.2784868437131313,2,3
-0.4841251332441904,-0.3348564591612872,1,3
1.1066661688311348,-0.3252323584988223,2,3
-0.3494045986530416,-0.3129374820941988,1,3
0.6127173614483433,-0.390153414028586,2,3
-0.4813620083002825,-0.3344068998386285,1,3
-1.9181610741428712,-0.6091243504620466,1,3
-0.3726207130151172,-0.3167147346105547,1,3
-0.3181159185755188,-0.3078468263663247,1,3
-1.2416290944999315,0.557448948150655,2,0
-0.5000890402280346,-0.3374537804393087,1,3
0.8428341622507404,-0.351567467009084,2,3
-1.137287260121596,-0.5425648704914826,1,3
0.773598530651169,-0.3548132587765044,2,3
-0.3587970839019626,1.1127742314764424,0,1
0.2975969193858685,-0.3612330043899892,2,3
1.2411819163039963,-0.3393095752689757,2,3
0.1811461492846388,0.5710767164979424,2,0
1.2956975238567152,-0.3584421671729877,2,3
-1.207739420515462,1.8238502589570351,0,1
0.9759425460554764,-0.326722206464154,2,3
-0.3299086361760158,-0.3097654968008534,1,3
-0.5015297766115526,-0.33768818767237,1,3
-0.3344877139328841,-0.310510510919494,2,3
-0.485351287501788,-0.3350559539683302,1,3
1.2003401247579224,-0.3390554858237933,2,3
-1.330942981433517,4.976935327826005,2,-1
-0.2807392850384422,-0.3427164806191005,1,3
-0.570283080325712,-0.3488743226737689,1,3
1.2696642698013605,-0.1948507335726254,2,3
-1.879156092104256,0.4861763158715406,2,0
-0.4846828041951141,-0.3349471920018402,1,3
-0.3492387315655199,-0.3129104955854337,1,3
-0.3719857342572651,-0.3166114238207506,1,3
0.5015821404607443,-0.3747260317887774,2,3
-0.4817873485942241,-0.3344761025342451,1,3
0.8973234152250668,-0.3061584135641216,2,3
-1.2108197404382612,0.5949143728405556,2,0
1.5278939066621275,-0.2889479167252669,2,3
-0.8714269350566137,-0.4891789926757633,1,3
-0.3311838037581633,-0.3099729660561872,2,3
0.9377791551473108,-0.2972408598460583,2,3
-0.5412150401043286,-0.344144964161859,1,3
0.2879780422702821,-0.4081387294996244,2,3
-0.4514243515023675,-0.4970230375093634,1,3
-1.9596733210868087,0.3177709871065905,2,0
-0.5088927603360893,-0.3388861421779192,1,3
-0.297711660153059,-0.3984060431575928,1,3
-0.379099702579616,-0.3177688636200123,1,3
-0.4825019351902806,-0.3345923654874685,1,3
0.4576688109717932,-0.2345551252126086,2,3
-0.4478606705659447,-0.3289562455954262,1,3
-0.4812423298803302,-0.3343874282075938,1,3
0.573536891547296,-0.3845507144758651,2,3
0.7938463265613626,-0.3592328243257819,2,3
-0.3345299514141555,-0.3105173829407948,2,3
0.3869901940335826,-0.4462758469418625,2,3
-0.1051532041107175,-0.3904793907456047,1,3
1.2757361982254871,-0.3510664916330339,2,3
-2.862732967395646,-0.7218550019342019,3,3
0.7325657779557454,-0.3148325956059132,2,3
-0.3318383921275412,-0.3100794673219394,2,3
-2.645758481834447,0.8891123914037072,0,1
0.4272435576464651,-0.4241376402922365,2,3
0.6541538839190617,-0.3750609947021617,2,3
0.0706785543026753,-0.4601845160938671,1,3
-0.3321534862655173,-0.3101307330120975,2,3
-1.0946056215712032,0.4401953961522376,2,0
1.06097786553651,-0.2796478181380299,2,3
-0.3312863664751012,-0.3099896529691906,2,3
-0.4840403835865515,-0.3348426704259035,1,3
1.5095685426233545,-0.3185583613504085,2,3
-0.3926684537661388,-0.319976494008275,1,3
-2.0121494099181625,2.7779831602235707,0,-1
-2.883123645714924,2.5006773189104603,0,1
0.2803507403857028,0.5608609680524396,2,0
1.0020787972928926,-0.3113376992772278,2,3
-2.48156216665088,-0.6922914202985063,1,3
-0.3791896796983207,-0.3177835028612195,1,3
-0.5041345378336489,-0.3381119812808621,1,3
0.9896143018945937,-0.2872148241248752,2,3
0.2602362143543896,-0.4023164881351344,2,3
-0.9303292753123116,-0.5699596007078004,1,3
-0.0939761564864986,0.5532245069980016,2,0
-0.4821473788190634,-0.3345346793077537,1,3
-2.0245768533449557,0.3755383638787432,2,0
0.631951092933358,3.838446079135624,2,5
0.5935001472406923,-0.3756171312284009,2,3
0.6153340032802155,-0.3919446003059667,2,3
-0.3791388189274542,-0.3177752278341524,1,3
-0.2218488314145104,-0.3791622621399872,1,3
1.5260915604894378,-0.2990264486660383,2,3
-0.4183864241623167,-0.4770630737919367,1,3
0.295985506793712,-0.3885295400252024,2,3
-0.5094900478998441,-0.4226757931983522,1,3
-0.580751640644223,-0.383030308361399,1,3
-0.257777043483536,0.6248995029248162,2,0
-0.782250032428075,1.5673111381500673,0,1
-0.4862554546554318,0.5139327315091528,2,0
-1.232006392049923,-0.4565364406905848,1,3
-0.4834057118560668,-0.3347394095893292,1,3
0.1940545579936801,-0.3249874855969524,1,3
-0.4849682014341044,-0.3349936260184171,1,3
-2.321705437221508,1.027216611098612,0,1
-0.3491938289200142,-0.3129031899429786,1,3
-0.4833332845352093,-0.3347276256932088,1,3
-0.4823937099988181,-0.3345747572921259,1,3
1.4075925948603276,-0.3072306638422005,2,3
-1.5477704139834505,1.03757526705924,0,1
2.3898591405631446,4.945346633084326,2,6
0.4572549907684142,-0.4013876605396229,2,3
0.6614630045877433,-0.3726270691111155,2,3
0.9181648525879004,-0.3439689211883031,2,3
-1.6698530430100302,-0.5277739155894307,1,3
-1.6999598932929854,1.128374362292906,0,1
-0.3494772015117205,-0.3129492945502525,1,3
-0.3338582809917422,-0.3104081024318494,2,3
-1.5979844177788216,0.4277549534093069,2,0
-0.9193243132111664,0.5298926250622957,2,0
-1.3849533068695288,1.529205746044931,0,1
0.1958724990587189,-0.3838149676119444,1,3
-0.0533338565328451,1.549949723744838,0,4
-0.4633052626137498,-0.3314690745411675,1,3
1.0461395551247434,-0.357170088255816,2,3
-0.3723467439881153,-0.3166701599594953,1,3
-0.4818893024181844,-0.3344926903806047,1,3
-0.3319123057056505,-0.3100914930315199,2,3
0.5748824085258839,-0.3959830963841659,2,3
-0.3157723473110196,-0.3074655282594137,1,3
1.7799876502091685,-0.2963770666541072,2,3
-0.3717504199752884,-0.3165731382812384,1,3
-0.4816914315424795,-0.3344604968683092,1,3
-0.541606928710089,-0.3442087242811948,1,3
-0.4831402516412995,-0.3346962193186153,1,3
-0.5415838587437922,-0.3442049708069102,1,3
-0.4848649335231354,-0.334976824370627,1,3
-0.3339717166881449,-0.3104265583742607,2,3
0.4685349814128429,-0.3961448014930386,2,3
0.6452384951381382,-0.418313915664624,2,3
0.5671742485726932,-0.321621799327472,2,3
0.0812388835079644,-0.3452490038072693,1,3
-2.133335442362412,0.444821437299065,2,0
-0.5457959666385931,-0.4672775289387894,1,3
0.9325799479621047,-0.3406875991089871,2,3
-0.3791505550732377,-0.317777137300375,1,3
3.072739804302627,6.260353657149483,2,-1
1.2310704206035596,-0.3237048286318204,2,3
-2.4233475897055667,0.324233004294703,2,0
0.2167279002799544,-0.4032616541972381,1,3
-0.1703224534275339,0.7437274562769817,3,0
-0.3572394839437176,-0.3142122147957188,1,3
-2.5847970094117163,2.0119400625901736,0,1
-0.3578975012652677,-0.3143192739506174,1,3
2.6250528021171826,2.9854370195851176,0,2
-0.484349258433894,-0.3348929242399642,1,3
-0.2683928771831274,0.5162416913614235,2,0
-0.3021833399331389,-0.4943657683308205,1,3
-0.3315975273692984,-0.3100402787221598,2,3
-0.481847316194372,-0.3344858592387921,1,3
-0.257777043483536,0.6248995029248162,2,0
-0.4649320098830125,-0.3317337456709037,1,3
-0.3318962356029062,-0.3100888784322342,2,3
-0.480955344561525,-0.3343407358110666,1,3
-0.2064350602138059,-0.3750573144141625,1,3
-2.6695199043960125,2.5764788750338083,0,7
0.1980293319595373,-0.3986334530879817,1,3
-3.838440154716043,2.061516325679124,0,-1
0.4982993803540425,-0.2399218941600218,2,3
0.3270917242169203,-0.36769574079231,2,3
-0.5090332813920795,1.632892846778895,0,1
-0.8840300032223325,-0.3999208214774666,1,3
-0.0702559155131825,-0.3958351192501183,1,3
0.5639026469598172,0.6645651176619627,2,0
1.3868806194807448,-0.2483449306462992,2,3
0.9140318464091418,-0.3649386869876929,2,3
-0.6784804167292362,-0.5039549076743078,1,3
-0.2551177734889351,0.585919080512958,2,0
0.8488839523594138,-0.3779475657101229,2,3
-1.1503749545873767,-0.4432550384817446,1,3
0.7334679184801789,-0.3673625777813223,2,3
1.3470445807461175,-0.313640126118645,2,3
-1.0403998307104507,-0.4458375386216871,1,3
0.6798240837677497,-0.3853539308905121,2,3
0.5780563828733282,-0.3729672972416754,2,3
0.6822622232235683,-0.2986481133864681,2,3
0.8326364514271937,-0.3092370547847786,2,3
-1.6443516220244268,-0.5711672715148145,1,3
-0.2486980929663808,-0.2965525739185334,1,3
0.9772350095729728,-0.3388211805219511,2,3
-1.0900190874970443,1.5712636591801354,0,1
-0.654816962907521,-0.5086029356661982,1,3
-1.5136555268388117,0.4406189450266387,2,0
0.8152898814944963,-0.3369241892132622,2,3
0.5369768443999285,-0.3317078695089531,2,3
0.7537583029429931,3.9135037793143934,2,5
-0.8020629892112098,0.66141893269369,2,0
0.6805310117396216,-0.3680213254992999,2,3
-0.3485208034934051,1.145007993174641,0,1
-0.7206909911229058,0.5420648350309434,2,0
-0.687523995647156,-0.5088743026453492,1,3
0.2982244756615332,-0.4183079836540872,2,3
-0.4833332845352093,-0.3347276256932088,1,3
-0.4843310783337681,-0.3348899663449488,1,3
-0.3346372029815312,-0.3105348327278881,2,3
-0.119884524012245,-0.4445713561016086,1,3
-0.3348583572348039,-0.3105708144363967,2,3
-1.0474795834731288,-0.5150072472641188,1,3
0.4201115252433159,-0.4346021024757796,2,3
0.7753079923374039,-0.3973183757178762,2,3
-0.3524904663332272,-0.3134395515308985,1,3
1.1360825309065794,-0.2668834330815074,2,3
-0.4833513893195056,-0.3347305713343688,1,3
-0.7925695826437156,-0.3850402476488895,1,3
1.5643147916140914,-0.2897207734802935,2,3
0.7093279790125913,-0.3027017592181762,2,3
-1.4751946550608446,-0.516578482552377,1,3
0.0812388835079644,-0.3452490038072693,1,3
-0.3319508783364084,-0.3100977687831087,2,3
-1.256607087519983,-0.4605389639991443,1,3
-2.3281601116076875,-0.6824226391315091,1,3
0.0497243470272259,0.5677480269802798,2,0
-0.782250032428075,1.5673111381500673,0,1
1.2517209814101182,-0.3438265980687886,2,3
-0.1476544663750221,-0.4729039780372068,1,3
-2.3629660626777147,0.3460344009061976,2,0
1.4346957639775395,-0.309116349225388,2,3
0.3627860084062926,-0.42031037202757,2,3
-1.482332467519076,-0.4972643929968482,1,3
-0.3313376642495879,-0.3099979990965719,2,3
0.3930616610547989,-0.3737628624669882,2,3
-0.0348287175690291,-0.5081735405431175,1,3
-0.0834311653242697,-0.3310899372842221,1,3
1.3798970649023168,2.979008393815944,0,2
-0.3476692149439011,-0.44809402391924,1,3
-0.4632925894462367,-0.4902515043193379,1,3
0.4463303341758809,-0.4159207550920992,2,3
-0.5417453950265985,-0.344231252695481,1,3
0.8600150508171874,-0.3632166079792104,2,3
-1.396397285127809,1.177763877165238,0,1
-0.3173039552165935,-0.3077147202527496,1,3
-2.126734406981474,0.4134426680010236,2,0
-0.6439508902190878,-0.4997111581242875,1,3
1.457095897636853,-0.2850997495154387,2,3
1.3181595368091394,-0.3044569214815523,2,3
-0.3792288106928991,-0.3177898694583785,1,3
-0.6958842982927517,-0.3693095905753765,1,3
0.0106110835826486,-0.4070979863653067,1,3
-1.5965152506684814,0.5321618676692274,2,0
0.408890782584218,-0.2371055539275741,2,3
-0.9628055994807136,0.6352661743269438,2,0
0.0771999560845853,-0.480172885573401,1,3
-2.1737768221189078,0.936321058305542,0,1
-2.3403354958868974,0.4111426114254971,2,0
-0.4686499824457359,-0.3323386583190439,1,3
-1.6103446335213358,0.3907933902864826,2,0
-0.5703610763676792,-0.3488870125985854,1,3
-1.138016949725441,-0.4412443960359899,1,3
-1.0995010671325702,-0.5234711218381597,1,3
-1.2927821588339186,-0.4664246336258038,1,3
-0.8840300032223325,-0.3999208214774666,1,3
0.8672924506601472,-0.3635043277242115,2,3
-0.1791941824478527,1.1098391726161585,0,1
-0.334227954219205,-0.3104682481180261,2,3
0.8362070636853927,-0.3721153957307926,2,3
-0.3592317270216845,0.553001629002972,2,0
-0.2530121343382283,-0.3772496487512653,1,3
-1.6999598932929854,1.128374362292906,0,1
-0.0608173075315761,4.337228895902331,2,-1
1.3406074807740784,-0.3270061159854291,2,3
-0.4815655984707632,-0.3344400238778954,1,3
-1.0764437148286667,1.4607866838231105,0,1
1.701090628417831,-0.2306575626940123,2,3
0.7842316365261706,-0.2933192599925107,2,3
0.9935010853319828,-0.345301375292017,2,3
-0.3313761447662933,-0.3100042598612412,2,3
-0.3724266193685492,-0.3166831556519283,1,3
-0.4817154072172871,-0.3344643977010061,1,3
0.2044499714047464,3.767244574529751,2,5
-0.333731944245149,-0.3103875474937346,2,3
0.2988175685407478,-0.3819150298760758,2,3
0.6339082169499404,-0.3125467315990648,2,3
0.2687138618850384,0.6109723512145003,2,0
-2.5847970094117163,2.0119400625901736,0,1
-0.4645410317478982,-0.3316701336847777,1,3
0.2638861139299983,0.6596112625476057,2,0
0.9041450823018584,-0.3628274318507646,2,3
0.814925304228924,-0.3172291322282595,2,3
0.8455861329358085,-0.3238101344517132,2,3
1.1349001289861815,-0.2690876436506544,2,3
0.3122498768925542,-0.2627683033330556,2,3
0.1478032601035275,1.1607632711736844,0,1
1.7411284080043488,-0.2024263667329528,2,3
0.7132186291190407,-0.3869760361024767,2,3
0.2166987198457017,-0.3988353979429924,1,3
1.2215252198353117,-0.3021595186832498,2,3
1.1301994545829523,-0.2489706004338152,2,3
0.4349681028155017,-0.3842235054696843,2,3
-0.4852965235254235,-0.3350470438912906,1,3
-1.030004604487356,-0.4236708306888733,1,3
-0.6108738525933981,-0.4685756140845096,1,3
0.8497024909622917,-0.3319413695207418,2,3
0.1616941449844999,-0.4219171023467201,1,3
1.8292595385437809,-0.2544931083883871,2,3
-0.4833393193117865,-0.334728607548943,1,3
0.3493804053391818,-0.3961858165978794,2,3
-0.352637571073837,-0.3134634854133291,1,3
-0.1864350769118694,-0.5075089397985622,1,3
-0.3353860459948632,-0.310656669186494,2,3
-0.4833574245506625,-0.3347315532640629,1,3
0.3628421672458088,-0.2965243650516719,2,3
-0.5815636323347058,0.5077935965260413,2,0
-0.8878849768415413,0.4697398265607918,2,0
-0.3318705256730855,-0.3100846954369406,2,3
-0.7865631028076574,-0.4165157508961604,1,3
0.344704921468714,-0.3710402368338965,2,3
-0.3315012490085526,-0.310024614271394,2,3
1.2794820463380578,-0.3205745846570477,2,3
-0.8172473457230238,0.5855448712802087,2,0
-0.6728956532535599,-0.3655693472268277,1,3
-0.0424339233848568,-0.3897326642256674,1,3
-2.265507604165436,0.3618908531063567,2,0
0.2022332226748829,-0.4099002754730184,1,3
-0.1768474129793817,-0.2848624970370153,1,3
-0.4848102802327767,-0.3349679323021561,1,3
-1.0409985059622633,1.8197644109018527,0,1
-0.3315493833683227,-0.3100324457124667,2,3
0.4380714096438986,-0.4062976121865612,2,3
-0.3719477647554697,-0.3166052461980027,1,3
0.9851735193433528,-0.3573837862974393,2,3
-0.3320248265184852,-0.3101098001227408,2,3
1.434077061802783,-0.3047890423468152,2,3
-0.8840300032223325,-0.3999208214774666,1,3
-2.0465555771251878,2.305512802482815,0,1
-0.351731856094019,-0.3133161259485511,1,3
-1.6999598932929854,1.128374362292906,0,1
-0.4843128996086133,-0.3348870086736407,1,3
1.5090126397595476,-0.3086596833582313,2,3
-0.9486669312213808,1.5286193973994653,0,1
1.069060061079819,-0.3245583235793126,2,3
-0.4863758453785629,-0.3352226491248859,1,3
0.5449145357136902,-0.409997439400756,2,3
-0.4852661044847127,-0.3350420947255397,1,3
-0.484986429789612,-0.3349965917645637,1,3
1.003559187037339,-0.3188371944386597,2,3
2.0077268036997897,2.9478280344322747,0,2
-0.4843007812222807,-0.3348850370170337,1,3
-0.4187001809290598,-0.3950451221599634,1,3
-0.317137659620196,-0.307687664025762,1,3
-1.7601231336533956,0.4255477485504003,2,0
-0.2803513848430103,1.1548799028012608,0,1
-2.561212419074349,0.988248920994264,0,1
0.6916874952339482,-0.3903126040042684,2,3
-1.396397285127809,1.177763877165238,0,1
-0.0262010435316655,-0.4909724341579349,1,3
-0.6326621121755227,-0.4065657931085005,1,3
-0.334176035946213,-0.3104598010357863,2,3
-0.4853938903336483,-0.3350628854320256,1,3
1.8121221381293957,-0.2548935984788413,2,3
-0.3318544583633293,-0.310082081292073,2,3
0.9209223512279736,-0.3659363089450088,2,3
-0.4842765462823862,-0.334881094002011,1,3
1.2334815921082027,-0.3322527794744739,2,3
0.1910854179548442,-0.3699006649329479,1,3
-0.5953544574796144,0.5054532995092843,2,0
-1.693688253330979,-0.5316518947705527,1,3
1.3243455404724125,-0.2939194630851576,2,3
0.7562376132860157,-0.3838798045137517,2,3
-0.1703224534275339,0.7437274562769817,3,0
1.270906466346713,-0.2729579008627731,2,3
-0.331706689485738,-0.3100580393548213,2,3
-1.0141109891873124,-0.4620357634119909,1,3
-0.4818533137773365,-0.3344868350431403,1,3
-0.4867611833177253,-0.3352853434533876,1,3
-0.0349655292500397,-0.4561689426107737,1,3
1.3174832508798284,-0.3164607126121918,2,3
0.8149668916169995,-0.4306339505905589,2,3
-0.1247203992975977,-0.2968568615567257,1,3
-0.3318640986202976,-0.310083649758024,2,3
-0.4808717050142556,-0.3343271276901958,1,3
-1.7906831395999172,-0.5474329239522272,1,3
-0.059052996605868,-0.388084642493587,1,3
-0.0715111993324839,-0.4559402902872203,1,3
0.3795293106775584,-0.3621312232398299,2,3
0.5949170840611796,-0.298415164530893,2,3
1.0977282798285577,-0.3456973104007378,2,3
-0.2619622370755391,-0.298710644857203,1,3
0.8098107975380875,-0.3469718141323719,2,3
-0.4846888729498305,-0.3349481793858041,1,3
-1.1765477368733783,0.4241761613133927,2,0
-0.3523959465191761,-0.3134241731949762,1,3
-1.442241157941628,0.5367867920341237,2,0
-0.0485803349171988,-0.2964462498777153,1,3
1.7132874705682524,-0.2361802399863102,2,3
-0.4839859174390786,-0.3348338088055053,1,3
1.333763183744283,-0.3284060827252061,2,3
-0.3315108751093955,-0.310026180434149,2,3
-0.7509116917052938,-0.3782625254633769,1,3
-1.265991655814462,0.9836675680089304,0,1
-2.036631469663328,1.8134879855316053,0,1
0.5243293777541943,-0.3678342213909595,2,3
0.3356728467982185,-0.3290132648083322,2,3
-0.4830558484732764,-0.3346824869569534,1,3
-0.8099992812823646,1.2731705977329812,0,1
-0.2921437888698186,-0.5331143515144833,1,3
0.92463249720192,-0.3620068860756169,2,3
1.2696642698013605,-0.1948507335726254,2,3
0.8175096360616241,-0.3485260669877361,2,3
-0.257777043483536,0.6248995029248162,2,0
-0.3716290575182336,-0.3165533926580409,1,3
-0.3729254897422727,-0.316764321662101,1,3
0.6607139652321419,-0.4050015918067158,2,3
-0.1417755555326236,-0.4010709233132707,1,3
-2.2654555030900214,-0.6246781975032029,1,3
0.4355037727637698,-0.3877404082352848,2,3
-0.36033907405152,-0.4598352157971957,1,3
1.3731965878278605,-0.3042988466020255,2,3
-1.254939026416882,-0.5402627531530501,1,3
-0.3384016663431125,-0.3111473094103984,2,3
-0.0051222674338441,-0.4522410607092252,1,3
-0.1749312166117465,-0.2845507326548022,1,3
1.1394203377382697,-0.3183644591964607,2,3
-1.0242760581140269,-0.4432142072724721,1,3
-0.4841251332441904,-0.3348564591612872,1,3
0.5001565751638442,-0.3975251339811604,2,3
0.5965906616237922,-0.3030366429269378,2,3
-2.7431423103809376,0.8591798537306464,0,1
0.5546291250023294,-0.338809039128465,2,3
0.5696713397426731,-0.3783928314319734,2,3
-0.457070251443848,1.5835522152490409,0,1
0.5639026469598172,0.6645651176619627,2,0
0.4715019012436985,-0.3631897992832001,2,3
0.2963362518268935,0.6008601041509363,2,0
0.9932721726843606,-0.3573966313415965,2,3
-0.3303457134636123,-0.3098366091006409,1,3
0.8660226242371185,-0.3344784690431221,2,3
-1.4466682656740102,1.4111127750624748,0,1
0.3053390635570161,1.1745787991902223,0,1
-0.3791466429609715,-0.3177765008012748,1,3
-2.5964849135899577,0.8820395094374781,0,1
-1.2991996955972431,0.4514625017858184,2,0
-0.1376414931912066,0.5191977555501497,2,0
0.0703333663173736,-0.4406706228977168,1,3
-0.3461488911976106,0.5721409172189917,2,0
-0.4733982710320217,4.99290192148138,2,-1
0.0345482838339057,-0.2829212568723512,1,3
0.3955296965198117,-0.3715389002013931,2,3
-1.0629432517358184,-0.4495053442013513,1,3
0.6058772247101226,-0.3085204588773966,2,3
-0.0601717908963785,-0.466787761426656,1,3
-1.0143231808284183,-0.4415948781209299,1,3
1.5797073888465134,6.773552584254638,2,-1
1.003992315830453,-0.4072248486376952,2,3
1.129341397941215,-0.3067086407846965,2,3
0.8846454954970426,3.799712776672332,2,5
-1.5096340313442365,-0.5017063465059806,1,3
-0.2647509108430267,-0.2991643609632343,1,3
-0.5699870965422978,-0.4937268584845151,1,3
-1.3918587334516053,1.560534991016355,0,1
-0.156218443918384,-0.4057118279337595,1,3
-0.3175369625090279,-0.3077526304459865,1,3
-0.1759705495619768,-0.2847198317098965,1,3
0.8762139924580253,-0.3758726090225437,2,3
1.4353528859521243,-0.2839919470591658,2,3
-0.4242530938975714,1.1856449188189442,0,1
-0.1026584982696052,0.5114226485899237,2,0
-0.4617390915553249,-0.3312142591366938,1,3
-0.4614634405541435,-0.3311694108291084,1,3
-2.195606777423849,0.4346899160035855,2,0
-0.3172343994247586,-0.3077034035532521,1,3
-0.9226599798578434,1.7937567157722512,0,1
-0.9131129331092194,-0.4046526025319956,1,3
1.3142174774477484,-0.301154960160483,2,3
-0.3724075990131047,-0.3166800610477088,1,3
-0.5409464661725003,-0.3441012672906253,1,3
-0.3165731136389903,-0.3075958126205332,1,3
-2.2774474970229104,-0.6471046989034243,1,3
-0.3398623153278393,-0.311384956415708,2,3
0.681449188222269,-0.2803538968814109,2,3
1.0913510034014675,-0.3334971226100203,2,3
-0.4695144521639092,-0.3324793071962573,1,3
-0.0020833459218234,-0.3383300884064218,1,3
0.9457179863830008,-0.2915766520383796,2,3
-0.261894974689857,-0.2986997012939688,1,3
-0.3170470014010145,-0.3076729139697797,1,3
-0.3712842675576532,-0.3164972954694285,1,3
1.7450385718119723,-0.2623106283594556,2,3
-0.3338356002751821,-0.3104044122883412,2,3
0.785447682822938,-0.3528263859192678,2,3
-0.4809433942727281,-0.3343387915038615,1,3
-2.648470591870515,0.9535766424121286,0,1
-1.1144481848871723,1.5553117084836747,0,1
-0.2599691870257203,-0.298386376411653,1,3
-2.5629928114290097,0.3749163552872018,2,0
-0.4821473788190634,-0.3345346793077537,1,3
-0.4852843554471734,-0.3350450641498286,1,3
-0.4819732968745552,-0.3345063562450444,1,3
-0.3480121102167476,-0.3127109247828435,1,3
-0.4816734513556838,-0.3344575714991127,1,3
-0.4826282595329744,-0.3346129184074738,1,3
1.4696219497460814,-0.334699988376736,2,3
4.121449165496583,6.286028504942455,2,-1
-1.2534650541029893,-0.4600277564195417,1,3
1.1808453795587637,-0.355425532100156,2,3
0.5607198182046691,-0.3930650816996271,2,3
-3.407287285665688,1.581984770301753,0,1
0.8175839179563564,-0.3795440948353142,2,3
-0.3727387681400601,-0.316733942132141,1,3
-0.6987256894250257,-0.4952714591135578,1,3
-0.4841009160069546,-0.3348525190264799,1,3
1.974088922235461,-0.267406979147881,2,3
1.9927742758376077,-0.2502448753121521,2,3
-1.851563682463911,-0.5897909190267284,1,3
-2.3436095431906407,0.9086893425488476,0,1
0.3753099292203029,-0.3799897471117572,2,3
-1.7775589803692466,1.5182571239740354,0,1
-0.4839556638003941,-0.3348288865505979,1,3
-0.330348906732428,-0.3098371286441994,1,3
-0.4682585823752261,-0.3322749776841979,1,3
0.7385476213466169,-0.3429042617416725,2,3
-0.5031436526751402,1.175881288769656,0,1
-1.5414218836393634,-0.5068782173539059,1,3
-1.7976972891232277,1.0287800545299106,0,1
-0.918696636177333,-0.4055610687867565,1,3
1.2274105890014546,-0.328732148240855,2,3
-0.177740449339739,0.5306374407070911,2,0
-0.3790801467925994,-0.3177656819012903,1,3
0.1787391331327719,-0.3484429796689644,1,3
0.5279278804381818,-0.4024294541371238,2,3
1.0392243689147356,-0.3466751346587309,2,3
-1.0149475126923142,1.1783993761379046,0,1
-0.3526095441812789,-0.3134589254491253,1,3
1.873785318781353,-0.2789255184456971,2,3
-1.317628901667307,1.0262048046570431,0,1
0.7579382159112013,-0.2850003014220829,2,3
0.7466667155074032,-0.3956959112377989,2,3
-0.3789823917161891,-0.3177497771894768,1,3
-1.491986178433257,-0.5807366830441023,1,3
-1.2896769024758354,0.3876119451812592,2,0
0.5285814581061188,0.5983781394028829,2,0
0.3112708003634115,-0.4217120903900052,2,3
-2.120535177375001,1.494907789082406,0,1
1.099512131742208,0.6620825373172994,0,0
0.1031992912808522,0.5946697540887593,2,0
-0.3025132353150721,1.849262571614856,0,-1
1.837764538239026,-0.2891250087813796,2,3
1.8217591699277889,-0.2911104808243939,2,3
-2.1156890192184497,0.3862662769245782,2,0
0.0405282607761036,-0.368926369348572,1,3
0.5528080197890821,-0.4002551859095873,2,3
1.0076712250614237,-0.2923182514444126,2,3
0.0464970320227681,0.6491928793434758,2,0
-2.7612122453330734,0.9232562741825716,0,1
1.2181043779441418,-0.2969020792720475,2,3
0.5161365299888308,-0.3950501718570555,2,3
-1.2915585392325153,0.9964860411678592,0,1
-0.4303316592907079,0.5906645718289437,2,0
-0.4833453542398825,-0.3347295894293292,1,3
-2.1459435326851213,1.3585143569232452,0,1
-1.2557156275850607,0.5876098299676835,2,0
1.0465116799014489,-0.3264315621917777,2,3
-0.1037898055315871,-0.3344022798990696,1,3
0.2483854899445263,-0.3141098311053077,1,3
-0.2520363538522453,-0.4165265150735108,1,3
-0.1796424562990294,-0.4057667706453604,1,3
-0.3142235608877572,-0.3072135413281242,1,3
-0.8721761017695251,0.4900211932817492,2,0
0.5871632550448572,-0.3538639225857995,2,3
-0.4859972260856577,-0.3351610479174417,1,3
-0.2150093460814569,-0.4608129530174134,1,3
0.2223277210554037,-0.4357302927152017,1,3
-0.4836231248561163,-0.3347747825974355,1,3
-1.5317674881493162,-0.5053074510710586,1,3
-0.4821593891190543,-0.3345366333787561,1,3
-0.3381244510496872,-0.3111022065930909,2,3
-0.1150153530158718,-0.2748024456241845,1,3
-0.3346567084091624,-0.3105380062531583,2,3
-0.3523819467443652,-0.3134218954372167,1,3
-0.4810330359242935,-0.3343533761646994,1,3
-1.5535435512197566,-0.5088504078185284,1,3
1.1414559741140613,-0.3599666164258844,2,3
-0.4689681096809758,-0.332390417492913,1,3
-0.3715721899537536,-0.3165441403280566,1,3
-0.0020833459218234,-0.3383300884064218,1,3
-0.3296601438621597,-0.3097250672008279,1,3
1.096044725831865,-0.3136125874519129,2,3
-1.6263202442765037,1.1198800949334755,0,1
0.8304135518706666,-0.3379046682084489,2,3
-0.2830715366580213,-0.3821403014798747,1,3
-0.1885356744467424,-0.4448568346677241,1,3
-0.3308667772034608,-0.3099213859626011,2,3
-0.4677546724115842,-0.3321929917347622,1,3
-0.3573788046412844,-0.3142348822174612,1,3
0.3038574234720561,0.5582739536270295,2,0
-0.4833694954676103,-0.33473351719742,1,3
-0.909461248689382,-0.4040584749381765,1,3
-0.3315814782974896,-0.3100376675445988,2,3
-0.3713675780517783,-0.3165108500534845,1,3
-0.1599199839227054,3.695884416801919,2,5
-0.4786816642292697,0.5084539084918394,2,0
-0.4853817173254328,-0.3350609048884602,1,3
-0.3316328390997721,-0.3100460239265772,2,3
-0.4843553187728544,-0.3348939102546879,1,3
-0.3790957912949262,-0.3177682272555584,1,3
-0.2231858947981358,0.5690477769522284,2,0
-0.4841554082223348,-0.3348613848881163,1,3
-0.3726702129438105,-0.3167227882291448,1,3
-0.5413609631525905,-0.3441687057834174,1,3
-0.4823576457610351,-0.3345688896550704,1,3
-1.418048088486441,1.436499696411372,0,1
0.9027867183068716,3.8402654337448032,2,5
-0.9287495928139315,-0.5351255507126883,1,3
0.6939082430947923,-0.3377449008229622,2,3
-1.396397285127809,1.177763877165238,0,1
-0.0323935267548006,0.6394292492941875,2,0
0.6118058210398105,-0.3851034569434878,2,3
0.6907880518783587,0.594433955794446,2,0
1.203358767912273,-0.3035506655675482,2,3
0.0247047509345687,-0.4598642471998457,1,3
-0.9448009461073528,0.5624275083084287,2,0
-0.7399413973444359,-0.3764776629608297,1,3
1.444660273340552,-0.3051554855333588,2,3
-0.2127181627377916,-0.3664666695858393,1,3
-1.7775589803692466,1.5182571239740354,0,1
-0.3169533571499142,-0.3076576780875991,1,3
1.855829950594225,-0.3070940353168122,2,3
-0.2735508369847008,-0.3005961054250329,1,3
-1.5819859750326617,0.5140503662148627,2,0
0.0839016421630408,-0.4043355472813586,1,3
-0.9242241631376348,-0.4064603952112564,1,3
-0.1573958205917405,-0.2816977307394573,1,3
-1.420420169191791,-0.598296275868779,1,3
0.7943405643327561,-0.3008884209243624,2,3
-2.376067940528954,1.9750669220112815,0,1
0.6447583041118194,-0.3400033416119188,2,3
-1.11414026819724,-0.4373596695060434,1,3
0.124394720477188,-0.4611808129749392,1,3
-0.0725058793152344,0.5428723013298924,2,0
-0.1693218539948118,-0.3365662555008673,1,3
-0.7946320362440675,-0.3853758080243381,1,3
-1.5642860320448695,0.5374055486421764,2,0
0.0302885787538541,-0.4154228144759442,1,3
0.4795482247408856,-0.4090455823900247,2,3
-1.3482097263633896,0.4888686045368329,2,0
-0.9219617783399908,-0.4470431236823276,1,3
-0.1703224534275339,0.7437274562769817,3,0
1.0073031789358722,-0.305533044019313,2,3
0.0356837996393446,0.5406449341876057,2,0
0.2206602928886685,-0.4130656877530302,1,3
-0.4841432977734765,-0.3348594145229332,1,3
0.7537583029429931,3.9135037793143934,2,5
-0.426865186697126,0.5566529477584254,2,0
1.0126214693395414,-0.3459937932135141,2,3
-0.826802515190523,-0.4805444268252722,1,3
-1.6131124652267843,0.3992880313284667,2,0
-0.5267850325327094,-0.3417972077043886,1,3
-0.3498128424614752,-0.3130039031984647,1,3
0.0023666397733521,-0.48745623326221,1,3
-0.1841417642017573,1.2164876641625393,0,1
-0.4159809125665015,0.617568644852292,2,0
-0.3075389609356452,-0.3061259595908808,1,3
-0.2758841853932994,-0.3009757402773798,1,3
0.6741886504028081,-0.3238255652561453,2,3
0.2483854899445263,-0.3141098311053077,1,3
-0.8499903093388693,0.6536211768879155,2,0
-0.4808119802944387,-0.3343174105021815,1,3
-1.9460677986676256,0.4428370528766316,2,0
1.1040279667288777,-0.3549521423449789,2,3
0.2394942090576861,-0.3338427152280983,1,3
1.0205040094854785,-0.3376174410539277,2,3
-0.3392650595807234,-0.311287783144655,2,3
-0.3873963530935495,-0.3191187253385725,1,3
1.161606022974479,-0.3390199320819759,2,3
-1.2160046469862822,1.5663065284947093,0,1
1.1424060550918798,-0.3242534868905146,2,3
-0.3531109629572535,0.5636103779615961,2,0
-0.2742047260038586,-0.3007024929067842,1,3
0.935653381320312,-0.3622256643720974,2,3
0.9543269270862867,-0.382572993926854,2,3
0.6945182568871152,-0.3582633232818493,2,3
0.0674071850065729,-0.4309738815138327,1,3
1.5008839528819802,-0.3050858562542998,2,3
-0.913221179962509,-0.4046702142517088,1,3
-0.5407701379906243,-0.344072578765995,1,3
-0.3243729514815492,-0.3564072700311499,1,3
-0.2490257106459066,-0.29660587718389,1,3
-0.3177671654421502,-0.3077900843710856,1,3
-0.3515155493476213,-0.3132809329274713,1,3
-0.317028873859721,-0.3076699646260653,1,3
-0.338755249473413,-0.3112048372442055,2,3
1.0605054798655815,-0.3352595339315684,2,3
-0.3315878977976215,-0.3100387119947014,2,3
-0.7076874257431663,0.6238456352046778,2,0
0.9498821564332158,-0.3416257142728968,2,3
-0.262572343563331,-0.4721040302529483,1,3
0.0898807940586998,0.5846329671000958,2,0
1.0594188490571024,-0.3585339665753092,2,3
0.4576688109717932,-0.2345551252126086,2,3
0.3078663367401797,-0.3283870137876822,2,3
-0.4436453218067261,1.0779753712843638,0,1
0.5788581805343445,-0.4691234513327805,2,3
-0.825309264340435,-0.3903669807595619,1,3
0.5685073977640935,0.5851339016260443,2,0
1.6183835397271096,-0.292221958002237,2,3
-0.3726016772950439,-0.3167116375065164,1,3
0.2263173062148709,1.1799664320568228,0,1
-0.212015749676916,-0.3110597801306061,1,3
-0.5413148726186683,-0.3441612068719922,1,3
-0.3524904663332272,-0.3134395515308985,1,3
0.5327394870592628,-0.3938235122110928,2,3
-0.4641228311384165,-0.3316020926129657,1,3
0.0740405867617128,-0.4515233489637324,1,3
-1.4391309264366596,-0.5582533552516646,1,3
-0.5413148726186683,-0.3441612068719922,1,3
-0.7407459549288724,-0.4949842676320934,1,3
-0.1002044994990209,-0.4691067412014842,1,3
-0.5410154993835442,-0.3441124989664372,1,3
-0.0973711139933419,-0.4596896979388131,1,3
0.8592220793278809,-0.3544195589081755,2,3
1.5249717380092542,-0.3247276969887903,2,3
0.8390672557057395,-0.3807906284439167,2,3
0.4675282689149828,-0.3802665830619918,2,3
-1.6999598932929854,1.128374362292906,0,1
1.1949430573923887,-0.3401864317128332,2,3
-0.3714471286511036,-0.316523792904161,1,3
-3.1419724638336204,1.551138723941638,0,1
-0.9005333826760786,-0.4026059147104613,1,3
-0.9087275970538984,1.0338306887225672,0,1
-2.500304190681738,0.3851157687967821,2,0
-0.4849621256227859,-0.3349926374863469,1,3
0.3026390772530546,-0.3887259844887022,2,3
-0.4843371382143583,-0.3348909522850959,1,3
-1.7775589803692466,1.5182571239740354,0,1
0.5418851221100436,0.5754141829682097,2,0
1.3429587035741728,-0.3001502604503762,2,3
-1.4377153608338489,0.4196894632873383,2,0
-0.6018193407014908,-0.4453139449626058,1,3
1.1409718943321447,-0.363641958925335,2,3
-0.4159809125665015,0.617568644852292,2,0
0.5310853645221385,0.6456475422126083,2,0
1.3829615102272563,-0.3229884384960771,2,3
0.2589076848591521,0.5529994095845421,2,0
0.2012335412379791,0.6306353611625883,2,0
-0.3075041132177639,-0.3061202898811264,1,3
-0.2759249221488856,-0.3009823681312121,1,3
0.0527175995826153,-0.2799651164708209,1,3
-1.1870069549376911,-0.5623122392857042,1,3
0.3496421116451712,-0.3885093331795759,2,3
1.4800589758956049,3.885948943979354,2,10
-0.5848864612713496,-0.4696259903840479,1,3
-0.4840403835865515,-0.3348426704259035,1,3
-0.6523804831407669,-0.5064683865036592,1,3
-1.507058698132569,-0.5012873408230091,1,3
-0.1151200256980355,0.5423010212429179,2,0
0.9304359399964596,-0.3225898060938085,2,3
-0.7251283933913467,-0.4150184107176703,1,3
-0.8839980422976574,-0.3999156214478117,1,3
0.2204112137440255,-0.4181667380447969,1,3
-0.3142355055348633,-0.3072154847174285,1,3
-0.5414070625262775,-0.3441762061330687,1,3
-0.2460261222129171,-0.4769100278154902,1,3
-1.2617829129327525,-0.4613810687226005,1,3
0.2589110176315023,-0.2139647747533483,2,3
0.1348927888767763,-0.3750674209084574,1,3
-0.4193442230501433,-0.3243166309959845,1,3
-0.5401960517656113,-0.3439791751669165,1,3
-0.4811884940261139,-0.3343786691356562,1,3
0.3556334572381235,-0.4150363332181138,2,3
1.6991087356579744,-0.257198110725483,2,3
0.5949170840611796,-0.298415164530893,2,3
-0.2129837340606861,-0.3891744192256035,1,3
-0.3712009859292799,-0.3164837455818188,1,3
-0.3313248387795637,-0.3099959123977313,2,3
0.3069513462161998,-0.4265977131283698,2,3
-0.1703224534275339,0.7437274562769817,3,0
1.2519020348849923,-0.3648595322657594,2,3
-0.3346404537762169,-0.3105353616308826,2,3
-0.7402048079282412,-0.3765205197574063,1,3
-0.3316553129022991,-0.310049680405255,2,3
-0.249292229209371,-0.2966492396475134,1,3
0.1110397082742245,0.6333654615476774,2,0
-0.3514039832715657,-0.3132627811715423,1,3
0.8520202448149505,-0.3903790796935195,2,3
-0.3523364531068341,-0.3134144936405955,1,3
-0.5410154993835442,-0.3441124989664372,1,3
0.1356325500691947,-0.3194030511057429,1,3
-0.7624485774053098,-0.5106711105347684,1,3
0.1551471957673252,-0.4406533095275081,1,3
-0.3178975095643902,-0.3078112913076145,1,3
-0.4814697698504699,-0.3344244325997212,1,3
-1.045180190960704,0.6218638612568521,2,0
-0.4677772973918258,-0.3321966728099937,1,3
-0.5408927873790067,-0.3440925337724044,1,3
-0.309135747620996,-0.3063857561456039,1,3
-0.3711896315789886,-0.3164818982335701,1,3
-0.5239732480165746,-0.4725746309765066,1,3
-0.381335608973778,-0.3181326446956035,1,3
-0.5413379167808708,-0.344164956147961,1,3
-0.4642510019888273,-0.3316229459590376,1,3
-0.3311133172679995,-0.309961497932444,2,3
0.7571427693934986,-0.2667946178932745,2,3
-0.3505445706898383,-0.3131229550884049,1,3
1.725588213567837,-0.2635056432623105,2,3
-0.1880330777835647,-0.2866824002245071,1,3
-0.6016120566104033,-0.4015139614933045,1,3
1.135062505170209,-0.3528119211433698,2,3
-2.7285597646661293,2.58961547009616,0,7
-2.6446755796693155,0.304144861944403,2,0
0.1148134237832472,-0.4523776248971182,1,3
-0.338755249473413,-0.3112048372442055,2,3
-1.3970402939747235,1.0089745550996665,0,1
-0.0445759500771433,-0.4504256110489935,1,3
0.4953085716137113,-0.41640202967671,2,3
-0.1846942059186599,0.6040532577928794,2,0
1.5379696060429775,-0.3135853026270768,2,3
-0.3344357395274778,-0.3105020547045329,2,3
-0.4630000830916614,-0.3314194219550468,1,3
-1.4152154235307548,-0.4863444767980638,1,3
-0.3169412766777911,-0.3076557125996189,1,3
-0.273800569140943,-0.3006367367469186,1,3
-0.5415146621274648,-0.344193712545124,1,3
-0.466406680424638,-0.3319736739779098,1,3
-0.2631882555790383,-0.4100151066115475,1,3
-0.4856862276325437,-0.3351104485935718,1,3
1.1126481000573525,-0.3279582758020395,2,3
-0.2750252309549941,-0.3008359887339939,1,3
0.9759752469912166,-0.2549683626450136,2,3
-2.6161350106477634,2.006841382329544,0,1
0.595895696027682,0.6104763229509514,2,0
0.7098753313945904,-0.3740525692118834,2,3
-0.791220469710796,0.528353207233797,2,0
-1.8951908462516711,-0.5644362860037931,1,3
-0.2973436299256988,-0.4169151204562807,1,3
-0.285892118643071,-0.4409131099235566,1,3
0.9450211055687844,-0.3703738881014627,2,3
-0.5352139545688791,-0.4556165270875553,1,3
-0.3396564263072602,-0.31135145835445,2,3
-0.3514737060003909,-0.3132741250316213,1,3
1.676208938497204,-0.2512333196093886,2,3
0.7571427693934986,-0.2667946178932745,2,3
-0.6116305361755707,-0.3556015371945985,1,3
0.3126128302832004,-0.3176754484655514,2,3
0.6867519203519369,-0.324224220589019,2,3
-0.4807850438527428,-0.4742192441847668,1,3
-1.407254286524955,2.598686821485728,0,-1
-1.0209993357292255,1.109029952858038,0,1
-0.5577437987024918,-0.5158108848762966,1,3
1.7609150806203744,-0.1822440930094249,2,3
-0.5312898808971992,-0.3900725716454739,1,3
-0.3515085749505434,-0.3132797981958576,1,3
0.9206193183674845,2.8362662525420994,0,2
-0.3396962620337275,-0.3113579396112053,2,3
0.1829669573075996,-0.3922389733667542,1,3
-0.3314210464900181,-0.3100115653537229,2,3
0.0982817527841318,-0.2876415187801511,1,3
-1.7515095757711368,0.3694674313340126,2,0
-1.733954548817889,1.435417052788376,0,1
-0.3718414820485177,-0.3165879540441126,1,3
-0.5819251637400074,-0.4392617294736752,1,3
-0.3298034734586652,-0.3097483868688233,1,3
0.4495094873156072,-0.3896888501927505,2,3
0.7667917048008854,-0.3637931124499854,2,3
-0.9846088638904,-0.4692131257588376,1,3
-0.4837984062337548,-0.3348033008074352,1,3
1.056598783923592,-0.2899839062473088,2,3
0.2260712770916442,-0.374303675430515,1,3
0.5949170840611796,-0.298415164530893,2,3
-0.4935845202482302,-0.3363954976414974,1,3
0.4655382573146929,1.1692670185047236,0,1
0.7012565482617091,-0.3379420395375554,2,3
-0.2337588484444432,-0.4705116704454125,1,3
0.4658987676800775,-0.330391470507119,2,3
0.7328418043486989,-0.3505310399567652,2,3
0.2252004242010494,-0.4198607808771786,1,3
0.8383203820113135,-0.3186333965312646,2,3
-0.4688203553857206,-0.3323663779282016,1,3
-0.3310716758739754,-0.3099547228942998,2,3
0.868511472885306,-0.3805420613101029,2,3
-0.2263942962619231,0.5359663743176174,2,0
-3.3530946690746672,0.8184591782330976,0,1
-0.4814398312400226,-0.334419561599782,1,3
0.6477991539560239,-0.3815164712091691,2,3
-0.4949300759394833,-0.4870826320302345,1,3
0.5478913797810261,0.5923408242741548,2,0
0.7643989253156903,-0.3518129060558818,2,3
-2.213661700190652,0.9258873178824228,0,1
-0.4837198160159325,-0.3347905142104448,1,3
-0.3711404355914173,-0.3164738940660789,1,3
1.1141985072001723,-0.2772547263201224,2,3
-0.3712312668192028,-0.3164886722704919,1,3
0.3193421229478049,-0.3899294139342705,2,3
0.9414189848391186,-0.3162739457836513,2,3
-0.4673082648788115,-0.3321203614078182,1,3
-0.484421992588272,-0.3349047580577756,1,3
-0.2988967270771393,0.5304749639013958,2,0
0.6557780198911791,-0.3475859841741461,2,3
-0.2494244591638834,-0.2966707534081983,1,3
-0.4640894065016092,-0.3315966544379326,1,3
-0.3873153930962649,-0.3191055531794119,1,3
-0.1703224534275339,0.7437274562769817,3,0
1.8266519507214587,-0.2566919755023512,2,3
-1.921980032742352,0.3661116888605774,2,0
-0.3501730087933437,-0.4793011394912627,1,3
-0.255792106200258,-0.4897089859164432,1,3
-1.037997531011548,-0.4249712766358434,1,3
0.415240888304174,-0.3993400450532394,2,3
-0.3526831217454553,-0.3134708964893734,1,3
-1.3247530364617994,-0.4716262826221272,1,3
-0.4863081379817129,1.1052843670932475,0,1
-0.4060071226958629,-0.4440612935536246,1,3
0.0063196908060351,-0.4582150316466249,1,3
0.3403948096670875,-0.4024579354398244,2,3
1.8098671162905076,-0.2264889431151997,2,3
-0.4678282113852849,-0.3322049564963553,1,3
-1.5053570122025548,-0.5010104772031565,1,3
0.0322238398160882,-0.4100386311415407,1,3
-0.3172767353356857,-0.3077102915890184,1,3
-0.3575539631405654,-0.3142633804352013,1,3
-0.0967608289152183,-0.4741835981812429,1,3
-1.5545610278442037,1.4316863488962022,0,1
-0.511484669260986,-0.4565893575245692,1,3
-0.4800899726198372,-0.4901142369886778,1,3
-0.2621665418368845,-0.2987438851601176,1,3
-0.3523749471627263,-0.3134207566080851,1,3
0.1487541560749024,0.5676066472910389,2,0
-2.2843369132032576,-0.6752926222877645,1,3
-0.3184400861290498,0.5149324401276568,2,0
0.0046227283850052,-0.3949833299058291,1,3
-0.6398472287368395,-0.3601923817828902,1,3
0.8385049684827734,-0.2678743668823244,2,3
-0.2319672338158086,-0.2938304698298953,1,3
-0.5412227180565634,-0.3441462133616151,1,3
-1.5131428629830594,0.5457265217826563,2,0
0.8731620729359928,-0.3265927096156737,2,3
0.980554061355364,-0.3850121767194662,2,3
0.7571427693934986,-0.2667946178932745,2,3
-0.4692581994947354,-0.332437614989527,1,3
0.7690383839371288,-0.3162666048950458,2,3
0.3618614136378546,-0.3515821450817939,2,3
-1.624772498406281,-0.520439329022207,1,3
0.3371866860610067,-0.3969810777355259,2,3
-1.4133885900626055,-0.5540650874248738,1,3
0.7529792663425037,-0.3777910300357661,2,3
1.1692241150772065,-0.3184064856742399,2,3
-0.6671357653631962,-0.3646322157719903,1,3
-1.8740084286433516,1.5350175924488478,0,1
1.423656731574746,-0.2553681827057725,2,3
0.2376899684204725,-0.4358490619160055,1,3
-0.1713646721600566,-0.3597384732171991,1,3
0.1475806228542231,-0.3633130849204194,1,3
-1.684071142127373,1.7590653156065603,0,1
-0.7385259371863497,1.1218149887183442,0,1
0.0761270844777827,-0.243703647533117,1,3
-0.2449897752921107,-0.4628186358925411,1,3
-0.4808298961522058,-0.3343203254050709,1,3
-0.4793486494912047,1.1359588906392826,0,1
-0.3705508677981555,-0.3163779716220416,1,3
-0.4159809125665015,0.617568644852292,2,0
-0.4861131912121322,-0.3351799153971135,1,3
-0.3953605371294192,1.093429732230758,0,1
-0.3712842675576532,-0.3164972954694285,1,3
0.7409874059200767,-0.3512849935105394,2,3
-0.4835204330996796,-0.3347580746897572,1,3
-1.4260671456802818,-0.5085854564354328,1,3
-0.4097221992532629,-0.3227511315746613,1,3
0.9186898981267608,-0.346805186232032,2,3
1.161990776814748,-0.3374280744450276,2,3
0.6552631966547793,-0.4163395741125709,2,3
-0.3729712396013074,-0.3167717651458583,1,3
0.1327024552822699,-0.395899196093938,1,3
0.773977324745259,-0.3223871843081099,2,3
-1.2505568368545554,-0.5768361034387671,1,3
0.0801739660291714,-0.4538552992242112,1,3
-0.4854365007179587,-0.3350698181245016,1,3
-0.3167541069586205,-0.3076252601612093,1,3
-0.4841432977734765,-0.3348594145229332,1,3
-1.066933250991036,-0.4976969423983842,1,3
1.33368272673067,-0.323650364821247,2,3
-0.401803795102708,-0.3214628103880605,1,3
-0.3729026180778038,-0.3167606004514444,1,3
-0.033272105025882,-0.4460114136070189,1,3
1.1982916965852042,-0.3028223222220594,2,3
-1.266737362386113,-0.575919633043176,1,3
1.8733520371810004,-0.270479373198866,2,3
-0.1703224534275339,0.7437274562769817,3,0
0.8894900110627944,-0.3213457269405733,2,3
-0.1918592425940025,-0.4509925703087559,1,3
-0.4829181608789543,-0.5140564283256098,1,3
-0.3489901453497918,-0.3128700507076111,1,3
-1.7201952710591737,-0.5684173310606556,1,3
-0.8855187816552246,1.1874800325575217,0,1
-0.5504995289426405,-0.4807914601772796,1,3
0.3100318979267804,-0.2670736543447336,2,3
1.0812066522513313,-0.3280711268596862,2,3
-1.624772498406281,-0.520439329022207,1,3
-0.372008518837698,-0.3166151308628694,1,3
-0.5412995110711675,-0.344158707554361,1,3
-0.7258645709990914,-0.3741873689475423,1,3
0.4913533985111936,-0.4050724311268973,2,3
-1.480796602014356,-0.497014508293835,1,3
0.0295799181293167,-0.4283370991142692,1,3
-0.2238411838919946,-0.4784690790375989,1,3
1.7236885514006968,2.944195344323338,0,2
0.174073916922661,-0.4398653549010491,1,3
-1.5364315525189831,-0.5768995690369464,1,3
-0.4688601264542461,-0.3323728486651356,1,3
-0.3525885261562859,-0.3134555058248697,1,3
1.3567676246374496,2.883340700479144,0,2
-0.5040555988170311,0.6894292070715463,2,0
1.0017962878923243,-0.3712312497939759,2,3
-0.357296631384231,-0.3142215126614218,1,3
0.8894900110627944,-0.3213457269405733,2,3
-0.9876722720524316,-0.41678337714177,1,3
0.1676419406440191,-0.4429333653877649,1,3
1.1974315919585503,-0.3193180127241782,2,3
-1.322816566667968,0.4828135525591011,2,0
-1.7010842729437905,-0.5533306329880608,1,3
-0.2696121213663066,0.5502926475695865,2,0
0.6128220706883432,-0.3894253325876987,2,3
0.8045967855492507,-0.3889710335797312,2,3
0.1646945409830896,-0.3177870022887884,1,3
0.201846572513626,0.6116615548336066,2,0
0.2505916879927596,1.1799217751668505,0,1
0.9075821644739116,-0.2967430102260298,2,3
0.9683440964453144,-0.3393543569426727,2,3
-0.3716176829289376,-0.3165515420169142,1,3
-0.4856618526062918,-0.3351064827865547,1,3
-0.4810031516590257,-0.3343485140066991,1,3
-0.4671728114327544,-0.3320983231863489,1,3
-0.0459396295280005,-0.3732619204422726,1,3
0.1914494255889025,-0.4379466725726864,1,3
-0.9641205565220852,0.6350522313425168,2,0
-0.0918879818315573,-0.4636572846210819,1,3
-0.3513656443897521,-0.3132565434508132,1,3
-0.8052636617814357,-0.5196988584340451,1,3
-0.4836533366654632,-0.3347796980467263,1,3
-0.3353534390445771,-0.3106513640487307,2,3
0.8552519080580787,-0.3492080829876524,2,3
1.024609024506666,-0.3183119541694478,2,3
-1.624772498406281,-0.520439329022207,1,3
0.475349660350425,-0.3703049322321859,2,3
-0.3693267957039319,-0.4631903892476434,1,3
-0.4688601264542461,-0.3323728486651356,1,3
-0.31466890024154,-0.3072859978627739,1,3
-3.0708807188691303,0.8643752749984529,0,1
-1.194394335751518,0.5975867796101619,2,0
-1.413262176364643,1.0017258447954736,0,1
0.9787908074818368,-0.3580235173893968,2,3
-1.5701638294264573,-0.5115545204318496,1,3
-1.108056907277237,-0.4363699091187273,1,3
0.7707712488123765,-0.3733866785862203,2,3
-0.3702923172090728,-0.492950820176772,1,3
3.042377397949904,8.148477239493875,2,-1
-0.5774652091792256,-0.5058060501095188,1,3
-0.3498440081790582,-0.3130089738482439,1,3
-0.5411920077190677,-0.3441412168019939,1,3
2.84036607992188,5.860518675911138,2,-1
-2.5253430207128487,0.3102086846111133,2,0
-0.3575325083018595,-0.3142598897415294,1,3
-0.4835929168437016,-0.3347698677659039,1,3
1.2246979891052454,-0.3151229617489428,2,3
-0.3526901303073275,-0.3134720367795854,1,3
-2.4529760785809755,-0.6551877200957853,1,3
-1.2195551012105303,-0.4545106206536279,1,3
0.1173450663117342,-0.4343484137809915,1,3
-0.2081018444700071,1.116192380255148,0,1
-0.3169744994372142,-0.3076611179292823,1,3
-1.2836918457015496,-0.4973983984298174,1,3
1.0758634823221165,-0.2975660608863724,2,3
0.0830864188828316,-0.4496010027506654,1,3
0.7927364331595423,-0.3602969226948378,2,3
-0.1703224534275339,0.7437274562769817,3,0
0.1396174853661635,-0.3133689667433003,1,3
0.917612330334235,-0.3041822906358468,2,3
0.5114807019375525,-0.4208188372024537,2,3
-0.2703266682254805,-0.3410223520304312,1,3
-0.0615572248853735,-0.3623482542732277,1,3
0.4029467664252851,-0.3890795901488773,2,3
0.308742813140015,-0.4654341448480003,2,3
2.5173608840619592,2.95751340092349,0,2
-1.3173487953729857,0.4922012192200842,2,0
-1.868777612822044,0.3394606116074292,2,0
1.0533533214532649,-0.3004233998432387,2,3
-0.6982039405170626,-0.4550679144491703,1,3
1.3692764126447112,-0.3144131403952445,2,3
-1.1881052308618538,1.5287800941260197,0,1
1.0331716735993244,-0.3520466788436332,2,3
1.0598609409711144,-0.3324215816610738,2,3
0.7460093120376403,-0.3233810278592754,2,3
-0.3342733919091732,-0.3104756408120012,2,3
-0.557384698930064,1.5784699083777878,0,1
0.9327163819304284,-0.2952533199054284,2,3
0.6124823226205781,-0.345842506420234,2,3
-0.3290224448206789,-0.3671030534589239,1,3
-1.665687217181799,-0.527096137394209,1,3
0.0336065913453955,-0.4016286619212535,1,3
0.888813045562963,-0.3569677203585607,2,3
1.44117958194232,-0.3061509871814116,2,3
-0.2625226874272238,-0.2988018299051476,1,3
0.2632272490579596,-0.2457152807404775,2,3
1.6008533281546562,2.972276213677375,0,2
-0.8165590685802946,0.5453279490040843,2,0
-0.0197150927116872,0.5467245003900016,2,0
0.2435733018440029,-0.3493835609013326,1,3
-0.7249848355330286,1.057322548277727,0,1
-0.4673195561123385,-0.3321221984869947,1,3
0.7232742733586791,-0.40000732615062,2,3
1.2063179489072122,-0.3458491039843488,2,3
1.6904484615304445,-0.2758127632028961,2,3
-2.23437611522019,0.428382160258382,2,0
-0.3714281856440348,-0.3165207108844913,1,3
-1.1210276622793784,-0.470933000880085,1,3
0.2304773961690787,-0.3719896683002326,1,3
-2.862732967395646,-0.7218550019342019,3,3
-1.158394340995891,0.6034439643508447,2,0
0.8086167614240047,-0.3964095509165215,2,3
1.5352116315591002,-0.2652362013760906,2,3
-2.6956891938009995,0.3533267069761689,2,0
-0.5410231709643392,-0.3441137471295626,1,3
-0.3353175765075276,-0.3106455292283038,2,3
0.7660328817864268,-0.3199236072692152,2,3
-0.5412227180565634,-0.3441462133616151,1,3
0.0451193681688145,-0.4689250992738646,1,3
-2.7931476523132788,0.3374702547760097,2,0
-0.3518470665310407,-0.313334870640551,1,3
-0.4668063412113308,-0.3320386986279731,1,3
0.948249463031204,-0.348388591417491,2,3
0.5948636663046223,-0.3941093246881894,2,3
0.2257173767610933,-0.4268455959270811,1,3
1.8509175783152088,-0.290383756537701,2,3
-0.4837863137583449,-0.334801333366525,1,3
-0.3388213975140278,-0.3112155995039432,2,3
-0.3720047212576356,-0.3166145129981129,1,3
-0.541268790921122,-0.3441537093982419,1,3
-0.879878896225023,-0.3992454380301459,1,3
-0.3165489914904494,-0.3075918879566185,1,3
-0.4687805908967514,-0.3323599082617588,1,3
-0.650577916499208,0.6023730208315784,2,0
-1.049185702419282,-0.54293681533255,1,3
1.4210646908191418,-0.3082139257452382,2,3
-1.7009641081373716,0.9758136662898116,0,1
0.4858430754869426,-0.2744012850902749,2,3
-2.3688865600419216,0.4064973647127063,2,0
0.85205110837421,-0.387758051650483,2,3
1.227524206607091,-0.3169811708202082,2,3
0.2612917658243701,0.6371496309874372,2,0
0.066385386553002,-0.3577365550280296,1,3
-1.420056478056229,1.1739145359434435,0,1
-0.4810748801387186,-0.3343601842016417,1,3
-1.7120012371888262,-0.5346314099159483,1,3
0.9469836029635378,-0.3855237589646682,2,3
-0.1481959633601822,-0.4165305195433988,1,3
-0.333936059700327,-0.3104207569966116,2,3
-0.4410032741003549,-0.3278405499345876,1,3
-0.3384082706056122,-0.3111483839212642,2,3
-0.3110819152746575,-0.30670239684406,1,3
-0.4847799226625248,-0.3349629931376243,1,3
-1.7526528803567116,-0.5736981711048577,1,3
0.8332068014632552,-0.3651074354712633,2,3
-0.5412995110711675,-0.344158707554361,1,3
-0.3158685390592465,-0.3074811786183573,1,3
-1.624772498406281,-0.520439329022207,1,3
0.4355860080585436,-0.4039585056717835,2,3
-1.1881052308618538,1.5287800941260197,0,1
-0.1512299722973967,-0.4359997575192787,1,3
-1.0149475126923142,1.1783993761379046,0,1
1.9926933038713768,2.9308127478950494,0,2
-0.3190515721777636,-0.3284744656191475,1,3
1.0317734373033156,-0.3350710824578673,2,3
0.8071826511572913,2.868015621830647,0,2
0.9087537229129248,-0.3837047424874284,2,3
0.1442206438321544,-0.4153640370261764,1,3
1.6155805938102243,-0.2919666449331186,2,3
-1.0083641889172097,0.4814598150672269,2,0
1.6864828557654166,2.948423028777612,0,2
-3.682118431073257,2.288842572394014,0,-1
-0.4402099837836601,-0.4625412809612884,1,3
0.2410607484111356,-0.4457184832221365,1,3
0.8437499919596164,-0.3642048639435481,2,3
-0.1770777018156637,0.5543116085811782,2,0
0.3609631736395231,-0.4250390728278622,2,3
0.8493192733316399,-0.3905387181496334,2,3
-0.3456845378360091,0.4711525182685849,2,0
-0.8675180978091939,0.6507694127178596,2,0
-1.5542595360922566,-0.6122529299431182,1,3
-0.4249441192152485,-0.3727701587760264,1,3
-1.4155069482889493,-0.4863919077595631,1,3
0.2041115289506768,-0.4043784645010801,1,3
0.2954693067312297,-0.3985154698219919,2,3
1.2152698414055616,-0.3173642679053062,2,3
1.5097113383684382,-0.2970236915055429,2,3
0.8697129104786053,-0.3091415517910762,2,3
-1.3469182398999853,1.7830767712680675,0,1
-1.2315910163754025,-0.5093970231337116,1,3
-0.4835083546004978,-0.3347561095227737,1,3
-0.6391851832054603,-0.380560076026021,1,3
-1.8296286747706867,0.3831294178179694,2,0
0.4520753973913231,-0.3982510774757333,2,3
0.9288392391452708,-0.3038004525703497,2,3
-0.2853434720067165,-0.3349675175370705,1,3
-0.5412380746968486,-0.3441487118808443,1,3
0.5652306666507013,-0.3605744087297881,2,3
0.7024734265264887,-0.3993011697804403,2,3
-0.4671446015701948,-0.3320937334529992,1,3
-0.3168808834228679,-0.3076458866412104,1,3
-0.0679590248900428,-0.4682838597650494,1,3
0.7524676931597003,-0.3813619743096638,2,3
0.4232899390466842,3.742912375968389,2,5
0.0307903305094168,0.6339395410330232,2,0
-0.3171588181256978,-0.3076911065061401,1,3
0.5707111282379268,-0.3317234480452815,2,3
1.1300794842200357,-0.345864935426691,2,3
1.5206158148161302,-0.3194712941403906,2,3
-2.257743653489695,1.3991804522397246,0,1
-0.7106105590606334,-0.4860599375669485,1,3
0.3020644211388608,0.6060793171108397,2,0
1.5576260144223186,-0.2877463834116689,2,3
1.4315433918819034,-0.3203549877734229,2,3
-0.3579107138708213,-0.5173531073921361,1,3
0.5326939412911779,-0.36457933433404,2,3
0.5854575241717455,-0.4030704238265135,2,3
-3.086469454848596,0.9027898114650252,0,1
1.654082538568258,-0.2614521235153124,2,3
0.9876366170314772,-0.3485116513109306,2,3
-0.7896597060993356,1.1791215731370224,0,1
1.2205791704890745,-0.3440074477311377,2,3
-0.2296605906991251,-0.3139305887040129,1,3
0.5421786029966622,-0.3011270075235805,2,3
-0.5690646460775417,0.6993276698829797,2,0
-0.9625431213053062,-0.4835281509304569,1,3
0.3748751855214227,-0.3918493138055468,2,3
-1.632197724248243,-0.5541001654083486,1,3
1.1636834247549934,-0.2945824886998412,2,3
-0.3651141103911836,-0.4259033169036547,1,3
-0.3159737928806818,-0.3074983033729856,1,3
-1.6838470011695743,0.4650248629109492,2,0
-0.541591548486532,-0.3442062219249768,1,3
-1.100093760211705,-0.5150694903056395,1,3
-0.4216863660556675,-0.4371456338666015,1,3
0.6346236113914594,-0.3033046991131039,2,3
0.9961941252448082,-0.3674710181869322,2,3
-1.0468310537282297,-0.4264084872469514,1,3
-1.007237633790151,-0.5310716427014976,1,3
-1.5466358145235093,1.0109301163189062,0,1
-0.5434930830956555,0.5820538815572811,2,0
-0.4647699560594367,-0.3317073795786567,1,3
-0.3283124623924692,0.6094254661099116,2,0
1.4454695153902948,-0.2197096419921501,2,3
0.9511016281602844,-0.2976016648153238,2,3
1.3189162752004968,-0.2853392340681969,2,3
-0.0154446836841568,-0.4000237459552877,1,3
-0.5407164985567312,-0.3440638516515654,1,3
-0.7632543231255656,0.5764244017903147,2,0
-0.3329249386860261,0.5592495173522233,2,0
0.9222788408313828,-0.3469426225176601,2,3
-0.4688146743416598,-0.3323654536246063,1,3
-0.1473581906240266,-0.3276070392753323,1,3
-0.2404660418189614,0.5167007480785023,2,0
-0.1229715874298739,-0.4276329536144471,1,3
-0.3444235307786754,-0.312127064344305,1,3
-0.4294485757063907,-0.3908661153557032,1,3
1.0643390903023937,-0.3651658897554005,2,3
-1.039332565907532,0.4845061846016719,2,0
-1.3353034360418274,-0.4938182371980186,1,3
-0.4690249624495051,-0.332399667415602,1,3
-0.352763732547741,-0.3134840118346474,1,3
1.0231917516476683,-0.3248245387058236,2,3
-0.3872870635383715,-0.3191009439716792,1,3
-0.0692171657798673,-0.4165226874906472,1,3
-2.897781067115819,0.2999710312724589,2,0
-0.6618545195811203,-0.4588578130263946,1,3
-0.4686045700499429,-0.332331269740421,1,3
0.744501190810228,-0.3764798727530784,2,3
-0.486241428320137,-0.3352007795232695,1,3
0.4393982074175804,-0.3913878560919914,2,3
-0.1781036792260658,-0.3776886712724061,1,3
1.4686701010550027,-0.3243469128049718,2,3
0.4361112687240549,-0.3619727844487341,2,3
0.1967840029161134,-0.3916614836960587,1,3
-2.0465555771251878,2.305512802482815,0,1
1.212499236405437,-0.3429594186301668,2,3
0.8624291723211239,-0.3469521582665796,2,3
1.1739768432413586,-0.3511717041270224,2,3
-0.7957411965815891,0.60496574618779,2,0
-3.142213107793461,1.2757530347473238,0,1
-0.3343285777970672,-0.3104846195338779,2,3
0.0799122828020684,-0.2430877972804723,1,3
-0.3026207270583948,-0.470482238387395,1,3
-1.0428772809161018,-0.5208500638223537,1,3
0.5320995102564582,-0.3688045837580962,2,3
-0.3033586445492381,-0.3054458237876425,1,3
0.2153228513284275,-0.4094737989620136,1,3
-0.6382697987759872,-0.427953570260534,1,3
-0.2479492097760321,0.6781694501836995,2,0
-1.5044923516935982,-0.5213452060705156,1,3
-0.3144535996757208,-0.3072509685468717,1,3
1.31433472489791,-0.2813988940304677,2,3
0.0307903305094168,0.6339395410330232,2,0
-0.4669077693450096,-0.3320552009447343,1,3
1.5278168271892512,-0.2898522999186178,2,3
-0.9058874459059724,1.4797435414619695,0,1
0.3475114273384188,-0.3572191746112061,2,3
-0.4671107541048271,-0.3320882264839285,1,3
-0.1628875056070124,-0.3799494910328275,1,3
4.103883778423527,11.937366401433952,2,-1
0.6590008707657697,-0.3075177317010111,2,3
-3.318244332551036,1.5461141553681397,0,1
-0.333949025265703,-0.3104228664889098,2,3
1.0498780385181228,-0.3286782556287605,2,3
-0.1703224534275339,0.7437274562769817,3,0
-0.3385536103090986,-0.3111720306328612,2,3
-0.3172071874191319,-0.307698976170826,1,3
-0.4832669119909426,-0.3347168269068168,1,3
1.892620267310465,4.535021362096646,2,-1
-0.6110456969051857,0.651546552140496,2,0
1.7460773267533776,-0.2487832179342334,2,3
0.8708783765227002,-0.3766708241411092,2,3
-0.2859304717446516,-0.3826054490744142,1,3
-0.2491236275693028,-0.2966218082281433,1,3
-0.1621886557321564,-0.3848545670296449,1,3
-0.2626648116316056,-0.298824953456327,1,3
0.2830799106120639,-0.4125085659395742,2,3
-0.3506974396639772,-0.313147826809324,1,3
-1.7046575600804357,1.009234350312211,0,1
0.1082439767296426,-0.4325392168977156,1,3
-0.470382042199386,-0.3326204637478474,1,3
0.7947824233168328,-0.3258571702369291,2,3
0.645745049112298,-0.3552572487590238,2,3
0.7159254889632108,-0.3797078134783765,2,3
0.3874068834027955,-0.3993307134317617,2,3
-0.9350554106990884,1.0253056192848564,0,1
-0.8329293037791909,-0.4120821669131057,1,3
1.110748384867853,-0.3348487899121182,2,3
-1.2116819978462143,-0.4532296698868203,1,3
-0.7697035634341548,1.095913218680398,0,1
-0.3254996468983494,-0.3090481560097151,1,3
-0.5687977304546674,-0.4690821780228661,1,3
-0.4273801495794391,0.5000740014119649,2,0
-1.9955699529376008,-0.6012433352792108,1,3
1.4106569812673933,-0.3175532612487179,2,3
0.3409655466679271,0.6411444685603778,2,0
-0.2255635484332862,-0.5054874931758128,1,3
0.3137415389038813,-0.4446683659383503,2,3
-0.7911647905958346,-0.4556449651042064,1,3
-0.3386163978140394,-0.3111822461347894,2,3
-0.316660576726494,-0.3076100428298701,1,3
0.4500802290414211,-0.3994387997173276,2,3
-2.346187061320192,-0.6907413536201898,1,3
-0.3353077967441789,-0.3106439380647205,2,3
-2.862732967395646,-0.7218550019342019,3,3
0.7911261760959337,-0.3780209918344066,2,3
1.1267730290109093,-0.3144748973231735,2,3
-0.4683776366805552,-0.3322943477720332,1,3
-2.6424046930628986,0.9340881529345908,0,1
-0.9293956052017832,0.4601706230795024,2,0
-0.3164585549878899,-0.3075771739738419,1,3
-0.4682925918742097,-0.332280511016073,1,3
-0.5409387970394439,-0.344100019525746,1,3
-0.541268790921122,-0.3441537093982419,1,3
-0.5411459495686332,-0.3441337231593492,1,3
0.6474540405138441,-0.3868986213474997,2,3
0.3265684041237218,-0.3024260917960243,2,3
-1.242044327307377,-0.5195958350985784,1,3
-0.468752191717439,-0.3323552877266491,1,3
-0.2387398395169582,-0.29493237006729,1,3
-0.4185885137783811,0.5373628773099349,2,0
-0.6303744732525737,0.455000634576123,2,0
-0.3149412924295932,-0.3073303159627675,1,3
1.0630072995279027,-0.3471497777282985,2,3
1.2794891699731563,-0.3205734256444677,2,3
-0.3475290486801117,-0.4746519747030662,1,3
-1.698439131079935,-0.5648776157921517,1,3
-0.4665585858099738,-0.3319983889233162,1,3
1.203363122259311,-0.3035499571170276,2,3
-2.207114055828608,1.3227287780368882,0,1
-0.9441645214378525,0.4906825654789633,2,0
-0.3504751169196038,-0.313111654987781,1,3
-0.3885603976620536,-0.397265263347169,1,3
-0.3172706868918534,-0.3077093075096273,1,3
-1.5607851814132128,-0.5954095371652784,1,3
0.8265000061012198,-0.3202742253072053,2,3
0.0178532249937622,-0.324018057711168,1,3
-0.1661836404626575,-0.3036029143020049,1,3
-0.4739420890314229,-0.3331996819428017,1,3
0.9672560390426428,-0.3232314655372076,2,3
-0.0156546344029148,-0.3710844336077389,1,3
0.9978505531926892,-0.3483650401402698,2,3
-0.3519937779091459,-0.3133587405230594,1,3
-1.9746816624533063,0.4706343438020581,2,0
1.5278061642676464,-0.292297987734483,2,3
0.6992204510621708,-0.3814507180301958,2,3
-0.4693321999864371,-0.3324496548399142,1,3
-0.3518400825080954,-0.3133337343428126,1,3
-0.4836775088473735,-0.3347836308510503,1,3
-3.734349289067341,2.0784518678663,0,-1
-0.2491441268581612,-0.2966251434542374,1,3
0.0545590610694879,0.7327731617803064,2,0
1.7866142805748104,-0.2664122341258873,2,3
0.7968272988160292,-0.3018394691775464,2,3
1.4102707210890806,-0.3218989810373628,2,3
-1.5954200881535991,-0.6140962608292718,1,3
-0.3159587537983265,-0.3074958565203046,1,3
0.6359921809268764,-0.3850176288109579,2,3
1.351094345215179,-0.3281777412375027,2,3
0.7278097383973703,-0.3556309036594741,2,3
1.4342632690698236,-0.2698966961760614,2,3
0.4441789921184448,-0.3852189013037331,2,3
0.9087109904067308,-0.3048427611758137,2,3
-1.0374522858620487,-0.4248825654682096,1,3
0.1846068129317268,-0.362674675595789,1,3
0.8201726706275945,-0.362049884836173,2,3
0.4035196495942929,-0.4005575951620616,2,3
0.9775600074295612,-0.3405066741316474,2,3
1.0584117078342363,-0.2610201521992798,2,3
-0.4660020681149353,-0.3319078437170342,1,3
-0.4980201947290443,1.1425586883758134,0,1
1.1533264720856684,4.455685920689925,2,-1
0.7306674409538614,-0.3144906129271187,2,3
-0.2492170273807407,-0.2966370043400886,1,3
-0.3518296068541557,-0.3133320299581086,1,3
-1.6938810154679786,1.076435229383309,0,1
0.6563679746147578,-0.3342052881282256,2,3
-0.2915804756924389,-0.4870484800449815,1,3
-1.2299757226892951,-0.4562060515982202,1,3
-0.2773397074412687,-0.3012125531321306,1,3
0.4268098344750575,-0.3810792178902856,2,3
-0.8800674648542026,-0.3992761180706543,1,3
-0.0799574894788633,1.141910927658951,0,1
-0.468763550986518,-0.3323571358751827,1,3
-2.108952872235795,1.6762217469358047,0,1
-0.5334403629918301,-0.5084741350242867,1,3
0.8149239065884478,-0.3558262072031086,2,3
-0.5410154993835442,-0.3441124989664372,1,3
-0.3505688948684384,-0.4213476836529927,1,3
-1.7555663964372092,-0.5741721990052578,1,3
-2.529520296866749,-0.6676414337803086,1,3
-2.0930284114498803,-0.6170997874793699,1,3
0.2569308325788255,-0.2552377676413246,2,3
-0.0778065253508236,-0.4554626304137623,1,3
1.128606897137132,-0.3450726370322859,2,3
-0.6728735051388768,0.4623643677469293,2,0
-0.3836312660726452,-0.4702164554608025,1,3
-0.5415838587437922,-0.3442049708069102,1,3
-0.2580025748878981,-0.3714699820891129,1,3
-0.2387921964894648,-0.2949408885257652,1,3
1.892620267310465,4.535021362096646,2,-1
-1.366021570976215,0.3659064746325079,2,0
1.3302267244618629,-0.318539360634373,2,3
-1.6617828433485904,1.4312375273390503,0,1
1.1247174674043088,-0.3197681986416508,2,3
0.6295505474958074,-0.3941679557097748,2,3
-1.7273251063138366,-0.5780754148627735,1,3
-0.4683379453596344,-0.3322878900100026,1,3
-0.1139772027980256,-0.41401691378076,1,3
-0.3663849476343335,-0.4380874279414044,1,3
-0.7782468514919365,-0.4994287785117803,1,3
0.0148232035602949,-0.3012201913414011,1,3
0.709710462510023,3.874114340833843,2,5
-0.8864823571461755,-0.5528864119462403,1,3
0.0400132565858172,-0.4260443191149597,1,3
2.5764914585598464,2.964674329318977,0,2
2.106733659629689,-0.2497697427751692,2,3
0.7175447407134151,-0.3833659524980412,2,3
0.0422525342287184,-0.3106412496615873,1,3
0.6272999222342504,-0.4058300394404228,2,3
-0.3165821600688522,-0.3075972844710516,1,3
-1.1386364200429886,-0.4942733475079137,1,3
0.1959790701459968,-0.4232122366862569,1,3
-0.3171618409213903,-0.3076915983137896,1,3
-1.995388827965912,1.3719411885485633,0,1
0.4664000662147115,-0.3646002335987979,2,3
-0.351198418977299,-0.3132293359431254,1,3
-2.5397138113005777,1.7640894449778404,0,1
-1.2484990003698406,0.5887839723277343,2,0
-0.8302158166495117,-0.3911652748568019,1,3
1.0872570594573916,-0.3378310300885096,2,3
0.3713757745524713,-0.3203100939522795,2,3
-0.4694233088013126,-0.3324644782076356,1,3
0.0307903305094168,0.6339395410330232,2,0
0.6184051776067766,-0.4034890394609158,2,3
-0.4685818670691083,-0.3323275759745243,1,3
-0.2492420920427847,-0.2966410823505731,1,3
0.8213936427855693,-0.3686758114037289,2,3
1.512918976109502,-0.2901120719921585,2,3
0.4314548823711199,-0.3879285228093098,2,3
-1.295012125418602,1.1618064469658012,0,1
-0.3160098905179643,-0.3075041764441263,1,3
-0.4686783695507097,-0.3323432768896636,1,3
-0.2479492097760321,0.6781694501836995,2,0
0.1643444595845674,0.584184809275762,2,0
-0.1297503633198152,-0.4806866769200054,1,3
-0.3243787698080291,-0.3088657897556594,1,3
0.9177937338225286,3.8123720771796528,2,5
0.8157183061819266,-0.3244119355072293,2,3
0.4802190557698343,-0.3793874989265068,2,3
0.6138179098059561,-0.3796674356164605,2,3
1.488405889217266,-0.2888400769516106,2,3
1.1048965423598356,-0.371756539275533,2,3
-1.0089535116046942,-0.420245826300845,1,3
1.2368773734532583,-0.338707084973173,2,3
-0.2493059047973167,-0.2966514646601996,1,3
-0.3034242981557404,-0.305456505603148,1,3
-1.0988983882914745,-0.4348798217446929,1,3
-0.3153459602441195,-0.3073961552542557,1,3
0.4139034978221856,-0.3259418025253447,2,3
-0.4485137884998865,-0.4613220105397449,1,3
-2.592877116273693,0.8904753072113666,0,1
0.1485282345236589,-0.3766050740873652,1,3
-0.7980943761527004,-0.3859391293419539,1,3
-0.351798182631408,-0.3133269172496425,1,3
-0.8075989061838241,1.0728837058778906,0,1
-1.71604103200814,-0.5352886829164528,1,3
-0.9274500033043658,-0.4479360556878175,1,3
2.100773897203608,-0.255269376284841,2,3
1.0083356427316734,-0.3449976356157729,2,3
1.4361189718555465,-0.2843378006759176,2,3
0.4757806053954997,-0.4017405083018013,2,3
1.0496413790345536,-0.3746638726827502,2,3
1.2082910293827382,-0.2831149540255275,2,3
0.7486546508357997,-0.323345819068455,2,3
-0.3173432782651336,-0.3077211180970112,1,3
-0.2651182120917951,-0.2992241207294266,1,3
-1.9797660883006576,0.9889710248632716,0,1
0.1560954102980148,-0.4546098903126027,1,3
-0.8472638812542428,-0.4852476734914065,1,3
-0.6167760075045382,0.6440226235565029,2,0
-0.4683833074043396,-0.3322952703965237,1,3
-2.5616161873094656,-0.6728634223115798,1,3
-1.1344784058775164,-0.4816194939402589,1,3
-0.1581902705244183,-0.4258391985480258,1,3
-2.189447116675106,1.3354865481373208,0,1
0.2567771960312158,-0.3754608816034417,2,3
1.344032574924214,2.8621394182437627,0,2
-0.46580562732273,-0.3318758828787517,1,3
-0.3714016679419665,-0.3165163964649763,1,3
-0.238687493946645,-0.294923853463947,1,3
-0.5414147466148849,-0.3441774563312103,1,3
-0.4566792238026,-0.3303910206781242,1,3
-1.644360337997869,-0.5236262626853253,1,3
2.0594200912656744,-0.2535621805713441,2,3
1.5866202080218292,-0.2928354839618661,2,3
0.2554294439137878,-0.4297838838426752,1,3
-0.3032330962916609,-0.3054253971363752,1,3
-0.6742806458329509,-0.3657946849652645,1,3
0.739372029143,-0.3404324326187225,2,3
-0.469594230966712,-0.3324922871755484,1,3
-1.2324772474478696,-0.5749887521496436,1,3
1.3208616885915092,-0.3234151083277391,2,3
0.1783874482055459,-0.4325888043685852,1,3
-0.4649320098830125,-0.3317337456709037,1,3
-0.3505688948684384,-0.4213476836529927,1,3
-1.2484990003698406,0.5887839723277343,2,0
-0.4693378932757224,-0.3324505811358026,1,3
-0.3172555664481238,-0.3077068474194832,1,3
0.615574040628292,-0.2378374787816435,2,3
-1.7609415352383957,1.6992858779641398,0,1
-0.6763976184561624,-0.4743598865943789,1,3
0.4772779183870665,-0.3971212946109997,2,3
0.2536055763536681,-0.4288418800555273,1,3
-0.8971864169240302,-0.4800185131450673,1,3
-0.9192948466622636,-0.5174424915249368,1,3
-0.3517702534374982,-0.3133223731809698,1,3
-0.2830715366580213,-0.3821403014798747,1,3
-0.1758676835563073,3.753928184907562,2,5
-1.6057030312687188,0.5306670194422276,2,0
-2.196133887577347,0.4346041553925441,2,0
-0.3023873564982672,-0.3052877956104283,1,3
-0.1035013502230625,-0.4627661175194125,1,3
0.1637180819900155,-0.4342643537458794,1,3
-0.3520951309103255,-0.3133752306157931,1,3
1.1193185447065317,-0.3151881818666471,2,3
0.2351395349979185,2.790786753884786,0,2
-2.3216076671762376,-0.6338141321297125,1,3
0.4267258188618794,-0.399316151997242,2,3
-0.9423609612495676,0.4241183359602169,2,0
-0.4598270849815663,-0.3309031764322677,1,3
0.7174670720467099,-0.3458484624699597,2,3
-0.3508330184908979,-0.3131698854302096,1,3
-0.2492215843976172,-0.2966377457649108,1,3
-0.5225153776590283,-0.3940307004641725,1,3
0.5673782093991238,-0.4181564181732702,2,3
-0.4698052025003947,-0.3325266121596544,1,3
-0.3482700076817795,-0.3127528845972018,1,3
0.837816337047723,-0.2967635999182917,2,3
-0.5414608563059174,-0.3441849583594896,1,3
-0.0782417579199668,0.554684996035629,2,0
0.6479845497297186,-0.3110442917929011,2,3
-0.4524046981135319,0.5036890685552479,2,0
-0.8855337272477466,1.0710920157546528,0,1
-0.1176843812048369,-0.2752366954424686,1,3
1.3731043861752268,-0.341695190513201,2,3
-2.4454317883736456,1.0070863832775263,0,1
0.7016345392335553,-0.3068690357074606,2,3
-0.270076384369583,-0.4818439102614493,1,3
-0.6339673997298447,-0.4531147174278377,1,3
-2.38862255215579,0.403286326693499,2,0
0.5075218722440314,-0.3791509772762023,2,3
1.4645498222888655,-0.311187557068622,2,3
0.8651135726788396,-0.285452499606295,2,3
1.280102889980405,-0.3112206973972961,2,3
-0.9021106874283104,-0.470880377263499,1,3
2.911187412276324,8.171562782762695,2,-1
-0.8500182450434022,-0.4994112885840217,1,3
0.5881439930025191,-0.4054546755031996,2,3
0.8828831045502066,-0.3366469439459125,2,3
0.1370139629881755,-0.4386666295700247,1,3
-0.4473665422485302,-0.3288758511159174,1,3
-0.4657831871655268,-0.3318722318741546,1,3
-4.146431679441607,1.9584780639555777,0,-1
-0.8414662110716129,-0.4544219358856958,1,3
-1.4313000963833846,1.0437701875446437,0,1
-1.6633502489224172,0.4803370226262486,2,0
-0.3572320437341929,1.12400908098945,0,1
-0.2491669058964243,-0.2966288495946473,1,3
-0.111744639053197,0.5290708031318007,2,0
0.5643100231411677,-0.3792447080558884,2,3
-0.351756290057425,-0.3133201013446196,1,3
-0.4391733846057983,-0.327542827646087,1,3
-0.3034128788489544,-0.3054546476865036,1,3
1.4385266585825005,-0.3079266838642002,2,3
-2.575010104987235,1.7258939970064855,0,1
1.0225877265461836,-0.3615846661039846,2,3
0.663869916429766,-0.319737896501259,2,3
1.8236993204468197,-0.2858343190724938,2,3
0.8056132827177268,-0.3378034824636446,2,3
0.7237764094812329,-0.300957592810604,2,3
0.4621795136240982,-0.329874693373888,2,3
1.88839460378553,-0.269409849770345,2,3
1.3735393273204302,-0.2844992092770734,2,3
-0.2830715366580213,-0.3821403014798747,1,3
0.2418116074052726,-0.4047092331923236,1,3
0.9760214792057428,-0.3323029820742421,2,3
0.759653520657759,-0.32980799831664,2,3
-0.554842529723139,-0.4939786560555345,1,3
-0.5418679447473921,0.5516967556993845,2,0
-2.0466035970977865,1.404559383677649,0,1
-0.2651182120917951,-0.2992241207294266,1,3
-0.7772693205850432,-0.4030263099207804,1,3
-0.4601392187495352,-0.3309539604714102,1,3
-0.458904011105798,-0.3307529926820652,1,3
-0.4682699183402181,-0.3322768220411659,1,3
1.5696937850405763,-0.3139467568528962,2,3
-3.6539293598328992,0.8104643120035624,0,-1
0.8816634556180858,-0.369023065761226,2,3
1.3785491319713772,-0.3137029514757234,2,3
0.3965354602428013,-0.4271899866044283,2,3
0.6035788832824083,-0.3294586483767714,2,3
-0.1017810995470633,-0.4894383106644358,1,3
-1.867584685454702,2.101563202563597,0,1
0.8269160811825608,2.828517391745084,0,2
0.2919498031595949,-0.3836694134266392,2,3
1.8077111871124965,-0.2779103951162928,2,3
0.6485157403530518,-0.3871611723680906,2,3
-2.433742141773622,0.3959453875181086,2,0
0.4469521904373209,-0.410445136463022,2,3
1.364302379565831,-0.3170530271280561,2,3
-0.002581911456718,-0.4405565630863384,1,3
-0.1404118309309857,-0.4528086059174466,1,3
0.4498667771174425,-0.3845509297854433,2,3
1.1351132681250682,-0.3281712670471494,2,3
1.940874404839612,2.982928215614807,0,2
1.5000575231565885,-0.30331309214283,2,3
-0.7990043820412993,0.4860591237450842,2,0
1.1357432332564323,-0.3502356579493659,2,3
0.4739253431558613,-0.2752254547360842,2,3
1.216699551284756,-0.332690293991342,2,3
0.2847097892996588,-0.4002660390024903,2,3
-0.2642714268045629,-0.4511421557088026,1,3
-2.145894856845383,0.3852962859516074,2,0
-3.486118165833733,1.2727279833232357,0,9
-0.3264446588230634,-0.4124879407440506,1,3
-0.1261765256688233,0.5448026900049872,2,0
0.3269605092150407,-0.3885250319703361,2,3
1.0881067402944944,-0.2503588298673334,2,3
-1.8096175252693991,0.4325847026424503,2,0
-0.4895861856812813,0.6798060284716938,2,0
1.318636600706865,-0.2451248953147166,2,3
0.7320347180690122,-0.3181027627282538,2,3
0.923199098156907,-0.3833276760882755,2,3
0.0591617857704293,-0.4230788094759386,1,3
0.2711021200478388,-0.4106017559031116,2,3
-0.1918196061770864,0.535824003775669,2,0
-0.9991586499537826,-0.4186522062298351,1,3
-0.7470706410408102,0.568926971072778,2,0
-0.4650941730381203,-0.3317601295513472,1,3
-2.395009852045017,-0.645756638234633,1,3
-0.3163169395112644,-0.307554133192465,1,3
-1.2121352608870266,0.4285681505546386,2,0
1.2450109218342826,2.951507452514716,0,2
-1.5237512981861865,1.995805531084747,0,1
0.6877376673042067,-0.4012600991278667,2,3
1.0861863087367276,-0.3531125957957851,2,3
-1.7690873018345084,1.1171273605858,0,1
-0.401803795102708,-0.3214628103880605,1,3
0.2567279052341672,-0.3768258724555789,2,3
1.1332327483841655,-0.348051241413548,2,3
0.1024431013931953,-0.4158117477442019,1,3
0.5113511941833259,-0.3658994832259959,2,3
-0.3628176394159133,-0.4255296819949531,1,3
-2.250237136171261,0.3577837427956839,2,0
-0.9108752508712828,-0.5117419936452082,1,3
3.654927181628622,13.683245041843833,2,-1
-0.3172313757164381,-0.3077029115971183,1,3
-0.249258043643233,-0.2966436776695827,1,3
-0.3485316263564968,-0.3127954498508868,1,3
-0.4687919515080576,-0.3323617566286722,1,3
-1.5188294373892826,-0.5901804877215181,1,3
-0.0851206964461804,0.519334381069507,2,0
-0.4694574835123184,-0.3324700384194406,1,3
-0.0508128828359015,-0.4220263804797936,1,3
0.1395109298681423,-0.3787262297281842,1,3
-0.3035585156641712,-0.3054783427380601,1,3
-1.2136804929832503,-0.501097251160762,1,3
-0.9488103094799872,1.0308405837910743,0,1
-0.2293656497041853,-0.3138826019221623,1,3
-1.158847611894264,-0.4446335364350861,1,3
-0.4595973507717372,-0.3308657987682609,1,3
-0.4651389269615685,-0.3317674109967831,1,3
0.0120251344023442,-0.3467547893785938,1,3
-0.3489245890603721,-0.3128593847255561,1,3
0.6545483932893978,-0.3976685184545555,2,3
-0.3189763155734902,-0.307986812613591,1,3
-0.646440204135891,1.0778283457259588,0,1
-0.0071379567984172,-0.4711591361083641,1,3
1.1394923832468036,-0.3407584270776438,2,3
-0.4283115464311638,-0.4127536632533566,1,3
0.769670280968056,-0.3478448402091788,2,3
-0.317080238777892,-0.3076783216776971,1,3
-0.4704049158590201,-0.3326241852831165,1,3
-0.3511705593828064,-0.3132248031982499,1,3
-0.3033557904513633,-0.3054453594270604,1,3
0.4724022365977133,-0.3814869693085541,2,3
1.7832016826811932,-0.2830278134166631,2,3
0.2921905381151126,-0.4122171822151553,2,3
0.5541670097866563,-0.3929199140482549,2,3
0.6429110832535866,-0.377004689250095,2,3
-0.5410845524269683,-0.3441237338689695,1,3
1.798202462586094,-0.2750785741343951,2,3
0.6287800859107269,0.6086928485828309,2,0
-0.3019956209838464,-0.4992850352808052,1,3
-0.0541670143523882,-0.4316676522187361,1,3
1.5245160913314388,-0.290453946270347,2,3
0.0946639842612347,0.7146942722161472,2,0
-2.4941204409866358,0.3536691072846399,2,0
-1.2942471354014815,-0.5876089843272971,1,3
1.3476745122263696,-0.2866731316100445,2,3
-0.4686499824457359,-0.3323386583190439,1,3
-0.3502009705586522,-0.3130670514845588,1,3
0.8336659120098092,-0.3348642141272452,2,3
-0.1133723925709326,0.5450821153386884,2,0
0.9130796258065184,-0.3695608563755297,2,3
0.8838490970204218,-0.3367425733137514,2,3
0.5847999819410604,-0.4132335153971043,2,3
-1.770419791097666,1.116910565115904,0,1
-0.7977721122881363,1.0519448035864662,0,1
1.0242082820734528,0.6211180985356697,0,0
0.453736767257603,-0.3964278413147265,2,3
0.5566055038210255,-0.3930617424910067,2,3
0.4739253431558613,-0.2752254547360842,2,3
-0.4547513554604048,-0.4694607320519052,1,3
0.2317771820552591,-0.4296789441589942,1,3
0.0405211604402495,-0.3952599457142341,1,3
-0.4359416604550156,-0.5015404427843878,1,3
-0.8318968131865074,-0.5250113701127758,1,3
-1.476783806780413,0.4662612066649382,2,0
-1.4934637534234942,-0.5315282038721035,1,3
0.461616250705075,-0.3896002360184257,2,3
-0.123243448407011,0.5272822454080947,2,0
-0.0209914486745445,-0.4760432832262185,1,3
-0.1547238012412443,0.5563329115963711,2,0
1.0295169885333535,-0.3827270230194355,2,3
-2.48616879505402,1.6948440492710208,0,1
-0.670579089945712,0.5865678857848686,2,0
0.4447470733586391,-0.4004415191560792,2,3
1.2557861544457498,-0.3226913231064751,2,3
0.2174451659397386,-0.4391065488923877,1,3
-1.231080249959679,1.204660892632451,0,1
1.1568639116276114,-0.276810963898412,2,3
-1.136671389713535,0.6069782798316469,2,0
0.0916258817928172,-0.3590156735372292,1,3
-0.4114745758556285,-0.3230362425466205,1,3
-0.4957141793822082,-0.4613852824755122,1,3
-0.1863703145865045,-0.4852093293187541,1,3
0.661413622028929,-0.3691464702580155,2,3
0.4488090696581337,-0.4202271624311209,2,3
-0.3829785423268826,1.1048119359553448,0,1
0.678010983094759,-0.3722081311392239,2,3
-0.468343615147071,-0.3322888124821497,1,3
-0.5414378003547239,-0.3441812071654567,1,3
1.2206149038546017,-0.3568743646260263,2,3
0.6118299176544479,-0.3532968737092832,2,3
-0.4594607083944788,-0.3308435671081609,1,3
-1.0658342410190351,0.4649410452062548,2,0
-2.384103708138601,-0.6764349680983472,1,3
-0.2489346609332128,-0.2965910634320699,1,3
-0.3383818546443076,-0.3111440860549309,2,3
-0.4601501781756574,-0.3309557435656546,1,3
-0.4682642502908936,-0.3322758998518089,1,3
-1.6411341487950326,-0.5555541181060372,1,3
-0.2384934785825042,-0.2948922872418402,1,3
-0.5411996849355962,-0.3441424658820509,1,3
-0.3513760998419742,-0.3132582445487058,1,3
-0.5412150401043286,-0.344144964161859,1,3
-0.4651669023958658,-0.3317719625887484,1,3
-0.3033757698482134,-0.3054486100669328,1,3
-0.4686215986929229,-0.3323340402938196,1,3
-0.3520601767717243,-0.3133695435914302,1,3
1.1493849747694116,-0.3141925516293894,2,3
1.4798639389036932,-0.3030222100929031,2,3
0.722685855043593,-0.3645912791015823,2,3
-1.0458375718600788,-0.5386947852854328,1,3
-0.8033302383635748,-0.4900770337007854,1,3
0.9848121739829444,-0.3183412775796546,2,3
0.5759884873248231,-0.327088655349425,2,3
0.2740705320287631,0.6469083973859504,2,0
0.6302658684468713,-0.3565771728860212,2,3
0.8689575921218132,-0.3523752742950643,2,3
-0.3165459763920901,-0.307591397401322,1,3
1.2760227460128726,-0.3161246388678086,2,3
-0.1567506202198086,0.5561225017309491,2,0
-1.1237333195858252,-0.5660615511279591,1,3
-0.8023061161046025,1.4663799371122503,0,1
0.6266380918084291,-0.3758624918752598,2,3
0.0938827154953419,0.5495307378736006,2,0
0.1742124670203912,-0.4762025343361193,1,3
-0.4391030885979582,-0.3275313905137417,1,3
-0.3714168205563463,-0.3165188617892724,1,3
-0.2543687634584912,-0.3179505985245336,1,3
-0.4655084651280007,-0.3318275347085842,1,3
-0.3515678637772623,-0.3132894444642393,1,3
-0.6266293797767717,0.4895506046830909,2,0
0.2839923803464166,-0.4171795695367409,2,3
-0.1550448824049048,-0.4559188116508672,1,3
-1.5358757856409555,0.5215524755770558,2,0
1.2095287708088198,-0.3127669345311862,2,3
-0.6506406664473168,-0.3619484697791929,1,3
-1.0571775101885874,-0.5740668356968789,1,3
0.4739253431558613,-0.2752254547360842,2,3
1.0178946891831775,-0.3365915824502384,2,3
0.0775964214363881,-0.462185294461743,1,3
-1.5047105506152163,5.406590467699647,2,-1
0.7830335061754163,-0.386497249151766,2,3
0.3326615512933525,-0.4246981316739334,2,3
0.6582253022241285,-0.3888416731317142,2,3
1.1667877002369342,-0.347073766256921,2,3
1.3286206453835914,-0.3111558752203229,2,3
0.4755363518832174,-0.3798573794536778,2,3
0.5880747874707338,-0.3655367050841692,2,3
0.9534391976578008,-0.377870793605206,2,3
0.69662524617598,-0.3439188914479774,2,3
1.3519191855590298,-0.3005983372122717,2,3
-1.243730266790168,0.5895598433728507,2,0
-0.6699120854925277,-0.5491309153575626,1,3
-1.2403922164072931,-0.566121581988251,1,3
0.279893154323007,0.6336067626936178,2,0
1.0035616641659428,-0.2958420963036837,2,3
-0.4196811754946798,-0.4043666350517479,1,3
0.9739399359578887,-0.3445775353204119,2,3
-0.6095671401482459,1.4751146198033886,0,1
-0.5822145648228583,-0.383268325539847,1,3
-1.6610125046133473,0.5216681902621562,2,0
-2.862732967395646,-0.7218550019342019,3,3
0.2077612202810531,-0.4467861876525495,1,3
2.415313468881985,4.813226011209782,2,6
0.5275155235072313,-0.4092877475920757,2,3
0.6355937929537807,-0.362654540025684,2,3
-1.2108743033138318,0.4563241546926701,2,0
-0.4017754114574354,-0.4209273391309495,1,3
-2.6961266321311976,-0.6947482178572554,2,3
3.2935044531673148,7.305420817304542,2,-1
0.77752764394684,-0.3737514678953919,2,3
-0.9680322496541176,-0.4135879533568792,1,3
0.7471493633310029,-0.3680099238617197,2,3
0.9109928778870016,-0.371127813958209,2,3
1.3539173530131483,-0.3397731527514482,2,3
-0.4677433607200356,-0.3321911513270738,1,3
0.9382677341299746,-0.3561199662488803,2,3
-0.4655420876958869,-0.3318330050869246,1,3
0.4391531001364572,4.342513618314075,2,-1
-1.187224604142342,0.4137902633791268,2,0
0.6895873084436349,-0.3956371794318906,2,3
0.2740705320287631,0.6469083973859504,2,0
-0.4687976320150748,-0.3323626808448907,1,3
0.3126941030792337,-0.3816792545087201,2,3
-0.8526910416704572,-0.415297393759993,1,3
-0.4677716409471066,-0.3321957525087014,1,3
0.0871551437367583,-0.4340003136751517,1,3
1.7485085381823775,-0.2666853660768768,2,3
-0.803939266743784,0.4992168459174657,2,0
0.6152198592484587,-0.3921331418742439,2,3
-0.2391852377302262,-0.2950048361783544,1,3
1.1569748851587551,-0.3412528125318155,2,3
-0.5411920077190677,-0.3441412168019939,1,3
0.5899670906264836,0.5897924720365927,2,0
-0.9712084497880842,-0.4616471467625414,1,3
-0.5700665573548802,-0.3488390944730602,1,3
-0.3033358127151041,-0.3054421090573656,1,3
0.2249492774984063,-0.3831779908832908,1,3
-0.31611821596812,-0.3075218009515183,1,3
0.5302352292978068,-0.3993510459532984,2,3
-0.4589367223379749,-0.3307583147864503,1,3
-0.5411459495686332,-0.3441337231593492,1,3
-0.3378244948370679,-0.3110534038373307,2,3
0.5477004782335403,-0.3687931869467101,2,3
0.0336065913453955,-0.4016286619212535,1,3
0.1415906869339672,-0.4365997591124228,1,3
-0.892951415290373,-0.4013723316508702,1,3
-1.689921658646416,0.4111083546712015,2,0
-0.7623751585193554,-0.4774858922656922,1,3
-0.7260974940228908,-0.4151760830026191,1,3
1.676208938497204,-0.2512333196093886,2,3
-0.4685534913582523,-0.3323229592577231,1,3
0.0275055444759132,-0.3478577773382461,1,3
-0.3512889849669413,-0.3132440709933985,1,3
-0.4649990986096128,-0.3317446609798749,1,3
-0.3301573856532521,-0.3098059682412581,1,3
0.4739253431558613,-0.2752254547360842,2,3
-0.401803795102708,-0.3214628103880605,1,3
1.1146400360772366,-0.3395870260775672,2,3
-1.7807632144338663,0.3522653268491362,2,0
-0.4360451128321068,-0.3270338590803427,1,3
-0.4593350659767742,-0.3308231251370785,1,3
-0.4700791715273966,-0.3325711868107139,1,3
0.4471635679869826,-0.3216452430545175,2,3
-0.0963075922902099,-0.4384193417166513,1,3
1.391263435945996,-0.2815276140048969,2,3
-0.4651557118314209,-0.3317701418883914,1,3
-0.303119018390295,-0.3054068367074733,1,3
-1.3425965730154592,0.4772309102095353,2,0
-0.2771297729872708,-0.3011783968804742,1,3
-1.438882674475899,1.0023630948045426,0,1
1.0193485902560318,-0.3006259019190505,2,3
0.7324605506187125,-0.3326310266900975,2,3
-0.2775523889625074,-0.3012471563305277,1,3
0.4913867163342493,-0.2960856271405969,2,3
-0.9832697407707442,1.5732747333066353,0,1
1.1325057831248468,-0.3073767905827124,2,3
0.8793852950444228,-0.3410089261638514,2,3
-0.2677758112660102,0.5853629492428759,2,0
-0.4651501167445675,-0.3317692315699993,1,3
0.5464903392859038,-0.4067736368113435,2,3
0.5225846585238711,-0.4046118890786567,2,3
0.6403386707060738,-0.2928315781982656,2,3
1.6939442677966332,2.897533357914101,0,2
0.340407658875564,-0.4027102255311895,2,3
-1.243730266790168,0.5895598433728507,2,0
0.7465006633785718,2.9179424598668704,0,2
0.0355327980955336,-0.444161415546995,1,3
1.30421223916866,-0.3060066205109887,2,3
-0.360638392925631,-0.4954272670372689,1,3
1.2072451237450754,-0.3065496461679545,2,3
1.4644147773519924,-0.3127059762637049,2,3
0.443595973369967,-0.3989867321637861,2,3
0.6867519203519369,-0.324224220589019,2,3
-0.5412380746968486,-0.3441487118808443,1,3
0.3609647524681945,-0.4072154605741012,2,3
-1.2430988554223377,0.589662573749726,2,0
-0.4684740571845169,-0.3323100353494433,1,3
0.7798913845261312,-0.3425975140226235,2,3
-0.0992307900147235,-0.4780369154006813,1,3
-1.0921766811699432,1.0367617336140318,0,1
-1.0337159042796855,-0.5367225948208104,1,3
-2.149078440231052,0.4422600578456864,2,0
0.8609387581732046,-0.3536040950950573,2,3
-0.3184864541594785,-0.3079071123575583,1,3
-0.6506406664473168,-0.3619484697791929,1,3
-0.4743473336631024,-0.4718469558720744,1,3
-0.3518784971457906,-0.3133399843889932,1,3
-0.3448375450581732,-0.3802122600029409,1,3
-0.4570089275939361,-0.3304446633530376,1,3
-0.2495363325791776,0.5325402028435966,2,0
-0.468394649253282,-0.3322971157108079,1,3
-0.5414839144688899,-0.3441887099133781,1,3
1.858982300515145,-0.2812925976565911,2,3
-0.5410385148605251,-0.344116243575332,1,3
-0.6717563685205492,-0.3653839860566726,1,3
-2.591545318404072,0.3293200562558551,2,0
0.4739253431558613,-0.2752254547360842,2,3
-0.4396006236923998,-0.3276123392745096,1,3
-0.1205490517474456,-0.3839235472238639,1,3
1.3655497033758217,-0.3047621057417657,2,3
0.2337379828915349,-0.4209080521769041,1,3
-0.4677829539696616,-0.332197593132944,1,3
-0.3508608389873167,-0.3131744118138441,1,3
-0.4591712832005457,-0.3307964777449267,1,3
-0.3711555717459355,-0.316476356712362,1,3
1.865850789968735,-0.2454402363375237,2,3
-0.3277540458991607,-0.3094149458250079,1,3
0.6883073879344551,-0.3787701571594781,2,3
0.3052863154405807,0.5926834512089231,2,0
-0.30301069451034,-0.3053892124555524,1,3
-1.03428496907949,-0.5598061323552199,1,3
0.6057967410650706,-0.3849514164626996,2,3
1.4911442779325992,-0.2806261119872597,2,3
0.7368366672184954,-0.373210680405434,2,3
0.1178480302764637,-0.4472996822757518,1,3
-0.4692866585262122,-0.3324422452625599,1,3
-0.3167788927447,1.078385915275938,0,1
-1.8227114860655207,0.3769841272124646,2,0
-0.3519728136574467,-0.3133553296476972,1,3
-2.529520296866749,-0.6676414337803086,1,3
0.5379784850730681,-0.3752949796601028,2,3
-0.2775011231906633,-0.3012388154099636,1,3
-2.5616161873094656,-0.6728634223115798,1,3
-3.1497263563000173,2.442439600253414,0,1
0.9440785901370066,2.893837571745869,0,2
-0.5074759753951861,-0.4880159736085221,1,3
0.0555231142175658,-0.3815763844959973,1,3
-0.4700791715273966,-0.3325711868107139,1,3
-0.3721870728139717,-0.3166441815233575,1,3
0.4303560697402313,-0.4193989531423301,2,3
-0.4700391982563194,-0.3325646831755057,1,3
0.3286768501082582,-0.3822812537842675,2,3
-2.542437265330574,0.2732365678599002,2,0
-0.8651647798713222,-0.3968514571875222,1,3
0.8904918273880923,-0.3808664278321443,2,3
1.62956512924243,2.894762154090859,0,2
-0.0433721195799854,1.155231123708114,0,1
-1.408268115452287,-0.6119533407114491,1,3
-3.4656747121745863,2.5021399182195867,0,-1
-1.8381461370118717,-0.5551551346379638,1,3
-0.5411459495686332,-0.3441337231593492,1,3
-1.5429040803217802,-0.5071193701610069,1,3
0.7828371398689588,-0.3620394570260244,2,3
1.4988338141319386,3.8747766211452,2,10
-0.267742985169582,-0.4621570764476281,1,3
1.484576438822906,-0.3164473930912495,2,3
0.9218130291176194,-0.364989774254941,2,3
-1.655955080621951,1.0108906375600122,0,1
-0.351360455480959,-0.5301214489311769,1,3
0.4606603646845786,-0.3078794248791718,2,3
0.8983153402656956,3.858386897919306,2,5
-0.6242760303108941,-0.3576589540300893,1,3
0.6014057067081865,-0.3509021517422755,2,3
-0.5411996849355962,-0.3441424658820509,1,3
-0.0085242589891655,-0.3730366498563202,1,3
0.8164190173157275,-0.3064200656252129,2,3
0.3960214960843788,-0.3963532913571108,2,3
0.3453098947630891,-0.4014016627775272,2,3
2.626659119701365,3.0049895223710106,0,2
1.2929675365358164,-0.3332329040899359,2,3
0.2740705320287631,0.6469083973859504,2,0
1.0613655807579208,-0.3611713687603008,2,3
0.8090367544947821,-0.3907621995956141,2,3
-1.076223564254075,0.462287367712416,2,0
-1.025038919722,0.4891051666254163,2,0
-0.238654783753169,-0.2949185315285581,1,3
-1.88808746201354,0.325396664514804,2,0
-1.690004470366319,-0.5310525447563358,1,3
-0.468394649253282,-0.3322971157108079,1,3
-1.1234514303593537,1.4305639969740784,0,1
-0.3300106561035,-0.30978209540223,1,3
-0.439731460406095,-0.3276336263554711,1,3
-0.4476160801192401,-0.3289164508276247,1,3
-0.4605779860292379,-0.3310253477322371,1,3
0.4739253431558613,-0.2752254547360842,2,3
-0.33726185144679,-0.3109618619828845,2,3
-0.459832557520839,-0.3309040668122174,1,3
-0.303099060322876,-0.3054035895378909,1,3
-0.460117301396278,-0.3309503945268059,1,3
-0.3033129830495439,-0.3054383946799146,1,3
-1.243730266790168,0.5895598433728507,2,0
0.0948028248953198,2.8693932219714395,0,2
-0.2489460402613152,-0.2965929148441986,1,3
-0.351174041655531,-0.3132253697626287,1,3
-0.1300290480680687,-0.436705656291466,1,3
-1.2403304009337088,0.5286867738287084,2,0
-0.7134114534971407,-0.5057338495054045,1,3
-2.519010973690368,1.3226224753614149,0,1
-0.465267640927796,-0.3317883527075811,1,3
-0.4696683350010145,-0.3325043438722754,1,3
-0.3148424771671655,-0.3073142387591132,1,3
-0.277595973467278,-0.3012542475120128,1,3
-0.5410615325415256,-0.3441199885428198,1,3
-0.3146240300506254,-0.3072786975006678,1,3
1.1690262779464888,-0.3480578680244874,2,3
0.998934896469356,-0.3400439062166637,2,3
-0.864661101122139,0.4507561823005544,2,0
0.8843406332519885,-0.3631645474011982,2,3
-0.3470702732728782,-0.4918858888509051,1,3
1.4867309727465163,-0.2984595728555693,2,3
2.4382878948229925,2.976384564628319,0,2
0.9372035487062238,-0.3368692076317298,2,3
1.16043824525435,-0.3523344254999683,2,3
1.28831457080025,-0.3383376066004049,2,3
-1.6610125046133473,0.5216681902621562,2,0
-0.4651948810865665,-0.3317765147105292,1,3
0.002579792207903,-0.3314377784715981,1,3
0.8446583400477352,-0.3548434441609625,2,3
-0.0262656200958084,-0.402990180337564,1,3
-0.9683704580801356,-0.5478508658957361,1,3
-0.377019001984048,0.6656679091004171,2,0
-0.5576116247652809,-0.4176459584841559,1,3
1.3455454546585173,-0.2856861989752172,2,3
0.7502633209570677,-0.3721564253030308,2,3
0.4808941737688753,-0.3379695651167794,2,3
0.9197120428448916,-0.3199132696867684,2,3
0.2639420924755687,-0.2455989760024902,2,3
-1.826514510425967,-0.618168183873035,1,3
0.7117419827909636,-0.407217374096435,2,3
1.3370120890407573,-0.3009911409485967,2,3
0.4899373433119568,-0.2748094412238288,2,3
-1.0608882944100335,-0.4286955946806183,1,3
0.5805659495598328,-0.3677113684804992,2,3
-0.870200815118055,0.5498623448712148,2,0
1.7343354352817688,-0.1865244025227513,2,3
0.7953770065427035,-0.3822570826285759,2,3
1.6168554235573516,-0.3112950124608003,2,3
0.1358551473092799,-0.3048191921710656,1,3
0.225565898853839,-0.4146684576686955,1,3
-0.4682472469448359,-0.3322731334142095,1,3
-0.5023003214984418,1.0982498252416086,0,1
0.4739253431558613,-0.2752254547360842,2,3
0.0511989415279132,-0.443938444992682,1,3
-0.3518400825080954,-0.3133337343428126,1,3
0.691710514830939,-0.3419193552537617,2,3
-0.8931141796139639,0.4937026641592439,2,0
-3.014762230423851,0.8939811393978147,0,1
0.2589076848591521,0.5529994095845421,2,0
1.3447954000676534,-0.3004566096585678,2,3
1.2923682361591922,-0.3078549009688868,2,3
-0.4572957591788392,-0.3304913307371204,1,3
0.3355232897317874,-0.4090065104601447,2,3
1.0057463439657095,-0.3671261299593905,2,3
0.5706352451863725,-0.4082516923477589,2,3
-0.3582861303187438,-0.4537658785236851,1,3
-0.3448375450581732,-0.3802122600029409,1,3
-0.3523224567966578,-0.3134122164465308,1,3
-0.3180855721202008,-0.3078418890101882,1,3
-0.4606328882984731,-0.3310342803094715,1,3
-0.2773576371724237,-0.3012154702922145,1,3
-0.4702599719389331,-0.4384569307636226,1,3
1.1467567272050778,-0.270090548569634,2,3
-0.1097279695588191,0.5297068187517189,2,0
-1.0596904739892634,-0.4285007097774888,1,3
0.2414188659554784,-0.3961389413931681,1,3
-1.1908918881108828,-0.5256151432698942,1,3
-0.468343615147071,-0.3322888124821497,1,3
0.8627833885683417,-0.3275867591383246,2,3
-0.4602926962066364,-0.3309789311922638,1,3
-0.4699421479795527,-0.3325488931343122,1,3
-0.3032787426163803,-0.3054328237751408,1,3
-0.5415838587437922,-0.3442049708069102,1,3
-0.3158054088826357,-0.3074709073638854,1,3
-0.5411229238026132,-0.3441299768764319,1,3
-0.4591876564570092,-0.3307991416672013,1,3
-0.9611061954624762,-0.4124610871114867,1,3
-0.4680376378493157,-0.3322390300982473,1,3
-0.4606164163009107,-0.3310316003220597,1,3
0.6910976234903735,-0.3607807492874524,2,3
0.5382700000051918,-0.3929829573011699,2,3
-0.2387747428980791,-0.2949380488334311,1,3
-0.7063409002765858,0.6035893055730971,2,0
-0.1671299292679794,-0.4692966318099975,1,3
-0.4693891389485806,-0.3324589187862697,1,3
-0.249109962347934,-0.296619584902095,1,3
-0.3165610522621147,-0.3075938502393421,1,3
1.579918238738944,-0.3265002845209492,2,3
0.5525460076660779,-0.344618218615293,2,3
0.443379371647927,-0.4157383161455398,2,3
0.0876523777317633,-0.3412976336833684,1,3
-1.216421672415292,0.4796485504919877,2,0
0.9172207886600082,-0.3485524464658128,2,3
-0.0803909912480824,-0.4535629198395296,1,3
0.9429502981550114,-0.3709938740008185,2,3
-1.2403304009337088,0.5286867738287084,2,0
1.0593777930253694,-0.3539066413531109,2,3
0.1358551473092799,-0.3048191921710656,1,3
1.2691646805511836,-0.2916933355630962,2,3
-0.5634830863098949,-0.3953103932834181,1,3
1.2635739388883152,-0.3143737303359292,2,3
1.6618519298928776,-0.2984380925284139,2,3
1.0380787762149792,-0.3515336685842906,2,3
-1.4887895346112603,-0.6262438251328649,1,3
0.1306675926132892,-0.4520004111664631,1,3
1.715629130514194,-0.3008850153307001,2,3
-2.385895710296831,0.9692304524412912,0,1
-1.111772949011004,1.4589577586248823,0,1
-0.3930351077673778,-0.4274896095854287,1,3
1.2391346261272542,-0.3442695792691209,2,3
1.3340587853780723,-0.3232758044390308,2,3
-1.2951052914393535,0.9898966064094404,0,1
-0.3448375450581732,-0.3802122600029409,1,3
-0.6996149066721236,-0.5401262357667492,1,3
0.9125104042933944,-0.362121600095143,2,3
-1.7969810447535424,0.419550981163775,2,0
0.7077071701568346,-0.3504096706432922,2,3
0.445518245002608,-0.3495219839234869,2,3
-0.6417957882894245,-0.4474874639740629,1,3
-0.3319540930017332,-0.3100982918078707,2,3
-0.9981004133103144,1.4349541339586256,0,1
-0.7686233328014815,0.5280084391496704,2,0
-1.0245518236106537,0.5042740887696978,2,0
-0.4229080614967914,0.5915268898864358,2,0
0.4912984295027502,0.5828220500065875,2,0
0.4739253431558613,-0.2752254547360842,2,3
-0.3932636183891075,-0.4985010662914122,1,3
0.8925672270567604,-0.3733879839204143,2,3
-0.2660084525644651,-0.4332609122731184,1,3
0.961153555339194,-0.3601623959317298,2,3
0.7459195049410315,-0.3457495148198539,2,3
-0.4134639859974589,-0.511169121581501,1,3
0.0054495349987949,-0.3766371279403532,1,3
0.4331988549703282,-0.4255499643743264,2,3
0.6672162344028038,-0.3279337352365153,2,3
-0.256773742134685,0.5262353004508252,2,0
-1.544395473733237,-0.5073620192722426,1,3
-0.3714206088592007,-0.3165194781446308,1,3
1.180771936132469,-0.3512319963778323,2,3
0.8886611875715297,-0.3791859336309381,2,3
1.3558644410335894,-0.2924725627341114,2,3
-0.5716813294726746,0.651359509626825,2,0
1.9706833688766812,-0.267136951970378,2,3
0.5563990006079393,-0.37023101751381,2,3
-0.4681849116314442,-0.3322629914836653,1,3
1.0523674615652443,-0.3519170410721678,2,3
-0.4570900716222766,-0.3304578654539774,1,3
-0.8489094613649735,0.5463435693028718,2,0
-0.3032188335927299,-0.3054230766009666,1,3
0.996040706587956,-0.3792943019169433,2,3
-0.351139221198319,-0.3132197044881744,1,3
0.9733840786184408,-0.2872207869348621,2,3
0.8821999854673623,-0.3590225763492995,2,3
-0.4681792455863096,-0.3322620696203893,1,3
-0.4649935071671309,-0.3317437512544205,1,3
-0.4602817302805579,-0.330977147040479,1,3
-0.4605395619010022,-0.3310190961419492,1,3
-0.3495256156037801,-0.3129571715036568,1,3
-0.2399381757501347,-0.2951273388928916,1,3
-0.4606548527179858,-0.3310378539117367,1,3
-0.5128391127716306,-0.3970099517769346,1,3
0.8928991043455494,-0.3557751485007657,2,3
-1.3121825361363977,0.4164030427037222,2,0
-0.4589912509529243,-0.330767186570282,1,3
-0.0968469908276756,-0.3537480955111943,1,3
-0.2489187307788732,-0.2965884716023336,1,3
0.6176343699695426,-0.3231892973874548,2,3
-0.3206051911516678,-0.3082518300183361,1,3
0.651253776211076,-0.3596437662915517,2,3
-0.4689396883386781,-0.3323857933518945,1,3
0.5668489771377485,-0.393876346998568,2,3
-0.3168355984377748,-0.3076385187922574,1,3
1.5027458685187165,-0.3001364684262434,2,3
0.0156076448353864,-0.4652171704649935,1,3
-1.104381519398386,0.6122318288105381,2,0
0.2888317603448904,-0.3961277948207649,2,3
-0.2939895476102157,-0.3653477018233491,1,3
-0.9510141606916928,-0.410819117092793,1,3
-0.4678904542489716,-0.3322150833853695,1,3
-0.0138610038720458,-0.4597741269150479,1,3
0.578004818870261,-0.360739733470761,2,3
-0.0055642576119931,-0.442349827605551,1,3
-0.3499784820141887,-0.4894205583197933,1,3
-1.584009019024756,1.3868425268777176,0,1
0.6366262098156673,-0.3772896069595264,2,3
1.0355857230028518,-0.3445522274418571,2,3
0.8123010997484459,-0.3718554178918143,2,3
0.7838781351371572,-0.3541692270248496,2,3
-1.2557156275850607,0.5876098299676835,2,0
-0.5888503905964303,-0.4728412162249534,1,3
1.0600982038709563,-0.3445116233142624,2,3
1.299722384349609,-0.3381752975644758,2,3
0.3061759814558088,-0.4347518789044336,2,3
-0.5407701379906243,-0.344072578765995,1,3
-0.2629333106786156,-0.4724956054666089,1,3
1.204135882044064,-0.3016559163817454,2,3
-3.220602268589248,0.8809664563451256,0,1
0.8535342035397393,-0.4142423980561966,2,3
0.5098342803676076,-0.3671591758654139,2,3
-1.9031533855023868,-0.6271580143119981,1,3
0.906925995169466,-0.3860810178426084,2,3
0.4950248661698833,-0.4165583009733619,2,3
-1.6922248576060284,0.4312090339082963,2,0
0.0804746683878821,-0.4422142594292262,1,3
-0.7680672836451212,0.4624858246511991,2,0
-0.1170576559935551,-0.3882319165073184,1,3
0.8568875553301921,-0.2874360693853361,2,3
-0.0413497466938093,-0.4784514214412495,1,3
0.4739253431558613,-0.2752254547360842,2,3
1.0482879837365753,-0.3592255567443216,2,3
-0.864764967796966,1.1033648693434628,0,1
-0.3612700365923762,0.5751834392424043,2,0
1.3600960998870129,-0.3180506475344031,2,3
-1.6968674066851333,2.452650176356719,0,-1
1.4106148296890904,-0.3011512160036546,2,3
-0.3032302436841678,-0.3054249330182776,1,3
0.8000517744891871,-0.3987682219884905,2,3
-0.4455241923379029,-0.4723619531412141,1,3
-0.3035899390984755,-0.3054834553182468,1,3
0.5460414480971562,-0.2809812459942191,2,3
-0.4603804416304737,-0.3309932073376092,1,3
-0.4677433607200356,-0.3321911513270738,1,3
-1.4086699551101145,-0.5803643855350756,1,3
-0.1642068412714421,-0.3237566986508031,1,3
-0.9109614453777042,-0.583969908395846,1,3
-0.4570630205689965,-0.3304534642584337,1,3
-0.4602104639531001,-0.3309655520375201,1,3
0.867043648580495,-0.3629019651340369,2,3
-0.5408314548617906,-0.3440825549963967,1,3
-0.4813500377764294,-0.3344049522391878,1,3
-0.4678508432890416,-0.33220863869804,1,3
-0.4606054355962943,-0.3310298137658127,1,3
1.7343354352817688,-0.1865244025227513,2,3
-0.0968469908276756,-0.3537480955111943,1,3
0.6196246792525061,-0.3725607580045629,2,3
0.6454826585075069,-0.2600383767499009,2,3
-0.3060363941489239,-0.3058814925759608,1,3
0.8194085866907975,-0.3655212667096244,2,3
-0.3300425462130922,-0.3097872839102992,1,3
-0.5410308427899944,-0.3441149953325267,1,3
-0.2777190782759444,-0.3012742766151201,1,3
1.249173394672765,-0.3380396951919112,2,3
-0.4690022197283844,-0.3323959671839767,1,3
-0.2490689713446321,-0.2966129156822611,1,3
-0.3028141258635968,-0.3053572308153878,1,3
-0.5493668876444983,-0.5173073963891122,1,3
-2.2487286028079128,-0.6748849014200308,1,3
0.2963649493222332,-0.4184925102264781,2,3
0.3990981097250489,-0.3622806847142804,2,3
-1.0910196253283304,-0.5172904227362464,1,3
-0.2489141795001168,-0.2965877311111012,1,3
-3.830144703797446,1.82979789984848,0,8
-0.4676868102460155,-0.3321819505875805,1,3
0.4433648745465648,-0.3506148473221384,2,3
-0.5412995110711675,-0.344158707554361,1,3
0.7820479342699341,-0.4002708606108267,2,3
0.7515113294730502,3.823598889653108,2,5
-0.3797812369680169,-0.3178797489922766,1,3
-0.830217419778306,1.0460093289888237,0,1
-0.4397515954539527,-0.3276369023197001,1,3
1.367856295109276,-0.3091429170672218,2,3
1.53033684544032,-0.294966473660706,2,3
-0.5409081229539421,-0.3440950288643096,1,3
-0.7886297241601794,-0.4373273981493759,1,3
-1.95352518599175,0.8954746922559684,0,1
-0.4663663212664171,-0.4486859410487996,1,3
-1.2064105179750366,0.4756871960341178,2,0
-1.394596950887733,1.0373832646822037,0,1
-0.1402848735075022,-0.4441802778715347,1,3
1.330954400063672,-0.3208951132416746,2,3
0.963233225926353,-0.3571596700674908,2,3
0.2395391849612095,-0.4332064381473053,1,3
0.5857984415189456,-0.396959846064063,2,3
0.4739253431558613,-0.2752254547360842,2,3
1.6142077756191369,-0.2834924024925953,2,3
0.3052304440289842,-0.4150441441839784,2,3
-0.1642068412714421,-0.3237566986508031,1,3
-0.3697143529204754,-0.3162418709861898,1,3
0.1505435556488052,-0.4149964432930119,1,3
0.3794216078495781,-0.4010110781891238,2,3
-2.529520296866749,-0.6676414337803086,1,3
0.1516520179132015,-0.4163787997806096,1,3
0.0685003617835468,-0.4421840267600811,1,3
-0.8640150722505735,-0.3966644002177029,1,3
-1.1369160525322028,-0.4410652805031942,1,3
0.6937171626703214,-0.3263236290241373,2,3
-0.5968819705588965,-0.3532019514706745,1,3
0.4628595776971603,-0.3869172596087091,2,3
-0.3032958622232534,-0.3054356091283284,1,3
0.4697333977326561,-0.2633565304481562,2,3
1.176302494389782,-0.3150463362311914,2,3
-0.8432712509061108,1.0449150545571724,0,1
0.2752647677605805,-0.3964916929685749,2,3
-0.2533124917975063,-0.5039025112527226,1,3
-1.1482519488491845,0.4493309295491058,2,0
0.7306674409538614,-0.3144906129271187,2,3
-0.3972981773327841,-0.3207297481798994,1,3
-0.4675341903900091,-0.3321571193980818,1,3
-1.4030030253263583,-0.4843575244972235,1,3
1.160159060985886,-0.3183010714139667,2,3
0.2062616551783641,-0.366767654200528,1,3
-0.694899998399424,1.015273974492121,0,1
-2.317600973250287,-0.6536376534174689,1,3
-0.303372915546984,-0.305448145673265,1,3
0.9564485271320252,-0.3065554235258072,2,3
0.0389038169926607,-0.424283273621773,1,3
2.3247572727038968,-0.2448018208021552,2,3
-0.3575387625158392,-0.3996418263117869,1,3
0.7635917059529451,-0.3308618879810676,2,3
0.990286599569518,2.812612013364147,0,2
-0.3297684294416333,-0.3097426852212757,1,3
0.1314856728704153,-0.3341659741050063,1,3
0.863441015682458,-0.3224231763862857,2,3
1.3662627319618048,-0.3114671204447634,2,3
-0.0968469908276756,-0.3537480955111943,1,3
1.2794962933971374,-0.3205722666662366,2,3
-0.5408927873790067,-0.3440925337724044,1,3
0.2257729859760116,-0.4604161571968184,1,3
-0.3502703451467365,-0.3130783387022786,1,3
1.7818691248979053,-0.306216946924478,2,3
-0.8820101952050261,0.4835876145541865,2,0
-0.4703248675716981,-0.332611161458802,1,3
-0.7653733562713568,-0.3806154325011752,1,3
-2.4279269065430307,-0.6835649849420918,1,3
-0.461193608926789,-0.3311255093313158,1,3
-0.5412227180565634,-0.3441462133616151,1,3
-0.4603365649145658,-0.330986068613489,1,3
1.54079918260468,-0.2981049822324075,2,3
1.0332085047411166,-0.3285101618762268,2,3
-0.4704506697095243,-0.3326316294162843,1,3
-0.4685421420118062,-0.3323211127235979,1,3
0.1364662398845387,-0.3693253791543298,1,3
-0.460259799929167,-0.3309735789810835,1,3
1.0571569259998197,-0.3426677344507015,2,3
-0.5413686457675745,-0.344169955741801,1,3
-0.4603804416304737,-0.3309932073376092,1,3
0.4739253431558613,-0.2752254547360842,2,3
-0.5412841505053604,-0.344156208396451,1,3
-3.812080835095485,1.8327368840577007,0,8
0.4697333977326561,-0.2633565304481562,2,3
-0.3719933288774327,-0.3166126594624128,1,3
-0.3030192446209215,-0.3053906035551226,1,3
0.0581868675015389,-0.4531945770007422,1,3
1.9061663302533045,-0.256894929352251,2,3
-0.3911425245358508,0.6249894961866659,2,0
0.5755037617705961,-0.382819433727692,2,3
-0.5408851199584386,-0.3440912862861462,1,3
-0.5146593934954784,-0.438256928294599,1,3
-0.0178719309937415,-0.4505518877722208,1,3
0.1309401049336433,-0.38395717964216,1,3
-0.4674437947012164,-0.3321424120556888,1,3
0.6814294616367046,-0.3546111630552884,2,3
-1.4134301919500285,1.1274502031264124,0,1
-0.3736412852941506,-0.415313338521224,1,3
-0.3032644772086932,-0.3054305027990187,1,3
-0.1300301587530302,-0.4596175744678282,1,3
-1.007514065712352,1.0796346825943446,0,1
-0.7884073512793834,-0.5319795590574906,1,3
-0.6878583519697178,-0.4089545898926616,1,3
0.20362353919809,-0.3667458769886723,1,3
-0.5515055225132046,-0.3458192215318579,1,3
-2.227538856271612,-0.6389845830250455,1,3
-0.6099200566513089,-0.3877759979734755,1,3
-0.3032045717400738,-0.3054207562032466,1,3
1.059880623961511,-0.3077447938227697,2,3
0.0424283835066999,-0.4159516196414816,1,3
0.7040923336174094,0.616509999920792,2,0
-0.460517608013818,-0.3310155242532896,1,3
-0.1928834189211458,-0.4291381019053464,1,3
0.2070818047955779,-0.445457695634658,1,3
0.4081365708720639,-0.3886241304576828,2,3
0.1279592779252719,-0.426416504091514,1,3
-0.5194653081100971,-0.3730590465829461,1,3
-1.278467481401961,-0.641739408196517,1,3
-0.0535301158616173,-0.4309310097789644,1,3
0.5082899916981207,-0.3840123906376118,2,3
-1.110503712365166,-0.536237150078016,1,3
1.218209500103384,-0.3368769169993122,2,3
-0.4786187739810309,-0.4772884382157376,1,3
-1.1503909337656522,0.4361593868330973,2,0
-0.541230396254065,-0.344147462601276,1,3
-0.5408544527217961,-0.3440862967390166,1,3
1.0828603633981222,-0.2486909029225729,2,3
-0.5411229238026132,-0.3441299768764319,1,3
-0.4389926649629414,-0.3275134246325125,1,3
-0.7792268661822721,-0.3828693930199452,1,3
0.2507785518091995,-0.4083374524075197,1,3
-0.4362434723512386,-0.3270661320947283,1,3
-0.3295455416904372,-0.3097064214733487,1,3
-0.4669584994666259,-0.3320634547152207,1,3
1.9615398078266937,2.9520240484089406,0,2
-0.4660301441955722,-0.3319124116841186,1,3
-0.0968469908276756,-0.3537480955111943,1,3
-0.5413993786833131,-0.3441749559748933,1,3
-0.3033158366391595,-0.3054388589578031,1,3
-2.239622430025548,1.4755323407311094,0,1
0.4739253431558613,-0.2752254547360842,2,3
1.2258814995052976,-0.3445358325869288,2,3
-0.8266068211341295,-0.5302240449808509,1,3
-0.4572361999405926,-0.3304816404728914,1,3
1.4046501387224035,-0.2971970456276262,2,3
-0.4686613368854216,-0.3323405056818371,1,3
1.3025155189162303,-0.3220894453559964,2,3
-0.4396408735578878,-0.3276188879115178,1,3
-0.1486225069990616,-0.3536738888140385,1,3
1.786598159670595,5.786674983337358,2,-1
-1.7136380920600134,-0.5963239519069427,1,3
-0.1400226893958387,-0.3363528688830191,1,3
0.3636922979306566,-0.3962737120288921,2,3
-1.1156067724091958,-0.5133662850719488,1,3
-0.8887751024182664,-0.4006928472178065,1,3
-1.1187978796394782,-0.5061352967249039,1,3
-0.8787793604285661,-0.5065200051139371,1,3
-0.3452680917125481,-0.3122644740702796,1,3
0.0994787681848035,-0.3548678172125053,1,3
-1.655747292598538,1.4204250720854132,0,1
1.1337378010173145,-0.3588614535062178,2,3
0.9370643960642072,-0.372817373678333,2,3
-0.157293933726889,0.5475480042243772,2,0
-0.4604517583808782,-0.3310048105443612,1,3
-1.0850260961511518,0.5103567818755972,2,0
0.4314218542585274,-0.2873365253295447,2,3
1.0828603633981222,-0.2486909029225729,2,3
-3.199762507710956,0.2713141805171957,2,0
-0.4699364403598749,-0.3325479645068747,1,3
0.4087299797996011,-0.4330317434768811,2,3
0.4775970577563391,-0.391629581118567,2,3
0.8805275098364151,-0.3522836907410126,2,3
-1.4134301919500285,1.1274502031264124,0,1
-0.5796088476960406,-0.4373696736247636,1,3
-0.910603006214415,-0.5192077177045203,1,3
1.6821865607706383,-0.2766608411430492,2,3
1.578858437472468,-0.2637669843393052,2,3
-0.303207424042908,-0.3054212202717763,1,3
-0.3345234528569956,-0.3105163256281454,2,3
1.8141880742827527,2.982267110227589,0,2
0.141091247195899,3.752311121301085,2,5
-2.1047057974601246,1.0300696105384108,0,1
0.1127791917660752,-0.4466330201242397,1,3
-1.0102077819684046,-0.440925304373258,1,3
-1.397332691130895,-0.5568385360780175,1,3
-0.2387703796982522,-0.2949373389425653,1,3
-0.2333261948325058,-0.2940515722434987,1,3
-0.305594634747742,-0.4847947284354221,1,3
1.7121958510218127,-0.285549039308356,2,3
0.6170780316743241,-0.3548394376513433,2,3
0.6944796610136152,-0.3882128224077494,2,3
-0.1680201456866861,-0.4156858070987101,1,3
1.43961322516382,-0.3097669522544794,2,3
0.0109312951714904,-0.4571893656880402,1,3
0.0253983119965844,0.5633500485529471,2,0
-0.1459326739837601,0.5982413956407951,2,0
1.1887172920511089,-0.3419821969170799,2,3
-0.4600953860413663,-0.3309468289073316,1,3
-0.4673195561123385,-0.3321221984869947,1,3
-0.4397364940099327,-0.3276344453208012,1,3
-0.7819548836853687,0.5080321023952143,2,0
0.4739253431558613,-0.2752254547360842,2,3
0.0994787681848035,-0.3548678172125053,1,3
-0.2326914821808263,-0.2939483047490624,1,3
0.7768012197013574,-0.3926284496495845,2,3
1.2917642173578028,-0.2771937065140102,2,3
-0.3309307892768807,-0.3099318007013309,2,3
1.3712197641714816,5.738898563973648,2,-1
-1.4464256311636656,0.9726463517450106,0,1
0.9135023253035908,-0.3639181677926487,2,3
-0.3519798015381828,-0.3133564665730966,1,3
-0.5409694750399536,-0.3441050108241525,1,3
-0.2763607279658973,-0.3010532735632442,1,3
-0.4393291132521084,-0.327568164634524,1,3
-0.3361077909992882,-0.3107740968098945,2,3
-1.8888035980480944,0.4641312617289478,2,0
1.605184168240478,-0.3231523080777415,2,3
-0.1154167703522363,0.562799703571735,2,0
-1.502110539925512,0.5270460675431764,2,0
-1.1495373454395936,4.2033429344339055,2,-1
0.506811603757567,-0.4096812591829574,2,3
-0.4576425786856282,-0.3305477581320888,1,3
-0.4685307932012245,-0.3323192662766577,1,3
-0.5057852471046287,-0.3383805510186889,1,3
-0.4328680831240141,-0.4872847289274893,1,3
-2.381482381811395,1.6603895731770166,0,1
-0.5411536253141721,-0.3441349720000768,1,3
-0.4365462861368608,-0.3271153997764726,1,3
0.1767422602949762,-0.2953514343917037,1,3
-0.8027991702616937,-0.533098592450281,1,3
0.2084635493394371,-0.4292822112838663,1,3
-0.4603804416304737,-0.3309932073376092,1,3
-0.4606658356804584,-0.331039640835336,1,3
-0.3174037878275878,-0.3077309629786085,1,3
-0.4589757806764363,-0.4758833684937834,1,3
-0.1316858093115983,0.5140790357604629,2,0
-0.4703134342779856,-0.3326093012664903,1,3
1.23387833074623,-0.2937137505828908,2,3
0.8729666869988445,-0.3805255521540217,2,3
-1.0625021187145052,-0.4997914398085084,1,3
0.7569893013098479,-0.3547030808193426,2,3
1.0847975522591098,-0.3480492285618869,2,3
-0.0461704775810191,-0.3250276382989425,1,3
0.9485865235137908,-0.3473441356779229,2,3
1.0549479274230962,-0.3515776282642802,2,3
-0.4658561253376223,-0.331884098885567,1,3
1.0135353593397245,-0.3152251401185366,2,3
1.1116291064204804,-0.3091638490283077,2,3
-2.53369993007931,0.9042319474569366,0,1
0.6247148419230579,-0.392611055000442,2,3
1.0163435184457692,-0.2819680567818148,2,3
0.5788215522109638,-0.4281534116106636,2,3
0.3841796595946599,-0.4245738802886403,2,3
0.2042645301584064,-0.3931581597073978,1,3
0.6334218367439921,-0.3738350707732023,2,3
-1.3632964899872175,-0.5393235134453129,1,3
0.7044002949935294,-0.4144570161182643,2,3
-0.934861231374114,-0.4557334688715941,1,3
-0.3282666884993062,1.8354682127391275,0,-1
0.9772943959018134,-0.381852581836469,2,3
0.4829985024931646,0.5931666549295552,2,0
-0.2776344369474878,-0.301260505504851,1,3
-0.8881303462194723,-0.4580696852792319,1,3
8.663267448399186,23.472091644198372,2,-1
-0.8274799165543745,-0.4948880263651258,1,3
0.0468900203677478,0.5430630622124247,2,0
-0.2299595876405228,-0.3139792353867293,1,3
0.408890782584218,-0.2371055539275741,2,3
1.1876684180240704,-0.308962350974201,2,3
-0.3299022613680681,-0.3097644596221514,1,3
0.0610532640941797,-0.3908372167715286,1,3
-0.3513656443897521,-0.3132565434508132,1,3
-0.3300616823099392,-0.3097903973455986,1,3
-0.4598161402768005,-0.330901395733182,1,3
-0.3256655682642294,-0.3090751513495472,1,3
-0.4605505395965882,-0.3310208822086282,1,3
0.7556894271378838,-0.3668919161537907,2,3
-0.5411996849355962,-0.3441424658820509,1,3
-0.4706910204179474,-0.332670734380364,1,3
0.0960394725260747,-0.4358613875449926,1,3
0.4739253431558613,-0.2752254547360842,2,3
0.3482959377353598,-0.3986050319678604,2,3
0.5401254774954377,-0.3835850179088153,2,3
1.27805268882881,-0.3080150042055484,2,3
-0.0968469908276756,-0.3537480955111943,1,3
0.0834344247345668,-0.4093841499731646,1,3
1.2411110280068234,-0.276419093577802,2,3
-1.6938669759574811,0.3958732597430583,2,0
-0.4569169974653123,-0.3304297063578981,1,3
-1.6204607756749487,0.3988218782734093,2,0
-0.3532428106704571,-0.4864346770894257,1,3
-0.1255115083311148,-0.2765101658937456,1,3
-0.2385174495295396,-0.2948961873053304,1,3
-0.5411229238026132,-0.3441299768764319,1,3
1.9918815938137653,3.908136384329237,2,-1
-1.313098705665864,1.0830957516797797,0,1
-2.2587700862053723,-0.6645413004236757,1,3
-0.5409618051727396,-0.3441037629398261,1,3
-0.4604737062541223,-0.3310083814545552,1,3
-0.7066571692715473,-0.3710623323726648,1,3
-0.4364618570586162,-0.327101663199228,1,3
-0.4393642917531836,-0.3275738881625716,1,3
-0.130765376529743,-0.4759854367816388,1,3
1.2274533183009455,-0.3147827977087301,2,3
0.5097321267642477,-0.3988721574100937,2,3
0.338651731370689,-0.4185380227657279,2,3
1.0437393876050216,2.935291576502754,0,2
-1.594229948016837,-0.556420885868319,1,3
1.1869244328627808,-0.2975929229008164,2,3
-0.4686386285423958,-0.332336811043514,1,3
-0.3311741907468106,-0.3099714020230869,2,3
-1.4134301919500285,1.1274502031264124,0,1
-0.460320113210814,-0.3309833919278721,1,3
-0.4694460914020897,-0.3324681849276651,1,3
1.0092493512462253,-0.3118726739616262,2,3
-0.8119300580511792,-0.5204496921680581,1,3
-1.3935013085771792,-0.4828115989844182,1,3
-0.3379956576365277,-0.4811978899323927,1,3
0.5983228899754831,-0.3355067046552933,2,3
0.5941933324256252,-0.3458616753880444,2,3
1.2742820503255592,2.922712679168842,0,2
-0.4658841843752392,-0.331888664079759,1,3
1.1032586890277698,-0.3500713769174537,2,3
-0.0791992712526059,-0.3559532357854817,1,3
-0.4602159452281685,-0.3309664438387804,1,3
-0.9307235481753716,0.640485911236102,2,0
1.4368789768028454,-0.3267915863878238,2,3
-0.2093007071412749,-0.4630153544462991,1,3
-0.419066560743693,-0.4522003253538687,1,3
0.8499321479041697,-0.3040917994141088,2,3
0.6951293939692816,-0.3332091530060153,2,3
-0.2779192581611597,-0.301306845802339,1,3
0.0210132320553326,-0.4183731599348528,1,3
0.1618108796643657,0.5683284728959112,2,0
1.8348962750398763,-0.2640440180999411,2,3
0.3580086948647536,-0.4031670968721694,2,3
0.2887412701577706,-0.3752435922397792,2,3
-0.7361677671638353,-0.3963391036266899,1,3
-0.6127168864161838,0.4844052465001534,2,0
-0.236381547769043,0.5424109268403706,2,0
-0.1383621464624896,-0.393564438849218,1,3
1.146943424178746,-0.3281247369308154,2,3
0.5149286201194305,-0.3554124533516545,2,3
1.080242859436497,-0.2492141002390131,2,3
-2.215189036451088,-0.664042290410977,1,3
-1.1873499580763214,-0.5477034139624416,1,3
-0.5699453896340605,-0.3488193805333703,1,3
1.2128055469272163,-0.2719030511876495,2,3
-0.4606109258858972,-0.331030707033734,1,3
0.0201254308484448,-0.4203020766201756,1,3
-0.1223255446575066,0.5047552763638372,2,0
0.4739253431558613,-0.2752254547360842,2,3
0.5226396708920016,-0.3495542168314436,2,3
-0.8821114391001721,0.4762963745664197,2,0
-0.915528350077843,0.5900299999867817,2,0
-0.4604737062541223,-0.3310083814545552,1,3
0.6491126399473185,-0.3896302610511176,2,3
0.2258688361592397,-0.4046957558611663,1,3
0.3125450683017545,-0.4297969770718842,2,3
1.0530460443160437,-0.3325790892332026,2,3
-0.4596356245615988,-0.3308720258985554,1,3
1.2960455348738589,-0.317946246001362,2,3
-2.2430514729159325,-0.6415084795454186,1,3
-0.0072130507694217,-0.3984372663975381,1,3
-0.3374064993877121,-0.310985396144989,2,3
0.314264229992765,-0.420891052304896,2,3
-0.276904681263226,-0.3011417745470467,1,3
0.8732217727439561,-0.3185390629219439,2,3
0.9542707869586788,-0.3559367287261429,2,3
-0.9307235481753716,0.640485911236102,2,0
-0.3187327813864753,-0.3079471896988184,1,3
-0.4602433534786136,-0.3309709031501598,1,3
-0.4365909958932752,-0.3271226740359497,1,3
-0.541330235147989,-0.3441637063493651,1,3
-0.3374459639383228,-0.3109918170115809,2,3
-0.3182130529871119,-0.3078626300962208,1,3
-0.3301541949278099,-0.3098054491115055,1,3
-1.33454979173878,4.585834057145526,2,-1
1.4466254331335164,-0.3304578280198932,2,3
-1.048762204420414,-0.4591754398047791,1,3
1.236379023348366,-0.2568409068510264,2,3
-0.894847752549907,-0.4631070913226119,1,3
-0.0968469908276756,-0.3537480955111943,1,3
-2.7931476523132788,0.3374702547760097,2,0
1.1291135370875,-0.330655668692938,2,3
-0.9344015049179252,-0.5561292623751718,1,3
0.4304473166692847,-0.3756529161222238,2,3
0.4485637281715575,-0.4206308271151275,2,3
0.1012398561204608,-0.3215194447808154,1,3
-0.5409848155086489,-0.3441075067122705,1,3
0.584132724176658,-0.4130754298758097,2,3
-0.9252238108117814,1.167445560556034,0,1
-0.4423530850569852,-0.3280601636370798,1,3
-0.4610560563405612,-0.3311031295805808,1,3
-0.4707139235012839,-0.3326744607028578,1,3
-0.460259799929167,-0.3309735789810835,1,3
-0.4364817200562033,-0.3271048949009869,1,3
0.7945375804015925,-0.3588466280388135,2,3
-1.0001488266761462,-0.5057913599180451,1,3
0.5412616191971379,-0.4199747461327091,2,3
1.6811071864917344,-0.3031136801550023,2,3
-0.7125368152991076,2.6495461410963688,0,-1
-0.6533797616553292,-0.3623941194734373,1,3
1.5452789387075854,-0.3014241949894536,2,3
0.2245137660358127,-0.4261332571679733,1,3
-1.19195214953768,0.5017406976262425,2,0
0.8330180297849032,-0.3212352255385039,2,3
-0.6167984008914056,-0.4401348192886747,1,3
-0.1642068412714421,-0.3237566986508031,1,3
-1.1620535529466256,1.1749406910418632,0,1
0.8733897651023332,-0.3621030244604704,2,3
0.1157480441647143,-0.4026334342871274,1,3
0.8480089877054571,-0.3697560315356765,2,3
0.6947326585195928,-0.3260380831578278,2,3
0.512196386922434,-0.4291000166574472,2,3
1.1068811688685347,-0.3061113016198434,2,3
0.2627657378943018,0.5551369119508577,2,0
0.0664443324364942,-0.3816086293095285,1,3
-0.3362452006182918,-0.3107964532999194,2,3
-0.2224382322138148,-0.4464882192110077,1,3
-0.4603365649145658,-0.330986068613489,1,3
-0.4657495308573739,-0.3318667560062863,1,3
-0.4605395619010022,-0.3310190961419492,1,3
0.6562477681827293,-0.31915399499994,2,3
0.6755268742236358,-0.3587700128193724,2,3
0.7402582395800413,-0.3680082937518139,2,3
-1.0449617433400784,-0.4465797599809946,1,3
-0.3503709738791245,-0.3130947109567697,1,3
3.4231869661820675,6.256178382471978,2,-1
1.0888700755027072,-0.3803326923714272,2,3
0.3238333965858898,-0.4236809478115984,2,3
0.4739253431558613,-0.2752254547360842,2,3
-0.496314714973702,-0.4899083972061678,1,3
-2.5137679894423943,0.3829252141262092,2,0
0.5441585708947392,-0.3827267840236243,2,3
1.0252349230051157,-0.3244509307746689,2,3
-0.138133565628715,4.381436225788072,2,-1
-0.3237224119731962,-0.3087590005985857,1,3
-0.4362583559162868,-0.3270685536448057,1,3
-0.4597012509551265,-0.3308827032865207,1,3
-0.4603639869233875,-0.3309905301633509,1,3
-0.7804670506593778,0.4923156210064139,2,0
-0.1706083612429058,-0.4803714543079622,1,3
-0.3298958867291859,-0.3097634224709562,1,3
-0.3344844652032693,-0.3105099823524858,2,3
-0.5410385148605251,-0.344116243575332,1,3
-0.494586758392586,1.1912383334346186,0,1
-0.8693393391026041,0.5108271452380289,2,0
-0.3511844887764135,-0.3132270695050158,1,3
-0.5697810453651153,-0.3487926417865784,1,3
0.7135694118850784,-0.3774192187562344,2,3
0.553865829598324,-0.3576653706781634,2,3
-1.6760351009058465,-0.5817078978343674,1,3
0.8229039582138191,-0.3703834414941367,2,3
0.0897789375917043,-0.4239161996256619,1,3
-0.599273008848187,-0.49134789403145,1,3
-0.9172336578830138,-0.5004078966334692,1,3
0.8329915033514561,-0.3959811556391999,2,3
0.9026243259347894,-0.3222169761460799,2,3
0.302863240784737,-0.3400635211890317,2,3
-3.018963282742233,1.3487338958616328,0,1
-0.6752809760999046,-0.5004779175459967,1,3
0.2848708903255025,-0.353298858001787,2,3
-1.129969468751988,-0.4399350741019561,1,3
0.2478138365381076,-0.4443763150595787,1,3
0.0093714318629272,-0.3992458301941208,1,3
-0.3297620583510703,-0.3097416486473907,1,3
-0.1427597537774529,-0.4661894534775709,1,3
-0.4824203533749328,0.5126810711816253,2,0
-0.460517608013818,-0.3310155242532896,1,3
0.7097302762268324,-0.3229272823585648,2,3
0.3745115602308231,-0.3938834033915005,2,3
1.847312989596529,-0.2722535980466827,2,3
-0.6037796301039504,0.5027631475857729,2,0
0.6421372081317508,-0.4044536200183972,2,3
1.4076303222999922,-0.3317517870982546,2,3
-2.7719312663021185,0.848108721075013,0,1
-1.2426009018956992,0.487366546658462,2,0
-0.3455094550141911,-0.312303743782871,1,3
-0.7990864312426667,-0.4972055253425413,1,3
1.1723421236350735,-0.3511662483539143,2,3
1.338360729273396,-0.3166546354839165,2,3
-2.174165353127966,2.643757178053268,0,-1
-0.3113044174073018,-0.5070159364708634,1,3
0.0406402835885977,-0.3813992377007048,1,3
-0.0459396295280005,-0.3732619204422726,1,3
-1.2735634402145068,0.9721895014568342,0,1
-0.1642068412714421,-0.3237566986508031,1,3
0.635766273244517,-0.4002141167804743,2,3
0.7993394456051647,-0.2999114492837148,2,3
0.5306780383865842,-0.4010573665878621,2,3
0.6082587779251764,-0.4036137784481656,2,3
1.1936014434875266,-0.317217237665037,2,3
-0.3172812245191943,0.647670951594998,2,0
6.002958980800661,19.04160985471969,2,-1
0.5717157088378204,-0.3686506130380588,2,3
-2.3225107239423592,1.6201683998896157,0,1
0.5875578154705687,-0.2927535751767963,2,3
-0.7219636138151874,0.5048040716284564,2,0
-0.4600570389776938,-0.3309405898554173,1,3
1.182547000742442,-0.3485041550514372,2,3
0.6238961101161462,0.6203600524006763,2,0
1.6190644416992128,-0.2955088733990462,2,3
1.1826589742321516,-0.3539103467781986,2,3
-0.3610778087583439,0.5466128177308797,2,0
-0.4691387083445679,-0.3324181738272113,1,3
2.093429700364158,2.9396201029374027,0,2
0.3482611410021314,-0.3947853989035328,2,3
0.261438294973623,-0.4160607918162499,2,3
-0.4702105591003169,-0.3325925635162509,1,3
0.6395745401875448,-0.3808676858558091,2,3
2.1902699390239952,2.9364515839062046,0,2
-0.3561958201567125,-0.4610539847807113,1,3
-0.7101978565014336,-0.3716384007680964,1,3
-0.4177018526464306,-0.4949930397909006,1,3
0.1922010927061962,-0.4379766999139365,1,3
0.4739253431558613,-0.2752254547360842,2,3
-0.5411152490374205,-0.3441287281952063,1,3
-0.4570089275939361,-0.3304446633530376,1,3
-0.4603859267831688,-0.3309940997697577,1,3
-1.4796511091378397,-0.4968281370612157,1,3
-0.3621763428476426,-0.4862296567778985,1,3
0.8352446251365477,-0.3698440181021089,2,3
1.4998710902327157,-0.3204263286491465,2,3
-0.725332090126984,-0.4150515520950454,1,3
-0.1569618237876029,0.5782112196429251,2,0
-0.4365959641573883,-0.3271234823705328,1,3
-0.3378706175893214,-0.3110609079906655,2,3
0.8470835367529848,-0.3589298148044428,2,3
0.8387647180796947,-0.312928465232969,2,3
-0.3182737819339014,-0.3078725106715617,1,3
-0.2473418732096391,-0.3848251619940212,1,3
-0.3172812245191943,0.647670951594998,2,0
-0.4584682861967957,-0.3306821004137338,1,3
0.715208345594154,-0.3718449881086252,2,3
-0.2582483812748365,-0.4909407821346174,1,3
-0.6879787734477351,-0.5214221195598158,1,3
-0.5411920077190677,-0.3441412168019939,1,3
-0.460517608013818,-0.3310155242532896,1,3
-2.765274508883367,-0.705998549734043,2,3
-0.7361845888119669,-0.4492700044012606,1,3
-0.4593296047524929,-0.3308222365980733,1,3
-0.1067248745452918,-0.4649178903712593,1,3
1.4106638133278135,-0.3175521496752215,2,3
-0.4603036626330304,-0.3309807154254496,1,3
-0.6678969988313446,0.5496750878474272,2,0
1.621566729819221,2.9359213508027997,0,2
-0.3438452450869398,-0.3120329774936712,1,3
-0.5411766540216069,-0.344138718761561,1,3
-0.5415223496567273,-0.3441949633030587,1,3
1.3531115502190418,-0.2758717701659122,2,3
1.6762101369432352,-0.251233124622699,2,3
0.2158876329190472,-0.3554851414760681,1,3
-0.404066072264329,-0.4710024705797411,1,3
-0.1505765499001264,0.5379098529348166,2,0
0.0098551604120791,-0.3603423908569841,1,3
-0.3283803435131902,-0.3095168441961861,1,3
-1.916380592787972,-0.6003366043987782,1,3
1.0351304642988668,-0.2949167177093306,2,3
-2.5098436225356795,0.3835637070515243,2,0
-0.731644194762876,-0.3751277114210877,1,3
0.6284843176296602,-0.3750708624793842,2,3
-1.0979167075273328,-0.5666420045408159,1,3
-0.4365065511116768,-0.3271089349037758,1,3
0.0971531635352722,-0.4168976275165448,1,3
1.0472559610230388,-0.3559794731062938,2,3
0.6445212766389581,-0.3218966648263936,2,3
-1.0020657788206302,-0.5153686196367556,1,3
-0.5410845524269683,-0.3441237338689695,1,3
0.0714629288982149,-0.4627302773357188,1,3
-0.0605861756297191,-0.3853776476890041,1,3
-0.5412380746968486,-0.3441487118808443,1,3
1.612764293609493,-0.2962037076845261,2,3
-0.3325239862711738,-0.4516124216011001,1,3
-0.541268790921122,-0.3441537093982419,1,3
0.4739253431558613,-0.2752254547360842,2,3
-2.899726459059061,1.6730627761402008,0,1
1.04817194768156,-0.3012664072824734,2,3
-0.3240425902298511,-0.3088110934728183,1,3
0.5542721311482147,-0.349250469585009,2,3
0.7202736151504547,-0.3650677091801639,2,3
0.2748246990139388,-0.3535264476612196,2,3
0.9155344996292076,-0.3359563424514686,2,3
-0.4603310808881981,-0.3309851763645935,1,3
-0.4603749566029489,-0.3309923149258258,1,3
-0.4606219068413409,-0.3310324936307905,1,3
0.4946640138180618,-0.4122516504360595,2,3
1.3281918597797724,-0.3236334078053516,2,3
0.5449585213883764,-0.3968306153067103,2,3
-0.442403977969087,-0.328068443893513,1,3
-1.2169848652583843,-0.5535615910433573,1,3
-1.7807632144338663,0.3522653268491362,2,0
0.9647708457631556,-0.3694374106253902,2,3
1.7548081494921466,-0.2441994126311627,2,3
-2.9283428185756164,0.848521769881492,0,1
-1.8703931017479027,0.9414530042086096,0,1
0.5387350092380416,4.346896791325643,2,-1
-0.4600241749345731,-0.3309352428887528,1,3
-0.4600296519630608,-0.330936133999096,1,3
-0.3295232642787091,-0.3097027969473753,1,3
1.0152536727945107,-0.3525444801509791,2,3
0.5217891730838836,-0.4069832657043012,2,3
-0.460396897464093,-0.3309958846951539,1,3
-0.5652530610803448,-0.4570245938287522,1,3
0.4787091260215614,-0.4300232979393102,2,3
1.2054352973462248,-0.2973737411457791,2,3
-1.8520840779861911,-0.557422832056963,1,3
-0.4392437011783355,-0.3275542681243004,1,3
-0.3340754761938279,-0.3104434400043141,2,3
-0.541092226212065,-0.3441249823907339,1,3
-0.3294946249257567,-0.3096981373361105,1,3
0.8804118692146073,-0.4217569233829237,2,3
-0.3283106742469397,-0.3095055090344465,1,3
-0.4588168029110349,-0.3307388039436751,1,3
-0.949771938118416,-0.5696737575532401,1,3
0.8219180405748461,-0.339382266467523,2,3
0.4731410384368592,-0.4089380054138939,2,3
-0.483047636381969,-0.4812824433298066,1,3
-0.894657540047842,-0.5526568646370251,1,3
-1.4233924250728098,1.0999682060134788,0,1
-0.7363884916054894,-0.4958441621556367,1,3
-0.5413763286281227,-0.3441712057401377,1,3
-1.6422913087211175,0.4428124861975659,2,0
0.3188791730341631,-0.4121579325198692,2,3
-0.3363794143931056,-0.3108182898273735,2,3
1.622363809103038,2.9438074745888034,0,2
0.6867519203519369,-0.324224220589019,2,3
-0.4398522960016016,-0.3276532862585054,1,3
-0.4389926649629414,-0.3275134246325125,1,3
1.0257416736013678,-0.3517123900912278,2,3
-0.725332090126984,-0.4150515520950454,1,3
-0.3238591349725176,-0.3087812453758631,1,3
0.2641765373400463,-0.4319901551918598,2,3
-2.384299435697727,0.3630388784389384,2,0
-0.1167575943272108,-0.4580068757175632,1,3
-0.5413763286281227,-0.3441712057401377,1,3
0.4739253431558613,-0.2752254547360842,2,3
-2.5409683515211943,0.378499726100712,2,0
-0.3298480823256502,-0.3097556447136307,1,3
0.1589129386515008,0.6360819360599534,2,0
0.266825556615632,-0.4366995047164013,2,3
1.3485534062851137,-0.3122126348089812,2,3
1.5224364125378846,-0.2936612701237307,2,3
0.974714507222192,-0.3338224154905485,2,3
1.1496537257277306,-0.3194866894623394,2,3
0.5929062884215647,-0.3965893420448215,2,3
0.0392109814914097,-0.4630628268932527,1,3
-1.804498912098469,-0.5701561533952634,1,3
1.298928937325062,-0.3249797635362482,2,3
-0.1044675863118681,-0.2730863282023253,1,3
-0.9254102588569662,-0.5392466616993706,1,3
1.5120376591432705,-0.3057483280484474,2,3
-1.4324371903571012,-0.5466281910060627,1,3
-0.5752823236526606,-0.3496876975625246,1,3
-0.4458704956210841,0.5116813910827678,2,0
-0.2350990978103632,-0.4675503433386731,1,3
1.4288158674413405,-0.2952945577114927,2,3
0.3067525095480817,-0.3867777529856799,2,3
0.2992381350839308,-0.4254330432742909,2,3
-0.4423022029183784,-0.3280518851334899,1,3
-0.3359671910572068,-0.3107512212555814,2,3
-0.4361938671227751,-0.3270580613439077,1,3
0.6262714364625028,3.8459143757376735,2,5
2.4918568965135326,2.9593046780827303,0,2
-1.5474269644883616,-0.5283306503911512,1,3
-2.1326310335646026,0.9274474025273068,0,1
-0.4602926962066364,-0.3309789311922638,1,3
-0.8439448137585539,0.444628874518864,2,0
0.6913189820718314,-0.3897182055803049,2,3
-0.4603091460338602,-0.3309816075725704,1,3
-0.4394296369178565,-0.3275845197947148,1,3
-0.725332090126984,-0.4150515520950454,1,3
-0.4362732404030036,-0.3270709753448382,1,3
-0.5415069748440655,-0.3441924618271911,1,3
-0.460968063978377,-0.3310888132584652,1,3
-0.0507265508005352,0.5660766482141982,2,0
-0.3434672375252746,-0.311971475814655,1,3
-0.5412611114970519,-0.3441524599590188,1,3
-0.3436325426897884,-0.3119983708987715,1,3
-0.3187084415334212,-0.3079432296144666,1,3
-0.5412841505053604,-0.344156208396451,1,3
-0.5571596401430837,-0.4972073572238595,1,3
-0.8896710323911968,0.5374670717386228,2,0
-0.5414685421144675,-0.3441862088374651,1,3
-1.3090780003015832,-0.4690759605115131,1,3
-0.7645079282131155,-0.4689678721896098,1,3
0.2982175384791985,-0.4112365916677332,2,3
0.753950006489305,-0.3380316267729599,2,3
-0.460808659879636,-0.3310628782753885,1,3
-1.8300267779613737,5.11059132506078,2,-1
-0.24416709048185,-0.4195768220859689,1,3
0.6139798890661007,-0.2756260189029704,2,3
-1.472973923042478,-0.5736989099786135,1,3
-0.1732694163833452,-0.4507307513329493,1,3
-0.4611055662038282,-0.331111184815522,1,3
1.5829716509941287,-0.2754084706935779,2,3
0.3409172635456308,-0.412674979023909,2,3
-0.4610065566732506,-0.3310950760045175,1,3
-0.33888094631904,-0.3112252880706891,2,3
-0.2188359172790192,0.5848273879510452,2,0
-0.3308187793332595,-0.3099135767283266,2,3
-1.570361754384482,-0.5591291496581974,1,3
1.2808472472478118,-0.3440706696581347,2,3
0.5638536692484395,-0.3928278222150229,2,3
-0.5699194330673428,-0.3488151574103524,1,3
0.974604300014036,-0.3429367774138982,2,3
-0.319134745216587,-0.3080125890531244,1,3
0.4593750405652625,-0.3673100727198994,2,3
-0.3797812369680169,-0.3178797489922766,1,3
1.3607783213321731,-0.3015419724479193,2,3
1.815814104912849,2.905433860902617,0,2
-0.783858791142511,-0.5401340855456568,1,3
1.0867388217161555,-0.2769967687876644,2,3
0.2432604065426788,-0.4187054027635031,1,3
-0.1287640034970724,-0.4677708407470862,1,3
0.6350603840224076,-0.3431705089285965,2,3
0.4739253431558613,-0.2752254547360842,2,3
0.7262086407916201,-0.3711979947159556,2,3
0.190621115661185,-0.4096412684129443,1,3
1.112699101126176,-0.3034662091451623,2,3
0.8558056218625243,-0.3577917034240831,2,3
0.8027948024283632,-0.3111069828783435,2,3
-0.0073413305546022,-0.41893354625341,1,3
-0.0055867147007639,-0.459318297567613,1,3
-0.5700689888181438,1.0926183551289754,0,1
0.6776503525718188,-0.3322295917000509,2,3
1.250353216842983,-0.3381662145375547,2,3
0.7332418711801526,-0.3871012842730311,2,3
0.3306627944582815,-0.4172794261060933,2,3
0.2721167733341258,0.5668826528967847,2,0
1.076699258052569,-0.3343449525985091,2,3
-0.5492790736991131,-0.5134489272943661,1,3
-0.4361690683470333,-0.3270540265930182,1,3
0.0350754699996994,-0.4781271788329381,1,3
-0.7827573022197281,0.5478411267518977,2,0
1.2429981213394694,-0.3133408581133891,2,3
-0.3362779287757542,-0.3108017781580417,2,3
-0.3358332071989354,-0.3107294221354568,2,3
-0.4601556580761117,-0.3309566351432657,1,3
1.2533606789958125,-0.2559546583756212,2,3
-0.4423988881929392,-0.3280676157889705,1,3
1.105560295926416,-0.3207656489014824,2,3
-0.4600241749345731,-0.3309352428887528,1,3
-0.4608746073753966,-0.3310736079065586,1,3
-0.0435990341391454,-0.4586596058259828,1,3
-1.188909861050376,1.5135595093144485,0,1
-1.6621915259197286,0.9916566019017266,0,1
0.3538643274138043,-0.4473064442237813,2,3
1.075702377163186,-0.3683585575596585,2,3
0.1618414417850078,-0.4500880956571105,1,3
0.2376132638675651,-0.4429321946002869,1,3
-0.4392336546941682,-0.3275526335653467,1,3
-1.503608878618416,1.8427288081588935,0,1
-0.3374525419934316,-0.3109928872585148,2,3
-0.460320113210814,-0.3309833919278721,1,3
1.050595442251698,-0.3151955152146417,2,3
0.6426077967092961,-0.3259804973270148,2,3
-0.5414685421144675,-0.3441862088374651,1,3
-0.4611715952224884,-0.3311219277104353,1,3
0.0542090576539395,-0.3569677691141039,1,3
0.2280854789879836,-0.3931806506819844,1,3
-1.2767012582588508,-0.4638082775373074,1,3
-0.4395452911302808,-0.3276033366887952,1,3
-0.5413609631525905,-0.3441687057834174,1,3
-0.541268790921122,-0.3441537093982419,1,3
0.4739253431558613,-0.2752254547360842,2,3
-0.5411766540216069,-0.344138718761561,1,3
-0.3368153073639994,-0.3108892094393073,2,3
-1.3547442160370262,-0.4765058355374963,1,3
0.081236170949638,2.8196435058885423,0,2
-1.4428859768267803,0.411822180569831,2,0
-0.2916770067631639,-0.3035452259944698,1,3
-0.5695660310784675,-0.5043689812311248,1,3
-3.2485829091394622,0.8764140173245719,0,1
0.115250245584401,-0.3107418975622281,1,3
-0.3280005744277351,-0.3094550559179541,1,3
1.709329834839562,-0.273752446209441,2,3
-0.4610670576511184,-0.331104919489406,1,3
-0.9358038271799648,-0.4288198107032853,1,3
-0.7686233328014815,0.5280084391496704,2,0
-0.0787391413539174,-0.4105668736220834,1,3
-0.541268790921122,-0.3441537093982419,1,3
0.8876955081171435,-0.3349232279183741,2,3
0.5966992693794849,-0.3411317911482093,2,3
0.0209472297881377,-0.3688266154957122,1,3
0.3061991663182086,-0.4021398787872575,2,3
0.3910740631393773,-0.4162126210346711,2,3
1.8525658556812272,-0.2153958027853803,2,3
0.6627458770946048,-0.3958177731837565,2,3
1.1782010036705892,-0.3050827887376079,2,3
0.3824656704357636,-0.3669044844376297,2,3
0.3558259767237054,-0.3800098465778744,2,3
0.0107559813878429,-0.4482342871128665,1,3
1.7562955586765192,-0.2818369922734923,2,3
-2.526403889766513,1.9738981728744904,0,1
0.7536880885428006,-0.3700300260668456,2,3
-0.3518801160132643,0.5658811490070476,2,0
-0.7323983588321528,-0.4794182949723486,1,3
-2.477118034394732,0.3359599832471615,2,0
-0.3012473371624017,-0.3051023149206827,1,3
-1.8699586788343363,1.5356764851221931,0,1
1.0228237097208304,-0.3464556085168324,2,3
0.6705706128757106,-0.3999969611007984,2,3
-0.4375218518296706,-0.3272741239243022,1,3
-1.4966156076532116,-0.4995882541810117,1,3
1.2129287317834714,-0.3214078129069828,2,3
-0.4403412930549926,-0.327732845883411,1,3
-0.3234957474975307,-0.3087221223790989,1,3
-0.4763942825211396,-0.4863335645462686,1,3
-1.063990136519306,0.46674768403486,2,0
0.4008327411807844,-0.411677223546546,2,3
1.1531992715131385,-0.2760758925612359,2,3
0.6426077967092961,-0.3259804973270148,2,3
-0.5413148726186683,-0.3441612068719922,1,3
-2.029701291073404,-0.5863210815494687,1,3
-1.516908142358266,0.4241679127348676,2,0
-0.2677758112660102,0.5853629492428759,2,0
2.7271090786113588,10.847324720897324,2,-1
-0.4603475333426804,-0.3309878531723541,1,3
-1.520220496875479,-0.5034287602115455,1,3
-0.4605285847067606,-0.3310173101568389,1,3
1.3941541098566703,-0.3272391719229936,2,3
-0.4601392187495352,-0.3309539604714102,1,3
0.0219865862246465,-0.4421574631086973,1,3
0.4892591296334203,-0.3609384876664639,2,3
1.2364504226752835,-0.2804360762418318,2,3
1.2501228402188669,-0.2996011697123351,2,3
-0.2533134834192412,-0.4538145762865112,1,3
0.0575158091613441,-0.454785023613611,1,3
-1.9075264005606,2.349638663805405,0,1
1.8456718776697012,-0.2800833416063069,2,3
0.4739253431558613,-0.2752254547360842,2,3
-0.5708167443345649,-0.3814139047074485,1,3
0.7927715289859857,-0.3868806079554125,2,3
1.4189703272137726,-0.2835243481485409,2,3
-1.1905284308147537,-0.4497879929957892,1,3
-0.4607152652229098,-0.3310476830021127,1,3
-1.9749376201456872,-0.653179070121685,1,3
-0.1937840557242975,1.109639453441023,0,1
-1.1507679994229658,-0.5359407669389841,1,3
-0.3438047158302499,-0.3120263833998263,1,3
-0.4606219068413409,-0.3310324936307905,1,3
-0.1458612597350901,-0.4801989334214966,1,3
-0.329281528045139,-0.3096634665589086,1,3
-0.4424192479442309,-0.3280709283123583,1,3
-0.5411843307477432,-0.3441399677618315,1,3
-0.5408467865239652,-0.3440850494516973,1,3
-1.7645250284154057,-0.5756297648431495,1,3
-0.7878460304227681,0.441972799971857,2,0
-0.5409387970394439,-0.344100019525746,1,3
-0.7198637733952382,0.5862994677262321,2,0
0.5794505416245986,-0.4358361165682156,2,3
1.9275655499426023,-0.2822276337697583,2,3
-1.6407579677979691,-0.5938734350547099,1,3
-0.3013378871590852,-0.3051170473689078,1,3
-0.3718590675516814,-0.3641332421133206,1,3
-0.4611770984595537,-0.3311228230849036,1,3
-0.332411012548969,-0.3101726324353612,2,3
0.0879888513489251,-0.4389387559536984,1,3
-0.91558107636186,-0.425529577237684,1,3
-0.4610945631306439,-0.331109394619918,1,3
-0.4368892736568891,-0.3271712037087284,1,3
-0.4399983867744628,-0.327677055168789,1,3
-0.4400891084867164,-0.3276918155550687,1,3
-2.6378736173067434,0.3627332781358216,2,0
-0.346877216608736,-0.3125262780469686,1,3
0.891809892726606,-0.380891401502394,2,3
1.1372039851123987,-0.2925326427927202,2,3
0.9261124384724012,-0.3463951512890698,2,3
0.2613041648513141,-0.4112213574299585,2,3
0.083921941208404,-0.362884948641026,1,3
0.7454616715800901,-0.3759388779274006,2,3
0.6840873768158967,-0.3196315186035089,2,3
0.6515752211784748,-0.3884172394081761,2,3
-4.171121498641343,1.161278215192078,0,-1
-0.0948463023735746,-0.4780930125003951,1,3
0.3626790849864429,-0.4212390932663846,2,3
0.5047913440443039,-0.4218134584362686,2,3
0.1346178237432733,-0.3909922383409444,1,3
1.9927755644180625,-0.2502446656606278,2,3
1.2897625093833986,-0.33256227936516,2,3
1.0716981109390455,-0.3567052645524796,2,3
0.2423367834966999,-0.3741886864603596,1,3
0.4738297161848399,-0.4219770640279421,2,3
1.1467175203045974,-0.3479494597718658,2,3
0.8732203929920652,-0.2907809909197704,2,3
-0.4397012609965272,-0.3276287129236192,1,3
-1.2430988554223377,0.589662573749726,2,0
-1.9770944147350047,1.0832846865547483,0,1
0.6420870664869385,-0.3907102287370217,2,3
1.591897199376575,2.923228635055001,0,2
-0.2104990695882034,-0.2903376081009434,1,3
1.510910436621907,3.0035499390143108,0,2
0.4102132782578228,-0.4134603943915744,2,3
0.0838382195588469,-0.4435865088376651,1,3
0.3797886227906933,-0.3836531330278391,2,3
1.4313045887138265,-0.310310989064728,2,3
2.006801893300863,-0.2700143723974221,2,3
1.1398011048509964,-0.3194932561200996,2,3
1.3405368680936536,-0.3147871482310612,2,3
0.9877093649199278,-0.3550835657411074,2,3
1.2289646087155568,-0.3362573964228368,2,3
-0.8639562608645044,-0.3966548316287239,1,3
0.871470128502701,-0.3651860386023703,2,3
1.4198952997778214,-0.3192447980196601,2,3
-2.7192543880858047,2.10004965789973,0,1
-1.922962998573632,0.4215672100821517,2,0
0.789569214024066,-0.3781826558395725,2,3
0.4986767028296482,-0.3728930543236025,2,3
1.1915486750312938,-0.312792995249459,2,3
-0.0648340805199655,-0.4352247013414536,1,3
-1.579471143724905,1.7050072898723108,0,1
0.3886095122475819,-0.3832679671445266,2,3
2.0877396742488945,-0.258162743866926,2,3
2.0812341509889274,-0.2580708284175507,2,3
-1.9027473160556576,0.4618626243889517,2,0
1.4198692001552302,-0.2887410733912218,2,3
-0.8621543561444127,0.4942578509112356,2,0
1.1273143681740068,-0.3482265237992697,2,3
-0.3530934667076894,-0.3135376594505218,1,3
0.4760187868052559,-0.3905132050742335,2,3
-1.1743190883802566,0.5684002592109934,2,0
1.2794962933971374,-0.3205722666662366,2,3
-0.5277965827670945,1.070119441006402,0,1
-1.565913166908801,-0.6198315926145576,1,3
0.201956895595236,2.775722157360212,0,2
-1.825896976539548,1.1078844492447226,0,1
1.8996381443825,-0.2540563563399014,2,3
-0.8663342021814879,-0.5081467107638592,1,3
-0.5415992384752922,-0.3442074730830707,1,3
-0.4605066318221288,-0.3310137384312941,1,3
1.7773189941334635,-0.2977898843090925,2,3
1.203650062554463,-0.3796486871498358,2,3
-0.0725481254626178,-0.456807605972239,1,3
0.4094960022571541,-0.3808836886026289,2,3
-0.5413840117342514,-0.3441724557784303,1,3
0.8314652658382333,-0.3590843497944565,2,3
1.5656369155929797,-0.2948854006272361,2,3
-0.4604846809423267,-0.3310101670319343,1,3
-0.0121457757989382,-0.4524561778560221,1,3
-0.4424192479442309,-0.3280709283123583,1,3
-0.4613037077005193,-0.3311434223577437,1,3
1.206872983416824,-0.3092664237348944,2,3
1.1900609856356423,-0.31576192919594,2,3
0.6341048449375621,-0.360819017672074,2,3
-0.3442915185345581,-0.3121055860050143,1,3
0.3977848217789943,-0.4230523751551479,2,3
-1.629101591800091,0.999483015267622,0,1
0.4423769807504418,0.6302117849070843,2,0
1.2539923031876652,-0.2684292023946974,2,3
-0.5409771451519183,-0.3441062587482998,1,3
-0.5413609631525905,-0.3441687057834174,1,3
0.0627967378683628,-0.466992195389576,1,3
0.418887084215131,-0.3762535042238388,2,3
-0.3155941077119117,-0.4894994349094445,1,3
-0.1134480207427386,-0.4377680542143357,1,3
-1.4715875643954044,1.4000799999632958,0,1
0.1036684785675797,-0.4210984212730966,1,3
-0.4610065566732506,-0.3310950760045175,1,3
-0.4611440809270032,-0.3311174511455702,1,3
-0.4363030121418989,-0.3270758191948428,1,3
-0.4607482238993335,-0.3310530453655778,1,3
-1.564561808435315,0.5168852711476514,2,0
0.3703236280251719,-0.3816347434593667,2,3
-0.5413763286281227,-0.3441712057401377,1,3
-0.5413532807831557,-0.3441674558649846,1,3
-0.4608910970768862,-0.3310762907743923,1,3
0.7719934423875359,-0.3641635024787799,2,3
0.168204269840148,-0.3956959606806278,1,3
-0.3341857697682188,-0.3104613847247315,2,3
-0.328675077817803,-0.3095647973496032,1,3
0.188481810176504,-0.4270140121158615,1,3
4.570503697707151,10.518447273983275,2,-1
-0.2053793989928167,-0.2895046397438039,1,3
0.4899373433119568,-0.2748094412238288,2,3
-0.5411920077190677,-0.3441412168019939,1,3
-2.6961266321311976,-0.6947482178572554,2,3
-1.768185700826161,0.4223295189810241,2,0
-2.110841161758461,-0.6199979148264775,1,3
-0.076441927234222,0.5358716817650736,2,0
1.6478601835883266,-0.2899156117712591,2,3
0.6709800845568111,-0.3830510042993352,2,3
-1.4034648832207215,-0.5743671633417682,1,3
1.0265881767209448,-0.359753563460344,2,3
-0.0375173205517013,-0.4417257051166998,1,3
-0.2982586046122224,-0.3046160493307646,1,3
0.6604389458795812,-0.3611805252026255,2,3
-0.7648579588846346,1.0586586762094004,0,1
0.5024993126029105,-0.3440745813737092,2,3
0.5016101253123094,-0.4177797009498433,2,3
0.5457637882790165,-0.3407549568766198,2,3
1.0494720012263208,-0.3391882751873198,2,3
-0.4028574246390459,-0.4673974640805672,1,3
-0.7212323694439151,-0.5373521468414103,1,3
-0.3268896835047336,-0.4904534863091783,1,3
1.102871593559594,-0.3051685623159601,2,3
1.5245194517941156,-0.2904533995244142,2,3
0.4739253431558613,-0.2752254547360842,2,3
-0.4132585476854511,-0.3762546579485948,1,3
0.798421514922312,-0.3126338318214844,2,3
-1.7695287033082971,1.0846027896296546,0,1
1.538252144807429,-0.2950086795025194,2,3
1.2574909184192389,-0.340244980390287,2,3
-0.6400556352241737,-0.3602262894349818,1,3
-0.4606438702573395,-0.3310360670697844,1,3
0.217629284101202,0.6861482453032806,2,0
0.6965917309735064,-0.3729750650651114,2,3
-2.637058979704789,1.3494433467813478,0,1
-1.93075304261354,-0.5906976499071609,1,3
-2.146182974940174,0.3813049225313691,2,0
0.2140193140979117,0.5676629437080433,2,0
0.5484363405176568,-0.3681267118341001,2,3
-0.4552117274233741,-0.3506276683906263,1,3
-0.5750142654311613,-0.4787165723143851,1,3
-0.5412841505053604,-0.344156208396451,1,3
0.1242073254861202,1.136301214742112,0,1
-0.3168778641584125,-0.3076453954080917,1,3
1.801968901325792,2.9346930504910307,0,2
-0.4401596934994175,-0.3277032997083893,1,3
-0.5411382740682037,-0.3441324743585008,1,3
1.5744944124691067,-0.3116984528379666,2,3
-0.3235081619351379,-0.3087241422031297,1,3
-0.4400639045761512,-0.3276877148889056,1,3
0.4821040016802981,-0.3778278283731631,2,3
0.6266807250126859,-0.3808077784165907,2,3
-0.3297397608638837,-0.3097380208551481,1,3
0.6642998779662419,-0.3614902023658915,2,3
1.2454908843832355,-0.2958450337634176,2,3
-0.4609735625573898,-0.3310897078750702,1,3
0.1951129114777705,-0.3156533864400893,1,3
1.3358281303150672,-0.3299606053400833,2,3
0.976751627401798,-0.3757880454630831,2,3
-0.4367997514558088,-0.3271566384824366,1,3
1.1859440673648916,-0.3402373270378026,2,3
-1.1667656757867368,0.4896340143894474,2,0
-0.4609295774469134,-0.3310825515151971,1,3
-0.4886046487426835,-0.3355852745403318,1,3
-2.4279269065430307,-0.6835649849420918,1,3
-0.1159790365623637,-0.3159100541238762,1,3
-0.303655655920871,-0.3054941474189527,1,3
-0.7530151275008021,-0.3786047536255778,1,3
-0.2734348880515953,-0.3005772405800158,1,3
-0.5701964477301926,-0.3488602275851455,1,3
0.2407068519737335,0.5841710067286431,2,0
1.3475178919246076,-0.2869606919358149,2,3
-0.2039445325337069,-0.2892711875450949,1,3
-0.4395905622790717,-0.3276107022865874,1,3
-0.4606932952824286,-0.3310441085015881,1,3
-0.4422971152968845,-0.3280510573795087,1,3
0.8833917285947874,-0.3449462863940446,2,3
0.1600550053032046,-0.417755242449651,1,3
0.7464226360713961,-0.3435143984441845,2,3
-1.2564351072265083,1.4559643663479054,0,1
-2.107676367585244,-0.639958412867102,1,3
-0.6724872612084039,-0.4859524231832325,1,3
0.7316559273641274,-0.3685689259117099,2,3
0.6855469960660852,-0.389154093273126,2,3
0.7474408149005504,-0.3510969907316796,2,3
-0.7271314000698967,0.4767828601721322,2,0
-1.3173305747320272,0.9952305217276126,0,1
-0.4366754703527066,-0.3271364179966952,1,3
-1.4966156076532116,-0.4995882541810117,1,3
0.7193184815252639,-0.3889565056196764,2,3
1.203363122259311,-0.3035499571170276,2,3
0.4792375661387396,-0.3513280539690646,2,3
0.8120027044483569,-0.3030310262278405,2,3
0.8126252817526374,-0.3267847974770497,2,3
-0.3436426671083514,-0.3120000181376203,1,3
-2.2051348260975234,-0.6558148650672612,1,3
-2.601808619228648,0.3361482837780629,2,0
-0.4071401110709837,-0.484836933049471,1,3
-0.7462612495359787,0.4657726270743728,2,0
0.521297662240847,-0.3616796582382179,2,3
0.4739253431558613,-0.2752254547360842,2,3
-0.1689921809266779,-0.3160372090384502,1,3
-1.3122107020598708,-0.5669439151729623,1,3
-0.3326695289527591,-0.5081527535561661,1,3
-0.4611770984595537,-0.3311228230849036,1,3
0.8556762779848227,-0.3578720049544693,2,3
2.549232072149858,2.986943858214826,0,2
-0.4611055662038282,-0.331111184815522,1,3
-0.3019159466804706,-0.3052110974217161,1,3
-0.3322886531604262,-0.3101527246118096,2,3
-1.2307263558664463,-0.5297317520010708,1,3
-0.4609900590491892,-0.3310923918476846,1,3
-0.4611881053116983,-0.331124613895343,1,3
-0.4612266332639604,-0.3311308823777583,1,3
-0.4398925880365071,-0.3276598417564609,1,3
-0.4607042800016533,-0.3310458957110102,1,3
-0.3366415109037322,-0.3108609328247697,2,3
-0.3282980092769089,-0.3095034484488906,1,3
-0.4399228114957334,-0.3276647591011826,1,3
0.7481703461540903,-0.3609038150479806,2,3
0.0118465903250791,-0.4439990537508226,1,3
-0.3023049350921831,-0.3052743856806409,1,3
-1.0524180299371309,0.4332376246059908,2,0
-0.5412380746968486,-0.3441487118808443,1,3
-0.989143234400848,1.0644241156968486,0,1
1.0577847202742916,-0.3361286694715431,2,3
0.876587445482178,-0.3372046199676633,2,3
-0.2900026822187693,-0.3032728140611084,1,3
0.1494774656362526,0.6123584492945547,2,0
1.300684579646875,-0.3459350582306945,2,3
-1.142944903476115,-0.5200033205623281,1,3
0.3797719474432263,-0.3637577802007742,2,3
0.7179130551516887,-0.3789806183502099,2,3
-1.1955412039312934,-0.526371585093366,1,3
0.9621274914543604,-0.3536119250625084,2,3
-0.0232882971955799,-0.2803538991346424,1,3
-0.5059098758985838,0.4926797986399598,2,0
-0.7996370087766513,-0.4876293097145978,1,3
0.6797382655508628,0.6169781043531017,2,0
0.3031948316291618,-0.4201127601138171,2,3
-1.1234956972547276,1.48341611740842,0,1
-0.5739857745295944,-0.4069584891759977,1,3
0.6365015354016307,-0.4178217632144561,2,3
0.5586700300328645,-0.3808084778261472,2,3
0.6361556513775689,-0.3783314632662983,2,3
0.5391868990409452,-0.4103543023622684,2,3
-0.4394949998521824,-0.3275951543179735,1,3
-0.4607537174514761,-0.3310539391643131,1,3
1.8334866030591208,-0.2531132509062349,2,3
-0.5458207233249271,-0.4206623228962706,1,3
-0.0231057007610977,-0.3483420264688584,1,3
0.8802098561100001,-0.3606860376696953,2,3
0.7236334879875695,-0.3689265455533949,2,3
0.3636017419775417,-0.3332612376901847,2,3
0.0041931107979331,-0.3527655416041143,1,3
-0.3321438343952586,-0.3101291626566687,2,3
0.5197992233671255,-0.3791036275730498,2,3
0.6494967259391896,-0.37642897202225,2,3
0.2342437530964766,-0.3787459001314455,1,3
-0.2184083017628372,-0.4805882723119571,1,3
-0.5415684799963116,-0.3442024686908492,1,3
-0.1248806640327854,-0.3973535273790394,1,3
-0.2242460023856214,-0.2925742285659961,1,3
-3.3218634391409063,0.8440158956317277,0,1
0.3149479104279454,-0.423242891381667,2,3
-0.4444742493544801,-0.3284052762194594,1,3
0.4739253431558613,-0.2752254547360842,2,3
0.6138179098059561,-0.3796674356164605,2,3
-0.0053608125096455,0.5705760248934062,2,0
0.2024598830076736,-0.4190571636588107,1,3
-0.5408161241774936,-0.3440800607001964,1,3
0.7408265973212147,-0.3796390205919548,2,3
0.8168581479213101,-0.3451563594735186,2,3
-1.6847142716224883,0.4067069332200265,2,0
-0.4610175557184025,-0.3310968655447623,1,3
0.9009466472894334,-0.3678912213388189,2,3
1.0655324729312767,-0.3456640662339538,2,3
-0.4368892736568891,-0.3271712037087284,1,3
-1.8699586788343363,1.5356764851221931,0,1
-1.213065230921475,-0.5292227372721079,1,3
-0.4610725584952254,-0.331105814474541,1,3
0.4467007251378334,-0.4204447137967701,2,3
-0.335794006535561,-0.3107230442032127,2,3
0.0661564668885228,0.5617873356302245,2,0
-0.4612046165350375,-0.331127300264773,1,3
-0.3435077099123655,-0.3119780606558389,1,3
-0.5411382740682037,-0.3441324743585008,1,3
0.9664696605304436,-0.3290172682976648,2,3
-1.464519717210495,-0.4943662656497406,1,3
0.5574441785352506,1.1724918569269551,0,1
0.311099540510682,-0.4023388373836423,2,3
-0.5409234595073795,-0.3440975241154167,1,3
-0.8635743372080724,-0.3965926928026562,1,3
-0.0110261290236084,-0.3432643595059832,1,3
-0.4606713273498934,-0.3310405343277555,1,3
-0.3957257513812368,-0.4023755502514439,1,3
1.743040314891246,-0.2974048293075819,2,3
-0.8611501041188152,-0.3961982710491353,1,3
-1.5540497029861826,0.427966006249331,2,0
2.284843346924682,2.934128966343228,0,2
-0.3322822149177302,-0.3101516771122993,2,3
-0.442378530166064,-0.3280643035461446,1,3
-0.6149204725650219,-0.5381997146901136,1,3
-0.4610945631306439,-0.331109394619918,1,3
-0.3006116188360446,-0.3049988838033787,1,3
0.4192012403129872,-0.4194517711684095,2,3
-0.4607701988612857,-0.3310566206830937,1,3
-0.3169473168379579,-0.307656695331261,1,3
0.6554683286904557,-0.3696728668198797,2,3
-0.3835563531093632,-0.5030025205975384,1,3
-0.3359704598893899,-0.3107517530932696,2,3
-0.4401596934994175,-0.3277032997083893,1,3
-0.3020408086551716,-0.3052314124150341,1,3
-0.4607592111291786,-0.3310548329834769,1,3
-0.4399631153539151,-0.3276713165227805,1,3
0.4134271989093109,-0.386064568388516,2,3
0.2109257784749026,-0.4124570394490309,1,3
0.7052018793322621,-0.3735072851785265,2,3
-2.6813655101677942,0.3556571645714068,2,0
-0.3366546232344142,-0.3108630661957245,2,3
-0.3238000859546986,-0.3087716381242935,1,3
0.4347675326943151,-0.4240230541855683,2,3
1.248693813674002,-0.2988551411760733,2,3
-0.2631181669732665,-0.4444486583079212,1,3
-1.4013472520714492,-0.4840881308512378,1,3
0.379629731714995,-0.3896817417472666,2,3
1.420148832202788,-0.3177934556521793,2,3
2.690231419009891,4.864751725486944,2,6
0.8330650069789901,-0.3693926120787851,2,3
0.6611276830179443,-0.397830023401423,2,3
0.1394735175012437,-0.3445021972638753,1,3
-0.4612101205282063,-0.331128195762259,1,3
0.4739253431558613,-0.2752254547360842,2,3
0.7750849714490888,3.786153805833609,2,5
1.661200179924849,-0.3100493611743947,2,3
1.711851432602786,-0.3003588351884711,2,3
-0.5410692055917143,-0.344121236945015,1,3
0.8409548963028839,-0.3745874822339731,2,3
0.4559542935442939,-0.3695611284235784,2,3
0.1298172953413489,-0.4690969589893236,1,3
-0.4611826018226214,-0.3311237184798725,1,3
0.493151037060959,-0.3883982010240921,2,3
1.7742024250037816,-0.2548484678804347,2,3
0.8401597017331883,-0.3332405969363368,2,3
-0.3302371675580542,-0.3098189487252433,1,3
-0.440169778764961,-0.3277049405770574,1,3
-0.3536416853299523,-0.3136268544009843,1,3
0.3441781505271948,-0.4472599728724754,2,3
-0.5415223496567273,-0.3441949633030587,1,3
0.167791930770983,3.7522857851072446,2,5
0.9023988545513102,-0.3269844844726906,2,3
-0.2901620260999105,-0.3032987392468058,1,3
1.1159890167367623,-0.3450622375056529,2,3
1.522720982532312,-0.2585482579295062,2,3
0.8282170777980895,-0.3266360727720743,2,3
-0.929604559781193,1.0257683840075456,0,1
-0.4425872817277482,-0.3280982673416948,1,3
-1.2748481603044095,0.531568810651328,2,0
-0.5411075745172755,-0.3441274795538497,1,3
-0.0906879414218012,-0.3183868124077693,1,3
1.0919189171522232,-0.317296337734135,2,3
-1.6113964632283213,1.0386157155651647,0,1
-0.9257322389291314,-0.5633641695599516,1,3
1.1893493280632874,-0.339043562327956,2,3
-0.4371879220287128,-0.3272197936793145,1,3
1.4450101905218191,-0.3348958541503377,2,3
-0.4522321580080469,-0.3296674848529253,1,3
-1.115438466914224,1.1184515979059284,0,1
-0.7057618144580935,-0.4881981713045776,1,3
1.2939162227136676,-0.31059562377343,2,3
0.1143350873062028,0.5306791082594752,2,0
-0.3359181639082935,-0.3107432445580724,2,3
1.1282643412395037,-0.34928602714724,2,3
0.5217752211586963,-0.3469774906454939,2,3
-0.0526683021573244,0.5314085252337956,2,0
0.188955163535528,-0.3702472564745103,1,3
1.229294643152448,-0.3088779904247465,2,3
-1.661592362888262,-0.5264299062392815,1,3
0.7090289722876953,-0.3758872072503634,2,3
-0.4607701988612857,-0.3310566206830937,1,3
-0.5220880447382992,-0.3410330096698238,1,3
-0.079727846370762,-0.4035816616605671,1,3
0.2817374863391879,2.7956395352240437,0,2
-0.2126342159691857,-0.2906849955627112,1,3
0.5425314686684078,-0.4029556633299661,2,3
1.2787819716819475,-0.296212271130816,2,3
-0.460517608013818,-0.3310155242532896,1,3
-0.443848733209919,-0.3283035049930511,1,3
-0.3031960150346507,-0.3054193640306984,1,3
-0.943543654222329,-0.4915053038243138,1,3
-0.3302294419122055,-0.3672994314027133,1,3
0.6515529355091237,-0.4028365967293761,2,3
0.6318121466014931,-0.372707612580543,2,3
0.9298841325546796,-0.336410388293383,2,3
2.9289512571025225,6.262994917722877,2,-1
0.0762130419562903,-0.4184529147244886,1,3
0.9403373351228812,-0.3722424981794319,2,3
0.0260261433930282,0.5693874317718902,2,0
0.6826558306011283,-0.368544041575273,2,3
0.7963736240133514,-0.3784213848835668,2,3
0.3614729791819835,-0.4069135070069375,2,3
-0.4612266332639604,-0.3311308823777583,1,3
-0.289371746422334,-0.3031701610595089,1,3
1.7667169109618603,-0.2823016767002937,2,3
0.6396297313953306,-0.3479686979806147,2,3
0.8758084328182557,-0.337842758747753,2,3
0.399669370435901,-0.4261269820069924,2,3
1.11606750450359,-0.3013900259087294,2,3
0.4739253431558613,-0.2752254547360842,2,3
0.6633566059439079,-0.3979235024341203,2,3
1.5587607190903083,-0.265776029619605,2,3
0.8053947430311871,-0.3898369151109961,2,3
1.8565735726684045,-0.2767100127823692,2,3
0.2019432745948227,-0.415280009974547,1,3
-0.3296314881962163,-0.3097204049354459,1,3
-0.8219788869623799,-0.6025460664714689,1,3
0.5397608753846325,-0.3730823417409922,2,3
-0.8298856534850652,-0.4780896097737862,1,3
0.4714602024121687,-0.4455417781637119,2,3
0.8010640461713923,-0.3401268900149988,2,3
0.8343023551571478,-0.3275117128446954,2,3
1.3204371328343272,-0.327905214216351,2,3
1.4274960943547372,-0.3141520021802471,2,3
-2.765274508883367,-0.705998549734043,2,3
0.4863724877238591,-0.3862727891654608,2,3
1.7502925609918487,-0.3024738508115647,2,3
-0.5409234595073795,-0.3440975241154167,1,3
-0.3031617912587528,-0.3054137958360551,1,3
0.8379706933611416,-0.3893891499039426,2,3
-0.5537276849726402,0.4871419525069105,2,0
0.7605732594102359,0.652228076972515,2,0
-0.5411382740682037,-0.3441324743585008,1,3
-0.5413225537605937,-0.3441624565907097,1,3
1.280429662836026,-0.2916547201212283,2,3
-0.3649142150692077,-0.5033723071210413,1,3
0.952149496280979,-0.3351969269049157,2,3
-1.0025376746883836,1.0432953040878574,0,1
-1.2556474241673334,0.4881517798858383,2,0
1.2843087590742437,-0.3232865787035595,2,3
0.1826989013032068,-0.4398679486070907,1,3
-0.3367628272647385,-0.3108806709481584,2,3
-0.9274269116949478,0.4407785210618089,2,0
-0.9575610628720947,0.5161749027976955,2,0
-0.4370435289829852,-0.3271963009885562,1,3
-0.442307290647562,-0.3280527129049921,1,3
-0.329679249537571,-0.3097281756865718,1,3
-0.4368146695074104,-0.3271590656434625,1,3
-0.3357776748125267,-0.3107203870384104,2,3
1.653964078345796,-0.2862653084906955,2,3
0.6194330457856949,-0.3927160729751343,2,3
0.9698194156584848,-0.3376309160414736,2,3
-2.985198042230638,0.2737709780759447,2,0
-0.4371132251408686,-0.3272076405255535,1,3
1.2642413940920976,-0.3104801030097997,2,3
-0.8572492300605652,-0.5460318134170833,1,3
-0.3021401770197551,-0.3052475796081878,1,3
-0.460841631365787,-0.3310682427229911,1,3
-0.4368942480902685,-0.3271720130470486,1,3
1.1488052042785617,-0.3264110446312215,2,3
-0.5414301155290927,-0.3441799568474017,1,3
-0.4611826018226214,-0.3311237184798725,1,3
-0.5414916010147939,-0.3441899605113208,1,3
-0.4609790612621925,-0.3310906025121412,1,3
-0.4367898066024315,-0.3271550204587717,1,3
-0.1144286070121268,0.5523599750918925,2,0
1.311194970213969,-0.3109831941995463,2,3
0.3965794557491613,-0.4045939073693985,2,3
-0.1584665124564758,-0.2818719318773928,1,3
1.641831978627644,-0.2806658466573969,2,3
0.977404526846896,-0.3201730285622521,2,3
-0.442515980320904,-0.3280866666313338,1,3
2.47134268276653,2.981066651545192,0,2
-0.4935845202482302,-0.3363954976414974,1,3
0.0315847609241324,-0.3997410907333372,1,3
-0.2423607435371873,0.5114731091978165,2,0
1.0383328803468663,-0.3583946942343237,2,3
-2.663033618289064,1.744025361729495,0,1
-2.7931476523132788,0.3374702547760097,2,0
-1.8699586788343363,1.5356764851221931,0,1
0.5179974809410154,-0.375508396672589,2,3
0.2140918389129645,-0.4238262302847169,1,3
-1.586453079920295,2.053920699234077,0,1
-0.6288999450156282,-0.5124592696804482,1,3
0.0774989727458633,-0.4650933105435282,1,3
0.3283789166494011,-0.4364367744109387,2,3
1.3129719342533053,-0.3014589783735918,2,3
-0.460517608013818,-0.3310155242532896,1,3
1.1380181126976832,-0.2964652544549914,2,3
0.5836414553806699,-0.30934055847573,2,3
-1.3804843824540345,2.0014314997896543,0,1
0.4739253431558613,-0.2752254547360842,2,3
0.729745529007321,-0.3939702848255487,2,3
-0.2126479139915505,-0.2906872242254685,1,3
0.2949958910777477,-0.3275245877283814,2,3
1.0214181703505492,-0.3529378758510016,2,3
2.1473671385132014,2.944767364869688,0,2
-0.3358952879939634,-0.3107395226559651,2,3
-0.3311261314561231,-0.3099635827957239,2,3
-3.425173257412256,1.5442575315108302,0,1
0.6637274020488872,-0.3978820272240024,2,3
-0.0082967355716183,-0.3968227440529997,1,3
-1.4517962722321671,-0.570253314666401,1,3
0.7383086579500876,-0.3246339211977624,2,3
-0.2628727273527352,-0.4119559702668833,1,3
-1.594229948016837,-0.556420885868319,1,3
0.3180535339105102,-0.3674450005525136,2,3
-0.4251954795241603,-0.3827503677197776,1,3
1.3818632927743375,2.8359765727057544,0,2
0.3143369932692785,-0.3999056519985935,2,3
-0.177740449339739,0.5306374407070911,2,0
0.6416872707769379,-0.2874260183268635,2,3
-0.3157460653757571,-0.4069303989496803,1,3
-0.3572421337820818,0.6808629439696386,2,0
1.768259119473225,-0.2496420633743976,2,3
0.6008205716947791,-0.3666975322353147,2,3
0.2272528586676259,0.6019766773931383,2,0
0.5214999165067487,-0.4178835191927122,2,3
-0.2494036000905004,0.5345665217347788,2,0
-0.3916607831274665,-0.3198125463986009,1,3
0.3541698857093583,-0.3066869660671268,2,3
-0.2808867902240467,-0.4794334289420706,1,3
1.0497358330205355,-0.3527348082300378,2,3
0.538293077102613,-0.3329970453858431,2,3
-0.5985861792626348,-0.373954634330959,1,3
-0.3005128802598853,-0.3049828190765496,1,3
1.309829827135134,-0.3037594118770724,2,3
-0.3178429383070481,-0.3078024125858826,1,3
0.4142933625462452,-0.4100514458047373,2,3
-2.1689237997751003,1.6468453774303258,0,1
-0.5406628710903926,-0.3440551264842522,1,3
-0.442403977969087,-0.328068443893513,1,3
-0.1640493352801574,0.5427748464347187,2,0
1.1061988063392971,-0.3398809492015816,2,3
-1.161266370757054,-0.4450270675341513,1,3
0.7656760846762377,-0.3794747165641284,2,3
-0.4611330760906271,-0.3311156606630956,1,3
-0.9918358576335656,0.6100675541563082,2,0
-0.460731743996206,-0.3310503640919337,1,3
-0.4371032673094945,-0.3272060203903738,1,3
1.0345976182008931,-0.3365254126209589,2,3
-0.5410692055917143,-0.344121236945015,1,3
-0.3303425202372191,-0.3098360895639846,1,3
1.4266079002547367,0.6733901064449378,0,0
1.1924800822528294,-0.318453324986724,2,3
0.8249119249705484,-0.3558126197150756,2,3
-1.3509235126152686,-0.4758842086197009,1,3
1.197851717984591,-0.3223011417815482,2,3
0.8269717763437157,-0.3551643182632348,2,3
0.7504469013418088,-0.3137268007544238,2,3
-0.9950436311397856,-0.5246483815291698,1,3
-0.9224328812184066,0.4987386235931253,2,0
1.1956669176050738,-0.3315016376363204,2,3
1.6762113353832908,-0.2512329296369815,2,3
-0.009302362483016,-0.3225084945934691,1,3
0.9833064077258796,2.810076664720514,0,2
-2.826122840692137,1.9356701155610023,0,1
1.1640071100665244,-0.2756987933967517,2,3
1.585145441513268,-0.2959243401678197,2,3
-1.2710461998001397,1.433213541518666,0,1
0.3179804083179374,-0.4234500859469294,2,3
-0.4607262509462451,-0.3310494703749032,1,3
0.9927302777386812,-0.3421294432482721,2,3
-0.114426353775075,3.735540045568192,2,5
-0.4988583373536894,-0.4152106939972557,1,3
0.4739253431558613,-0.2752254547360842,2,3
0.6416872707769379,-0.2874260183268635,2,3
1.4364380527543767,-0.3033900812211755,2,3
0.9537823977322624,-0.3585965385513558,2,3
1.2510504824776232,-0.3612984299770602,2,3
-0.4405280801254726,-0.3277632360650318,1,3
-0.4367400885065533,-0.327146931344468,1,3
-0.4609460709201068,-0.3310852349966856,1,3
-0.5676267372710369,0.508507279641348,2,0
0.7376037228711015,-0.3813286911720627,2,3
-0.3381013642005209,-0.3110984503719702,2,3
1.0380970875470206,-0.36026764750223,2,3
0.4841709971091696,-0.3489748387649035,2,3
0.3589670876877796,-0.3970078510831173,2,3
0.6022023310263994,-0.3881856436092419,2,3
-1.7731712542113252,0.4709672514719501,2,0
-0.0194586702197752,-0.435795447150812,1,3
-0.0355062301259104,-0.2943190982600154,1,3
-1.851068864532824,0.4070536239849679,2,0
1.0176400269665606,-0.3059137211124925,2,3
0.6458310126470149,-0.4267912351855454,2,3
-1.2569998624141925,2.469776466046346,0,-1
0.9385652920143508,-0.3463252007812816,2,3
1.4617183088057069,-0.2663689086117402,2,3
0.0127793617792841,-0.4940220886608833,1,3
0.039903744593021,-0.3767382664367627,1,3
0.1265819247774333,0.5430844068469534,2,0
1.6181788934446235,-0.2729885708239927,2,3
0.8089586152480646,-0.3747883704997422,2,3
0.2983357616516304,-0.397814468681875,2,3
0.5754650127663257,-0.3973696012304858,2,3
0.1755961070912852,-0.4300583923058893,1,3
0.7660101461302244,-0.3964144017145986,2,3
1.7202925543022536,-0.3243615550875668,2,3
-0.3642994514767755,-0.4372754721363682,1,3
1.3808284575201426,4.789675807194673,2,-1
-0.0622933674631275,-0.4646312692742627,1,3
0.7854502185349953,-0.3831667529754495,2,3
0.1144095821239353,-0.339852144416314,1,3
0.4483118072493135,-0.4007150742791518,2,3
-0.4418920131587323,-0.4971549168126917,1,3
1.489056845715525,-0.2802200017748635,2,3
0.3006508384748452,-0.3891119881988837,2,3
1.7077391120363232,-0.2865379025489394,2,3
-0.0991702594550685,-0.3936587266324683,1,3
1.1133404350207732,-0.3210341325855503,2,3
0.320127833607537,-0.4010577309086295,2,3
1.3896539975548865,-0.3119807809907997,2,3
-1.2410487178688432,0.447368849564638,2,0
0.0445602396798205,-0.4352330997249652,1,3
1.233517676219584,-0.2570512420937971,2,3
-0.9470755695312416,-0.4920799450317132,1,3
1.1899797374973835,-0.3557953127608907,2,3
0.9779801570819916,-0.3177588097814904,2,3
-0.6007503231077527,-0.4874039286744676,1,3
-0.0299139562995578,0.55545785103242,2,0
0.0574859992505933,-0.4144265503699814,1,3
0.8496118852998904,-0.3495054922864192,2,3
-0.2253781431510895,-0.3456865913146421,1,3
-0.1952473081395287,-0.4575031500054489,1,3
1.0523742126022426,-0.3248891659023556,2,3
2.425704945811472,2.9683776912666,0,2
-0.6206760526909174,1.475290177616501,0,1
0.1794942073959348,-0.3594791471877999,1,3
-1.120701402898104,-0.5118307361816233,1,3
0.6187185448999145,-0.3511759569625697,2,3
0.8236907375553356,-0.3936251603938894,2,3
-0.916588754609344,-0.5532311350280642,1,3
-0.3700520384314563,-0.4101757937551596,1,3
-0.4757624344222271,-0.481508869138353,1,3
1.0123296212157329,-0.3599197494298068,2,3
1.5253887220956035,-0.3186732284006371,2,3
0.3388871959482363,-0.3877727962193351,2,3
0.951935793570058,-0.3653140572114948,2,3
-1.7937525278240458,0.4115781971169355,2,0
-1.1357373416134997,0.4537314943705633,2,0
-2.756998347851824,0.9154438111571842,0,1
-0.8098947098265736,-0.5165552187251932,1,3
0.4630233563992637,-0.2974746124049094,2,3
-0.8639659564844633,-0.5225749953055584,1,3
-0.4478461551719818,0.482642238007234,2,0
-0.5360592683569487,1.143784423550391,0,1
0.5147554441761005,-0.3515988894189894,2,3
-1.605707827687487,-0.5648799416402172,1,3
0.1378593322274697,-0.4106463245019205,1,3
0.332064176544107,-0.3844350110305028,2,3
0.0798612508920622,-0.3210532485749236,1,3
1.396143631499002,-0.3399007668931117,2,3
1.316200847969509,-0.2967291056764638,2,3
1.588380131961752,-0.2964089161402655,2,3
-0.2288348309598071,-0.4618092556537808,1,3
0.7569966468691642,-0.3988968686392437,2,3
-0.8999149747525252,-0.4434561175610795,1,3
0.0344025157261607,-0.4085848803393963,1,3
0.5185466062193854,-0.389418483940581,2,3
-0.1876273255708813,-0.4597426657583253,1,3
-1.394033214435718,1.0071144146179558,0,1
-0.289848590297447,-0.450462340310988,1,3
-1.5919643129611445,0.53290230341307,2,0
-0.2068049840051586,-0.4512618246850626,1,3
0.513624713642984,-0.3282861562859787,2,3
-0.4399328170970911,0.5510715330150054,2,0
1.0269609275791145,-0.3650487162904517,2,3
-0.3946597382419626,-0.485456948675864,1,3
0.8349466499195406,-0.3651002632305544,2,3
-0.9994900201051904,0.504654343626146,2,0
0.7036937538626182,-0.3915861123320209,2,3
0.4354828174506298,-0.4317103082461479,2,3
0.8514053882243318,-0.3481862189015352,2,3
-1.2255473760030269,-0.5424636136961674,1,3
-0.5372196014717039,-0.3910373348100593,1,3
1.5227563898558516,-0.2540857833639084,2,3
0.4932364510014988,-0.3974855758192673,2,3
-0.7157761724546384,0.5143088283211182,2,0
0.6489637146118883,-0.3853801933587069,2,3
-1.6740923439694122,-0.5284636481590882,1,3
0.4672162815360808,-0.4083562172856063,2,3
1.6108539284046044,-0.298095840536273,2,3
-1.0618629632465555,0.6191495808818612,2,0
0.7884853382381154,-0.3071995877946788,2,3
-0.4178850245221445,-0.4856044628096287,1,3
0.2221903818638704,-0.4526357142217496,1,3
-0.0522841453299811,-0.4126091209656448,1,3
-0.4265708531650677,-0.4742828258062827,1,3
1.3281210842042317,-0.332099024448688,2,3
-0.8634940761727714,-0.4892014145841039,1,3
-0.0956624178232742,-0.4386269651723746,1,3
-0.4835147492974675,0.6148140466454672,2,0
1.126376726518025,2.832017804985272,0,2
0.3708792129871988,-0.3853446227540305,2,3
-0.3680275941830818,-0.3159674360146033,1,3
0.6198689413461229,-0.3910861970372742,2,3
-2.0997064043941256,0.9433912093658716,0,1
-1.7744892550093094,0.4298019956972271,2,0
1.3681717187180034,-0.3449472349695633,2,3
0.8319189551968587,-0.3782742739180961,2,3
1.4256923813567828,-0.3386291723845685,2,3
-0.5455677193497114,0.4335359202733339,2,0
-0.9335101089004748,0.4363955108116222,2,0
0.9173739847273188,-0.3730062149843386,2,3
-0.854834626643306,-0.5585088128263845,1,3
0.1235293055707189,0.5445133760439663,2,0
-1.7612575392105212,0.9615962491513188,0,1
-2.312522728951516,0.9877598164871978,0,1
-1.1221134096348362,1.096058017363765,0,1
-1.3397760587942624,0.4091092917316193,2,0
0.9681612254306202,-0.3109809711108426,2,3
1.4148276887310696,-0.3424790164066161,2,3
0.033732319074687,-0.4401017521937545,1,3
0.911826291587186,-0.3808632041964007,2,3
-2.986504590583964,0.919054054878108,0,1
-2.6766738930514427,0.9489879765960596,0,1
-0.5464856528054547,-0.3450024907391999,1,3
-2.833226649192442,0.9439923146055308,0,1
-0.3454776226362979,-0.467138569643668,1,3
1.420604475448488,-0.2970585818542746,2,3
-2.860277562739795,0.9191157330101388,0,1
-0.7105700250457464,-0.4959046083492343,1,3
0.3269000129344852,-0.392111972458184,2,3
-2.9946188508480707,0.917733867980208,0,1
-0.4667331141684138,-0.3320267846173936,1,3
-0.954074515672227,-0.4113170356234688,1,3
-1.7226358345994783,1.0771425688016527,0,1
-0.410940139046154,-0.4083302089037294,1,3
0.58856462474784,-0.3968857189778226,2,3
0.7815069003415643,-0.3802555806324194,2,3
-2.574011129059094,1.6715312327715113,0,1
-1.3404966471131952,-0.4946631705611715,1,3
-0.0052067558435561,-0.3700338198121016,1,3
-0.3249754971699984,-0.4073954342679316,1,3
-1.4190331063980246,-0.4869656122728528,1,3
0.5810286825368366,-0.3932386723382369,2,3
1.1541859632510818,-0.3232844384138879,2,3
-0.7433780001142565,-0.4784759915182997,1,3
-1.582113283553398,-0.5134986918365098,1,3
-1.5791276472382814,-0.5744391563612671,1,3
0.0779647821917222,-0.4273351204157312,1,3
0.7984986327719833,-0.3739669846786741,2,3
0.6122501947274167,-0.2720368946509092,2,3
1.182928033904925,-0.3557713271290776,2,3
-0.4741180936277046,1.0774221174177514,0,1
0.2453126453176892,-0.3893875449773044,1,3
0.4652086410448106,-0.4167584268577126,2,3
1.001825215960186,-0.3313297321537722,2,3
1.2894979083222773,-0.3240859822881759,2,3
0.0164810750943373,0.5384630993386305,2,0
1.1903062943109155,-0.3368620130588045,2,3
0.8582540579909204,-0.3035879519874104,2,3
-1.3576973128723409,-0.57434456854985,1,3
-0.8486249677670344,0.4666027016836077,2,0
-0.3376501538169398,-0.4831237459863122,1,3
0.6200549858031317,-0.3594663607836913,2,3
-0.2745157503221965,-0.4012236872529474,1,3
-0.4931760841248458,-0.4314138990774268,1,3
-0.93858072371191,-0.4987306966216028,1,3
0.4334751633800304,-0.31573673426891,2,3
-1.4241187426255717,-0.4877930432519641,1,3
0.818489084013952,-0.3635307472952518,2,3
-0.7786817092032966,1.0637088626432207,0,1
0.5004687189188786,0.5603817388769063,2,0
0.8157963363552841,-0.3792685940949243,2,3
-1.4088913857738228,-0.5815589830893159,1,3
1.2802289375086553,0.6682347263366214,0,0
-1.1318375108654706,-0.5301734985562411,1,3
0.0566461555215424,-0.4148651349722532,1,3
0.7181840168547589,-0.3760804049537101,2,3
-0.3656082024544688,0.5982220656803442,2,0
0.0261350275698481,-0.3906884474471909,1,3
-0.1211250864880565,-0.4762745594501964,1,3
-0.3911508867967613,-0.4096640812195922,1,3
1.4539716684929915,-0.3283207547855948,2,3
2.006745759319484,-0.2518258229182848,2,3
-2.503534968971903,1.3676883660279884,0,1
0.4743141902878764,-0.2812958086904671,2,3
-0.087414773029345,-0.3277935819422127,1,3
1.529619301768412,-0.3109810981676508,2,3
0.5318529012226426,-0.358024596395531,2,3
-0.1870483097403864,0.5505542292328912,2,0
-0.6088178313750453,-0.5116549914373388,1,3
-0.1556666670963048,-0.4754359137053891,1,3
-0.3685435839494624,-0.4073600726886211,1,3
0.7397169166332379,-0.3572363789673783,2,3
-0.4649150353066918,0.5389923504116835,2,0
1.194478908468657,-0.2985484460068408,2,3
0.3203930467355456,-0.3826694123815202,2,3
0.6509320521685423,-0.3589752895810228,2,3
-0.95088748762754,-0.4107985074359459,1,3
0.4469792087473186,-0.4184296902456237,2,3
0.0347117691803411,-0.4454808352261754,1,3
-4.138235748981924,0.7316678562930954,0,-1
1.1761990381255991,2.8880954588209606,0,2
-0.8254112476970334,0.5024692275792411,2,0
0.5625347349932316,-0.3903803447873289,2,3
0.512708867689138,-0.2955244188277723,2,3
-0.1304457773825953,-0.4877208174292731,1,3
0.2983983396332408,-0.3836269342343401,2,3
0.6967705953726872,-0.3367031946156131,2,3
0.4900200333646139,-0.3614950976109455,2,3
-0.5773246486471333,-0.4180378187228885,1,3
-0.060590120544092,-0.4156817499950441,1,3
-0.5728234606785294,-0.4815471444584161,1,3
0.1072096709722689,-0.4597662289462198,1,3
1.19225991278664,-0.3206351793349147,2,3
1.0512922425233755,-0.3565403183156159,2,3
0.7224671555536749,-0.3075210749186991,2,3
0.3210783347437649,-0.4367921063275218,2,3
0.2010694303417828,-0.4041677603283216,1,3
-0.698464450168674,-0.5152793243720184,1,3
-0.2834832434144417,-0.4609965956739708,1,3
-2.830173971833016,1.5881355132755504,0,1
-0.0505719632730672,-0.4385991469737738,1,3
0.0210355316617146,-0.4272705987440336,1,3
-1.2463193254519174,1.986940703732877,0,1
0.0418573566684561,-0.4220670313768619,1,3
2.025665715468218,-0.272262370392597,2,3
0.9350973170543426,-0.3549245611551926,2,3
1.3381791592339527,-0.3091998833887554,2,3
0.7377142895070425,-0.3970795455101831,2,3
0.4420094182005087,-0.2599427541684211,2,3
-1.305914070551209,-0.4685611904072316,1,3
0.7809322677621209,-0.3596521673996259,2,3
0.3477072131036008,-0.3827988829836868,2,3
-1.450143120227471,1.169019451301904,0,1
0.724738453054024,-0.32313786611424,2,3
0.0246763251596557,-0.4250321475925405,1,3
-2.011620429043027,-0.5833793325325148,1,3
1.5877423489651052,-0.3271287186595156,2,3
0.2118235237258048,-0.4473133779320135,1,3
-0.3073551375917177,-0.4687222828931829,1,3
1.0893830238321311,-0.3517746020707982,2,3
-0.0210727196478855,-0.4396537328721774,1,3
-0.1700677884006859,-0.4366617311227733,1,3
-0.7709743132907462,-0.5285382796324013,1,3
0.6103069431990757,-0.3807249308282914,2,3
0.1502717056035197,-0.4158612751409066,1,3
-0.6930162282751688,0.6057572243756159,2,0
1.1690923878767483,-0.3144015987098476,2,3
0.6203554281126111,-0.3809446463531163,2,3
-0.9004343335112,-0.4964687809224361,1,3
-1.3536464806437138,0.493719370940752,2,0
-2.6940978003669427,0.32113287093807,2,0
-1.9559040679457005,2.747886867121005,0,-1
-0.1803981173649469,-0.369132667792493,1,3
1.327565068690273,-0.3151640193278212,2,3
0.8306149415304804,-0.3609430724246571,2,3
0.4092270725549045,-0.2544139229950249,2,3
0.5186790886556311,-0.4025838702702244,2,3
1.529319640205964,-0.2880085727174234,2,3
0.4748934392683557,-0.4166592863078744,2,3
2.395960295509849,-0.2346379852416086,2,3
-0.2268148724504817,-0.4278219817413458,1,3
-0.8853549216453329,-0.4820380203193246,1,3
0.0159070030497039,-0.4330335890454736,1,3
0.8873054942986501,-0.3028711785538734,2,3
0.192659720053721,0.5823863460576121,2,0
-1.1789729146330696,0.5591450210826561,2,0
0.2403341466760106,-0.4330770981944257,1,3
-0.3567154627389174,0.5485774485339495,2,0
0.7139026518563371,-0.3211809980336738,2,3
1.0009700542066906,-0.3608687376302271,2,3
1.7285239011770066,-0.2822149936779489,2,3
-2.311466609508168,0.9759543003711668,0,1
0.8495814160661374,-0.3677314762163585,2,3
0.4179121630586438,-0.3647849563772316,2,3
0.507879209002882,-0.3615218269423474,2,3
-0.0435176304738896,-0.3804513075794974,1,3
-0.4306405324907423,0.5310251213412692,2,0
0.325650056936439,-0.4118733676708786,2,3
0.4889495066615215,-0.4188532371586447,2,3
-0.0934955681025292,-0.3651801667017843,1,3
-1.4695034918971996,-0.5427195507117991,1,3
0.5941850554643957,-0.392056266336544,2,3
-1.3517927609806877,0.3991053993753168,2,0
-1.059002546197822,1.04008375002511,0,1
1.1904996108929429,-0.3287629133395387,2,3
-0.6986243892242485,-0.5042758815200328,1,3
1.681627881670219,-0.2886677000732218,2,3
1.234783922467641,-0.3270782697635712,2,3
0.4749789550489939,-0.3542040659149285,2,3
0.7888598173740234,-0.3390418223194597,2,3
-2.006697286361534,-0.6440045655467913,1,3
-1.1292658750507103,1.5100016754058638,0,1
1.303073311954191,-0.3211679854563509,2,3
-2.2371449213299117,-0.6200720771798313,1,3
-0.8818493451242893,0.6484377245146048,2,0
0.187465353876235,-0.3622095921280151,1,3
0.26452694331949,0.6109603315392872,2,0
0.6716366066726491,-0.3581832527159383,2,3
-0.0978586274651349,-0.324939217141809,1,3
1.1070652627892077,-0.3016152690406065,2,3
-0.078845637401798,-0.4536543165585683,1,3
0.6156657634973992,-0.3879031318518866,2,3
-2.3456824979181903,0.4102726563347066,2,0
-1.959496434611558,1.7935850697545357,0,1
-0.8575965859279958,0.5405995445989886,2,0
-0.6954446632371332,-0.430664288486225,1,3
-2.211820242982172,-0.6159517621467884,1,3
2.242196482652831,2.9441292102945527,0,2
-2.142672366230004,-0.6047014302700008,1,3
0.0027222315118583,0.5709734158569617,2,0
0.8985009756303671,-0.3437105277440792,2,3
0.6675373854220924,-0.3949771710952289,2,3
4.090719436576074,8.846821060283645,2,-1
0.0827328078490802,-0.4051348051728049,1,3
-0.7793811863525197,0.4750342241160845,2,0
1.119182340011878,2.839345343639006,0,2
-0.5487263414183263,-0.4272686850244877,1,3
0.9880431368040358,-0.3528584339992934,2,3
0.8177292983902217,-0.3772085401144483,2,3
-0.5790156823009371,-0.4032232774197785,1,3
0.0152171432575383,0.5441728414156808,2,0
0.9107601129770698,-0.3562348292681658,2,3
-1.440668189711719,1.0193766549607448,0,1
-1.1220221217670376,1.0458645708689902,0,1
-2.5868829755938143,0.2930722867145605,2,0
-0.241944033828654,-0.3987397228719343,1,3
0.4214595745462257,-0.4162397884048412,2,3
-2.6961266321311976,-0.6947482178572554,2,3
2.0926419118207917,-0.226092173692084,2,3
-0.0296780880081211,-0.4420972786565476,1,3
-0.3642853442309786,-0.4116019981485513,1,3
1.2935778344234308,-0.3318867633640988,2,3
0.4146718888263807,-0.4006074568156817,2,3
0.3722845619145174,-0.3354251606978739,2,3
-0.9903247936035184,0.5183408753146038,2,0
0.7524145808835799,-0.3904560223226984,2,3
0.1559866750726757,-0.4045846875999464,1,3
1.3468405122786369,-0.3295530587820164,2,3
-1.4804141641712782,-0.4969522858098057,1,3
1.5429357231813816,-0.2934670717544346,2,3
-0.8296288514404413,-0.391069775852171,1,3
1.5799975342174577,-0.2771990105863202,2,3
-1.1089515059990964,-0.4365154599727837,1,3
1.558650269339166,-0.3075594414416254,2,3
0.3901588304537988,-0.4312075724723038,2,3
-0.1139163637275115,-0.4261596723416865,1,3
-1.2196069974099557,1.0749471884104629,0,1
-2.3219103662338485,1.368265144967581,0,1
-0.0645902010573423,-0.2665982935790806,1,3
0.5399789923562791,-0.3861169952263609,2,3
0.5783407301845788,-0.3697618572217108,2,3
-0.6257265070726796,-0.4583655368328286,1,3
0.6023917922543442,-0.3594777420333745,2,3
-0.7323111013230271,-0.4227786437664298,1,3
0.3709626728545419,-0.4066145096382245,2,3
0.2154568930475449,-0.4363076138276148,1,3
0.6188434861099248,-0.3731002217180253,2,3
-0.6278929979351333,-0.5116461879283399,1,3
0.7111905414939587,-0.3771890174077628,2,3
0.9872828941228624,-0.3638211959066612,2,3
-2.203938811205885,-0.6146694563506857,1,3
0.969377804352672,-0.3443712344027126,2,3
-0.7472284456298333,-0.5195729429768962,1,3
-0.8896184949353214,-0.5157935461167487,1,3
-0.3413491116064958,-0.4435487594388878,1,3
-2.553662252680506,0.3235062695626381,2,0
1.201420501032659,-0.3538921426015878,2,3
-0.5664066729007843,-0.3482436327369487,1,3
0.1859034545272237,-0.34198830374092,1,3
0.7886331069619248,-0.3450064743461505,2,3
-1.6081242178941464,-0.6090393457905078,1,3
0.7341900400384426,-0.388280227879866,2,3
0.3901504457888404,-0.4034457408826663,2,3
-1.889290715287193,0.3755587634618819,2,0
-1.4998554838537392,1.4769841608465306,0,1
0.9732721064060303,-0.3411264136279175,2,3
0.4278495976124751,-0.3862138446640802,2,3
0.6041669516442761,-0.3623432349261461,2,3
-0.1821352544041321,-0.473480789663724,1,3
-3.551977863622736,1.2620126368479303,0,9
0.184203435923993,0.5598840973590606,2,0
-0.2612773054733798,-0.4103833008912866,1,3
-0.7027225647198214,-0.4923367772347994,1,3
-0.5355488533921853,-0.4521917311245718,1,3
-0.3151866625690465,-0.3910627101590928,1,3
-0.0420437579202482,-0.3448316314476741,1,3
0.7894139872184205,-0.3611770876137049,2,3
0.4633892224608912,-0.3963106270897455,2,3
-0.2412979087688839,0.5185799072662896,2,0
-2.6961266321311976,-0.6947482178572554,2,3
-2.043218139267152,1.8448690921358344,0,1
-1.6500472213726258,-0.620794941038313,1,3
1.3382545067530167,-0.3161849212867861,2,3
-1.3974057744085384,1.0205037511046955,0,1
0.758409490893787,-0.3014789300440641,2,3
-0.9612359149307212,0.5740953350166199,2,0
-0.994305780257268,-0.417862646272177,1,3
0.6746688769830007,-0.3947719057375251,2,3
-0.0710499807335877,-0.4685247617946036,1,3
1.0540992017916035,-0.3420772821849205,2,3
0.9566341652591256,-0.3276552768127326,2,3
1.1826953190294835,-0.3178990409847779,2,3
-0.0449467521845563,-0.351895556795358,1,3
0.653873666805441,-0.3968520391362454,2,3
-0.0568756750514796,-0.4418081095204658,1,3
0.0328761168469683,-0.4722718071650254,1,3
-0.4404984722914848,-0.3806865827814413,1,3
-2.457819490214141,1.612147126871666,0,1
-0.1942493623985921,-0.2876937872438118,1,3
-0.7321485173506178,0.4911065937429843,2,0
-2.7694894157906167,1.6942522909632365,0,1
1.139287552598255,-0.3164039087197676,2,3
-0.3814062292800031,-0.430592071732036,1,3
0.1460121225126499,-0.4411507110175116,1,3
0.1255229706210372,-0.3775766368003573,1,3
2.118636407715527,-0.2648204799518981,2,3
-0.8049674642308442,0.533805279770446,2,0
1.088155129909443,-0.3036350259527725,2,3
1.6305290728848256,-0.2894577630297077,2,3
0.4937050344314984,-0.3388665717079166,2,3
0.90379713311169,-0.3488079803515481,2,3
-0.3683565194943057,-0.3160209520311139,1,3
-1.2834800843510608,1.1010506067159662,0,1
-0.7972463796293383,-0.3858011606469442,1,3
0.5036000692724393,-0.3931431352978194,2,3
0.4092270725549045,-0.2544139229950249,2,3
1.0936821222380433,-0.3297378755557978,2,3
-2.194826566933405,1.8202024616234265,0,1
0.5527775082213128,-0.4004092874062164,2,3
0.0723463260518404,-0.4491880282216261,1,3
-4.472238278727524,1.1122866355694556,0,-1
-1.310392997669534,-0.4692899100570584,1,3
0.3439186633651714,-0.4090016337341443,2,3
-2.4721723963374385,1.002735697062562,0,1
1.332741455201141,-0.3404748823916707,2,3
-3.1416730804012536,0.8363264640413925,0,1
-0.4959276311291214,-0.4779509330539633,1,3
0.8903054852097688,-0.1966180665545804,2,3
0.983291922097126,-0.3673832366928207,2,3
-0.4977937974987464,1.1402702832998788,0,1
1.2593030730479582,-0.3227361709388252,2,3
1.1919936993157063,-0.3509315697280218,2,3
0.8162639675535657,-0.3839669781477832,2,3
0.8260659928633692,-0.3424248459149889,2,3
-0.7616425043307484,-0.4685016688706006,1,3
0.2841094139021423,-0.3950526725806901,2,3
0.7098548304259317,-0.3734270230957726,2,3
1.0734794059397246,-0.3522571841114091,2,3
-1.0323197624068396,-0.4854737323143901,1,3
-0.0591373985825284,-0.4341009209357093,1,3
0.756255122844724,-0.3394013454534184,2,3
-0.0519765670710842,-0.4649239314947437,1,3
-0.428795392976401,-0.4849110821369487,1,3
0.6520763482139476,0.6493269341808859,2,0
0.35973827877379,-0.3828037801529215,2,3
-0.3709745195005793,-0.4638631339714048,1,3
1.1973481535006565,-0.324478148246727,2,3
0.9222551049688574,-0.3361621125314393,2,3
-1.8892264046022595,0.4270561404209774,2,0
-0.4425370389036807,-0.5163564981379349,1,3
-2.629899403552679,-0.7044484830557264,1,3
1.032576434145419,-0.3165668159342908,2,3
-1.2798403182000666,-0.4847944101197474,1,3
-0.430601393905077,-0.3910536784153082,1,3
0.7576568061801128,-0.3213863568970572,2,3
-1.216731038476995,-0.5799697329803292,1,3
-1.0780565383273628,0.6165148926963698,2,0
0.9625912488302644,-0.3566346627558767,2,3
0.6668040938674138,-0.3365645697768822,2,3
-1.0221996948016567,1.4258203540526837,0,1
0.9553289051002022,-0.3577525534543772,2,3
0.6584987242938137,-0.3859174789764222,2,3
-1.1440917047707952,-0.5767532354975439,1,3
-1.6318424826138933,-0.5215896126236018,1,3
-0.0170668839951414,-0.3296995454697409,1,3
-0.6267400744883049,-0.3580598530317216,1,3
-0.4812191533571597,-0.5286510605867367,1,3
0.7197754986525463,-0.3256431773561415,2,3
-0.5258081282363507,0.5551811242813479,2,0
-0.0978586274651349,-0.324939217141809,1,3
0.713659251880879,-0.2236698915896423,2,3
-2.114361784469893,-0.6000953099466292,1,3
1.060913967135462,-0.2860796543734891,2,3
0.1175701173775785,-0.4491034620839464,1,3
-1.4374617832952508,0.4083055352479277,2,0
-1.5856259952907732,1.365573544352476,0,1
0.940125988924228,-0.3586341050257968,2,3
-0.7321485173506178,0.4911065937429843,2,0
-0.1844909158141009,1.2235798373776068,0,1
-0.2802851674476262,-0.4823538294068136,1,3
0.8791787905198719,-0.3628783889034971,2,3
0.577447815119279,-0.3840922136780165,2,3
-0.5600978145282584,0.5218705587609261,2,0
-1.0526859280964054,0.4919465010118118,2,0
-0.6794522142946965,-0.4790840342253622,1,3
1.8993826514048324,-0.2735567300777864,2,3
1.5031935001469672,-0.2937979280916791,2,3
1.367327580320227,-0.3290349937526385,2,3
0.8797572314246112,-0.3376589691272314,2,3
-2.302310297114386,0.9119964891584856,0,1
-2.0889176120769104,1.3438377587325574,0,1
1.529421557235606,-0.3054637909084362,2,3
-0.407381990451676,0.5251553106180203,2,0
-0.607220639058597,1.065010070029232,0,1
-3.0781781488288646,1.569028051620488,0,1
-0.1731743538302544,-0.4855649265024432,1,3
0.5906037192302164,-0.3922776010418516,2,3
0.0142657660929698,-0.4203241634267802,1,3
-0.9612359149307212,0.5740953350166199,2,0
0.5502615005706013,0.6029564063536906,2,0
0.1347913957875972,-0.4095524456744699,1,3
1.3742704759353557,-0.3073319535246479,2,3
-2.0806785916293564,-0.6421574948653014,1,3
1.245562505849563,-0.3165897789682224,2,3
0.0076760054938796,-0.418988037542474,1,3
0.4354411544961365,-0.4109024616003369,2,3
-0.0590993384168157,-0.3979644353425599,1,3
-1.2840157465195146,-0.4649983418502908,1,3
1.3895204894583453,-0.3137609024021616,2,3
-1.7061468744463892,1.488925027458508,0,1
0.0154783171484306,-0.4393679335411568,1,3
-0.6948373403610295,-0.4166816778537252,1,3
-1.435249337949304,-0.5425321505561748,1,3
0.5853923509431568,-0.3533769074748755,2,3
0.3236968804729095,-0.4109831776757803,2,3
1.3614703158619763,-0.3274487330512476,2,3
-0.0584130853495129,-0.2655932793253029,1,3
-0.3008731688474252,-0.4269560413337626,1,3
-1.419663616810764,1.0788936004811094,0,1
-0.9417892235045222,-0.4417709786169627,1,3
-2.16217628820205,-0.6283501193561575,1,3
0.4706476046246377,-0.4128106231430731,2,3
0.2073208067107683,0.6304066111418831,2,0
-0.5027308934936997,0.5511992105847059,2,0
0.3583807771977837,-0.4577922537833587,2,3
-1.643869863009542,0.524457291191153,2,0
-0.2018515080752193,-0.4622247746175879,1,3
0.8721228217439888,-0.3168888393291105,2,3
0.1595504292654781,-0.2915569290780093,1,3
-1.381345163243624,1.065249372098496,0,1
0.830776159885303,-0.350278068752385,2,3
0.9493918478749732,-0.373362450668002,2,3
-0.2198523672665694,-0.4015574532779677,1,3
1.231465474306108,-0.3304260537163622,2,3
-0.1493218641529826,-0.4248438932264901,1,3
-2.072930110306801,-0.6508361327768962,1,3
-0.4977937974987464,1.1402702832998788,0,1
0.9450147042706732,-0.3686817024790276,2,3
-0.5129104426494736,1.1684381349176345,0,1
1.09019268530359,2.821633962165448,0,2
-0.9612359149307212,0.5740953350166199,2,0
0.6801142362499393,-0.3580236508534097,2,3
1.5116110416968296,-0.2840159424440338,2,3
-0.4667331141684138,-0.3320267846173936,1,3
1.0709045530334655,-0.3453244493713996,2,3
0.1177842891611348,-0.4045147055108101,1,3
-0.0878062521558715,0.5375029624137363,2,0
-4.251996683355226,1.1481198550028169,0,-1
-0.7729551535885094,-0.4227998054629939,1,3
-2.5456661176697173,1.763121007113506,0,1
-1.535102596037887,-0.5058500717899245,1,3
-0.167594454102834,-0.4695890164446109,1,3
0.0753805317163828,-0.4480553274975222,1,3
1.6596543001146251,-0.3120629907169701,2,3
0.2934351005456341,-0.3555623172224798,2,3
-2.862732967395646,-0.7218550019342019,3,3
0.8406982523635859,-0.3757232393902699,2,3
-2.501209715106639,-0.663035313456937,1,3
-0.3525219811994703,-0.313444678987025,1,3
1.496456967581807,-0.2966435626087906,2,3
0.081728470212182,0.5366555989411979,2,0
0.5342839153586855,-0.3969458774355771,2,3
-0.2052133381439718,-0.4436857358387014,1,3
-1.8713221810308456,-0.6424544988684748,1,3
-2.4063492386321506,2.2060237001613485,0,1
-2.531804316078926,1.7653763166852736,0,1
0.8655795972255962,-0.358072959415265,2,3
-0.2097095665168131,0.5701393817142254,2,0
2.0696479386881204,2.9411397213935544,0,2
1.6477997531277109,-0.3173302095504005,2,3
-1.0021076341276385,0.6083963402311622,2,0
1.7179950474590808,-0.2888966132425169,2,3
1.5847659486192958,-0.3130359776736408,2,3
-0.3162722461739893,-0.4921126155408565,1,3
0.7000434596065283,-0.3940181532465485,2,3
0.9620607086261684,-0.3478816425562889,2,3
0.9065742156301534,-0.3746368242473321,2,3
-0.0094061096031652,-0.4226659082846235,1,3
2.797832665913857,4.86492845424562,2,6
1.022677223781662,-0.3500384833199511,2,3
-0.494141814372667,-0.429107949392305,1,3
-3.886729229540952,1.820591620153347,0,8
0.7060571863637762,-0.3707573505656049,2,3
0.0872124743978461,-0.3941271111631052,1,3
1.3122914210443166,-0.3380348995738876,2,3
1.4440643850810646,-0.3008393599337525,2,3
0.016221383042221,-0.4522124276477043,1,3
-0.2414005199270249,-0.4509765838882301,1,3
0.9461266626357914,-0.347591918486079,2,3
0.9495055676331952,-0.3482471710287464,2,3
0.4265000630861519,-0.4154581244949223,2,3
-1.0853060936385766,1.1483831075038182,0,1
-2.045213907717724,-0.5888449780698416,1,3
1.5874949645953949,-0.3026402698169536,2,3
-0.6573534938241328,-0.4159688080062911,1,3
1.206927180481559,-0.3294944944842768,2,3
1.414888264440472,-0.2992621574270783,2,3
1.2482094069242586,-0.2938118712451664,2,3
-0.9571908760904292,-0.5423556046011367,1,3
0.3508286027668125,-0.4071918632700307,2,3
0.7956705909670041,-0.3824612454677855,2,3
-2.2737431943920834,0.945085554064036,0,1
-0.6859238277480727,-0.3676890260036221,1,3
0.2451546018225659,-0.4160746899718913,1,3
-0.4573932515954717,-0.3305071927142932,1,3
0.8622153955493627,-0.3799308661739246,2,3
1.2223291299153622,-0.3285101812270514,2,3
1.0880227359874353,-0.3572815297391888,2,3
-0.5039265762501024,1.1135046540493188,0,1
-1.0488397190136391,-0.510427768857909,1,3
0.3506934580618385,-0.4186380669354221,2,3
-0.4333087090081544,-0.5119992568141979,1,3
1.7084705445298658,-0.2373040744057649,2,3
-2.501209715106639,-0.663035313456937,1,3
1.897797945877411,-0.2615808063681722,2,3
0.4863751870693371,3.829222079836736,2,5
0.1341168693509699,3.760927934043779,2,5
0.830168520796783,0.7037054946623004,2,0
-0.5215426924810052,-0.3409442810757948,1,3
-0.9161728465136172,1.027874875530027,0,1
-0.42449912824426,-0.3780834959073886,1,3
-0.6340656489512239,-0.4206779474238453,1,3
-0.7808010488863255,0.4404973953230977,2,0
1.0421718233271196,-0.3622650247268396,2,3
0.6829996520630667,-0.3759797138170705,2,3
0.5855890531699324,-0.3352574240837738,2,3
-2.862732967395646,-0.7218550019342019,3,3
1.1128187075057,-0.322584329380846,2,3
-1.0130468594903197,0.5159869523939031,2,0
1.710645985174603,-0.2817064412756613,2,3
-0.4905965705906128,1.176733012257491,0,1
-3.910083715434325,1.8167918546442208,0,8
-2.862732967395646,-0.7218550019342019,3,3
-0.5598718700734451,0.5282063686125401,2,0
1.2485627038550782,-0.315973527304794,2,3
0.6348606368113644,-0.3216776096322615,2,3
0.102455013784297,1.1818341861929704,0,1
-0.8407245802475696,-0.4782559655010773,1,3
0.658469004399388,-0.3922118485657884,2,3
1.491213978772321,-0.2976028247672238,2,3
-1.0667480366160027,0.47718056918972,2,0
-1.6928755544196108,-0.6152121415557151,1,3
1.7519954448033987,-0.2369637132773159,2,3
1.1056499185666866,-0.332323184020767,2,3
1.471438426229048,-0.3079771146588862,2,3
-0.1130157597578937,-0.4216917095451014,1,3
-0.1173636426447831,-0.438287200937895,1,3
-0.6837746077975277,-0.3673393487777182,1,3
1.9686373563887296,-0.2416380526293628,2,3
1.4065525205300446,-0.3302725538622081,2,3
-0.6626221399423156,-0.4987276497660003,1,3
-0.6392106739885295,-0.4805383357587954,1,3
1.1507777567074815,-0.3822526371696495,2,3
-0.5604294956428771,-0.5335570744371483,1,3
0.5596829987265233,-0.3965021862687742,2,3
0.9624593696169734,-0.3552940446771844,2,3
0.6775913665988399,-0.3940323734451917,2,3
0.4993029758673617,0.6622467251322729,2,0
0.9303354905335328,-0.3570092552442159,2,3
0.1101591461693752,-0.4023140715650782,1,3
0.5028063531268403,-0.372689770869287,2,3
0.5229791354441926,-0.3375567018043162,2,3
1.007573903728497,-0.3636502622784578,2,3
0.4625620421684607,-0.3919913288291092,2,3
-0.4737892969211742,-0.4771870338500423,1,3
0.4243863066405793,0.612921255203746,2,0
0.9533801698180604,-0.3523633501005424,2,3
1.2867464018000605,-0.3129527205758042,2,3
-0.2140178661189073,-0.510725013024652,1,3
0.2596003479638742,-0.4088514451346756,2,3
-1.3579369288907814,-0.4770252886411797,1,3
-0.9612359149307212,0.5740953350166199,2,0
-0.5809123696261714,-0.3915545213617618,1,3
-1.4096803847347812,0.4211384172048992,2,0
-0.7541107191862001,-0.5269923019517048,1,3
0.2065559115920164,0.6144999981706404,2,0
0.6576815180540233,-0.4033833446981512,2,3
-0.94254895381906,-0.4094418313221234,1,3
-1.3038444786031425,-0.567693615376083,1,3
0.3305844002866058,-0.3986363959741298,2,3
0.6480474353026013,-0.3110340603353579,2,3
0.1459625018318536,-0.4447078197070621,1,3
1.5725313739562663,-0.2914645319920309,2,3
0.6963086489324366,-0.3649783637902971,2,3
0.9211147619629892,-0.3532894873043401,2,3
1.5916767109835497,-0.2939392792471204,2,3
0.5477206032381501,-0.3621743941097789,2,3
-0.3156625524769366,0.5262693387911662,2,0
-1.7373259155365652,-0.5387517249489912,1,3
-0.0034625638734856,-0.3946871438355541,1,3
-0.77165234182399,-0.4830762155999772,1,3
0.9613241442466818,4.3893633989215495,2,-1
0.6915226210355074,0.6469402468183127,2,0
-0.2449564317743463,-0.4126626406296655,1,3
-0.3682773824662843,-0.4556540287185189,1,3
0.5766745406459036,-0.4077525302006217,2,3
0.4805498582217044,-0.3986065766429187,2,3
-0.94254895381906,-0.4094418313221234,1,3
0.384683061178105,-0.4098654681996244,2,3
-1.6332817811281524,-0.5218237859159099,1,3
0.927484292238182,0.6863905327664315,0,0
0.6474237764175091,-0.3966385582629198,2,3
1.0166432945797383,-0.324228746698987,2,3
0.7732355120914425,-0.3772389786990814,2,3
0.1655568019709595,-0.4459809044115996,1,3
-0.3275237186885811,0.5381482194771245,2,0
-0.5234475417122793,0.6043725105779046,2,0
0.3680056330717924,-0.4386920887477024,2,3
0.3291104443071565,-0.4198650341800845,2,3
-1.842978407919192,-0.5883940982938577,1,3
0.7339421599687974,-0.366158090496163,2,3
0.7824528297269012,2.8293900400240752,0,2
0.9436127562347254,-0.3397901442170982,2,3
-1.1028361349752624,0.4458226209614876,2,0
1.314212031335536,-0.326862736983293,2,3
1.2964643981746358,0.6792968896128738,0,0
-0.2272505412186635,-0.4986981549139325,1,3
1.6513280914114867,-0.3087869595614159,2,3
-0.3466155178045678,-0.4901274666168662,1,3
-0.9006152657136535,-0.5049962809786904,1,3
-0.8553517177794173,0.4797068756272286,2,0
0.5519199433382153,-0.3685808454664455,2,3
0.969633846353306,-0.3555914291535123,2,3
0.4737561273068609,-0.4228310826362456,2,3
1.437617688506356,-0.3417608728760203,2,3
-2.423996209010668,1.4455348006707778,0,1
0.2825233428420592,-0.4207681753361738,2,3
-1.0803333127789012,-0.4318592913879526,1,3
-0.5669700619229077,-0.3483352959053977,1,3
1.6857095180266377,-0.2622272619823785,2,3
-0.1780613790979698,-0.3883460405110673,1,3
0.3937121549387967,-0.4035165250129631,2,3
-3.046526122465683,1.957292329451818,0,1
-1.3585287247148514,0.570882180207212,2,0
-0.619284003996518,-0.4552793105556624,1,3
-0.5012240344010883,-0.3376384435370758,1,3
1.447146163106076,-0.3081235700051227,2,3
-0.5476151659152467,-0.5136746885852362,1,3
0.8657435786509613,0.6130187005256748,2,0
-0.0542134695668371,-0.2973627586310094,1,3
1.7780204847311454,-0.2836438630081923,2,3
0.5486909249390002,-0.3734168762860618,2,3
0.7330733101512488,0.6339205497532941,2,0
-0.7890554905861584,-0.4919219673952287,1,3
0.08555282954383,0.7204527521972485,2,0
0.4210992059310838,-0.3436414482122206,2,3
0.5865725882085705,-0.3401865267024208,2,3
-0.9612359149307212,0.5740953350166199,2,0
0.2658418888374525,-0.4317370789769855,2,3
0.5347902179087978,-0.3943664745093674,2,3
0.0010768380620843,-0.4274854900318804,1,3
0.08555282954383,0.7204527521972485,2,0
1.6056905105326371,-0.2904990836848671,2,3
-0.3319974571912284,1.1972161388908336,0,1
1.7780204847311454,-0.2836438630081923,2,3
0.9510304398828856,-0.3409905756025926,2,3
0.5225332194191414,0.6361928390763393,2,0
-0.8171805627952803,1.5568595434565546,0,1
1.3492988255347114,-0.3093829181028511,2,3
-0.3462795619133223,-0.4988225790424584,1,3
0.5092196375598912,-0.3003807584564105,2,3
1.569092921373623,3.8241635757595858,2,10
-0.9112673248807388,0.4562027878346238,2,0
-3.915039811301061,1.8159854998299756,0,8
-1.5097422793832969,-0.5221993672047748,1,3
-1.261787146507856,0.4254730613389598,2,0
0.6078766727411944,0.5952686428394925,2,0
2.107321711726014,-0.2496429715561633,2,3
1.1701299523453033,-0.3264582039634976,2,3
1.7780204847311454,-0.2836438630081923,2,3
-0.3969332781460483,-0.4984582428171042,1,3
0.8686037507739729,-0.3907720223043529,2,3
-0.5464138119368347,-0.4454613930726555,1,3
-0.9284164106330576,-0.407142472201157,1,3
0.7816428216697372,-0.3700100978323213,2,3
0.9336822105437986,-0.3624616913936842,2,3
-1.347602011575652,-0.4753438017297148,1,3
1.7780204847311454,-0.2836438630081923,2,3
-0.6618200996792759,-0.502348699882242,1,3
0.0011163822129771,-0.4315342203628891,1,3
1.0155011244728094,-0.3106307433532695,2,3
-1.0831701420925437,-0.4647735974950676,1,3
1.4825420645915552,-0.2769344350369944,2,3
1.9278126486412523,-0.1922723508650443,2,3
0.2385157761790328,-0.4138071208679361,1,3
0.0959640035844971,-0.4183358379478022,1,3
-0.0260858696039352,-0.4791620402294367,1,3
1.7780204847311454,-0.2836438630081923,2,3
0.645332844895605,-0.3924896188701708,2,3
0.933845226423328,-0.3733996967766571,2,3
1.3554356436863813,-0.2803872090874238,2,3
-0.0959388161319798,-0.3331249270654708,1,3
0.8398664499990033,-0.3325800930194539,2,3
0.983596787196768,-0.3675151583909525,2,3
-0.3669579662949436,-0.3157934079852344,1,3
1.2751570885535126,-0.3360482145155328,2,3
1.009278174994671,-0.3524984202037649,2,3
0.9107601129770698,-0.3562348292681658,2,3
0.1517604950480371,-0.3071661378169011,1,3
-0.1673111190301952,0.5215005600613261,2,0
-0.8484455048920779,1.0937891312801895,0,1
-4.005101928279736,1.801332429437552,0,8
1.7780204847311454,-0.2836438630081923,2,3
0.7355018102184905,-0.3825012050510479,2,3
-1.3027675634207037,-0.5090000725285441,1,3
-1.1724637657231696,-0.5043306188512535,1,3
0.4668774957126783,-0.3765381910928475,2,3
0.3637123480994066,-0.4287808660846542,2,3
0.6325058894612211,-0.3630358262474993,2,3
1.0421028938958952,-0.3802848306928909,2,3
-0.929533927976955,-0.4073242918258141,1,3
1.0348610926884878,-0.3304990961919875,2,3
-1.204308982348965,0.4731212178593456,2,0
0.9163907331004254,-0.3664163593917081,2,3
0.7882118862546543,-0.4010094014367533,2,3
0.2940991600201683,-0.4317314769151992,2,3
1.0859599546546546,-0.3568046512247751,2,3
1.7780204847311454,-0.2836438630081923,2,3
0.2654011383969874,-0.3694199148901753,2,3
0.5516400855052364,-0.3788155002209084,2,3
0.5958221152327807,-0.3561649183597226,2,3
-0.0783683314683772,0.5128934387387272,2,0
0.317627442277447,-0.32435619149668,2,3
-0.9415987549426128,0.585788355547834,2,0
-1.9161282440296017,-0.6563360367309724,1,3
-0.3688760413845748,-0.3810109882607538,1,3
-0.9028255625487442,-0.5213545549327204,1,3
-0.6651353966532656,-0.4528000010705623,1,3
-0.7023892244367473,1.086331273324565,0,1
1.7780204847311454,-0.2836438630081923,2,3
-0.508438188459292,-0.5260527992471483,1,3
1.3446699591989384,-0.3473783749511162,2,3
1.0470546726863548,-0.3543431568894226,2,3
0.3080185345553118,-0.3513101098769887,2,3
0.7310102474438135,-0.3595078329607182,2,3
1.110421585865117,-0.2510507076374977,2,3
0.8100723912587212,-0.2837515283118212,2,3
-0.4511341242926368,-0.4456340628926467,1,3
0.2313522569069823,-0.4028998326528926,1,3
1.3536161287541908,-0.2979272146098061,2,3
-0.2247035692496191,-0.4495995608992395,1,3
0.3816179110719377,-0.4305951611585486,2,3
0.9503682708317112,-0.3465872044253887,2,3
-2.006313233758437,1.7979453415947766,0,1
-1.9799185125156773,2.172073053628501,0,1
1.7780204847311454,-0.2836438630081923,2,3
-0.0305453497479571,-0.4511342387208901,1,3
-0.6223370488947841,1.478281948124211,0,1
-0.7284733894316701,-0.5147760297972099,1,3
-2.2371449213299117,-0.6200720771798313,1,3
-0.8576024110259011,-0.5184735155195319,1,3
-2.348342098149765,-0.6381638133508328,1,3
-0.7850024609572883,1.0925577631499803,0,1
-0.2885813743616208,-0.3830367498693878,1,3
1.7780204847311454,-0.2836438630081923,2,3
1.424077330547428,-0.2839922025888686,2,3
0.0381016122613616,-0.4506339670979059,1,3
0.1769282230750992,-0.4151636965525648,1,3
1.4532601019318374,-0.3158460960847117,2,3
0.2056191718922989,-0.3505642066334398,1,3
-1.7706884977500283,-0.5766325588374673,1,3
0.7077180414805334,-0.3327680510865876,2,3
-0.4714217116627143,-0.3857177814526393,1,3
-2.90039749544131,1.5699674658422582,0,1
-1.7350502349184984,1.7289825339492433,0,1
-1.7771760956559814,-0.5452353333076402,1,3
0.8827718182589482,-0.3262651804230094,2,3
0.9002456952574025,-0.3138500954743141,2,3
-0.7224786698561083,-0.3736364841865093,1,3
-0.136542171197636,-0.4194790625377903,1,3
-2.309278701494452,-0.6318082143469476,1,3
0.0406051030908456,-0.3855187310920737,1,3
0.420310124165938,-0.4193643217327905,2,3
-0.4871674088546771,0.6801995624934644,2,0
1.3324977595898635,-0.2866386777151104,2,3
-1.2677015318357343,1.0347841894926588,0,1
-1.1567145264578873,-0.4918289112030612,1,3
-2.5259638667451325,1.8303434029121188,0,1
0.7196827158738561,-0.3344344524462433,2,3
0.8339589871170007,-0.3719059554186888,2,3
0.721869285692165,-0.3338803110259997,2,3
0.2983312090549319,-0.4048649538078405,2,3
-3.4690126023411665,1.8885539482417864,0,-1
-0.2807167235832403,-0.421192799751768,1,3
-0.1070529533027978,-0.3902257998669494,1,3
-1.4013173814710698,-0.516536026029504,1,3
1.0634428395286573,-0.3588120657354853,2,3
0.5067600641453607,-0.3518558177684511,2,3
-0.1839503403272363,-0.4226387769461214,1,3
-2.199228274511502,-0.6343784627016739,1,3
-2.1039096101813217,-0.5983947453725078,1,3
0.9274882356807176,-0.3419584598420637,2,3
-0.7021409562768454,-0.5445281194524121,1,3
0.6843794126325561,-0.3191036724347273,2,3
0.343019335475587,-0.3985076991349924,2,3
-0.1816822160371301,0.53025788496936,2,0
0.3069149481916594,-0.3444636373721605,2,3
1.404659603864314,-0.3207111546530672,2,3
-0.6162377263766183,-0.5145834555707396,1,3
0.2906539968100775,-0.4189928692616179,2,3
-1.7604324260459303,0.4730398537167842,2,0
1.3382902093654987,-0.300129208600593,2,3
2.404408966930864,-0.2136662416496366,2,3
1.277039739328244,-0.2991636909312644,2,3
-2.0286877412806392,1.5098513301805236,0,1
-1.3020609144844144,0.4874476901153015,2,0
0.3594282093443466,-0.4336504768604504,2,3
-0.3734514993065052,-0.4519858166044949,1,3
1.1348088959415832,-0.3447205188387933,2,3
-1.8331593995199456,-0.595294612015875,1,3
0.3999513405346472,-0.4016390458282117,2,3
1.1278855773846257,-0.3457645496242443,2,3
0.2417062467369787,-0.3637755577585799,1,3
-0.8633387779369526,-0.506252434791156,1,3
1.332741455201141,-0.3404748823916707,2,3
0.7639595203527637,-0.3061560207540885,2,3
0.3804979127264838,-0.4655636048033733,2,3
1.0873409986700282,-0.3452840408347711,2,3
1.0687436854786465,-0.3633596940973743,2,3
0.6939969060246011,-0.3771982500351372,2,3
1.612061806270243,2.8844526320572483,0,2
-1.4073411003511538,1.4797092805287966,0,1
0.286313072607388,-0.2299818801603629,2,3
1.314361492910903,-0.2854120868529712,2,3
-1.7021891754854073,-0.5330349914032785,1,3
0.4011050043616599,-0.4273065776795323,2,3
-0.6121177112336904,-0.4236986360826396,1,3
-4.164532741625254,1.7753930999053986,0,8
0.3438193082604933,-0.4000219817169314,2,3
0.3722845619145174,-0.3354251606978739,2,3
-0.680380814121833,-0.3667871799047714,1,3
-0.6211296373659514,1.7798030088407326,0,1
-2.412822602353599,-0.6486547655817406,1,3
0.61861511478451,-0.4036410444400949,2,3
-1.152049790735257,-0.4964556975519396,1,3
0.6856619025244991,-0.3695739672413532,2,3
1.1856118478761186,-0.3410441193739842,2,3
-0.7024338204059951,-0.4179176221171704,1,3
-0.1473741134705419,-0.4033776458335573,1,3
-0.0236763349823387,-0.4629120853523515,1,3
1.6290849425738894,-0.2931674684962066,2,3
-1.772015456160501,0.5036080544653001,2,0
1.2139562148032554,-0.3271949846578595,2,3
0.4825939918005074,-0.3761565871152207,2,3
0.8935636977541865,-0.3620716581716469,2,3
0.7878590055863672,-0.3698135544085137,2,3
-1.901873495293073,1.3336942956769,0,1
0.8447125429724576,-0.3466895466672285,2,3
1.3872328250027166,-0.3051448689985194,2,3
-0.250185700465713,-0.4651844032006233,1,3
0.8039324489458121,-0.3659076744572054,2,3
-0.3093521873330054,-0.3064209708001355,1,3
0.8631614470308281,-0.3652198108342098,2,3
0.6744361783702774,-0.3617729655488244,2,3
0.9436636711610108,-0.3343191467499218,2,3
-1.7434993232248346,-0.6105894124688243,1,3
1.3704737443440898,-0.3222349240237883,2,3
0.4115845040256836,-0.4069697098369602,2,3
-0.6585532847636113,-0.5058631303575161,1,3
0.1670823191089228,-0.3188397620059877,1,3
-0.0385678063534991,-0.4565081797658067,1,3
1.1489920545388193,-0.3686501807621961,2,3
0.0745554447840254,-0.4113442978280222,1,3
-0.8304625775130388,-0.6253341100291384,1,3
0.7100637887353725,-0.2885754171607121,2,3
1.6139821153056628,-0.3083901498799206,2,3
-0.4297675194913248,-0.4800605037341345,1,3
0.5896813797311469,-0.2563919939071852,2,3
0.3752834437990484,0.5737572626387039,2,0
-1.0420474238665405,-0.5595221423577461,1,3
-0.5990127948725658,0.5402470039297778,2,0
0.9975696660612604,-0.3400898816198915,2,3
-2.01869041325064,-0.5845296161339096,1,3
1.586725765745131,-0.3024509903770347,2,3
-0.04179028431025,-0.419102951819633,1,3
-2.45404153310771,0.3516918670989129,2,0
-3.886952808354788,1.1870369386002335,0,-1
0.2654311121305354,-0.4417916904952882,2,3
1.2714087293529197,-0.3115417158538416,2,3
-0.5812730890326496,-0.5346511796404664,1,3
0.4483169439895518,-0.3840896879572103,2,3
0.8268137825404321,-0.3247818152966532,2,3
0.2715001639351903,-0.4270476211121768,2,3
0.930625199113547,-0.3414480771468557,2,3
0.5432628567341194,-0.3835539252732532,2,3
-0.509833598994717,1.1427475336407715,0,1
-1.045286374924385,0.5204073905064129,2,0
1.0024001041569404,-0.3523682262963224,2,3
-1.5184949193261543,1.7325587306769543,0,1
0.5798459283590539,-0.4306058867996644,2,3
0.4521888196601974,-0.37662092981587,2,3
0.8386920566503298,-0.327506813974724,2,3
-0.3125003539608348,-0.4864653346128643,1,3
1.17607153799034,-0.3186234092670479,2,3
-0.1046099783905618,0.5416869008606233,2,0
-1.0661712634963,-0.5194896263868297,1,3
0.4401761983869614,-0.4243181750696753,2,3
0.9580606296869844,-0.3314283142258353,2,3
-3.8912221105145344,1.8198606302168536,0,8
-1.1219245867612937,-0.4386261750213771,1,3
-0.4997024474639143,-0.4583368815514766,1,3
0.7295131259687193,-0.3889584650544105,2,3
0.5698617542628692,0.5922571029668666,2,0
-0.155628104144244,-0.4177397258748583,1,3
0.6779598513187792,-0.3881094172673641,2,3
-1.4260671456802818,-0.5085854564354328,1,3
1.0720687037004757,-0.3365446146007599,2,3
1.3444211024153716,2.839597514441138,0,2
0.2756187296023872,-0.4111522009781664,2,3
-1.8977719228886565,0.363716720207671,2,0
-1.3069827303558637,-0.5162774878446856,1,3
1.112841745360322,-0.2468667169624823,2,3
0.3073550557685984,-0.3633234434367409,2,3
0.2468879703257823,-0.4077001958982882,1,3
-2.0542397940822785,1.8968966942680283,0,1
-1.3449774672065222,-0.474916789411117,1,3
0.6715731414308739,-0.3820944155713277,2,3
-1.0608597575850436,-0.5486355072873851,1,3
0.3119117167925342,-0.4378244797643439,2,3
-2.0925586490223886,2.3455705480089937,0,1
0.0269297165268554,-0.4145734606320138,1,3
0.0187365398766753,-0.30596923007299,1,3
1.0922774736373932,-0.3416328827739744,2,3
1.0041123342403957,-0.3677148249254796,2,3
0.7568306519958765,-0.3269729650416204,2,3
0.8371831605932298,-0.3574786120045497,2,3
1.4979028527484877,-0.310226269553677,2,3
-0.2461249165064281,-0.3536156587751609,1,3
-0.405185087672955,-0.4158919268076178,1,3
0.9040532950283034,-0.3612795856306198,2,3
-0.1420335831669158,-0.4771726734171015,1,3
0.4738410798013139,-0.4132309534405419,2,3
-0.2322218524962334,-0.2938718961873101,1,3
0.4384998160343087,-0.3685592253403784,2,3
0.4453397960572506,-0.3014665612315126,2,3
-1.0203283830276175,0.4693961602744282,2,0
-1.657566102353907,-0.525774835261524,1,3
0.7958167897908552,-0.3797038174674582,2,3
0.8652186560678808,-0.3118809043601206,2,3
-0.0089815776885005,-0.4260392193248486,1,3
0.7034400401249269,-0.3652082689434391,2,3
-0.2326978635611194,-0.2939493429970825,1,3
0.5936276440548371,-0.4182743879547383,2,3
-1.868795510749856,-0.560141775480225,1,3
0.2685221179100416,-0.4067916238639738,2,3
-2.0845937869468627,-0.6157274774479985,1,3
-0.1886265243579357,-0.5053915887560549,1,3
-0.2569187239620644,-0.444901640957392,1,3
1.4423767052349803,-0.3011048162863657,2,3
1.1615949464843682,-0.3344592506781922,2,3
-1.6257300808899997,1.5754123802751865,0,1
1.1500572801842608,-0.3644704576654449,2,3
-0.4485802713734307,-0.3290733243588427,1,3
-1.61387603169238,-0.5186664782482762,1,3
-2.765274508883367,-0.705998549734043,2,3
0.6824820206991306,-0.3636264648716861,2,3
-0.0195690616865087,-0.3748336348353976,1,3
1.1228483871335262,-0.3396764303651501,2,3
-0.8332116036553496,1.0543849320890124,0,1
2.051683110191405,-0.2560777246626273,2,3
4.594937504169672,9.544383363728883,2,-1
-3.995581391334512,1.8028814169887224,0,8
0.2518006443318942,-0.4212564636081368,1,3
0.4092270725549045,-0.2544139229950249,2,3
0.2792703236168936,-0.4109967221027367,2,3
-0.2409912157267061,0.5165554447819682,2,0
0.5779678663664158,-0.4031310661425343,2,3
0.5771631253191507,-0.3844590975496728,2,3
0.9086074205306832,-0.3498793992408357,2,3
-3.00095417589175,1.964706866922947,0,1
0.3043310688549278,-0.4336359824096517,2,3
0.0731735724135224,-0.4473987759013564,1,3
0.7430580682033306,-0.3858477538607507,2,3
0.2548594746062494,-0.4068474507912031,1,3
-1.7019101207256455,1.9003997701718771,0,1
-0.4123992989617193,-0.4836975967452084,1,3
0.7890617632605328,-0.3908502793777013,2,3
1.5029418968554196,-0.3080266434371909,2,3
-0.4894699559960757,0.553356759808962,2,0
1.1107204251715463,-0.3552766713181909,2,3
-0.5112297902764735,0.517137675245862,2,0
0.4180590384237885,-0.3744649946317125,2,3
-1.0640011784814318,1.7737722711575292,0,1
0.8995734963452354,-0.3646676078068695,2,3
-0.6901466430947409,-0.4862097504958285,1,3
1.1291918914693104,-0.3360537816458349,2,3
-0.1910781860881778,-0.2871778381271117,1,3
0.4130394410693027,-0.399768636287473,2,3
0.4685204089266611,-0.4307397441180947,2,3
-1.1718517416070209,-0.5441075684744946,1,3
-2.721854808090405,1.2986407685848118,0,1
-0.937705220463291,-0.4086537578434484,1,3
-0.5963957540430858,-0.5359227475637961,1,3
-0.686429026253299,-0.367771221598258,1,3
0.3773669229461808,-0.3432900291597669,2,3
0.9813211245888668,-0.3556064238041997,2,3
0.9632987849954686,-0.3616093549742799,2,3
-0.3887876928287039,-0.4687054375302474,1,3
1.7610430809162323,-0.2962269425127537,2,3
-3.925269531030796,1.8143211285235572,0,8
0.158934073181826,-0.4581603054251909,1,3
1.2119029176477931,-0.3270908263116189,2,3
0.5845137425991791,-0.4020491796509188,2,3
-0.4485750491181286,-0.3290724746999948,1,3
2.006747111107672,-0.2518256029828875,2,3
-0.678776573876257,-0.4689032145895651,1,3
-1.3671769710864667,-0.5434341500348346,1,3
-0.510589834059055,-0.4805836637798752,1,3
-0.0520602220432799,-0.4650377336426028,1,3
0.8056273465496303,-0.332203701763973,2,3
0.9749907963963208,-0.3102897540853628,2,3
-0.1697244433355734,-0.3926722459997047,1,3
-0.1268288745038318,-0.3986391042910747,1,3
-1.0248455329212351,0.4842473720177048,2,0
-0.5952421888179379,-0.3529351596376093,1,3
-0.0076119054151913,-0.4342404947606837,1,3
0.2002322267367164,-0.3339216940866455,1,3
0.5166994900590887,-0.3975392649569573,2,3
-1.0898658741489538,0.5122164745531365,2,0
0.6872435541754499,-0.3659532484831906,2,3
2.642581111220983,6.281526126487633,2,-1
0.8373760406496413,-0.3527573293071579,2,3
-0.692719873993721,-0.3687947400082266,1,3
0.1396513808130228,-0.2908500095767433,1,3
-3.026809006953098,1.8590611015935103,0,1
-0.1113401430314107,-0.4546045462914558,1,3
0.4149501056835011,-0.4067902293886146,2,3
0.1227429843812732,-0.2770700768453392,1,3
-3.746242508513853,1.2304058568627043,0,9
1.563178838703118,-0.2848264966015157,2,3
1.7917631079231484,2.938086770467682,0,2
0.1132664627663351,-0.4370525053606091,1,3
-0.6252081595992544,1.5526201772121804,0,1
1.0039400887801524,4.414399374713917,2,-1
1.286120452856358,-0.322566851415959,2,3
-1.2744887933096525,1.030833133054612,0,1
-1.0029554260218865,-0.419269940176766,1,3
-1.43764079262897,1.0606436714630354,0,1
1.236871833942953,-0.3427096517688114,2,3
-1.0859703025483172,0.5034432322927914,2,0
-0.2722616889237496,0.5262172173705647,2,0
0.6999249505261294,-0.3954342660634824,2,3
0.0571470875502157,-0.4352089324317972,1,3
-0.4821523801645647,-0.4600350683626605,1,3
-0.4563467960430563,-0.4407468383507828,1,3
1.4728626760807078,-0.2930278702546826,2,3
1.1013994841777743,-0.2836805132750538,2,3
1.2091762931769616,-0.3250354516622227,2,3
-2.5986681736189188,-0.6788917656570962,1,3
-3.1000318127213005,1.3030913233621022,0,1
0.1227429843812732,-0.2770700768453392,1,3
-0.714425398986091,-0.6084658933070813,1,3
-0.1905893837713843,-0.3982032992202116,1,3
-0.9620615191151396,-0.5025510126374375,1,3
-1.3729316612596862,-0.6291991935119473,1,3
-1.665646334765545,0.9943112122839252,0,1
-0.4067980416579315,-0.4954856927941927,1,3
-0.3855040216286399,1.093582015003227,0,1
0.5946233361899381,-0.2852631010686761,2,3
0.6703124816307753,-0.2830655925925778,2,3
1.1177764549482074,-0.2568450824836898,2,3
-0.0323953389765523,-0.3710582697895481,1,3
1.6408793780519662,-0.3102656673885056,2,3
1.8818576328513072,-0.285929830614039,2,3
1.0962238180031425,-0.3423257104627844,2,3
-0.3093521873330054,-0.3064209708001355,1,3
1.2559414810852674,-0.321250438161582,2,3
-2.0352477617404343,2.2139700764708827,0,1
-0.1021545886732284,-0.4674265350900747,1,3
-0.4485750491181286,-0.3290724746999948,1,3
1.1722987383698438,-0.3591770918402724,2,3
0.5272678057904583,-0.4455583008730438,2,3
0.8087225030940789,-0.382905440830552,2,3
1.371010716469319,-0.2766939857368629,2,3
0.4614924584668681,-0.3719212636840587,2,3
0.3982090893122602,-0.3488283246793284,2,3
0.0206702912276005,-0.4527340127512034,1,3
0.8893856588005956,-0.3507710997613734,2,3
1.278327897249471,-0.3145198310016612,2,3
-1.63423517563769,1.3584142303267697,0,1
0.6652447064096035,-0.3504548847592786,2,3
0.8256396661437309,-0.3440480010823395,2,3
0.5949299030220924,-0.4232124992660509,2,3
-2.290865976648089,-0.6697632889549469,1,3
-1.8433192740055984,0.996081195145498,0,1
0.8114108884315103,-0.3739480688581244,2,3
1.675899392668888,-0.3095983404297028,2,3
0.5864070681744796,-0.286599884586901,2,3
-3.358507991394521,1.589921141959743,0,1
-0.040147153294433,-0.467114732791844,1,3
-1.3943612631744229,0.3906092055525631,2,0
-2.7337824979597665,0.8764793656438613,0,1
0.2623136690407073,0.5635951005045944,2,0
0.8717104402220429,-0.365134833518221,2,3
-1.1171664947667552,0.4338374656416477,2,0
-1.6208322203191137,-0.5878160830552364,1,3
0.3631737712001471,-0.3694464853812562,2,3
0.0625471182851644,-0.4742217315317181,1,3
-0.1666128457240364,-0.2831973370401203,1,3
-0.1819752375442882,-0.2856967920417326,1,3
-0.5952421888179379,-0.3529351596376093,1,3
0.3146012309154202,-0.3983368902309999,2,3
0.5604003834234683,-0.3599915619852853,2,3
1.3541781601206986,-0.3165524436974828,2,3
-0.7087587470902558,-0.4863677375166999,1,3
0.3024446923060956,0.5804603103887548,2,0
-0.9549745086657652,-0.4114634641233688,1,3
-1.5641339043759828,-0.5105734540391225,1,3
0.3113531087025178,-0.3417620694157827,2,3
0.1840139672016483,-0.4295468718022281,1,3
1.1031273322909936,-0.3413278169196244,2,3
0.0958486258334448,-0.4247736397218961,1,3
0.5077258072452054,-0.4404282979997642,2,3
0.4745594095277476,-0.4052819098873377,2,3
1.4705383007275823,-0.3053918452233382,2,3
1.3231668506353471,-0.3015157911636028,2,3
0.7606591562481029,-0.3631303138276017,2,3
0.0186601909409446,-0.416274101038923,1,3
-2.166752060043041,2.624015892053591,0,-1
0.8963899748946285,-0.3583409514579465,2,3
-1.7816750578132377,1.4971120310348651,0,1
0.8487322425065614,-0.3587896153249102,2,3
0.8551382763842249,-0.2659404599224676,2,3
0.9023653229060188,-0.2676463580915616,2,3
0.4574974531125964,-0.4106697360368268,2,3
0.3522753482877483,-0.4196611503657895,2,3
-1.058432550572877,-0.4282960461410239,1,3
-1.4966156076532116,-0.4995882541810117,1,3
-0.0012087668235458,-0.4633424923191163,1,3
-2.951874854241021,0.8922355440103865,0,1
0.8908077986305128,-0.3701908763015752,2,3
-0.1798641099681412,-0.4686345261301234,1,3
-0.1851100510275597,-0.3986547620818775,1,3
0.8303971502196084,-0.3656692626353984,2,3
0.702857764375078,-0.3809758467161723,2,3
-0.2960266135717085,-0.4347844436663404,1,3
0.312533933424802,-0.401688066104412,2,3
0.1529227552731663,-0.4209981804721576,1,3
-0.9741927937040168,-0.5140594181591599,1,3
0.0072699791900191,-0.4997034901698214,1,3
-0.3791606341517541,-0.4387247767626044,1,3
0.8235415368811945,-0.3735237197779872,2,3
0.2863728628090063,-0.4096057639139286,2,3
-0.1281119028042293,0.5576529456724703,2,0
0.8088727082125223,-0.3783829122848494,2,3
0.9171151741428646,-0.3493360925687692,2,3
0.2792714651389549,-0.4131593421666203,2,3
-2.544012104503511,0.357529099922346,2,0
1.4788001721868438,-0.3170135442669705,2,3
-0.0988351013700472,-0.4455476102341104,1,3
0.36581713261299,-0.3441876974122868,2,3
0.5469984186065588,-0.401136258504279,2,3
0.7528562377039543,-0.3451298313239957,2,3
1.2643010583293803,-0.3243613974281524,2,3
1.3858277357919202,-0.3282999268701323,2,3
-0.3496466428958973,0.5122473016135313,2,0
-0.5166599358635737,-0.5053063320082846,1,3
-0.0141350107866507,-0.4525329737043115,1,3
-0.1247567674263997,-0.3239297967654523,1,3
-1.918892923863179,0.4797111492457855,2,0
-0.1630318389864042,0.5484468169879846,2,0
0.5491837179488862,-0.4095901837519539,2,3
1.6894049209801365,-0.3186202690625512,2,3
-1.104263156692234,-0.4682054225296808,1,3
1.4746051578339938,-0.3058400005257674,2,3
0.7263208726928373,-0.3998841149399583,2,3
-0.094122950188511,-0.2714032600446509,1,3
1.158951046714471,-0.3425520464567394,2,3
1.091967003215887,-0.3426083040428271,2,3
-2.3372918388087363,0.3358697972966699,2,0
1.5213045661542437,-0.2975601561615758,2,3
-0.8437535106142626,-0.4948070469095502,1,3
0.9107601129770698,-0.3562348292681658,2,3
1.437925822957445,-0.3369198499481797,2,3
1.3181872226901634,-0.3465722501063628,2,3
-0.2666923543420116,0.5497967300891496,2,0
-1.3501526206462104,1.1323597016715927,0,1
0.2898553855277371,-0.4362072829781155,2,3
-0.0436025485257039,-0.4638279079221093,1,3
-1.909838802387035,-0.5872949113915252,1,3
0.9731691073657468,-0.3414458278121611,2,3
-1.983136696205942,0.992367115027404,0,1
-0.2440974940366974,-0.2958040583136879,1,3
1.2505428807195602,-0.3523800970889241,2,3
1.0755172180158503,-0.3437646112092385,2,3
-0.6989542438345958,0.5239865701770584,2,0
-1.9138785972063492,-0.5879521843920296,1,3
-1.4760478600425264,1.1648047605002512,0,1
0.5929658040404424,-0.3519696586812041,2,3
-1.7060772547955008,1.369853077825905,0,1
-1.2482409471275089,1.0034621844685716,0,1
-1.0957529525670078,0.531734058036498,2,0
-0.9922914199769606,-0.4175349106606541,1,3
-1.8002752052813884,0.4990102045919883,2,0
-1.6220775355911967,0.4955501390285238,2,0
-1.7685571454703255,-0.5643084423476213,1,3
-0.2434895891682386,0.5189703815971045,2,0
0.4838523368855377,-0.4026684394613285,2,3
1.228618568543662,-0.2996906493873484,2,3
1.2316580363022671,-0.3287725032711379,2,3
0.1972070715832575,-0.4557442046298723,1,3
-0.2161245373040454,-0.4049853468243043,1,3
0.1318074210757406,0.5599086274916386,2,0
-0.3543656561011601,-0.4520537270670465,1,3
-0.3086242259121525,-0.4905234595628874,1,3
0.099286077326976,-0.3361791133676742,1,3
0.3162352163089028,-0.4482668779584893,2,3
0.8716379083051722,-0.3695328062673552,2,3
1.5229823910249054,-0.3087123282925533,2,3
0.4273282936443021,-0.3791374674906732,2,3
-0.6350781283753791,-0.4718643882033932,1,3
0.2248366752407398,0.5943877613682931,2,0
-0.0424058677860075,-0.2629889114333021,1,3
0.5346295957409215,-0.4045082532754773,2,3
-0.3817979541794901,-0.3182078680755569,1,3
-0.0540217898302592,-0.2648788173015777,1,3
1.128905899198363,-0.3544866317335906,2,3
-0.1780763533927403,-0.2850624451504857,1,3
-0.8517387072597871,-0.5321439622111476,1,3
-0.2581969963236324,-0.4508329533975779,1,3
-0.7542086570829878,0.5595067459935158,2,0
1.7930848771091683,-0.2723315382337141,2,3
0.2925750493269272,-0.3756674572923879,2,3
-0.7114413973787093,-0.5244073178379224,1,3
1.222850561511808,2.8235580727438907,0,2
-0.4698017830536517,-0.3854542197161889,1,3
1.317469833486122,-0.3390507686256642,2,3
1.059898395910292,-0.340768551464745,2,3
0.2163059618405236,-0.3008917823092216,1,3
1.0687405385313629,-0.3365795906304645,2,3
-0.1715260934636445,-0.447684375081929,1,3
0.0902700117102763,-0.2414025989319419,1,3
2.006747111107672,-0.2518256029828875,2,3
-0.9553251270421752,-0.5511664618431003,1,3
0.1850562050344859,-0.439117457840858,1,3
0.0210035125287071,-0.4635292714099877,1,3
-0.5506909247771785,-0.5024916974863637,1,3
0.7105640994068889,-0.3509602278953027,2,3
-0.3967830847405686,-0.4896226411260719,1,3
1.2051384444308824,-0.3299986907320745,2,3
-0.3357371544801797,0.5036346070483333,2,0
0.2651752027235861,-0.265873758244746,2,3
0.3530446043083098,-0.4327245574852525,2,3
-0.6837314924186243,-0.5101949925719279,1,3
-3.643331178445415,2.093260478041922,0,-1
0.8814696698481127,-0.3688276167026589,2,3
-2.0829869280524203,-0.627443388475725,1,3
0.0451746785327007,-0.2692150003803659,1,3
-2.4758850367589003,-0.6589149984238941,1,3
1.037835325021873,-0.297973594431999,2,3
0.4085048189445724,-0.4049795033420985,2,3
-0.2464891847463019,0.5264946559362332,2,0
1.0875153862103175,-0.2751367237425119,2,3
0.3028504333463894,-0.3743028318513525,2,3
1.4792596653459635,-0.3406826167708385,2,3
-2.776721804492313,1.7050529305424815,0,1
-0.3935557212012048,-0.320120852064904,1,3
-0.0064035863540764,-0.377580875830026,1,3
-0.2590891916882584,-0.2982432015223942,1,3
-1.2279461400801424,1.54625268679295,0,1
1.431468364163506,-0.2960916162993214,2,3
0.6969006077952499,-0.4116302208169632,2,3
1.943065475154848,-0.254920416523149,2,3
0.3224840328317158,-0.3781448859845804,2,3
-0.8686499893826949,-0.4383693169526652,1,3
-0.3952665529183919,-0.4894725952856409,1,3
-0.0929758717180558,-0.4309432451872882,1,3
-0.8533255003610707,0.4717714927483746,2,0
-1.4144567280430085,0.5142402895314563,2,0
-0.8280375991108251,0.462802302777353,2,0
0.2362053624096588,-0.395230429816148,1,3
1.057319317575706,-0.332468794453787,2,3
-0.2030511864185894,0.5999569790034981,2,0
1.2896110660932936,-0.3409024969962831,2,3
0.6461670224586632,-0.3575846425096198,2,3
0.0369328046256424,-0.4459104116801192,1,3
0.9455404473497712,-0.3357862652653744,2,3
-0.3960320625632942,0.5413562342738427,2,0
0.9243978732655304,-0.3212647314526556,2,3
0.3366425179530657,-0.4137065431461603,2,3
1.8499567773961711,2.8839249016134545,0,2
1.5717481102602886,-0.2838768292582233,2,3
-0.1591481712810127,-0.3957153148724942,1,3
0.002251298783901,-0.4589681765282935,1,3
1.7519954448033987,-0.2369637132773159,2,3
1.225636142600239,-0.2874787442171738,2,3
-1.3450287691047038,-0.5860301252438606,1,3
1.2305313345879163,-0.3261418040281628,2,3
0.1383351074031688,-0.4206660551921593,1,3
-0.9159059689709004,0.4561826792822568,2,0
0.6461621313618039,-0.3941042709362554,2,3
1.3044738680651746,2.877144079165579,0,2
0.6881872158260367,-0.3773840653428859,2,3
-1.2508041915012504,-0.4595948351390317,1,3
1.5097984222533158,-0.2135386740640816,2,3
-1.6081314709420935,-0.5934998564304647,1,3
0.9147871914278872,-0.38116338983242,2,3
-3.1988978472019998,0.2509794516498366,2,0
-1.4709132772414248,-0.5278592504212672,1,3
-0.5663466623362057,-0.4216374417274138,1,3
0.6445778267454685,-0.4086965656174857,2,3
-2.296686733023782,-0.650234914901833,1,3
1.2263960702727372,-0.2317140475810953,2,3
-0.5582753608394465,-0.3469206715184626,1,3
-1.0121272224715196,-0.5222013824508988,1,3
-0.3181796586054033,-0.3078571968436802,1,3
0.9954980250155,-0.3677304545359669,2,3
0.6073172118901349,3.769333329787607,2,5
0.0824158734783687,-0.4100654092249471,1,3
1.0133102514704613,-0.395082226354422,2,3
0.6845236665893246,-0.3890951504054981,2,3
1.1533488409247024,-0.3297210561592563,2,3
0.8654226118076084,-0.3477910366972572,2,3
1.2820496543899629,-0.3255135980735852,2,3
0.8077889951484498,-0.3575266086305272,2,3
1.5024907716347802,-0.3121818051606021,2,3
-2.348394565189841,1.7952170097601536,0,1
-1.4428376314315643,1.6051689086143075,0,1
-0.1979278928650366,-0.4243279540807449,1,3
-1.460478619829589,-0.606156717863856,1,3
0.5730070904072811,-0.3213711705551292,2,3
0.914806481734104,-0.3633631958944602,2,3
0.8820208216415785,-0.3649104071220083,2,3
-1.3969846044084502,1.4215290066997248,0,1
-1.2885602114422228,-0.5066885420469776,1,3
-0.9141613670308748,-0.4048231823114989,1,3
-1.5454622945068897,1.412233310267592,0,1
0.129246738963956,-0.4346936631426206,1,3
1.0304432055804198,-0.3376786244134994,2,3
-0.3618587046063879,2.082780136571809,0,-1
-0.3062616145587755,-0.3059181358465176,1,3
0.9750036549810334,-0.3588354830537649,2,3
1.1899797374973835,-0.3557953127608907,2,3
0.2906982460646365,-0.3988680342336947,2,3
0.3759754767145281,-0.3902762875735254,2,3
-0.2141450086314067,-0.4999235916160719,1,3
-0.0376978275636608,0.6351319536590544,2,0
1.1328659307846745,-0.3393955982505154,2,3
0.453123935723021,-0.4029001568034844,2,3
1.4028527123498231,-0.3052191837695075,2,3
-0.8661108601257574,0.4554429250820301,2,0
-1.6953441681117845,1.3194684064421616,0,1
-0.9371959229937314,1.1208953572060143,0,1
-0.7680020061468136,-0.3810431127840096,1,3
-0.311547184629203,-0.4755604529888775,1,3
0.2022420685000585,-0.4329179646792476,1,3
1.0098758655639073,-0.3135260945487162,2,3
-1.6183809377911866,0.4961515740113241,2,0
0.2913298117666688,-0.3565056764731472,2,3
0.4160337467031233,-0.4203717026556709,2,3
-0.5809448148664393,0.5013704314367297,2,0
-0.3639343900105879,-0.4559749994771672,1,3
0.2003046611203285,-0.4673215267581775,1,3
0.7151351373430137,-0.38467507834915,2,3
0.2230579765637045,-0.4196016595359198,1,3
-0.6549585109716933,-0.4974807803992216,1,3
0.8220680130744266,-0.3203499968834789,2,3
1.528754159404368,-0.3124554170537303,2,3
-0.2637738613170957,-0.3194808041825062,1,3
0.1713792961287392,-0.4442566908633739,1,3
0.1587814010844622,-0.4310324375315043,1,3
0.6783185053371791,-0.3900896370980322,2,3
-0.164885865395636,0.561933646662555,2,0
1.1374754794761537,-0.3627563468250779,2,3
-3.493729098569499,1.884532584196196,0,-1
1.9341031986235544,-0.2763680746560135,2,3
-1.4973537583340175,0.4468562081287159,2,0
-3.2724130095891297,1.6448795786193082,0,1
0.7100637887353725,-0.2885754171607121,2,3
-2.050891037609704,-0.6222213999444538,1,3
-0.5823476863761721,-0.3508372292503055,1,3
0.8031542850425395,-0.3474342532383515,2,3
-0.1818546948468439,-0.2856771797930958,1,3
1.9144818741630727,-0.265432018208436,2,3
1.1369582662928606,-0.3233224700954436,2,3
1.2730836475410563,-0.3513491974186327,2,3
-2.6096311681527897,0.9123533741938148,0,1
0.329193637346143,-0.4058959778491021,2,3
0.0398958114664184,-0.3025266250526092,1,3
-0.736768659052726,-0.4685832399301712,1,3
0.4579138066772312,-0.2742088808299954,2,3
-1.589218100328808,-0.5146546426827462,1,3
0.4993029758673617,0.6622467251322729,2,0
1.1532038161117453,-0.2595180317373138,2,3
-0.1595558522800307,-0.4905378538385758,1,3
-0.6524216078184119,-0.5188966392484967,1,3
0.6012303283240026,-0.3991601150259871,2,3
0.2367561287661322,0.547644954618847,2,0
-0.5068144092233375,-0.5083837458432567,1,3
-0.5280214753397298,-0.5491080300811836,1,3
0.9992754723599264,-0.3215028422908711,2,3
-0.0368323478199043,-0.4829353818689701,1,3
0.8429940258353044,-0.3527953811348223,2,3
-1.1657845309269488,-0.5472013650478084,1,3
-1.9135877573519036,2.141620948089776,0,1
1.0998749579984266,-0.3608443030332223,2,3
-2.862732967395646,-0.7218550019342019,3,3
-0.2237691166623739,0.5300620504230001,2,0
0.3859862538397545,-0.3444740484182559,2,3
0.4741504200568056,-0.3979701929826327,2,3
0.1708288902306044,-0.4232945257843525,1,3
0.5157442294599976,-0.4223085651719116,2,3
0.5452522193985342,-0.3755592186462237,2,3
1.757461300821132,-0.292093623285971,2,3
-0.2960668036289247,-0.3042594441878714,1,3
-0.677751348091574,-0.3663593668338773,1,3
0.4763338810185618,-0.4021736043561026,2,3
0.5276768032202906,-0.3497688473517859,2,3
-1.4966156076532116,-0.4995882541810117,1,3
-1.6183809377911866,0.4961515740113241,2,0
-1.240184685718812,0.981420378350211,0,1
-1.5315672705714511,1.1082293477094245,0,1
0.7937091479014249,-0.3895984184770234,2,3
-1.573601975605818,1.806921063780396,0,1
0.5998294192525719,-0.3830854236641608,2,3
-1.7565856672118445,0.3978977039222702,2,0
1.4454404478762068,-0.3220063704624783,2,3
-0.997114631610588,-0.5020121178361744,1,3
-0.9353461260121894,1.0482252537790913,0,1
-1.023651497198483,-0.5199954480142699,1,3
-2.292669369564236,1.46690162489587,0,1
0.8166190974379613,-0.3915177106829783,2,3
0.7260719785132859,-0.3700203093007378,2,3
1.0715134233356869,-0.3483396879945942,2,3
0.75435684599902,-0.3303338702796368,2,3
2.006747111107672,-0.2518256029828875,2,3
-1.967171297404999,-0.6086002317151371,1,3
0.979822937122118,-0.3429277573337504,2,3
0.9738576399426844,-0.3347151593363996,2,3
0.0656498427677249,-0.4355779982262049,1,3
-0.0096614386399281,-0.4430164373192339,1,3
1.1272441970608678,-0.3256061021872723,2,3
0.5212812044976723,-0.4047039908300516,2,3
-1.178485395608352,0.5677224026922064,2,0
1.373764803695425,-0.312128385177597,2,3
-2.918106153143164,0.2437359840101145,2,0
1.035587008890464,-0.3422892497641038,2,3
-0.164885865395636,0.561933646662555,2,0
-0.234504207140518,-0.2942432343746091,1,3
0.5444049936949276,-0.3821754327717201,2,3
-0.9910816880880916,1.063973845025486,0,1
-2.5326414525640875,1.3629527527950327,0,1
-0.3698018534028712,-0.4467876456643559,1,3
0.7279559543901697,-0.3218144146264998,2,3
-1.97364289991496,0.3871108774785415,2,0
-1.57795302128766,1.4459914464776824,0,1
0.7046710588732787,-0.3374253425980727,2,3
1.008518502090715,-0.3576310012952634,2,3
-2.9541625398560045,1.3388015420118606,0,1
0.911382860793364,-0.359726964307852,2,3
-0.5501782929328688,-0.5108697731856763,1,3
-2.656046744805488,1.605778748467763,0,1
0.9605513755903282,-0.3587884612528288,2,3
-1.3607024512820718,-0.5700970182473414,1,3
-0.94254895381906,-0.4094418313221234,1,3
0.0208342230010732,1.1349046999898025,0,1
-0.4512371860566881,-0.4245904571443564,1,3
0.9827376127770848,-0.3519178093280068,2,3
0.7265448741159258,-0.3620382749825833,2,3
-1.0570856721627664,-0.5193855949081874,1,3
1.4794815807902786,-0.2623191964581664,2,3
-0.2323659713604076,-0.4492005520987733,1,3
0.0410660935108845,-0.4765367937590243,1,3
0.3732474076675264,-0.3808283731534061,2,3
-0.7372310569684706,-0.4993471344986017,1,3
0.8083436357422807,-0.3040366364307501,2,3
-0.1680549210112381,-0.4248533704986199,1,3
0.9535270282234602,-0.3469144258212438,2,3
-1.734473950999485,0.9393586130751864,0,1
0.5757689658786607,-0.401760658582365,2,3
-0.3442901769431783,0.6254884825274072,2,0
1.4666003093746078,-0.3290068203131791,2,3
0.6045978750461726,-0.3990837850198349,2,3
-0.0712458382802884,0.5708095893443182,2,0
1.736327415492113,-0.2824598861770247,2,3
-1.7892977632363742,-0.5472075237722626,1,3
1.4361206690719013,-0.3085705919794719,2,3
1.772902032160285,-0.2656489714174902,2,3
-0.2293776269450187,1.158769939622973,0,1
-0.164885865395636,0.561933646662555,2,0
0.196234175597026,-0.4331050375369901,1,3
0.9610936718266068,-0.3772556855734454,2,3
1.2331915690673292,-0.2596799350398336,2,3
-0.7683573087003006,-0.3811009203672811,1,3
1.6882847097954656,-0.2450778295295141,2,3
-1.4893679590619715,-0.4984090646554964,1,3
-1.4679148499524104,0.447228773605622,2,0
-0.9632634749680552,-0.4452648307367641,1,3
-0.5815520633394263,0.5219025139756799,2,0
1.0625627125106694,-0.3445514532132572,2,3
1.7481101949814597,-0.2535797495031997,2,3
-1.5965051356313589,0.9951028901084036,0,1
-1.259996735127637,-0.4815658670946366,1,3
1.8760467914735584,-0.2716615670121503,2,3
0.2509629315150354,5.331635078785944,2,-1
0.8302006714319355,-0.3728123012717845,2,3
-1.3239544904327352,-0.4714963595027513,1,3
-0.5041956662446457,1.0773499176113803,0,1
1.7368632486474176,-0.2877173341489525,2,3
1.1776856591283718,-0.3435028322900302,2,3
1.4034713516836084,-0.3164351764560759,2,3
-1.2609624613269117,-0.5370155974921177,1,3
-0.6145440542663289,1.0518159772797524,0,1
0.7120835170555598,-0.4168798012884482,2,3
1.103406855791767,-0.3457502650005203,2,3
1.1452985696689466,-0.3059791377472784,2,3
0.5909428898314284,-0.3923923501563067,2,3
-1.703106503628271,-0.5656369954380313,1,3
1.1378359135997524,-0.3526330256370802,2,3
-0.5163153095221544,0.5855227159689799,2,0
0.3195656146670365,-0.3969738314784672,2,3
1.0165714433853938,-0.3282066840024667,2,3
0.3955610208547377,-0.2674998898294005,2,3
-1.5506488982625524,-0.5559218758556203,1,3
-0.1919142883774889,-0.3197666267479956,1,3
1.4128862741328645,-0.2942591836950871,2,3
1.4510828096322457,-0.2916687408778245,2,3
-0.1283710644971785,-0.4427859317996879,1,3
1.792982002350372,3.008209372921016,0,2
0.5492115041851079,-0.4354083928976472,2,3
0.6812102171925327,-0.357933711535931,2,3
0.8903730445196472,-0.3868973209148621,2,3
0.1380193726360139,0.5658076803541388,2,0
1.2756018279757952,-0.333928661451438,2,3
1.4342399077817365,-0.3003313957341452,2,3
0.7722468181289383,-0.3686169697718437,2,3
-1.8976548676847196,0.4182610622612341,2,0
-0.3896089809849499,-0.5185921154003529,1,3
0.2841053513905391,-0.4401351192125128,2,3
-0.3072059644286863,-0.488134687353933,1,3
-2.759310067233955,0.2854938766907276,2,0
0.813868984073666,-0.3611291376869738,2,3
1.2365318369494422,-0.2670488380826478,2,3
-2.765274508883367,-0.705998549734043,2,3
-1.9622332235705413,0.3926645177989379,2,0
0.3403670605913745,-0.4145566596489228,2,3
-0.2571070126146738,-0.3454631286952077,1,3
0.0070284338646968,-0.457203100785358,1,3
0.9107601129770698,-0.3562348292681658,2,3
-0.8761874611157302,0.5656664382042651,2,0
1.1507906216528463,-0.3084009658794861,2,3
-0.9569006845035936,0.5280061306002979,2,0
-0.3794637305360006,-0.3178280908228436,1,3
-1.4292565355319198,1.018530663770804,0,1
1.6894794243805455,-0.3007220666105936,2,3
-0.2637738613170957,-0.3194808041825062,1,3
-2.0225804558495937,-0.6176152796210822,1,3
1.6330678810428407,-0.2236303720465942,2,3
0.3397616099547572,-0.3947468376405854,2,3
-0.6287641217136213,-0.487085344521941,1,3
-0.6424246294434537,-0.4900557859059688,1,3
-1.3797921678410032,-0.4805811272726064,1,3
-1.7254986921709996,0.453694573714898,2,0
0.0687629074147955,-0.4461693874498185,1,3
0.7074190483036027,-0.3338702330324591,2,3
-1.5865830222554491,0.3980390504721213,2,0
0.2710917222293826,-0.4220313120932825,2,3
0.2250600588682355,-0.3756865077695498,1,3
1.4953515198532024,-0.3049715770742377,2,3
0.2006758878919594,-0.3827661281046647,1,3
0.4343060376079374,-0.4113841714350137,2,3
-0.1724208175578013,-0.465449341628174,1,3
1.774615664766132,2.934644769776368,0,2
0.7762061197003021,-0.4030338225559063,2,3
-0.7918321376159756,0.4866937825217859,2,0
0.9085339642938042,-0.3431898082803901,2,3
0.6561997344836402,-0.3755762255789874,2,3
4.6534199102237945,11.72463192991034,2,-1
-0.7695350169209219,1.493645040924571,0,1
1.0472957079642384,-0.3153623578197751,2,3
-0.2571070126146738,-0.3454631286952077,1,3
1.3029864097234534,-0.3197940432256909,2,3
0.5348797621199416,-0.3875689361782141,2,3
-1.4234053008279046,-0.5081523753431371,1,3
1.65901723935232,-0.2611781087982068,2,3
0.2598972229131535,0.6024360795339803,2,0
-1.910703462895992,-0.566960182524166,1,3
0.7191332575114354,-0.3676155383115577,2,3
0.8881316580577876,-0.3796196185936936,2,3
1.7698919291682678,2.894393108318192,0,2
-0.1080169441934627,0.5586657143344912,2,0
-1.2508041915012504,-0.4595948351390317,1,3
-0.161063876417707,-0.4841725271470178,1,3
1.189177963919305,-0.3095099514206406,2,3
-0.3720173934936979,-0.5030637738481847,1,3
-2.7236390351125017,2.242894021730517,0,1
0.5345069938518391,-0.268594566457698,2,3
-1.502407746566898,-0.5005306328644379,1,3
0.3712336351845954,-0.3900395021109104,2,3
0.8747142753403206,-0.3216719596298193,2,3
-0.4306405324907423,0.5310251213412692,2,0
-1.7302214558345148,0.4304127395658276,2,0
0.6241497089533025,-0.4090002590091605,2,3
0.0476714578240828,-0.4677470688900232,1,3
-0.1477456616976642,-0.2801276537490791,1,3
-3.288567422807433,1.8649841428443272,0,-1
-0.6849844649406589,-0.4204643559499103,1,3
0.768131095262503,-0.3882438737314677,2,3
0.1823785418876746,-0.396995506573884,1,3
0.8303550270465903,-0.3250150156479647,2,3
-0.7505995926526734,-0.3782117470724078,1,3
-0.9250012861199656,0.5614217389547734,2,0
0.8394491573681201,-0.385390947331763,2,3
1.2384258394561316,-0.312193687657902,2,3
0.0697820123791946,-0.3022177278614186,1,3
-0.0640338405628835,-0.2869831827354266,1,3
-1.2681475107106268,-0.5562955677056144,1,3
-1.1561187281425611,-0.5221466965638114,1,3
1.190480690354394,-0.3026196857741027,2,3
0.0077809546880164,-0.4481716637220362,1,3
1.0759160416216658,-0.3366134938840662,2,3
0.7095569868480606,-0.3537379177159601,2,3
0.4998292232541806,-0.379289881304057,2,3
0.8169860951193046,-0.3912457375682594,2,3
-0.0044933097921409,-0.4520193767812874,1,3
-0.3272995795446516,-0.3093410043309924,1,3
1.6972662978965942,-0.2838762795566373,2,3
0.3863909053614163,0.5829011982095784,2,0
-0.1485323701979933,-0.4298035474106533,1,3
2.006747111107672,-0.2518256029828875,2,3
2.2620616763240355,2.936856869054029,0,2
2.337910512190528,2.9215498885696545,0,2
0.4669611228244565,-0.3678730688364466,2,3
1.8516339716219128,-0.2559088904008954,2,3
-1.020634107839838,-0.4696886815489786,1,3
-0.7701103444397495,0.66661761521157,2,0
0.5880817365263834,-0.3396002726327574,2,3
0.7388979295498002,-0.3648606024107907,2,3
0.5099950138933684,-0.3450374243479016,2,3
0.6660191346444482,-0.3874325760782388,2,3
-1.1888184724505184,-0.4495097834541994,1,3
0.2492618624530431,-0.4353669068758199,1,3
1.4570197491195531,2.8582058975926694,0,2
0.8382400629507532,-0.3454949034554813,2,3
-0.343210849360023,-0.452603287706225,1,3
-0.379805784584414,1.1328266133396856,0,1
0.6811383931396602,-0.3634265778720169,2,3
-0.1097554886431572,0.6178428904250755,2,0
1.0648821714325698,-0.3836105978690656,2,3
-2.7361606875931246,2.4427495187159,0,1
1.3769348225994342,2.8762131262482544,0,2
0.2003947322685089,-0.4200855329291676,1,3
-0.4583812359199516,-0.330667937368526,1,3
0.1347238168682251,-0.2341699826217487,1,3
0.5851052846758341,-0.3837821812039569,2,3
0.7063537734711861,-0.3832461426237771,2,3
-0.8522219525057182,-0.394745664354448,1,3
-0.1515440967019333,-0.4297272791811805,1,3
-1.138136043620431,1.024703891410725,0,1
-1.565763484405381,-0.5108385860577992,1,3
-0.0253753657402809,-0.4006380198884596,1,3
0.5578458225878248,-0.3841386683987505,2,3
0.1446603615815377,-0.4096135570161418,1,3
1.2985797942383757,-0.282276416410488,2,3
0.4296186112454471,-0.4215832752880585,2,3
0.955236483566518,-0.3671152812033314,2,3
-0.6767692536162466,-0.5187661739224635,1,3
0.7446165542196532,-0.3725770941143625,2,3
1.3830802760856875,-0.302179604066,2,3
-0.4767705442683545,-0.3541352792641489,1,3
1.574885914843558,-0.2824352526561203,2,3
0.197669483980133,-0.3305944349851756,1,3
0.2600470961827509,-0.3983456891641643,2,3
0.9496980340797434,-0.3309420681743787,2,3
-0.4429838039380247,-0.4732814802779264,1,3
-1.2405133531271992,-0.5193467462121109,1,3
-1.1707705380930666,-0.4465733917564538,1,3
-2.186232561845549,-0.6322640654513959,1,3
-0.7816125387448163,0.5144597835628146,2,0
0.4331332238020569,0.5629303512522347,2,0
1.089240126050328,-0.3407122702145816,2,3
0.2002993075859493,-0.4457746898858997,1,3
0.750522203369262,-0.3780843982311783,2,3
0.7944437357200504,-0.3441177674743434,2,3
-1.8984477559545447,0.948067448737515,0,1
-2.765274508883367,-0.705998549734043,2,3
-2.270117351095553,1.301691141799776,0,1
0.2244760697501532,-0.4516869330129284,1,3
1.358686376611105,-0.3232842406944848,2,3
-0.8054746047233103,0.4550612523547903,2,0
-1.0450132065248556,-0.4261127242344073,1,3
-0.0691336008566463,-0.4279771188291129,1,3
-0.5020003216834701,-0.4262579896544672,1,3
-1.927286736694388,-0.5696582745350641,1,3
-0.0956365292092981,0.5335015738642016,2,0
0.4402505997196722,-0.3939493333706058,2,3
-0.5754253629447014,-0.4967225436635968,1,3
-1.2783294041582265,0.5839305775685467,2,0
0.1998048386535386,-0.2944146029799959,1,3
1.3186144075918336,-0.288235200960972,2,3
-0.3967193195545019,0.5322092538402713,2,0
0.0078180696341237,-0.4283616036746061,1,3
0.0072573371763615,-0.4341686283431765,1,3
-0.7680809168939657,-0.3810559515309937,1,3
-0.4134232215579727,1.16341174888042,0,1
-0.0029241430802453,-0.4135161370105851,1,3
-0.2477748286111553,-0.4849197410830315,1,3
-1.9364301725055209,-0.6240740717817732,1,3
-0.094122950188511,-0.2714032600446509,1,3
-0.7708193246562923,-0.3815014893781002,1,3
1.722513591218502,-0.2815265172784504,2,3
0.7431634121709388,-0.3847560966616418,2,3
-0.6422932340551658,-0.5392283334724847,1,3
-0.3572859152041266,-0.314219769143207,1,3
0.1629610837378218,-0.3676100829666676,1,3
0.6670386837179441,-0.3577312250025306,2,3
1.4012347255890651,-0.3232895318190547,2,3
0.7832397788258411,-0.3624202915333102,2,3
-0.1177413298636634,-0.4112816323685446,1,3
-0.5553668104263307,-0.4113529617561477,1,3
-0.2145956649242378,-0.4464627840521834,1,3
1.7817753180439964,2.9011057796639133,0,2
-0.4341929026529494,-0.5173711079794826,1,3
-0.4488068758767274,-0.4663044350967875,1,3
-2.009089869167688,1.971086904681512,0,1
1.287736917069243,-0.3471176647402157,2,3
0.7925675650858957,-0.3634378247364682,2,3
-0.2637738613170957,-0.3194808041825062,1,3
1.2631274531038523,-0.2523297036010445,2,3
-3.034532796566051,1.346200742192924,0,1
-0.0328544734902968,-0.2614349034035555,1,3
-0.6338210816017292,0.4996806576027715,2,0
-0.6642614689025538,-0.4495454879001919,1,3
-0.8315379116609842,-0.5003490324594579,1,3
0.6387495119232774,-0.3047317971981318,2,3
0.297611871378837,-0.3832170922877202,2,3
0.1021765495169519,-0.4014850538343426,1,3
0.4627487476183045,-0.2217512752262129,2,3
-2.051091750971548,1.9894380829006244,0,1
-0.7014486553845365,-0.5277421996932928,1,3
-1.3965262765041508,4.226374997973519,2,-1
-0.3365038746010909,-0.3108385394534076,2,3
0.7576568061801128,-0.3213863568970572,2,3
-3.035212160111201,0.2571356386515247,2,0
-0.8885838587146407,1.0632945950135422,0,1
0.6886242911023723,-0.4000918776859559,2,3
0.5233168696909215,-0.4195933126310937,2,3
-0.4777593230717827,0.5273628957243325,2,0
-1.4862156236012296,-0.4978961809374985,1,3
1.3901899092322638,-0.3242395701954193,2,3
0.5386418753197805,-0.3573178810702945,2,3
1.180661170495969,-0.336782737496023,2,3
1.2237205587223552,-0.3425779553843948,2,3
0.7813833642142066,-0.3546887945473294,2,3
-2.617940401786496,0.9314768739928596,0,1
-0.0017929129827861,-0.355850346689453,1,3
-0.2324108690411763,-0.2939026491035338,1,3
-2.212966992819077,-0.6366137466725162,1,3
-0.1676253936681371,-0.459827044420866,1,3
-2.286315963700932,0.4199315676952477,2,0
0.1725286603324971,0.5829223515528926,2,0
0.6075732697193796,-0.4067024807993867,2,3
1.4620977621401106,-0.3280730866492855,2,3
-0.3651565074292247,-0.5018400929645798,1,3
0.5686014656051536,-0.4081885693365555,2,3
0.7024285147271772,-0.3556706042041685,2,3
-0.3275757268772356,0.5368672793572191,2,0
-0.3947075003573403,4.323259129372172,2,-1
1.0814103514915958,-0.2881461483376985,2,3
0.0683553678848817,-0.4612538644748299,1,3
0.9009474054373944,-0.2965893394752812,2,3
-1.7373259155365652,-0.5387517249489912,1,3
1.0073175881330922,-0.3501496000716181,2,3
-0.0095609643085446,-0.4325671275738781,1,3
-0.3929098507873556,-0.4404652903857537,1,3
-0.0328544734902968,-0.2614349034035555,1,3
0.9477182713625698,-0.3506606475851909,2,3
-3.879021764232496,2.3386450935545398,0,-1
-1.0858640274182891,-0.4532345452327207,1,3
0.4875511298121032,-0.4227428126144857,2,3
0.3224899032978218,-0.4417363462138206,2,3
0.3809383265246975,-0.3914989362957182,2,3
-0.704450641221489,-0.5164665597304765,1,3
-1.2884487299535252,-0.5186477503802159,1,3
1.5029328266826232,-0.335564551808367,2,3
0.3079677743652564,-0.4071207199602121,2,3
0.1761463520166382,-0.3435757804149089,1,3
0.866787385067567,-0.31858048059985,2,3
-0.0432918530465493,-0.5083947342839478,1,3
0.4952496015177753,-0.3195247928527038,2,3
1.3252499464273095,-0.3262807861198676,2,3
-1.37943660194481,1.417220958365696,0,1
1.161086672643885,-0.3095936939688578,2,3
0.6774131526609392,-0.3608428741433122,2,3
1.5457172663237873,-0.303005719481467,2,3
0.9456796566701858,-0.3645048014014286,2,3
-2.7950810386530827,2.231270436343292,0,1
-0.2642350872229019,-0.3400312542389694,1,3
0.347766069991277,0.6019237570562173,2,0
0.2363306264475715,-0.4319253456801555,1,3
0.3626687265647762,-0.4241309091613074,2,3
0.401569146001971,0.6274457289262899,2,0
1.0489309895946464,-0.3052090684958227,2,3
0.7387847911145897,-0.3995414520607277,2,3
-0.2327872206788279,-0.2939638813643757,1,3
-0.3019050714685859,-0.3905902470412402,1,3
1.0289236805179955,-0.3740329604702263,2,3
1.4863374766971726,2.878853124844249,0,2
1.5376125584230247,-0.2821845714920431,2,3
0.3692919657885428,-0.4038520518880124,2,3
1.4757523271714983,-0.3291943255036039,2,3
-0.5362529900761349,-0.3433376406079271,1,3
-0.1290697995968678,-0.3570842804866431,1,3
1.0207600721986714,-0.3148935215807313,2,3
1.5205769074999491,-0.2986213933304039,2,3
0.8582121126288346,-0.3429309970792826,2,3
1.0232101026225775,-0.3387785708904159,2,3
0.3098111015412245,-0.3750449382257604,2,3
0.900396567166342,-0.3763505700918425,2,3
-0.0392650580775846,0.5929517346922087,2,0
0.8753492026172348,-0.3397249738908131,2,3
-0.7484969169765934,-0.4597712777259599,1,3
1.799157028695935,2.9213750564803678,0,2
-0.4739297041997383,-0.4692333383377167,1,3
0.6552734369796887,-0.3238392030261592,2,3
-1.6889455608967945,1.1301663897661791,0,1
-0.9276843751538784,-0.5103094019939803,1,3
1.3903438914659814,-0.3008755240038396,2,3
1.4238087101357857,-0.3075182439541181,2,3
-1.1679874924360885,0.6018831624504,2,0
0.0905836899678934,-0.3944202615803254,1,3
2.269907419157269,2.9651037799287128,0,2
-1.2038239282156769,-0.5094329047394406,1,3
1.0943773563855197,-0.3382716538251633,2,3
-3.3386765872219417,1.9097595657453383,0,-1
0.0556126048245105,-0.443026893339169,1,3
1.996759293196337,2.9317413648931985,0,2
1.074066828244488,-0.3439518032850517,2,3
0.6839645318997284,-0.3790333164877702,2,3
2.123048768107403,2.9192321032542594,0,2
0.1276710973351815,-0.3520362907572817,1,3
-0.860743596426931,-0.3961321324103373,1,3
-2.862732967395646,-0.7218550019342019,3,3
0.2854275373445326,-0.3896532014559625,2,3
1.0658007681783848,-0.3408291106655552,2,3
-0.2588329344657746,-0.2982015085748422,1,3
0.6968491718391063,-0.2876131045666157,2,3
0.5002316121100197,-0.3606627248790734,2,3
0.1473202601572858,-0.4166291080590628,1,3
-0.5256159700275359,1.1484960268705713,0,1
0.987650960827096,-0.3521930684519462,2,3
1.5001157216735954,-0.2567808768247573,2,3
-1.2239350856147004,0.5927805114286947,2,0
0.0768573085184905,4.341234217965538,2,-1
-1.0078086512025723,-0.5536321557636429,1,3
-0.2081175646190918,-0.2899501381954718,1,3
-2.6477310635851308,0.3286767204579712,2,0
0.034741298316356,2.759150644817732,0,2
0.0947987878812607,-0.3898373574639721,1,3
0.6282465535500199,0.6060622987176153,2,0
-0.1247567674263997,-0.3239297967654523,1,3
-0.5255916110973695,-0.3620784473005848,1,3
-2.2613205712785827,-0.6564582008651452,1,3
-0.2486735185862991,-0.4062466430643757,1,3
1.1311648273856851,-0.3306593114179713,2,3
-0.0258346873702289,-0.3699908543985643,1,3
-0.2291630875042714,-0.3138496451332953,1,3
0.3266809670710946,-0.4178660031594459,2,3
-0.6802592576690211,-0.4486690378631682,1,3
-0.1092809086793228,-0.4774164673278374,1,3
0.4473628614352751,-0.4027349945371031,2,3
-2.155269469160934,1.0013675126005126,0,1
1.1870589759270844,-0.3207672541586044,2,3
0.7274614058595671,-0.3118511223193714,2,3
-1.1532433904633013,1.030770691170477,0,1
1.832100623467676,2.93313305939583,0,2
-1.2293444298670926,-0.5360985225365463,1,3
-0.8416274068019833,0.4679507048505468,2,0
0.8941308068185783,-0.4050411913996191,2,3
-1.1247261484741728,0.473785852404398,2,0
1.2503431930445437,-0.2628037889134056,2,3
-0.7733524391088524,-0.5228385560507423,1,3
-0.4285589622752691,-0.3258158653804656,1,3
1.9961985380248692,-0.2644770081126977,2,3
0.008748034362744,-0.3982239361713054,1,3
0.9740595977665972,-0.359531341536122,2,3
1.1077199248466991,-0.3333967346310378,2,3
0.0230051975411751,-0.4707236700260506,1,3
-1.5571743109615055,0.4771363964580845,2,0
-0.9932461365116876,-0.4176902426588069,1,3
-0.2636938862307253,-0.4406589366005084,1,3
-0.4588876571589523,-0.3307503319014577,1,3
-0.972331896285182,-0.414287504143171,1,3
-0.2323301471636395,-0.2938895156863609,1,3
1.5081053799421191,-0.283386346657921,2,3
1.3902053492817374,-0.279139068861393,2,3
1.1211883115000074,1.2727941133311107,0,-1
0.8583402020645838,-0.3785994414114023,2,3
1.26575762805773e-05,0.5807558251875085,2,0
2.384831642399097,3.037603323758805,0,2
0.6294865584257664,-0.3914787934776651,2,3
1.2734843565080782,-0.3394476196619712,2,3
-0.2978871460370161,1.075659891010588,0,1
-0.7827521833203568,1.153398033760066,0,1
-1.6889455608967945,1.1301663897661791,0,1
-1.1051063981477316,-0.5433433235819324,1,3
0.3622448191002481,-0.3700251260412226,2,3
-0.6117602108080201,-0.5178864107703794,1,3
-1.1118009112916163,-0.5018845672996242,1,3
-0.3515574289890972,-0.4465375022828073,1,3
0.9551267660005468,-0.2842688494141532,2,3
-0.2616117184050391,-0.2986536156097791,1,3
-2.48156216665088,-0.6922914202985063,1,3
0.4099876339883189,-0.4780054966196756,2,3
1.316180887612836,-0.3056346705263005,2,3
-0.3817174648049539,-0.5523341297203396,1,3
1.2271403433693,-0.3356102584844832,2,3
-2.2194409752478563,0.9963125712238458,0,1
-1.1679874924360885,0.6018831624504,2,0
0.4340661427112794,-0.4402361548235755,2,3
-0.5764920351068551,-0.511284855883073,1,3
-0.1199927980201437,0.5294991306796383,2,0
1.0793449867750349,-0.2867252458024141,2,3
0.3637325105894529,-0.2293631149083263,2,3
1.1443947525072475,-0.3110410423891025,2,3
-0.2323301471636395,-0.2938895156863609,1,3
0.9107601129770698,-0.3562348292681658,2,3
2.29978180007246,5.774140584397028,2,-1
-0.0401652691215502,0.5396672704531856,2,0
0.2678719665463901,-0.4407243489392222,2,3
0.6698782688482914,-0.3350629586742659,2,3
-0.0170610176470276,-0.4474326368161944,1,3
0.3506940054878045,-0.4245197085994939,2,3
-1.525817049802965,1.5341864508140577,0,1
-0.7527704159671575,-0.5171462799468441,1,3
0.8502780278235363,-0.3746178164644664,2,3
-1.0853060936385766,1.1483831075038182,0,1
1.292553785510754,-0.3284656334753423,2,3
-0.929533927976955,-0.4073242918258141,1,3
0.8372174046577514,-0.3653623104868971,2,3
2.113412759840293,2.9096841531681075,0,2
1.7519954448033987,-0.2369637132773159,2,3
0.6992971744451036,-0.3791532866558448,2,3
0.918143825122038,-0.3103748329058107,2,3
1.3662893217686396,-0.3230167299913616,2,3
0.9850003082685737,-0.3748666660846855,2,3
0.520477781466486,-0.3874978409186261,2,3
0.8056906399026881,-0.4011652722645049,2,3
0.3169871679918117,-0.4121795962811951,2,3
0.5966775729993173,-0.4184698021648502,2,3
-1.1572188031514192,-0.596252092462131,1,3
0.6689708861485902,-0.3508552519461093,2,3
-0.4709489162651171,-0.4653059831207138,1,3
1.6966248973710176,-0.2949933735188968,2,3
0.0700610837373417,-0.4366038270294544,1,3
-0.7032550435839753,-0.508543100249662,1,3
-2.3842591778282967,0.9370439605060384,0,1
0.9934983976693352,-0.3788409734675902,2,3
-0.8870756131579698,-0.4966597656988635,1,3
0.6531836100754421,-0.2460602064417499,2,3
0.4925236282758828,-0.3716686679401181,2,3
0.8432825111777793,-0.3707425134869019,2,3
-0.424381641145742,-0.439490607161944,1,3
1.4359343075501962,-0.2536313075853794,2,3
-1.292892935486913,-0.5464378389707917,1,3
0.5585292503980749,-0.4019097656636592,2,3
-0.6756476358825267,1.0464607340457526,0,1
0.5623242758399637,-0.4203702288255304,2,3
0.8355883399289188,-0.3451955081639302,2,3
-1.1722895429085705,-0.5176538097914325,1,3
-2.16217628820205,-0.6283501193561575,1,3
1.00646165377704,-0.3723909774674968,2,3
0.0382276476303782,0.6007089331001616,2,0
0.1995734196144369,-0.3347239672401362,1,3
0.842213997269823,-0.3604654775540972,2,3
1.4135563025111952,-0.3130490322969291,2,3
-0.132640707131025,-0.4517893919173137,1,3
-0.6814940267712917,0.5424541138449197,2,0
-0.9932461365116876,-0.4176902426588069,1,3
0.0579620972187816,-0.4038995779936321,1,3
0.1585113358860055,-0.3440322401736951,1,3
0.7973339518384986,-0.375374174451723,2,3
0.7698451251572026,-0.395639719492526,2,3
0.6602726616259454,-0.3976029746635863,2,3
0.1965743899100415,0.5816540898881805,2,0
0.2655544131658081,-0.4316405408873593,2,3
-0.0305209976064115,-0.3536770280308037,1,3
0.1248739899049391,0.5671973585789698,2,0
-1.5468931635121477,-0.5553108193146554,1,3
1.5453032851121298,-0.2875510347759532,2,3
1.793124507477937,-0.2734602680153022,2,3
1.134198402859829,-0.295683280137712,2,3
-0.7028784210112179,-0.4179899584577249,1,3
0.4006974100095133,-0.3629948928150605,2,3
-0.3467831500846271,-0.4362724139196435,1,3
-1.7744350129983708,1.3764548948894315,0,1
-0.2718180602055399,-0.4304876595102702,1,3
0.8129757090872588,-0.3681885101771205,2,3
-0.3525996808641527,0.5290516757349042,2,0
0.531849233191554,-0.3502198874132867,2,3
1.432954542264975,-0.32546816788427,2,3
-0.6897194396497422,0.5243919754210762,2,0
0.8383376310998855,-0.362742866684464,2,3
-0.1682374650386779,-0.3483671721784806,1,3
1.4727163144774762,-0.2701729129906934,2,3
0.5827806032843937,-0.3427056994598892,2,3
0.1093699291671924,-0.4695099515812643,1,3
1.390560117222697,-0.2775445922589946,2,3
0.063117123951681,-0.4576921403903408,1,3
-0.3093400006711745,-0.4589855815018513,1,3
0.3716008548082001,-0.3911856279833961,2,3
0.5969563682882735,-0.4087079293212963,2,3
-1.372609251187999,-0.4794124696075383,1,3
1.3797242534051983,-0.3180420315576858,2,3
1.062838089985451,-0.3632478491267568,2,3
-1.372609251187999,-0.4794124696075383,1,3
0.6775913665988399,-0.3940323734451917,2,3
-1.2118069586671554,-0.4532500009623821,1,3
0.7100637887353725,-0.2885754171607121,2,3
1.0667437530411694,-0.2848818682946253,2,3
-1.372609251187999,-0.4794124696075383,1,3
-1.2653242418907855,-0.5473381605390905,1,3
-0.2588139633130371,-0.2981984219758834,1,3
0.4821863833390994,-0.3713236913767459,2,3
0.1714153027219063,-0.2282002925561254,1,3
-2.6130089062414394,2.0999981263180785,0,1
-0.3363519780224617,1.8729522959419591,0,-1
1.6712587410825837,-0.3093011500259547,2,3
1.056335743382156,-0.3582083480169227,2,3
-1.3052095964784858,0.4171720920724073,2,0
0.6698455036253078,-0.3544807222309872,2,3
0.8267532132293072,-0.3184798454504651,2,3
-0.9949146853276688,-0.4859795505845036,1,3
0.3676704913341793,-0.2888914321237931,2,3
0.7332180920253646,-0.3057719018569395,2,3
1.5498798189385838,-0.3192175039806097,2,3
-2.6852025866339275,2.767946824457099,0,7
0.8859167464520067,-0.3181685025298251,2,3
-0.2637738613170957,-0.3194808041825062,1,3
0.709561843419278,-0.3783278285077366,2,3
1.1960607182354572,-0.3168171146476726,2,3
0.3626054812065391,-0.3589905441974315,2,3
-0.3759257821744596,-0.3377278768263523,1,3
-2.348342098149765,-0.6381638133508328,1,3
-0.8292030201009131,1.5182929681597794,0,1
-1.604066037794346,0.421964704352085,2,0
-0.2084000260187599,-0.2899960945521657,1,3
-2.2563896388887845,0.4248005687666166,2,0
0.4554581274999328,-0.3831892358639533,2,3
1.103617416068312,-0.3088331920235811,2,3
1.4497333296103172,-0.3535627650562188,2,3
0.4847445377477507,-0.3746097072696857,2,3
0.2630098683536003,-0.4107597911416368,2,3
0.8164919268523692,-0.3820607661756329,2,3
-1.8224059367663148,-0.6001366372716218,1,3
0.3348621592294198,-0.3870736377137252,2,3
1.1394357319359625,-0.2971345091503318,2,3
-0.9629352501990468,0.4481614521116312,2,0
0.1445098157904863,-0.3415464577864938,1,3
0.2808241218608652,-0.4101006213835893,2,3
0.0384660948240584,-0.4087520097780405,1,3
1.6305290728848256,-0.2894577630297077,2,3
-0.1209722993453054,0.5361123881438732,2,0
0.5382253519867144,-0.2584549390764591,2,3
-0.6138543406821055,0.4967222283607304,2,0
0.6879124632834651,-0.3966068121573158,2,3
0.3172674215358346,-0.4384491130014588,2,3
0.6750671310202309,-0.4077155311373128,2,3
0.991447952507071,-0.3514412193748448,2,3
0.322605644929294,-0.2949103697260808,2,3
1.1314285140330769,-0.3407216579880451,2,3
0.308247315714953,-0.407237813517144,2,3
-0.5572554467548337,-0.3467547319050334,1,3
-1.6740637362316793,-0.5760014206064874,1,3
-0.4667910526465603,-0.3525116199707594,1,3
-1.3222839486176332,-0.5696571202272033,1,3
1.4428383199722876,-0.3049365136361116,2,3
-0.5549113082793082,-0.3463733415131154,1,3
1.639714912131508,-0.2824373541344692,2,3
1.090577844445866,-0.3773064107042874,2,3
-1.2461434004965548,0.3898104178344152,2,0
-2.3941451915360608,-0.6660913671019922,1,3
1.2290169866312284,-0.3467818212238272,2,3
-0.2619463280894971,0.5409599346026456,2,0
-0.7079434209206492,-0.5462727629195925,1,3
-0.2945267408261786,-0.3040088765861489,1,3
-1.4033400761592567,-0.5168651176458536,1,3
-1.9373049246714695,1.0897584206655917,0,1
1.261325066719421,-0.2889602542962173,2,3
-2.03348659975601,-0.5869369497573681,1,3
0.9077816266144728,-0.2803177016397827,2,3
0.2888836761007443,-0.3290327907512846,2,3
-0.3955255831110342,0.662656895756804,2,0
-1.6066613469002595,-0.5174926519196866,1,3
-1.4815438791868083,0.5508676638013937,2,0
0.9470612452115172,-0.3040711841490678,2,3
1.899915471063608,-0.2830544853970097,2,3
-0.50542088790336,-0.4734571833192333,1,3
1.0027838904198063,-0.3102774792297562,2,3
-0.1704287153074689,-0.4767388051913855,1,3
1.4855623306386243,-0.2818121852270925,2,3
0.7120221142670538,-0.3722604007298891,2,3
1.721572887938729,2.8830809690813157,0,2
0.6833415807163049,-0.3623634343092309,2,3
0.7108768343570173,-0.351752727473254,2,3
-0.6991240798873443,-0.4748608682961973,1,3
2.697505623241615,2.972932528929079,0,2
1.4295270549424244,-0.3116009265925276,2,3
-1.4184873864373913,1.1212416626227768,0,1
-1.4732656811848033,1.716348105968098,0,1
0.6394217883367208,-0.3562860407568415,2,3
0.4265610190765629,-0.3587868939696488,2,3
-1.531838074863952,1.3845812810304825,0,1
-0.4432055186742905,-0.4081940362733734,1,3
0.9036866459242888,-0.3595177175672469,2,3
1.2541460144805117,-0.3454918813529729,2,3
-2.897781067115819,0.2999710312724589,2,0
0.9528495200629626,-0.3857064942538383,2,3
0.5378524806786457,-0.401667109228249,2,3
0.6498415756707054,-0.4099960741977754,2,3
1.0503796718652592,-0.320235990243299,2,3
0.4111489371991784,-0.391578158051304,2,3
-0.368796153782447,0.5664259679459195,2,0
-1.3405698258229768,0.5738040858703375,2,0
-3.1831792339125595,0.2740122725280938,2,0
0.4005669149290405,-0.4092034418318205,2,3
-0.5091726600159849,0.4759087872264778,2,0
0.5575722080456423,-0.39767452885887,2,3
-0.0301324773232918,-0.4478650406683481,1,3
0.7166880497914884,-0.3539172608333223,2,3
0.2449468905005698,-0.4123771423632449,1,3
0.5359858127810068,-0.4002641545594934,2,3
-0.3080826583629101,-0.3062144189447263,1,3
-0.6592803361601584,-0.4413112890072647,1,3
-0.2244774515731289,-0.4482232074391272,1,3
1.1399219955161586,-0.3198216488050975,2,3
-0.8564047353280517,2.0165167023204438,0,1
-3.500879287797136,0.2223226008945735,2,0
0.432553918824561,-0.4044877399960827,2,3
2.1402414261508294,-0.2425455377441404,2,3
0.2021411002782293,-0.4282994620121458,1,3
-0.1661030026156977,-0.4926519320141267,1,3
-0.2637738613170957,-0.3194808041825062,1,3
-1.112440756396308,0.4984726570351579,2,0
1.4110172184426848,-0.2597028863456604,2,3
0.6774249711068425,-0.380801537514473,2,3
0.8816194298930937,-0.2989362913147576,2,3
1.0005592347973973,-0.3433360840654411,2,3
2.0067484628882584,-0.2518253830487271,2,3
0.1022829601064919,-0.3043536072610684,1,3
0.996819957488032,-0.3629515169431449,2,3
0.0953281267338801,0.6680407333688668,2,0
0.9079946548587304,-0.3708207474634587,2,3
1.08034398775582,-0.3052866813141943,2,3
0.3330833782271712,-0.3932252398992489,2,3
-4.165394522672235,2.0083209808494358,0,-1
-1.583869896489851,-0.5137844920583298,1,3
-0.5369014125938391,-0.5122254956990985,1,3
1.0367178554057548,-0.3179878442609049,2,3
0.575234783109536,-0.4677035032606641,2,3
1.5847935252514678,-0.2452954402221454,2,3
-0.0641309599736412,-0.3279498015970059,1,3
1.219851465599073,-0.3119831458843299,2,3
1.6066082528260368,-0.2985710015122306,2,3
0.2948578675034127,-0.3734923377040003,2,3
0.6689975547830187,-0.2982508064332936,2,3
0.0775054962146823,0.5462330325200179,2,0
-1.5144283579617928,-0.5024863815281192,1,3
-0.3358266816665797,-0.4181818215518293,1,3
0.8549610736965368,-0.3731759771159926,2,3
1.7410080030553856,-0.2834754416022471,2,3
-0.4485033667813708,-0.4728466636309951,1,3
0.951788414142914,-0.3616598236165561,2,3
0.6965355090068932,-0.3306748617724241,2,3
-1.7373259155365652,-0.5387517249489912,1,3
1.3800626684227988,-0.2816718815295667,2,3
1.08034398775582,-0.3052866813141943,2,3
-0.6187731663386768,-0.4729088679497017,1,3
0.2742893473784014,-0.2914579086853235,2,3
-0.5832621268274745,0.5257138780729623,2,0
0.4408145448524007,-0.4196182046309536,2,3
0.1209442235004394,-0.4182250138350606,1,3
0.4626940145132632,-0.4240173107290843,2,3
-0.71015133629865,-0.3716308319497194,1,3
0.7941331175878328,-0.3354238393514813,2,3
0.5479820922290237,-0.3686516154750408,2,3
0.980470167000125,-0.3413344460613295,2,3
0.8786603147276371,-0.3035368976838333,2,3
1.2757717979923056,-0.3541619653019501,2,3
0.8237952657775208,-0.372638559561071,2,3
-0.2872813975825053,-0.4279045974725281,1,3
-0.0294682679449121,-0.3675496563300454,1,3
0.4256226289090214,-0.4135061139615595,2,3
-0.3880211519603548,-0.3396957886503335,1,3
1.3232602188329592,-0.3293471674435185,2,3
1.0271480175536438,-0.3450192849699121,2,3
-0.2325498357194131,0.6231931825434114,2,0
0.6325986151997056,-0.3354765727420303,2,3
1.4168284116098675,-0.3166409273978298,2,3
-0.6807354967548717,0.5992572320202899,2,0
-0.8308848333847276,-0.4712693056397772,1,3
0.5835741268933196,-0.412038704361299,2,3
1.1833486602361467,-0.3252669009017474,2,3
-0.4499048594114041,-0.3822169982017139,1,3
-1.6391233180978804,2.118258366823392,0,1
1.030947974837649,-0.211665113592998,2,3
0.3294392312272284,0.5620097843157817,2,0
-2.3092633214529723,0.4161980417717966,2,0
0.0829369925900533,-0.3777315916051459,1,3
-0.9423699755108812,0.4579942723466368,2,0
0.9742722659028228,-0.364057455774926,2,3
0.9278630575412696,-0.3126855824349289,2,3
-1.2878145319541312,0.5823873510718008,2,0
0.3644896478927077,-0.3920258350839583,2,3
-1.5892975481213163,1.4257286165945628,0,1
0.924146467387504,-0.3996050757152438,2,3
1.6927775645292231,-0.2861269601614333,2,3
0.1053291912839672,-0.4409573981373842,1,3
-0.1196216120148683,-0.4823670725221098,1,3
0.9851779806206308,-0.3690171389542317,2,3
-1.631148613256134,1.391974512257815,0,1
0.2942086051806417,-0.4063049127502379,2,3
-1.4792604553236366,0.5512391759501779,2,0
0.780624500732607,-0.309547972667919,2,3
-1.1331021419083145,-0.4404447587708938,1,3
-0.1966198136902981,-0.4748995723945783,1,3
0.6832518266427192,-0.3646354574614689,2,3
-0.3733833806611646,-0.3168388203313713,1,3
0.1414516386158634,0.5530783243011979,2,0
-0.1373916946444858,-0.4480900648417897,1,3
-0.2076838058008917,-0.4807959740972745,1,3
1.6129446558372529,-0.3416134033811182,2,3
0.9738065032988696,-0.3551311916891374,2,3
0.978670024196522,-0.3570309726194532,2,3
-1.347826415340962,1.050836539199257,0,1
-0.4866085744700246,-0.3677132691679305,1,3
2.5601702795588026,3.009603525699689,0,2
0.3733230546885285,-0.3732812429239284,2,3
0.2194203559473048,-0.4053529183012036,1,3
-1.6052069949561718,-0.5747377690773272,1,3
-1.838247488315384,1.5408358831298126,0,1
0.0786868468952221,-0.3166907478974433,1,3
0.606782653013571,-0.3972904136700906,2,3
-0.655890796501617,0.5373856634014427,2,0
0.4652515692865345,-0.3763010614621505,2,3
-0.1516900626922501,1.5309716227684045,0,4
0.5339816133782194,-0.4191107399012554,2,3
-1.0849352335812217,0.4176764852427846,2,0
-0.4827623055823609,-0.5144366574787719,1,3
-0.2176209343221209,1.1519285505366474,0,1
-0.0502301569983592,0.6036061175309336,2,0
-0.8169406821589371,-0.4504316421459435,1,3
-0.0401125053782344,-0.4616592620268427,1,3
0.7503694325590923,-0.3596637567838174,2,3
-0.327511277985193,-0.5105454941019966,1,3
0.3995708990356196,-0.4045185343549515,2,3
-0.4812859289840271,-0.5011597287098405,1,3
1.0779857595504814,-0.3261312176891628,2,3
0.2073903576771603,-0.4568470269335426,1,3
1.8533847711247573,2.9056828683066,0,2
-1.9041219255932844,1.0337310549783574,0,1
0.609730025891806,-0.3944281560719043,2,3
0.885590929325154,-0.3497352378787408,2,3
4.081738209439662,8.862002154165129,2,-1
-2.443208081502273,0.3414771190130752,2,0
0.5612123716120387,-0.412262629911672,2,3
-2.21446909736174,1.3287963193027148,0,1
0.9118217442283468,-0.3722058360016657,2,3
0.8194932547940074,-0.2839072040238815,2,3
-1.6037204661096436,0.5309895820002494,2,0
0.8155715542402688,-0.3604875554910282,2,3
1.081867090354947,-0.2899492013289279,2,3
-0.7414418368567712,-0.5257034054459785,1,3
-0.3027867737079784,-0.3463035982029273,1,3
-3.1530947538157035,0.278907005400996,2,0
-1.4845588005543904,0.5503771373013643,2,0
0.2381137001376054,-0.4222177427927255,1,3
0.5269241376939503,-0.4117463224016331,2,3
-1.101300022660903,0.4431810205137286,2,0
-3.037235850400648,2.3937647102078614,0,1
0.8432493769790558,-0.3524071969883772,2,3
-0.0127914924496039,1.1570056717600126,0,1
-1.225272890434694,-0.5083690665714723,1,3
-2.3335393569170737,0.9163225838263536,0,1
0.9525459683472752,-0.3364520346948315,2,3
0.082160475344937,-0.4569669561400429,1,3
0.557171342296669,-0.4121913687172766,2,3
0.4402108157766646,-0.410689655359046,2,3
0.3151218085924357,-0.4227750646940968,2,3
2.57500465694179,2.990528869688057,0,2
0.0179653021359478,-0.4406151893913808,1,3
-1.0832905812510232,1.1114246997888348,0,1
-0.490642797142867,0.5830143856054809,2,0
1.0227145753601463,-0.2925110896737219,2,3
0.0754458615770734,-0.4158259228475527,1,3
0.9002456952574025,-0.3138500954743141,2,3
-0.2866967739438416,-0.480880003955949,1,3
-0.6552397172577518,-0.5247163773445835,1,3
0.1868503305989373,0.6100824362445199,2,0
0.2438938233991256,-0.3336895790473196,1,3
0.965217042954324,-0.3835569581841953,2,3
0.3814235393942823,-0.3553069407801834,2,3
1.2219520486403157,-0.3186909978749115,2,3
0.3717249715375823,-0.3816795061010091,2,3
0.2573802275002683,0.5797678011262112,2,0
0.1784351066455773,-0.4393128582125459,1,3
-1.710441919885343,0.513626044177489,2,0
0.1938798892532927,-0.4243489226651773,1,3
0.6091108114855538,-0.4225997726660382,2,3
-0.3205677346914328,-0.5014236055735183,1,3
1.0506691736127052,-0.3575259329381933,2,3
-0.8668595815626456,-0.5273006769182987,1,3
-0.0865278563111959,-0.4024270442279513,1,3
1.6128832010304268,-0.2821816283665785,2,3
-0.4948590391082058,1.0721761357763036,0,1
0.676543585087739,-0.4053395057413569,2,3
-0.207248759161126,-0.4673077476681548,1,3
0.3097741469768795,4.627393045798138,2,-1
0.3478436272673115,-0.386736090485295,2,3
1.63065317044904,-0.3128271834564035,2,3
-0.0114819141037545,-0.4654115095753171,1,3
-0.884795694793512,-0.5458086277782656,1,3
-1.053634781754026,1.0220243965986415,0,1
1.0467962127712125,0.6621015684489303,0,0
-0.0652019367952453,-0.5170077723187023,1,3
-1.7474398339972406,0.4666556807845637,2,0
0.1428316344672754,-0.3378750104947136,1,3
-1.5737037526499265,1.518971532834568,0,1
-3.398803074568252,1.2869341137313952,0,1
0.9658850161928598,-0.3446092122127028,2,3
0.9107601129770698,-0.3562348292681658,2,3
-2.513413645663507,2.277097608468325,0,1
-0.5753471245663443,-0.5098196016816022,1,3
-0.6949364105975463,-0.3691553696266813,1,3
-1.296131593700269,-0.4669695853382212,1,3
0.5652605032559652,-0.3612868491774233,2,3
1.1059198408833897,-0.3484253773508524,2,3
-0.5738082762140195,-0.431349505778751,1,3
0.9699435527401712,-0.3518580518013704,2,3
-2.8971569370966472,0.9131154735602368,0,1
-0.4820384493719773,0.4815045857728786,2,0
1.2367861272521463,-0.3190269923030314,2,3
-0.9462469057376064,-0.4100434866194676,1,3
1.565922913632238,-0.2781169288142911,2,3
0.9978882086611112,-0.3030493860613622,2,3
0.0082044543255332,-0.4598528767013455,1,3
-0.2257526532115904,-0.3132947688386239,1,3
-2.314955831386432,-0.6651846362215597,1,3
0.1248365803993551,-0.4631632428520606,1,3
0.6435035116363085,-0.383659462350472,2,3
-1.2348784630961145,-0.4570037255004882,1,3
-0.933346761927826,1.464739825669484,0,1
-2.1480796021003314,1.0554654649932669,0,1
1.187640911961439,-0.250669995395063,2,3
1.0264668747487191,-0.2797223467060163,2,3
0.6528156919391642,-0.3835428364912932,2,3
-0.5106931554243472,-0.3966608053752757,1,3
1.3225463815766998,-0.3491192107943078,2,3
-1.3198051027131232,-0.470821255781224,1,3
-1.4953566158120508,0.4244146811719782,2,0
-1.6434877749010617,0.4360262122863096,2,0
0.9648594184586936,-0.3384200027091549,2,3
-1.1575944275424357,0.4319143374189602,2,0
-2.348342098149765,-0.6381638133508328,1,3
-0.6852640781516158,1.107125183751365,0,1
0.1648297679388406,0.6104473857750821,2,0
-0.344284750629907,-0.3121044848696359,1,3
-2.6030718083081728,0.9814384151167228,0,1
-0.8232994811675189,1.2001733839746316,0,1
0.9211338754027796,-0.3492561668605793,2,3
-1.495662033436666,1.1616135423379956,0,1
0.4153663550075882,-0.4110531388039469,2,3
0.9906424133881286,-0.3309621800698325,2,3
0.8233044968879089,-0.3435547719449474,2,3
-1.5139445847623108,0.5455960819699958,2,0
0.8399307937766316,-0.4073367722994697,2,3
0.6938000130857903,-0.3765805565429617,2,3
0.3691292843713109,-0.4137100029541884,2,3
-0.0908809383180132,-0.4477883330923429,1,3
0.0109095107542966,-0.4140411350306766,1,3
1.0709308603271677,-0.3618477033377297,2,3
-0.3355980990599329,-0.3106911701353239,2,3
0.1797494336135436,-0.4535919062006944,1,3
-1.6854777427217424,-0.5303160479800163,1,3
-1.3733867845645251,-0.537020713613713,1,3
-3.0643874023802677,0.2728642471955122,2,0
-0.8337692496676679,-0.4492251566238426,1,3
1.2403910644310925,-0.3250637222623059,2,3
-0.1156884784764495,-0.4075052520564741,1,3
2.723105628896792,3.0410775821169467,0,2
0.0283573040625244,4.499153803910746,2,-1
-1.7798174643650142,-0.5456650829396076,1,3
1.1684322703573955,-0.3246517717515015,2,3
-2.9968454106836413,1.9178329344632283,0,1
1.6686710503108022,-0.2509251701496684,2,3
0.1256843458355364,-0.2680934560544518,1,3
0.8877565823112572,-0.3853886579507723,2,3
-1.3037558211059717,-0.5567032885733482,1,3
1.5212229198966103,-0.3054186958301889,2,3
-1.459732982573053,0.4520392440216388,2,0
0.2935389492338879,-0.4267806054839805,2,3
-2.045500859851268,1.5071158425171598,0,1
0.2935228653894652,-0.399933143505967,2,3
0.7595790785345197,-0.3161434004534293,2,3
0.240826537601571,-0.4750568206517744,1,3
1.3191230397517644,-0.3530393462770658,2,3
-0.7576140476088093,-0.5132449458618428,1,3
-0.3532810350535137,-0.3784736869713178,1,3
0.4786654952831777,0.6363662041263575,2,0
-0.0095609643085446,-0.4325671275738781,1,3
-0.6878641620910377,0.4555885163112284,2,0
1.6495490297437987,-0.2899530681684877,2,3
-0.306688334820102,0.4936443881986583,2,0
0.9859835708442016,0.6423981315146705,0,0
-1.4618680336212693,0.45459976925064,2,0
-0.2588527447975864,-0.4975615413579665,1,3
0.2908542755559494,-0.4298375531079555,2,3
-2.1847803034868205,1.8218369846659888,0,1
-0.4192766178538045,-0.503701974742748,1,3
0.0480059068422875,-0.4305278383257456,1,3
0.2012845338693328,-0.3217731378104307,1,3
-1.668178038784396,-0.5275013930722037,1,3
-0.0311845682102132,0.5453616944901566,2,0
0.5685053596660137,-0.387405214514889,2,3
0.0481987722536034,-0.4138416804734168,1,3
2.2596012641398304,2.9817686845891545,0,2
-1.7474398339972406,0.4666556807845637,2,0
-1.109189332364671,-0.4570295630134488,1,3
-2.9305358587319126,1.7005028542553686,0,1
-0.9668053526356184,1.4547293661576863,0,1
0.220808030902906,-0.4179929715994978,1,3
-0.0751693374214662,-0.2683195148320882,1,3
0.0092147732200282,-0.4453680858946928,1,3
0.4679219278772343,-0.407490524808703,2,3
0.1844057370884814,-0.4432951080707581,1,3
0.2335226104646425,-0.2938634743572287,1,3
0.6784376818414544,-0.3619546423532313,2,3
0.7373559697326992,-0.3418130081392936,2,3
-1.23997615965827,2.2673049846410183,0,-1
0.1829472259865234,-0.4010873056944099,1,3
0.8009915451314016,-0.3890488637330887,2,3
0.2960979132669524,-0.3892215316093451,2,3
0.730964442069029,-0.3715244120872597,2,3
1.4073291152330094,2.8748873951437743,0,2
3.429909049070173,6.253175414381007,2,-1
-0.965803166736846,-0.4707070220952057,1,3
-2.1619397375840608,0.4196921211268792,2,0
0.296384104764449,-0.4351585176605848,2,3
0.1407215629456566,0.6120235726958486,2,0
1.381719281758759,-0.2764065675605722,2,3
0.7881050711685238,-0.3583888558994097,2,3
-0.4223361380187439,-0.3248034143641062,1,3
2.0067484628882584,-0.2518253830487271,2,3
0.0481987722536034,-0.4138416804734168,1,3
1.1255968659242517,-0.3290016967361255,2,3
0.5324981038084448,-0.4110307984927438,2,3
0.5844310645182156,-0.420439659677263,2,3
0.8439393208196896,-0.2609317264350723,2,3
-1.3675459375908807,0.5694150832806851,2,0
-0.9932461365116876,-0.4176902426588069,1,3
-0.5322550909648596,0.5880350569680257,2,0
0.9845560560218796,-0.3624805022706089,2,3
-1.0097111465839632,-0.5278225543266659,1,3
0.5569386950900453,-0.3327583450488536,2,3
-0.6959427521193203,-0.3693191009895679,1,3
-0.3912080566633855,-0.3997340700119368,1,3
0.2928698743524884,-0.4136517603310783,2,3
1.3881350071857046,-0.3119286678049268,2,3
0.0653577063385565,-0.4479007049074346,1,3
-2.1739035961637634,-0.630258147668631,1,3
0.1243705101184279,-0.3736113830748009,1,3
0.1699109356375708,-0.4294190378533415,1,3
-0.4359955485193905,-0.3270257949864979,1,3
1.683171922966092,2.9094613209830067,0,2
0.1693784328246819,-0.4837431331548044,1,3
-0.1887257289754242,0.5419005193365148,2,0
1.9117595910256413,-0.3133144393031178,2,3
1.2126128644925729,-0.2770656394665819,2,3
-1.335811129936226,0.4003777506600925,2,0
0.6406275514796721,-0.3917048201357747,2,3
1.13083825048068,-0.3531110467597432,2,3
0.7047665347498722,-0.2340460407552209,2,3
-0.2288573845359698,-0.3408669255114091,1,3
0.3282102483975775,-0.3255422703560047,2,3
1.4771863628928923,3.878229308081822,2,10
-0.3210079453461273,0.517733147419954,2,0
-0.6799705775080266,0.5261323664182422,2,0
-1.3094509795873943,0.4335320012242189,2,0
1.458201888090685,-0.2957210147444387,2,3
-0.8792003451286987,-0.5081036913116587,1,3
-1.1897857561557612,1.0545744795694183,0,1
0.727773718632692,-0.3391749516838528,2,3
1.1669351719751022,-0.3194407048459814,2,3
0.5909351752070258,-0.4127558347721671,2,3
-1.8010898203671255,0.498877667043522,2,0
-0.3776643183657358,-0.4408457700151585,1,3
1.5922578008174575,-0.2831799845103759,2,3
0.3262328926456439,-0.4290519479712337,2,3
-0.7703113946114412,0.6091031647921317,2,0
-0.9405997317131344,-0.4091246936655062,1,3
-0.974213202347401,-0.5204499196849572,1,3
0.3309112025541194,-0.4280795380707421,2,3
1.8541598367738483,-0.2620758194343677,2,3
-0.209459808511279,-0.2901685207396071,1,3
1.3368074298157753,-0.3146961441454875,2,3
0.4196174710191278,-0.4071612685635596,2,3
-0.7176860923436665,-0.5023007958025794,1,3
0.5880484089619513,-0.3642006984732297,2,3
-0.913876343117232,0.4650109610557751,2,0
0.2643834439730539,0.5535779728024514,2,0
1.703335732286142,-0.2808800860156721,2,3
0.1151818709642283,-0.4138144156356911,1,3
1.0585650551883363,-0.3468780426906659,2,3
-0.356839223992067,-0.4453819921494626,1,3
-3.1023040491986764,0.2871706327173549,2,0
0.1586900746589978,-0.4452797121524479,1,3
0.8054272159364575,-0.3684269088019056,2,3
-0.9433249090490172,-0.4095680789275247,1,3
-0.0064231856141953,-0.3510135249145424,1,3
0.3720268051301062,-0.4412585740879779,2,3
0.9991433476466464,-0.3246734184781398,2,3
1.2594722521192108,-0.2775769044949689,2,3
-0.0403855554647879,-0.3155883713262558,1,3
-0.0956843812849349,-0.4481222704946339,1,3
-0.6704778084623753,-0.3651759648468469,1,3
1.1868731976583855,-0.3079160821867598,2,3
1.066749628059534,-0.3373571158540227,2,3
-1.22709487350202,-0.4966881561605883,1,3
-0.4275495955395435,-0.5037967016647311,1,3
0.8733220585507014,-0.3538367214272247,2,3
1.6196646696877222,-0.2748397501706114,2,3
0.8267379196911677,-0.3369129884269188,2,3
-1.3862903278345404,-0.6161588545497964,1,3
0.8161722831545364,-0.3653950173463191,2,3
-2.765274508883367,-0.705998549734043,2,3
-1.9930838935999835,2.173287694029809,0,1
0.5283178513546684,-0.3882353928883671,2,3
1.295283924658865,-0.3406207574446606,2,3
-1.025126345905924,-0.422877139969799,1,3
1.4161536846033564,-0.3159288347756379,2,3
0.6316948508257555,-0.3438117083446273,2,3
1.8220861657450853,-0.2847135051726141,2,3
-0.0733230718253175,-0.2680191281584119,1,3
0.5842831885399584,-0.3204873412404755,2,3
-1.1716810506275248,0.481337666473925,2,0
-1.3844906393156005,0.5666581870908063,2,0
0.0604946080868263,-0.4103944720369336,1,3
1.112208044044374,-0.3430606890836373,2,3
-0.4579277730847508,-0.4654239581904777,1,3
0.6792113928966435,-0.3702583186105495,2,3
-1.2776681541931707,-0.5049164086912131,1,3
1.8040963155772884,2.9012253713260066,0,2
-0.8623562138161311,-0.5330151410862184,1,3
-0.2647321186279416,-0.482974779698777,1,3
0.0283573040625244,4.499153803910746,2,-1
-0.9356817870579116,-0.4763423817391442,1,3
0.0633035301668198,-0.3712896100259255,1,3
-0.5878650561504044,0.4986596220942376,2,0
0.8603908221743352,-0.3445554907179241,2,3
0.3082385871756171,-0.2767724754872059,2,3
-1.117325029251859,-0.4378778288551894,1,3
0.5968948049256197,-0.2818274005279428,2,3
0.2255162969313282,-0.4400331078666197,1,3
0.895078667233975,-0.3567226940697671,2,3
0.6048639428943083,-0.3925343912534484,2,3
0.1458994369971034,-0.4378745907915255,1,3
-2.0710400635137947,0.4549568705090972,2,0
-0.0198383887559776,-0.4524095626597115,1,3
1.2186317339200452,-0.3445247611875756,2,3
-0.3424385505503521,-0.489806808087402,1,3
-0.2759947182292868,0.5332927893772085,2,0
0.9377216658527094,-0.2722072587097726,2,3
-0.480236585666284,-0.5140257238591394,1,3
0.6760023467645787,-0.3760434415081026,2,3
0.0730143877298465,-0.4176710951666312,1,3
0.0481987722536034,-0.4138416804734168,1,3
-2.809382094431263,1.2833635245814567,0,1
-0.7353812528946354,1.483132322806819,0,1
0.7100548252195087,-0.316650588761343,2,3
0.4722687162047776,-0.4002383557935477,2,3
-0.2961870084557781,-0.4636055225116457,1,3
0.0052444402501719,0.5737427455363014,2,0
-0.1466164197998503,0.5964000547172968,2,0
0.4580576587846161,-0.3773935664292843,2,3
0.5946575841825639,-0.3962267472796288,2,3
-1.3194309839845484,1.1427438366468898,0,1
0.515491163144046,-0.4328721732915315,2,3
-0.1898005951486852,-0.4185503724131031,1,3
1.0251234701696994,-0.321261565481864,2,3
0.2478018750497259,-0.4162169310124776,1,3
1.1453857688758355,-0.3322749101403408,2,3
-1.116988723263841,1.461206462038829,0,1
-0.3564769880130634,-0.5040682025716852,1,3
1.0133583475817325,-0.329693759084364,2,3
1.4027162872739385,-0.3232906680927198,2,3
0.7900260018061553,-0.3467193806374104,2,3
1.1550718831150049,-0.3262810606083022,2,3
-1.0599183968781167,1.4061334754105643,0,1
-0.7922506809399039,-0.4946864298569414,1,3
1.0294103429967003,-0.3394347107048986,2,3
-0.7714347668973676,-0.4778450462880679,1,3
1.0130006859619756,-0.3426750127889017,2,3
1.4312436699769424,-0.2733074632096628,2,3
1.7838919112050151,-0.2544127189963703,2,3
1.038604931282466,-0.3478095609964692,2,3
0.0055140666251715,-0.423680783795712,1,3
1.8272922283052448,2.844160870668928,0,2
0.2811547337174538,-0.2103457310473948,2,3
-0.8994331912105108,0.6046260222205618,2,0
0.7771293844917765,-0.3797253761484664,2,3
-0.1410438748495603,-0.4268527022633512,1,3
-1.4850440755450818,-0.4977055705375797,1,3
-0.5813216273956017,1.0705136046247734,0,1
1.6605267271520243,-0.1974751316177932,2,3
-3.6674856230615847,0.1952158168176268,2,0
-0.6535176851988301,-0.4332498361381262,1,3
1.9334880877589504,-0.2503912715909895,2,3
-0.6706356126919193,-0.3652016395318455,1,3
1.2853306748983455,-0.3226901275494028,2,3
0.7164711648992277,-0.3498562160502085,2,3
-1.1253578468176066,0.6088189887334928,2,0
-0.9622984046870916,-0.4126550590752473,1,3
-1.2903436814913556,-0.4660278943379701,1,3
-0.220015943062891,-0.2918859996069237,1,3
1.4919293678380712,-0.3014755581474971,2,3
1.1617001462097036,-0.3601333123695305,2,3
-0.7209769583346655,0.4654692379985912,2,0
0.2863182587432835,-0.353742476836633,2,3
0.744810266852077,-0.3694932116989188,2,3
-0.5698410231594933,-0.4992706131659414,1,3
1.6921303140974462,2.8625083853989577,0,2
0.8384708027561562,-0.3757829803170511,2,3
1.5424466228678335,-0.180214081269334,2,3
-0.0894071349330478,-0.4528848852342451,1,3
1.4816134765373583,-0.2999572470190653,2,3
-0.0256240110665038,-0.2602585100606064,1,3
0.9648418414567562,-0.346497052845129,2,3
0.415083075354026,-0.2295064610293185,2,3
-0.4319954973201296,1.131701200707253,0,1
-1.163129224165437,1.2157164973373251,0,1
0.1303700806531178,-0.4440703816725399,1,3
-0.6274314153235354,-0.4930021329527383,1,3
1.200859999726995,-0.345585978976574,2,3
0.0302469157384605,-0.4292422979267899,1,3
0.188941775767268,-0.436462753945434,1,3
-0.2160496719056904,-0.400938756264471,1,3
0.2779004692099183,-0.4408021571283496,2,3
0.4295071249539337,0.5767852286044477,2,0
0.3749629987451346,-0.4122346923720111,2,3
0.9437279464943632,-0.3051147275584868,2,3
-2.1797622487016373,1.050310711069626,0,1
-1.901873495293073,1.3336942956769,0,1
1.0778450800373611,-0.3468109414809834,2,3
0.0165732084962525,-0.2533930393237369,1,3
1.4925743801762266,-0.3164863528193438,2,3
-1.3072732390301738,0.3745540086718286,2,0
0.6318456963171409,-0.2819846315844628,2,3
1.5622659464969006,-0.2781067591376397,2,3
-0.897728487198411,-0.4995078246776589,1,3
1.0040708063556762,-0.3643134524766167,2,3
-1.6078414712859972,-0.5976798397128728,1,3
0.4252656556588132,-0.3696988450418383,2,3
0.7673752073392753,-0.3739711308124959,2,3
0.5171073072036195,-0.3973870833680799,2,3
-0.3442881345584119,-0.3121050354334495,1,3
0.1231450966862873,-0.3756997880121088,1,3
-1.680303631010427,0.4331486127049033,2,0
-0.0149639657406383,0.5713582732824811,2,0
-0.4411726936779757,0.545532061746443,2,0
-0.5094697398091642,-0.3714327716202942,1,3
0.1813530979275344,-0.4425353927436098,1,3
-1.3481157361588836,-0.4959027932999868,1,3
-0.3098520738123815,-0.5067796407491517,1,3
0.8576262396349913,-0.365891690721111,2,3
-0.6974849501998617,-0.4344755262261223,1,3
0.6614244883913134,-0.3229994094982703,2,3
0.6390628746989501,-0.4014327245599512,2,3
-1.583869896489851,-0.5137844920583298,1,3
-2.0642411830357954,0.9982726656662329,0,1
1.5925500698661368,-0.297272348784775,2,3
1.1876214831688623,-0.3701075563407792,2,3
-0.9065237710955536,0.4551167341684629,2,0
-0.1004009297536125,-0.4702899873202689,1,3
0.7519175630507555,-0.3714838410797376,2,3
-0.7506729912741055,-0.378223688998743,1,3
-1.4281474649366863,1.05645290792993,0,1
0.6976442409295459,-0.4036589927453563,2,3
-0.3702325924300677,-0.3692543522461686,1,3
1.4338458973123729,-0.2892099586725622,2,3
0.8527798721525914,-0.3636612536299,2,3
-0.9960313604186316,-0.4181433974739083,1,3
-0.3762134111941945,0.6265366072665614,2,0
0.6948813054100572,-0.3312485364516183,2,3
0.1054709805694433,-0.4360197307997687,1,3
0.861267711764095,2.828502644632563,0,2
-1.3671113254949143,1.5261808629414204,0,1
2.808371896008621,4.911364787680631,2,6
1.2915192047658104,-0.3274059861341277,2,3
0.4724712986985143,-0.4008314711664483,2,3
-1.5577863160426255,0.538463049834761,2,0
0.3950574213179534,-0.4094728742460061,2,3
0.9753525127528024,-0.3933155774682813,2,3
0.8116159991600613,-0.3708002844070791,2,3
0.0861976921186475,-0.4431046474842783,1,3
-1.7307953892703636,1.4609600313065263,0,1
-1.2897761562182786,0.4779003142300217,2,0
1.2410730024495964,-0.3510844481175361,2,3
-0.904356859343967,0.5647805789299826,2,0
1.0648339969782876,-0.3354820998563034,2,3
1.44233024708869,2.9002181473307425,0,2
-1.498207678662352,2.011889292246241,0,1
-1.1781537080161977,-0.4477746305484363,1,3
1.5771606007536785,-0.3194253655175291,2,3
1.0232946307190296,-0.3618508548290168,2,3
0.6057897477383202,-0.3617873093083396,2,3
-1.8661141261490384,-0.6397006973065523,1,3
-1.242567352098969,-0.4582547046644029,1,3
0.1018778198348794,-0.4519694221569937,1,3
0.6999411469601604,-0.3954763288883609,2,3
-0.747060291533449,0.5689286549334841,2,0
-0.7423264120749793,-0.4763348506536984,1,3
-1.4006993472214735,-0.548888227217407,1,3
0.2225995176819876,-0.4357455276296042,1,3
0.1503823969629134,-0.4072486994946064,1,3
-1.003960142689133,-0.4518861622894659,1,3
1.6605267271520243,-0.1974751316177932,2,3
1.7319577056993862,-0.2693985086936492,2,3
0.3233007297788397,-0.3218642978279345,2,3
1.034618078499481,-0.3108489042306157,2,3
0.9846547720008612,-0.3661332562641342,2,3
0.1571735299031701,-0.3124190584392535,1,3
0.1910159331766527,-0.3960453737275489,1,3
0.744860235194594,-0.3865913418798577,2,3
1.0016146274837827,-0.3228937781742128,2,3
-0.4827645064052441,-0.355110494505227,1,3
-0.0934444693675121,0.5520934797678609,2,0
-0.9667499709671694,-0.5674273337058829,1,3
1.6175066331813628,-0.2928701708094076,2,3
-0.6194437124379324,-0.356872737845899,1,3
-0.2589847576161562,-0.2982262101406544,1,3
-1.1690547823902164,-0.5657250464349046,1,3
-1.696303411970836,1.1289692703408116,0,1
-3.019881998545769,0.8726727463869909,0,1
-0.8189606856055069,0.5135509853209655,2,0
-0.6650728243103641,0.5632576565252058,2,0
0.2283107630573271,0.6204195065625506,2,0
-0.7713753256412181,1.0426155364722358,0,1
0.0281569351864305,-0.4411535498017934,1,3
-3.465117141055588,1.6135266935438062,0,1
0.6310900750737022,-0.3843660286374811,2,3
0.0527423556539329,-0.4179032131867492,1,3
-1.126160218380045,-0.5652338967941294,1,3
0.4281365235621669,-0.3943818053102946,2,3
-1.1620780629886702,-0.4451591295354217,1,3
-0.7679034041297331,-0.381027070275288,1,3
1.1963639230751646,-0.3191622521610074,2,3
0.6332527852490822,-0.3809493226853676,2,3
1.2362114007830012,-0.3288455850635001,2,3
0.4286040470606733,-0.3521663040330262,2,3
0.4033113745142518,-0.4075084430143867,2,3
0.7303433436142386,-0.3112190286316821,2,3
0.4016027953947955,-0.2556543898379804,2,3
-2.3929486723428246,1.6685372669107923,0,1
1.1543002980542492,-0.3464573778777752,2,3
2.878669789458416,3.0195744389831494,0,2
0.7272361482176715,0.62554569875617,2,0
-0.8577016504575778,0.444886315686575,2,0
-0.3698018534028712,-0.4467876456643559,1,3
1.1899979847650843,-0.3557923439377378,2,3
-0.9391520992965412,0.4505972074358947,2,0
-0.1243793539199653,-0.3087787199370985,1,3
-2.3121866218902163,2.0767690723360346,0,1
-1.6772473871942133,-0.5765193993440955,1,3
-0.6303659641444007,0.6213361342633109,2,0
1.0056430597401314,-0.3681115381095691,2,3
0.8931413522083992,-0.3526266963399307,2,3
0.3338566885270184,-0.456762218010109,2,3
-0.6971867320049512,-0.465764920722784,1,3
0.7855608630352142,-0.374731663034517,2,3
1.16694494420839,-0.2288542495525084,2,3
-1.6484596469821722,-0.5447686274028144,1,3
-0.4596743743936005,-0.5047524939800548,1,3
0.8307483553319148,3.811066550755174,2,5
-1.865818748018632,1.536350050209239,0,1
-0.0219096065006742,0.5258675137896617,2,0
0.3628586928482857,-0.296521676342762,2,3
-1.0791975569364969,-0.4521499131530435,1,3
-0.4068494903919817,-0.4427332641712241,1,3
1.3653234759009178,-0.3455628620935566,2,3
-1.2656877308114989,0.585987372763262,2,0
-3.318517434113175,2.348000309097815,0,1
-0.2852982176342629,-0.3349601546687816,1,3
0.2335290076770911,0.5779960830897432,2,0
0.1377625190027223,-0.4091468838193708,1,3
-0.4306405324907423,0.5310251213412692,2,0
0.8134190772552813,-0.3336013229891342,2,3
-0.7313040074698781,-0.5076656522738661,1,3
-1.5409844453091657,0.5411967074795184,2,0
-0.99977867299836,-0.4187530837310743,1,3
0.4867904711381712,-0.4013734518256357,2,3
1.1961144038441391,-0.3639154264234923,2,3
0.6087410153729294,0.6612639100708663,2,0
-1.8318422405063408,-0.5746049019852902,1,3
-0.4595057919135343,-0.4778624758441672,1,3
-1.269920949979132,-0.4627051240934618,1,3
0.8651679126379608,-0.3616457244002318,2,3
0.750316206846591,-0.3445400675254181,2,3
0.5158141629099616,-0.3718678357404738,2,3
0.4174934715897912,-0.3838760444082526,2,3
-1.016523883480502,-0.5452389632341209,1,3
-1.0410045916207569,1.0813780120533822,0,1
1.7668678573046284,-0.2654970436478267,2,3
0.6505684678660046,-0.3941941703456914,2,3
1.4597477263341625,-0.3148960870741656,2,3
1.165035203487279,-0.2787262050134593,2,3
-2.124638394689477,2.1072830938507336,0,1
0.8196889483929881,-0.3997245579003028,2,3
-0.7841475315246647,0.5424191670418957,2,0
1.0254536231950906,-0.3440388656933885,2,3
-1.298985053719346,-0.4998865972544553,1,3
-0.571533990646433,-0.5026402556535791,1,3
-1.6543796980775765,0.3836289029046205,2,0
-1.4205177444328794,-0.4872071622870186,1,3
1.386887692922931,-0.248343779800086,2,3
-4.336863173396835,1.1138367022477722,0,-1
-0.6645333594511713,1.076832979841931,0,1
1.055864768805311,-0.3372872195717836,2,3
1.7222806454548654,2.967003405086789,0,2
0.7100897160277432,-0.3615616211048146,2,3
-1.4333645799595631,-0.4892973372863133,1,3
-0.2243927227141339,-0.491501247928035,1,3
-0.7681401169600257,-0.3810655833580517,1,3
-0.7082795840298998,-0.522687019713032,1,3
-0.5682770909370407,-0.4887121561376192,1,3
0.9546152320494692,-0.3357443105863392,2,3
2.1985291717532864,2.966976139546708,0,2
-0.1709827420116565,-0.283908317417422,1,3
0.503359727306261,-0.3948954200706486,2,3
-0.5510977084581966,-0.4786762162753286,1,3
-0.2934808330339498,-0.3038387078068925,1,3
0.758266540794907,-0.3660261125316857,2,3
-1.2755093517719571,-0.4840897636150096,1,3
-1.7068966302460231,1.000104661966681,0,1
2.039069476801464,2.923841184436686,0,2
-0.1264314255965387,-0.4734872481543087,1,3
0.5162321025246779,0.5947007314760772,2,0
0.4306172117119025,-0.399574612117444,2,3
1.7724017438551296,-0.2933164929740113,2,3
-0.773602640521199,-0.5366376287049661,1,3
-1.791366272232422,0.9892969251094896,0,1
-0.8119672625539998,-0.3881962424079555,1,3
1.4274639530970454,-0.3070109061710723,2,3
1.314977822379686,-0.3364960044628921,2,3
1.4490515892443765,-0.29267417309826,2,3
-1.028099035385072,-0.4762889592576314,1,3
1.5007627889331312,-0.2893582947216819,2,3
-1.9472878531785671,0.4070734699078863,2,0
-0.3594471216240232,-0.4392146867080166,1,3
-0.916785186635441,1.045198758703127,0,1
-2.3614121987958647,1.639373881641115,0,1
-0.3548755003902802,-0.477282652396693,1,3
-1.404686048662906,-0.5375595156197382,1,3
1.444473599174254,-0.3092736954963862,2,3
-0.4852738052281266,-0.4150385296612865,1,3
1.2481272696133852,-0.2361813057323547,2,3
-0.9160625786753231,-0.5708350193526673,1,3
0.2034574626234743,0.5830509513608043,2,0
0.0574443093095892,-0.4672601599856587,1,3
1.3428798893885745,-0.3253546652052303,2,3
0.7168541320508443,-0.400836307131243,2,3
-0.5027996844206059,0.6343409367099553,2,0
-2.112605487495113,2.141106338177321,0,1
-0.2963438462295202,-0.3043045189081246,1,3
-0.0501299010893918,0.565253979512118,2,0
0.4291683649991786,-0.4417874029544011,2,3
0.2194428899112014,-0.4297268370491017,1,3
0.7699286721244503,-0.3760914002416392,2,3
-0.6926477819342542,-0.3687830106590004,1,3
-0.0865279325312434,-0.4084766366223959,1,3
-2.765274508883367,-0.705998549734043,2,3
-2.3868659392193368,0.4035721269153191,2,0
1.2402176576820845,2.848061839126024,0,2
-1.468804154211382,1.1659833085402769,0,1
0.9900590188585142,-0.2765684445523392,2,3
0.1527976209572903,-0.437909748862375,1,3
-1.584446424800987,0.5136500520221502,2,0
-0.907623944982534,0.4623684598946511,2,0
-0.562474332229807,-0.3476038424833789,1,3
1.3480482428507767,-0.3427054171580664,2,3
0.779573900505976,-0.3826760241940897,2,3
-2.5352454815996097,1.4274345885389923,0,1
0.924271614912137,-0.3311416134381655,2,3
0.7096016551972895,-0.3521902602947297,2,3
1.386665968975892,-0.2740074705520228,2,3
1.4113012374521836,-0.2887894811008315,2,3
-1.078079922810968,1.1587207080743065,0,1
0.1968421524863763,-0.2240633542744662,1,3
1.4532601019318374,-0.3158460960847117,2,3
-1.7917679460899802,0.4429125926211366,2,0
-0.2587878804226623,-0.298194178300057,1,3
1.4181723061030376,-0.3001541515650264,2,3
-2.1509946379858382,-0.6265308693405222,1,3
-2.310776472468337,2.076998503082677,0,1
-1.1949425755492162,0.5974975812144646,2,0
0.7779498023574339,-0.3500849166554411,2,3
0.1201980632436258,-0.4259854240146832,1,3
0.682217986521948,-0.3088961705981684,2,3
1.1900966552516852,-0.2840578060243856,2,3
0.6610943648300635,-0.4092520755811695,2,3
0.1855349311623444,-0.3745010174579091,1,3
-1.673790076719861,0.9954379387010832,0,1
2.505690999348201,2.9885333862788066,0,2
0.0779131644104972,-0.4572365900510345,1,3
-0.202497543998244,-0.2890357630894141,1,3
-0.4840403835865515,-0.3348426704259035,1,3
1.2363136718176302,-0.3482121553273548,2,3
0.6388323650061009,-0.3581209135241323,2,3
-0.9277241897524392,-0.4645115877778433,1,3
-0.992669177105998,0.630407382197768,2,0
1.3680679591895186,-0.2948416236447789,2,3
1.386326564306166,-0.3014984890675579,2,3
-1.375339196206126,0.5681471232226001,2,0
-0.106240538270906,-0.3966852296089307,1,3
0.4102676307429738,-0.3812077696299022,2,3
-0.2746358592736744,-0.4040586697896059,1,3
-1.2927821588339186,-0.4664246336258038,1,3
1.2392941991785895,-0.3386234359579201,2,3
-0.8222951618275278,0.4870930704024306,2,0
0.8995631821030237,-0.3199235884806279,2,3
0.5416982435615898,-0.410376004585424,2,3
0.3274573118026762,-0.4228859624295435,2,3
-1.022471053226664,0.5282003635397189,2,0
-1.2827716000615446,-0.4852713285056036,1,3
0.1105736145657076,-0.4314897508326955,1,3
-0.991390436330162,-0.4173883209818651,1,3
-0.1253576817391783,-0.3920454009847114,1,3
0.8575816753014265,-0.3071533450817299,2,3
-2.041525933666911,0.9590692268308532,0,1
-1.2407482041853293,0.5900450237653311,2,0
0.1380193726360139,0.5658076803541388,2,0
0.5545112736487142,-0.3461389130548194,2,3
0.8717881189483273,-0.3731841596120919,2,3
-0.0119148285926818,-0.3229335417840855,1,3
-0.8373744079588026,0.4839256961711793,2,0
-0.1471422803031582,0.5449450030629108,2,0
0.3586203014336006,-0.4251803118929783,2,3
0.4495324024681884,0.5961268249573958,2,0
1.310096258488355,-0.3181366769272614,2,3
-0.4586684586704147,-0.3511900771812455,1,3
-1.1379992768515743,0.4459944618163595,2,0
1.936058644018568,-0.2683974275655982,2,3
-1.9641115579741903,1.8577397012562504,0,1
-0.5910477674097346,-0.4929262550964272,1,3
-0.9017119537236922,-0.5449484902489234,1,3
-1.7276160672910512,1.5383601622731238,0,1
2.7029053636732265,2.97773951772985,0,2
1.1634123345602705,-0.3475613636211092,2,3
-4.080398043608131,1.5134207369144392,0,-1
-1.181766597904797,-0.4483624462875474,1,3
-1.2756031862024904,-0.5641002124671827,1,3
1.3070134874017243,2.8755650742438696,0,2
1.8639885083368164,-0.2884037108425358,2,3
0.9875278480168412,-0.3252351305147463,2,3
-0.6606977601656516,0.5143956935999715,2,0
0.7233271298507437,-0.3776275318364942,2,3
-0.6849087288427278,0.5146693667121897,2,0
-1.2430661646405352,-0.5496445466108171,1,3
-1.401692705754819,0.5638594177648677,2,0
0.3298899435660616,-0.4241595319489342,2,3
1.6292383254584042,-0.2914381081429273,2,3
1.0085096591057865,-0.3215858227512683,2,3
-0.1285238652318549,-0.4473951547878659,1,3
-0.0857847287183479,-0.4099528509790176,1,3
1.0342226804625547,-0.3295658073301148,2,3
-1.015325782307397,-0.4212825921941938,1,3
-1.621693337824876,0.4666391766058854,2,0
-0.6556461854129816,-0.4512561101990499,1,3
-0.1908817738193151,-0.4601878841824412,1,3
1.1400026255499136,-0.3329501975251965,2,3
-0.509807299548684,-0.3390349373418387,1,3
0.8628961657586292,-0.2489463884032203,2,3
-1.758515662072866,-0.5746520433439765,1,3
-0.3272995795446516,-0.3093410043309924,1,3
1.1482324701401394,-0.3467640530748956,2,3
-0.7084669266620316,0.6766469746162611,2,0
0.6727121560212117,-0.2351327396146471,2,3
0.5947141890131894,-0.3943415256014686,2,3
0.7256682449465832,-0.3999236817752332,2,3
-1.1580543836839376,-0.5612233120124727,1,3
0.8632314322382064,0.6335464616002028,2,0
-1.4844554493863378,1.0268162126064873,0,1
-0.7624645414207976,-0.3801421694890048,1,3
1.303413140177346,-0.3354899353962959,2,3
-2.3629139616023003,-0.640534649703362,1,3
-1.56144225101097,-0.5101355231137493,1,3
-0.2319698463988943,1.1599467142138111,0,1
0.5328171782005109,-0.3675195276841105,2,3
0.1411845640072892,0.5814581916569513,2,0
-0.3276038650949064,-0.4932039876896704,1,3
0.4084742887973897,-0.3616423310062371,2,3
0.9688283392086228,-0.3689927751916423,2,3
-1.47081492729532,1.1656561565641677,0,1
0.9107601129770698,-0.3562348292681658,2,3
1.4583267336714945,-0.3042012749487332,2,3
-0.887044184255749,-0.5198420349701371,1,3
-1.4352572049639074,-0.4896052666171516,1,3
-0.4241648454947861,-0.4488623847971725,1,3
-0.8783385226106422,-0.5544534813888898,1,3
1.0600452588201614,-0.358469717946058,2,3
-0.1624686613397202,-0.4269828718678405,1,3
1.6863174614978087,-0.300272971586374,2,3
-1.5057328170865374,0.9835853242357844,0,1
0.3551945716926017,-0.4076153836104987,2,3
0.3097195294149942,-0.4073848523389474,2,3
-0.4162939566418309,-0.4452546252618939,1,3
-0.7924571500730491,0.58108016373289,2,0
-0.1254588810149796,-0.4044304733545021,1,3
1.0816908869137265,-0.3393584600379464,2,3
-0.9369023800877232,-0.4699493623940845,1,3
0.69824840105318,-0.4009264290029691,2,3
0.2855615268355062,-0.4049469237040508,2,3
-1.1634029371243144,-0.4453746860271184,1,3
1.791432262856142,-0.2719009935256942,2,3
-1.272642361849153,-0.4631478967156913,1,3
-2.632153560880033,1.70809871714041,0,1
-0.0226034711661483,-0.4574496887932081,1,3
-0.3996974766207228,1.0983397121166272,0,1
1.362598594655756,-0.2884119239922046,2,3
-0.3449028897693859,0.4901587706340506,2,0
-1.2560054297999106,-0.4604410745288529,1,3
-1.480796602014356,-0.497014508293835,1,3
-0.6014790223128736,-0.496339902185805,1,3
0.3269401516068435,0.5804892742488234,2,0
-1.6953441681117845,1.3194684064421616,0,1
-0.2882755990535285,-0.3029918183212478,1,3
1.0275921375754091,-0.344315273314924,2,3
-0.5747590145183276,-0.5489939751888168,1,3
-1.2479503336705338,-0.5542153674417586,1,3
-0.3823420108025246,0.5017780461042525,2,0
-0.3655860582535801,0.5526316248635474,2,0
0.8320620800781398,-0.297920536829693,2,3
-0.2271522671719768,-0.4966841047933397,1,3
-0.9375413410602084,0.6069239039490092,2,0
-0.0095609643085446,-0.4325671275738781,1,3
-0.4743233670869373,0.5517577445646017,2,0
0.5163895484144027,-0.3800230734829015,2,3
0.2484497104955954,-0.3565917552029594,1,3
-0.8406307365933816,0.5209360894649177,2,0
0.8768719272414114,-0.3574587490393481,2,3
-0.848030532459368,-0.3940637219901804,1,3
-1.686376293800581,-0.5304622418809716,1,3
0.0502545286946275,0.5402935399259122,2,0
0.1730061592339074,-0.4546890342438164,1,3
0.5881885526162837,-0.3025422740784084,2,3
0.4847006250168769,-0.3149858175735239,2,3
0.7158229853033835,-0.2646999157876006,2,3
0.8964240341877964,-0.3809188330127891,2,3
0.1898509712116532,-0.4567553268833794,1,3
-0.8033292800539289,-0.4882300407738808,1,3
0.5220973522240931,-0.3670522753260918,2,3
1.0535013402292868,-0.3601359262314444,2,3
-0.9257172607580284,-0.4980120069421145,1,3
-1.3681384585171414,-0.5495183499884133,1,3
-0.3232222076044392,-0.4204617116796219,1,3
-1.9053755169082784,1.094953322531525,0,1
-0.279126420396012,0.5366457155372588,2,0
-0.3857160979413877,0.572647325106219,2,0
0.7717533061058333,-0.3747061417997925,2,3
-2.4529760785809755,-0.6551877200957853,1,3
0.6414026485478679,-0.3733464081469348,2,3
-0.8199973100874984,1.2305931048749674,0,1
-0.2168667959999008,0.4883315882308741,2,0
-1.184205717977774,-0.4487592901473621,1,3
-0.583086799493049,-0.3509574826586517,1,3
-0.3302620646374993,-0.3712492258285756,1,3
-1.0289370562195357,0.6245066127792521,2,0
1.1413553255066555,-0.2487487615754034,2,3
-1.130771121969794,-0.4400655027596969,1,3
1.1253727651399086,-0.3462500988211408,2,3
0.6719968215577492,-0.3480234710138685,2,3
-1.4692151448663815,-0.4951302098503919,1,3
0.2424376286825961,-0.4329502678287318,1,3
-0.2596887177832203,-0.4681764947378252,1,3
0.4755751805844792,-0.4052273321378431,2,3
1.383959080632598,-0.3182652622902577,2,3
0.9816642717896552,-0.3290247740829277,2,3
2.39205477433295,2.9608861447811714,0,2
-1.5846283381780704,0.5136204547884947,2,0
0.0429319622385204,-0.3065862202747665,1,3
-0.5208786106852528,-0.3408362352333703,1,3
2.700861278632633,2.9770082513001856,0,2
0.977026160002593,-0.2655175245937519,2,3
-0.217381797423026,-0.3528836515238889,1,3
-0.2326157043494306,-0.4284564549728175,1,3
-3.693782615704915,1.238941060429931,0,9
0.2819653899690414,-0.4297327261253714,2,3
0.6845217934557191,-0.3809969898794427,2,3
0.9148792383225884,-0.3750024077999586,2,3
-0.0038419982274757,0.5169498850250958,2,0
-0.7018305735258781,1.0550314282683686,0,1
1.0235260514539943,-0.319217257145536,2,3
-1.5851905522641194,-0.561541789139199,1,3
-0.8060803889020088,1.1183495384256537,0,1
-0.2020938825881612,-0.3094454963256827,1,3
1.0997245885550713,0.6620949025891739,0,0
0.5537037855794021,-0.3363045326849255,2,3
-1.9964722322592112,1.7387421551226672,0,1
0.9530161851363558,-0.3617391563177146,2,3
-0.6703595232423378,-0.3651567198888808,1,3
0.4272435960577,-0.3426417583974105,2,3
-0.649782768766927,-0.361808890169897,1,3
-1.362686817674325,1.0446672159401935,0,1
-1.310958777766782,-0.4693819622524733,1,3
0.4181755533721027,-0.3854774484709292,2,3
0.0482272750967569,-0.4185453586647603,1,3
0.8755290115094675,-0.2766255673980867,2,3
5.304125511552376,16.667919933750564,2,-1
0.9833841966724114,-0.3633846935713258,2,3
-1.9200033587677217,1.0516225609422796,0,1
-0.0826577982267106,0.5527358078775934,2,0
-1.1544754641122137,-0.4439221897405416,1,3
-0.0012329322950286,-0.4807746642727065,1,3
0.3024403453741145,-0.3885069142644549,2,3
0.6885825955317848,-0.3809646195793081,2,3
-1.3725277687400983,1.4140699801907923,0,1
-0.8499630055438022,0.6536256192044468,2,0
0.6421861244538782,-0.4212944996913054,2,3
-1.401692705754819,0.5638594177648677,2,0
0.0497444345900498,-0.2479960941123502,1,3
1.7752600956283666,-0.264408416434959,2,3
1.2129055610532948,-0.328113475786785,2,3
0.4009826347390408,-0.3959765234652612,2,3
-0.8849714845535362,0.6479297536788476,2,0
1.1998292569940932,-0.3523613708163215,2,3
-1.335167147671637,-0.6059139435377873,1,3
1.2988212566614383,-0.3302072935716112,2,3
0.8329348165018119,-0.2916054282861536,2,3
-0.573671470978176,0.5495965197382318,2,0
1.1329573865052225,-0.3116381089267104,2,3
-2.119494895086788,1.0601161853856758,0,1
1.0278074506691612,-0.2784626613650517,2,3
-0.1596950619633354,-0.4451745059213301,1,3
-0.3758410733718069,-0.464250259617399,1,3
0.8036496184493392,-0.3454268339899214,2,3
1.2914821223103898,-0.324737328196968,2,3
-1.1673741710473031,-0.4869716217695397,1,3
0.6493616294031135,-0.3697291262017461,2,3
-0.4737892969211742,-0.4771870338500423,1,3
-0.2052264208030809,-0.3543852604795403,1,3
-0.5318855896959596,1.2210613187228136,0,1
1.1595833648130174,-0.3308450170569406,2,3
0.9272738780987836,-0.3668797778016622,2,3
-0.9184752062826615,-0.4055250422315027,1,3
-0.0848926904737924,-0.3713406951447636,1,3
0.6448319104449026,-0.402854129721722,2,3
-0.3395568658655311,-0.3113352599104216,2,3
0.1245755314972824,-0.4202149486099701,1,3
-2.132407477598162,0.4040215992225532,2,0
-0.0035634054900637,-0.3697664473672051,1,3
-0.4824566173039497,0.4845182881012174,2,0
0.4634971338100216,-0.2282211224348683,2,3
-0.919021444646912,0.4808645959671465,2,0
-1.6021055050382476,-0.574233157908799,1,3
-2.0958817862283654,0.3751471162468385,2,0
2.006749814661242,-0.2518251631158036,2,3
1.044616172966211,-0.2782217873651018,2,3
0.2634936077235951,-0.4233397761404366,2,3
0.9143988911826848,-0.3509999966606349,2,3
-0.0990473913280798,-0.4758714367745335,1,3
0.8480127483818451,-0.3482290900420841,2,3
-0.7319836243325877,1.079482142596616,0,1
1.220390944670792,-0.340014002681206,2,3
1.0235884683191092,-0.3106385932025844,2,3
0.4891117364333192,-0.4038152576757365,2,3
-0.6184196574759642,0.5098632525888541,2,0
0.7548413331239197,-0.3802247903251765,2,3
-1.0107813795204983,0.4802459371690425,2,0
1.1732711828389395,-0.3306415274230696,2,3
-1.3826614144777347,0.4087234708658468,2,0
-1.169256091673518,0.495820434063821,2,0
-0.632812847229643,-0.4959567223695337,1,3
1.7043628731432965,-0.2165591328417002,2,3
0.634861159769587,-0.3939082712758421,2,3
-0.9074623008258416,-0.4242086557068507,1,3
0.3944507667474178,-0.334775170460008,2,3
1.6613577550518717,-0.309627006004798,2,3
-1.235628666806472,0.480468066912085,2,0
1.7112869232822596,-0.2292005914169392,2,3
-0.6516512198537424,-0.5074479948898979,1,3
-0.7952881862307979,-0.4535003990656457,1,3
-0.3763043580598947,-0.397309244213137,1,3
-1.0053349534058886,0.6283466654622184,2,0
1.289079608280982,-0.3044401372277863,2,3
1.851896424922567,-0.2947280924990429,2,3
0.660893693324152,-0.3313622576045662,2,3
0.9918684943723176,-0.3570351298656447,2,3
2.234497326342894,-0.2192119470492475,2,3
-1.010246779050741,-0.5527157433146156,1,3
-1.0021453017410664,1.075883164190022,0,1
-1.211992030957463,-0.5607335732678305,1,3
0.7634008699660975,-0.3549913378992718,2,3
1.2572645349421057,-0.304013620783888,2,3
1.0380910089276305,-0.3565783879028264,2,3
-0.2737801244028339,-0.3806285924240847,1,3
-1.496709451772697,0.5484002312104516,2,0
-0.0220624131439113,-0.4414293525820038,1,3
-0.541914740032664,-0.3442588050602014,1,3
0.961767686511537,-0.3227945262919264,2,3
0.6352956255305432,-0.3093855606862777,2,3
-0.824740754801066,0.4876126313310602,2,0
1.4457501929691536,-0.2678832619066894,2,3
-0.813225716734268,0.5324616653928301,2,0
-0.4359955485193905,-0.3270257949864979,1,3
-0.8068314085041497,-0.5178921793939463,1,3
-0.3369842690630148,-0.3843202721254317,1,3
0.919533138459358,-0.3619119996965393,2,3
1.4884438958596846,-0.299721773333049,2,3
1.5094350308708837,6.401510144033513,2,-1
-1.497024734788018,-0.499654819002125,1,3
-0.1912323904409246,-0.4699421114647255,1,3
-1.7296703610136956,-0.5904343331907819,1,3
-0.843472416692584,-0.5216371345752501,1,3
0.4454722958235011,-0.3858370513117465,2,3
-0.685839731135051,-0.3676753435183363,1,3
1.4289503162278612,-0.3158407632557424,2,3
-1.1697403473048296,0.4154200542111147,2,0
-0.2744602003532256,-0.3007440584811935,1,3
-0.0508984292392155,-0.4505485672368629,1,3
0.3957993329240941,-0.3497857628008536,2,3
0.4152649764526118,-0.3877787834097996,2,3
0.4093312798172663,-0.4048450384888346,2,3
0.9330635518150634,-0.3312735982826299,2,3
-1.4408335636204923,0.5574912158530543,2,0
-2.5088411784232165,0.9558188833185782,0,1
0.4285392444717442,-0.2905342114852676,2,3
-2.1375598544255343,0.9752753885856604,0,1
0.2828093958312412,3.771671316827989,2,5
0.4607711009701706,-0.4156642058520763,2,3
-2.159948664028308,1.0535343733672076,0,1
1.2380080269059823,-0.3059113749899068,2,3
1.3881107600559035,-0.335177272886896,2,3
-0.0761774782355358,-0.2889589477252679,1,3
0.6137565829588145,-0.3636854563038829,2,3
1.5667218198201958,-0.3205669367891063,2,3
-0.2488622030944318,-0.3745364229938102,1,3
-3.3708776164084915,1.5674332001337457,0,1
-0.9041746689425983,1.0362028445410691,0,1
0.4206203832826183,-0.4195104283144574,2,3
0.6825364106713766,-0.3843090383422895,2,3
0.1691519997783473,-0.3318545627116888,1,3
0.8865887756857252,-0.3471114579205108,2,3
1.2797823768485892,-0.3190714356130141,2,3
1.2551619852194544,-0.3078247937332537,2,3
1.4584295133459957,-0.3163620168293702,2,3
-0.8499630055438022,0.6536256192044468,2,0
-0.446929874947862,-0.4419019945267688,1,3
0.6103171827159581,0.6200837021951461,2,0
-0.8857815373616051,0.4544923029076783,2,0
-0.8966717368009673,-0.4429284440442022,1,3
1.12504214079014,-0.298144984742843,2,3
-0.6354560258057954,1.149171404902568,0,1
-1.192904846040162,-0.5116008611604668,1,3
-0.4396140410829441,0.5238270917583128,2,0
0.6033791012640478,-0.3836074421546832,2,3
-0.0120650973689034,-0.3055949071427352,1,3
1.2180530113492172,-0.2825154293515659,2,3
0.8631614470308281,-0.3652198108342098,2,3
0.8888040917540457,-0.2623098822440996,2,3
1.5590651899604382,-0.3086653393715688,2,3
-0.4700186316612673,-0.447524816272637,1,3
-0.7900713813384423,-0.4255846088685357,1,3
-0.048804487702418,-0.4687263009139511,1,3
-0.7170882900218739,-0.3727594715445387,1,3
1.3020803061971369,-0.315094708590157,2,3
1.3092729505631582,-0.3311456073160148,2,3
0.1446307607043227,-0.3869254853852518,1,3
-0.719999700473871,0.4780565814144688,2,0
0.9539485130750314,-0.3201376696720204,2,3
0.3360241587583177,-0.4010510596878529,2,3
-0.4075608270719966,-0.479204487865863,1,3
-0.5117209529309263,-0.3598216967675026,1,3
1.3903856903475,-0.29555642274343,2,3
0.4619247139422539,-0.4057719940148075,2,3
0.1105400734398956,-0.2910328318991208,1,3
1.2997780444713205,-0.3171447317863216,2,3
-0.4014300179669328,-0.5046832106978671,1,3
1.3249132351296078,-0.3475747193259388,2,3
-2.140310117489067,-0.6247925021313042,1,3
0.9859641367260517,-0.3459834728001605,2,3
-0.8472064329080862,-0.3939296413229654,1,3
-0.825259199325951,-0.3903588352017398,1,3
-0.4476416564247945,-0.3903468384407731,1,3
0.5931447857393648,-0.3884855478374036,2,3
-2.3274024044966684,2.5522004537814684,0,-1
0.2464976931182996,-0.4214791750500972,1,3
0.1540312656703081,-0.396074712730091,1,3
-1.6544079253656436,0.984249617411292,0,1
2.20851622753262,2.9674806610315407,0,2
0.8584121343955958,-0.3453011690696602,2,3
1.1161412056749906,-0.3580619941318659,2,3
1.1315188934735825,-0.3513784243847906,2,3
-1.51437335253955,0.4440871269621784,2,0
-1.2965213037459609,0.4030395019697601,2,0
0.6761329877063982,-0.3127435684574609,2,3
0.0507835908187145,-0.4168037221145862,1,3
-0.9140546924107384,0.6431979273986597,2,0
0.780686275762843,-0.3807388935823582,2,3
-1.5990323838459544,0.5317523311085295,2,0
0.2434856767254883,-0.3910780491596609,1,3
1.4429728754728537,-0.3254130180568501,2,3
0.6425529110431907,-0.380319208678699,2,3
0.7253115158108131,-0.3772417363515034,2,3
0.7659423318894067,-0.373148865099256,2,3
-0.712904049419593,-0.5117246495231441,1,3
0.7622220361112257,-0.3812989009808875,2,3
-0.6260923604859732,-0.5037176988113105,1,3
0.9033133927530408,-0.3728433368234549,2,3
-1.8351620812621996,0.371419520382337,2,0
-1.0302658790492276,0.6038150050504575,2,0
-0.1521594210985128,-0.4768313188130601,1,3
1.5887783934851945,-0.2966987767951083,2,3
-0.7278925346408969,-0.3745173178205372,1,3
0.911296586479399,-0.3348286594592118,2,3
-0.5106062480671232,1.1026088556423106,0,1
1.58721927819603,-0.2902452655901576,2,3
1.3878797989357865,-0.3259713456360151,2,3
-0.9551892903203628,-0.411498409012623,1,3
0.1483412993653447,-0.3988238274444127,1,3
0.8433835352447784,-0.3298220735657783,2,3
-1.225567735629696,-0.4554888738675602,1,3
0.3718812705583187,-0.3900977877527894,2,3
1.667610922845865,-0.3114064333428202,2,3
0.3224066823553174,-0.46284351674664,2,3
0.4723400380486338,-0.3516851774498902,2,3
0.1761640615641092,-0.4061354105530407,1,3
0.5035270916515063,-0.4232215368459244,2,3
1.0198273188038276,-0.2809880934765535,2,3
-0.0635332277557073,-0.4510491600826583,1,3
1.1347753219509356,-0.3371551271229401,2,3
0.3947786912489195,-0.4118468044514894,2,3
0.3194379635492174,-0.3792757686091002,2,3
-1.2534650541029893,-0.4600277564195417,1,3
-0.0555617659246342,-0.43791708363871,1,3
0.6010898407762354,-0.3803903504449313,2,3
-0.5671151164492952,1.0694014304711223,0,1
1.2429402439441988,-0.3557087239602118,2,3
0.8586990962517456,-0.342699247695496,2,3
-0.2737124958513565,-0.4328819101757706,1,3
0.2403698849893941,0.578347476689944,2,0
0.8880951694676585,-0.3477862438263745,2,3
0.8864388676400115,-0.3675547310569393,2,3
-1.0804809325002098,-0.5578018952608838,1,3
-0.806314897477413,-0.4402047687710435,1,3
-0.0455254805421689,-0.4300521753277539,1,3
-0.792895943702975,0.4679919635570381,2,0
0.2110693104596361,0.6370950388570282,2,0
-1.2184657904362397,0.440107953194388,2,0
-0.2357095232639465,-0.3763409739701878,1,3
-0.5384275450276218,1.0625967760806172,0,1
-0.7516739149279454,-0.500301142324881,1,3
0.5437300012842256,-0.3844139128722849,2,3
-0.3576193436300263,0.5766336907193433,2,0
1.022103948906783,-0.3602874863440763,2,3
-0.795543275585173,1.772775118370801,0,1
0.6316421842758563,-0.4010404528201912,2,3
-0.3138042461120827,-0.5217850971226713,1,3
0.971841908007836,-0.3483612658411781,2,3
-1.4775803709480386,-0.564509064487416,1,3
0.7111447447365283,-0.3218209050128912,2,3
1.209157976004594,-0.3222841784145294,2,3
-0.5672659011091928,-0.5165749707209585,1,3
0.7464795781099457,-0.3436303557647914,2,3
-1.8391927338649408,1.439242897395117,0,1
0.5003881660719863,-0.3523203061942012,2,3
-0.8685873159206083,-0.3974083024331504,1,3
0.4393738505646859,-0.403089592767886,2,3
-1.8123893395824169,1.6938076669509252,0,1
-0.5407420935713485,-0.4795069040102741,1,3
-0.9941035828668656,-0.4178297488376715,1,3
0.3320792626049684,-0.3557854949163633,2,3
1.1000921018491734,-0.3553082493376317,2,3
1.463656726888953,-0.2994100316777008,2,3
1.0831207934672518,-0.3513045401981581,2,3
-0.2587357231315302,-0.2981856923296614,1,3
0.4394786360559762,-0.3956073215595214,2,3
0.9039782055631552,-0.3259357284909256,2,3
-0.845762119679115,-0.5183379422837189,1,3
-1.982867993328126,-0.6361830623844728,1,3
1.667369811675255,-0.2350387122275429,2,3
-0.8060616243097158,-0.444717137065818,1,3
-1.0084115570743972,-0.4406330593017953,1,3
-1.4721478513119208,0.5523963937766452,2,0
-1.310392997669534,-0.4692899100570584,1,3
0.1187147023363156,-0.4639979235225953,1,3
0.2995001157759076,-0.3526960532035963,2,3
0.0365595448168181,-0.2501412704022797,1,3
-3.970347616625182,1.510850488559713,0,1
1.0680423989297618,-0.2879264988258978,2,3
1.0846902107851315,-0.3506970225289071,2,3
-1.180328004828682,-0.505610127406701,1,3
-0.3844865864482057,1.1373030984828512,0,1
1.4988284521439097,-0.298106351578486,2,3
0.6279146581101245,-0.3948440395974649,2,3
-0.8058774395418283,0.5927804874502836,2,0
-0.1647056013458505,0.5656217169892773,2,0
1.3232667075611966,-0.3369985794263931,2,3
-2.02577567277943,1.510325122560353,0,1
-0.2823588314953856,-0.4923873223937383,1,3
-0.335153171887944,-0.4195874339358371,1,3
0.2674218103338428,-0.4275074442469589,2,3
0.9864720900992822,-0.317333879451361,2,3
0.6774773103150977,-0.3731144231509612,2,3
0.0588212241925494,5.527848079442286,2,-1
-1.2743477609078389,1.437825119265511,0,1
0.5672193574329192,-0.3791768544850998,2,3
-0.2147242279367269,-0.4722042115733267,1,3
2.051683110191405,-0.2560777246626273,2,3
-1.3718782963408436,-0.4792935435464111,1,3
-1.7434993232248346,-0.6105894124688243,1,3
-0.983012321367785,-0.4569760226024558,1,3
0.8222769975745832,-0.3733225859735894,2,3
-0.8617115996773055,0.4343359501657686,2,0
0.4093725675347792,-0.4085273133507203,2,3
0.0296566641513774,-0.4521398309714298,1,3
-2.21644738721818,0.9188424783752204,0,1
-2.806143364979232,0.3353558575257317,2,0
-0.7726653563189789,-0.4892552991087713,1,3
-0.3198346691193894,0.5122922249870926,2,0
0.0554455060493203,-0.4771794632092753,1,3
-2.655984090178254,1.6223198644151866,0,1
-0.344701331694187,-0.3121722624420917,1,3
1.63938735515894,-0.2929251973517551,2,3
1.1449912059748233,-0.2907700197097468,2,3
0.4359802936545878,-0.340306627203948,2,3
-1.093543097346138,-0.539032684602743,1,3
-1.9537755540231208,-0.6781358758734455,1,3
0.2920699029408476,-0.350479517558732,2,3
-0.0564341097070028,-0.411456533270312,1,3
0.0365595448168181,-0.2501412704022797,1,3
0.1352153125976194,-0.4543690345975062,1,3
-0.2096920777838927,-0.4359695394458882,1,3
-0.9066480213526932,-0.4511431908911421,1,3
1.686150412113052,-0.2710827050622779,2,3
0.4418878651166632,-0.3839639939378932,2,3
-3.452921157581267,0.1976726143763758,2,0
1.1871481707850784,-0.343997427768424,2,3
-0.8778969645032374,0.5281347756598443,2,0
0.3008856414141349,-0.4208314554692869,2,3
-0.8849714845535362,0.6479297536788476,2,0
0.7488243901038932,-0.3945590529049218,2,3
-1.0705408211503489,0.4534764364688556,2,0
-1.4543645260645544,-0.492714020114082,1,3
-1.0599173781898512,1.0933905810487743,0,1
-0.3837630465804824,-0.4977190299427397,1,3
-0.5302552292386519,0.6851665376862109,2,0
0.7246285272486948,-0.3721608960339876,2,3
1.3163576485515012,-0.3070977498996528,2,3
1.4344800137705611,-0.291737854714068,2,3
0.9107601129770698,-0.3562348292681658,2,3
-0.945474782217118,0.5051625454334604,2,0
1.4592605425890306,-0.329732058842925,2,3
1.2176758718546643,-0.3324498679325446,2,3
0.1711112249572997,-0.3119422384595702,1,3
0.9378328498469908,-0.3534668101643136,2,3
-0.0003634492941038,-0.4474769053021,1,3
-0.94254895381906,-0.4094418313221234,1,3
-0.6852423100756629,-0.4864861093464706,1,3
-1.825110778706191,0.3707638108262746,2,0
-1.1076187338664942,-0.5966802434971692,1,3
1.354340987907786,-0.3152450277005271,2,3
1.2493615656420165,-0.3397509496967445,2,3
1.3265815877684917,-0.3124091388219611,2,3
1.0033749815254216,-0.3262784527182733,2,3
-1.0357676877409774,-0.4954417585873881,1,3
0.0408157181581249,-0.2969912196177153,1,3
0.8560743297761957,-0.3541955235400011,2,3
-1.5729555232206365,-0.5120087278950151,1,3
1.5352251115733302,-0.2652340081831696,2,3
-0.365500963236709,-0.3155563541707061,1,3
-0.5996134154109432,0.9958273236871482,0,1
-1.1932076813657844,-0.4706993147744474,1,3
0.1403195120010966,-0.3994982026375807,1,3
-1.3311719820824954,-0.5545722776505818,1,3
1.408138022313168,-0.3306519312038286,2,3
0.762075715178372,-0.2844973904628177,2,3
-0.8356960278013121,1.089322395300562,0,1
-1.7542324454595355,-0.6095202463030376,1,3
0.0400869862970828,-0.249567357085011,1,3
-2.206181832363185,1.354233924431248,0,1
0.4971411499996718,-0.382842462536605,2,3
0.4377164577756343,-0.392009479221876,2,3
-0.2225839259663039,0.5141048298108212,2,0
-0.0196309210447419,-0.4887890994428561,1,3
-0.3665919954047703,-0.490015479740393,1,3
0.1275017113174504,-0.4413418781793266,1,3
0.9315183455294886,-0.2818122511268354,2,3
-1.2614753477805285,-0.4613310279954115,1,3
0.5127280711602002,-0.3646710605973333,2,3
0.8684049895186959,-0.3556484318458219,2,3
0.5055410972981831,-0.3392142605251476,2,3
0.1811099655788876,-0.4000006598666689,1,3
0.4500297651293947,2.7963031906746862,0,2
0.2765097583570629,-0.3562201656110536,2,3
0.1670823191089228,-0.3188397620059877,1,3
-0.7263616664478796,-0.3742682461781383,1,3
-1.5218535643947582,1.03185261539414,0,1
0.484441982195869,-0.4158860834009949,2,3
0.3460717543901652,-0.3853604770415032,2,3
-1.1906428617303482,-0.4498066108599649,1,3
0.0941280274334999,-0.353872090323559,1,3
-0.8850827624688764,-0.420567513771755,1,3
-0.9140546924107384,0.6431979273986597,2,0
-0.9787841265365758,0.4895702985298429,2,0
0.6751306591188683,-0.4129375188245769,2,3
-1.5797909260313554,-0.5131208451970074,1,3
-0.9254856995383453,-0.5197628356847549,1,3
-0.3964642798839795,-0.4144730548701426,1,3
1.501676545880314,-0.3237362970513522,2,3
-1.3480538963646975,1.4354585171453722,0,1
1.0197059945005174,-0.3085790331249258,2,3
-1.4333645799595631,-0.4892973372863133,1,3
1.429191962256157,-0.2710291132248985,2,3
-0.8290850154537905,-0.44390945785392,1,3
0.9835071356713676,0.6973851351634134,0,0
-0.6218994576813953,-0.4772168421510722,1,3
-1.6577164014201236,2.0194478450190103,0,1
-0.5234489431779739,0.4900178923023761,2,0
0.3711524498051165,-0.3720173914467667,2,3
0.7465476478770326,-0.3904484086630735,2,3
-1.382723819522102,1.8549729883104609,0,1
-2.6429112323015835,1.8794025664201863,0,1
0.8999510351609045,-0.3752765085007141,2,3
0.287003003092706,-0.3605785837048385,2,3
-0.0291728159441233,-0.3387930476171905,1,3
-1.286390550503399,-0.4653847215081474,1,3
2.006751166426624,-0.2518249431841169,2,3
0.5695983993432615,-0.4076346087103432,2,3
0.5658542254784467,-0.3956495268971573,2,3
1.1439274037651577,-0.3132436280646668,2,3
-1.0697211360399872,-0.4301326944791883,1,3
0.1734575056335705,-0.4210031782626222,1,3
-0.8047720418079607,-0.4345680097867548,1,3
0.1563606355369389,-0.3301188276333352,1,3
0.5465103136517723,-0.3576711984546803,2,3
-0.2334241658925754,-0.4553424163877751,1,3
0.9598194702632464,-0.3447240691523474,2,3
1.1234432135651822,-0.3137084401995162,2,3
-0.772307407584077,-0.4636452350195932,1,3
1.660095875031322,-0.3164044586700056,2,3
1.340668588737906,-0.3824092068894884,2,3
0.418037659283033,-0.3213246893885138,2,3
0.2613048276823584,0.6371517561465049,2,0
-0.0972452493822785,-0.447768699985224,1,3
1.841064794700735,2.879733478029016,0,2
-0.9621656445988414,-0.4126334590620154,1,3
-0.4294487019013564,-0.4642697085728813,1,3
0.0090009865718648,-0.3303930527181402,1,3
0.3525842730640484,-0.2806258087241696,2,3
1.0679916986986542,-0.3143901076520222,2,3
-0.5936899145110929,-0.3526826052290566,1,3
0.9158511057672888,-0.3029497522022912,2,3
0.9573625294175152,-0.3660933445079581,2,3
0.0014340986433542,-0.4733470195897183,1,3
0.7189380470906905,-0.3174052988258164,2,3
1.6670083443076198,-0.287741757881092,2,3
0.7089810915887201,-0.3662979469458827,2,3
1.20209327866133,-0.3260555216005833,2,3
1.372376933243025,-0.2726406930207399,2,3
-0.0007526758235414,-0.3603798351282793,1,3
0.0983508309621594,-0.4309119493026848,1,3
0.9844842728285776,-0.3755923172327579,2,3
-0.2648287026623571,-0.2991770176611096,1,3
1.0627752891549194,-0.3328564061193644,2,3
0.673796870154781,-0.3654343620183067,2,3
-2.3803883809201927,1.95131828317642,0,1
-0.9754280835566542,-0.5098761064030043,1,3
-0.0873807673048077,-0.4680986743575773,1,3
-0.6283013014107426,-0.3583138640272487,1,3
-0.0521814741849613,-0.4123948252351395,1,3
0.5426820771583148,-0.3663802796728542,2,3
1.1002281888948082,-0.3505841453341968,2,3
-2.01869041325064,-0.5845296161339096,1,3
1.290179869482517,-0.3182195334920161,2,3
0.0508200945931117,-0.3440645093639224,1,3
-0.2505870639935029,0.5549648464663359,2,0
0.5199139232716571,-0.3930309509568346,2,3
0.3264337845827979,-0.4180082569573795,2,3
0.4603954959644837,-0.3817944556465337,2,3
-0.8397779246476942,-0.5301979476664865,1,3
1.2762713613630423,-0.2958752448720809,2,3
1.6935057205644262,-0.3014249798435283,2,3
-0.3712539799903669,-0.3164923676943512,1,3
-0.7475339064891686,1.5584357628561634,0,1
-0.2101513562377018,-0.3107564440641172,1,3
-0.1413494795129594,-0.4331350040454201,1,3
1.796375411493894,-0.2900692346866704,2,3
-1.6543179366784166,0.344826132970531,2,0
0.2865289773428052,-0.3754966966652331,2,3
1.598856582686445,-0.3017739176041175,2,3
-1.6631030434912584,1.4719735488764536,0,1
0.5641202650884055,-0.4007446078724926,2,3
-1.1791336682424645,-0.447934069685101,1,3
0.8887945603536067,-0.3413606794748556,2,3
1.2285543968843504,-0.3503730903489487,2,3
-0.0490960106689196,-0.4532863750367568,1,3
-0.1322667194969778,-0.4250254704341207,1,3
1.5845542933001582,2.9305960178296946,0,2
-2.6961266321311976,-0.6947482178572554,2,3
-0.4907922481619193,0.4947032013623562,2,0
0.7864580908151642,-0.3704244336308632,2,3
0.9186887660239316,-0.3456349743213373,2,3
1.6616834529499591,-0.2332639224091073,2,3
1.2067004809294837,-0.3296778990316479,2,3
-1.484526962198944,0.3759392824027308,2,0
0.7128358731239349,-0.3804709096832084,2,3
0.4302750068773128,-0.4189033951114767,2,3
-1.214059536720305,-0.5336116765380942,1,3
-0.398979784095983,-0.4909330217051739,1,3
-0.1403263171665117,-0.3643014483749931,1,3
-0.77592215172926,0.4905920006336319,2,0
0.6071367620210812,-0.4160254372470506,2,3
1.1406491924360258,-0.3363530184103985,2,3
1.643172333373638,-0.2811045885739319,2,3
0.3759334928032958,0.5840506257487439,2,0
-0.7103685076507152,-0.3716661656417953,1,3
-1.4894817045920568,1.4666946242543104,0,1
0.9575736668932268,-0.346062382253404,2,3
1.346353448253532,-0.3073666106703849,2,3
-0.9668053526356184,1.4547293661576863,0,1
0.8478037253419777,-0.3222646945087221,2,3
-1.4382379349403356,-0.5737827027643482,1,3
0.7207229377113171,-0.3662395765736536,2,3
-1.1718660674631476,-0.5661824413912833,1,3
1.1614131896165665,-0.3485999797851173,2,3
0.7644586442548758,-0.3606510413654548,2,3
-0.9082005460747596,0.6441503946648794,2,0
1.2792822146413152,-0.3294978495551511,2,3
-4.374779820215244,1.1281430877696148,0,-1
-0.9911205853627888,-0.5027253353496051,1,3
-0.3285832647848032,-0.3505006769781879,1,3
1.27069454107935,-0.2724703548534934,2,3
0.1920761581586184,-0.4394372434137731,1,3
0.8585605064754067,-0.3679329178103316,2,3
1.906192974286207,-0.24975108486588,2,3
1.55193547585172,-0.2982375560492389,2,3
-0.1012436910473046,0.5437364617575309,2,0
-0.402878987004622,-0.4274940714785465,1,3
0.610120069113144,-0.3869341337619853,2,3
-0.5424755574186684,-0.3853008673967961,1,3
1.0603272722487926,-0.3616938430693414,2,3
-1.095948164772233,-0.5590431117038369,1,3
1.75473133807548,-0.3070320238755871,2,3
1.2252724079349324,-0.3294638948321674,2,3
0.5211547016713134,-0.3910953999764998,2,3
-2.270117351095553,1.301691141799776,0,1
-0.0669052523588231,-0.3244566911363795,1,3
1.3099011105859533,-0.3069414211099233,2,3
0.7889137788134778,-0.3727304764088346,2,3
-1.2142938648837054,-0.4946054371809468,1,3
0.8362017887201407,0.6793624245454999,2,0
-0.134497239855093,-0.3616646133897173,1,3
-0.3455434693259535,-0.3123092778977832,1,3
-0.4196300241776622,-0.3719055576399437,1,3
-0.574753702782092,0.6303842269326927,2,0
-0.2047530772210679,-0.4251415242275177,1,3
0.3032108332739162,-0.3204896898528384,2,3
-0.3813212427830368,-0.3386057161082754,1,3
-0.8119304706563675,-0.4876594031315503,1,3
1.3331967521543395,-0.3027246126595508,2,3
0.1624675415655765,-0.4492099572516242,1,3
0.8815812459806165,-0.3674892328089389,2,3
1.7309584554731003,-0.2792880976736799,2,3
2.00750826793482,-0.2664455548923788,2,3
0.7475306681788738,-0.3588325518556847,2,3
2.331076962670363,2.907752646840202,0,2
0.8023997616023282,-0.3714240274898311,2,3
-1.61708215521082,1.141858537113828,0,1
0.7507222920262688,-0.3282968495021125,2,3
-1.6565365260330114,-0.5665581411784312,1,3
-0.9823505200042376,-0.5396789706716304,1,3
0.1529707872530581,-0.4315120953238788,1,3
0.0996307290226967,-0.4320589834348243,1,3
1.2053116608041594,-0.3519251852745506,2,3
0.6810646679735357,-0.3536163074931855,2,3
-1.0548947624719711,-0.4852021890696753,1,3
0.4731087460115377,0.5821773016343811,2,0
-0.0161658307759598,0.5219267608287965,2,0
0.29169721604564,-0.4270075861374108,2,3
0.5639211182788684,-0.3650833438851716,2,3
1.1017451486563958,-0.3303199179172791,2,3
0.2864774394302102,-0.3886025536933835,2,3
-0.2891231458455043,1.1500967151824515,0,1
1.1277101203064626,-0.3246588876270593,2,3
-0.5311774693808167,-0.4483681832201638,1,3
-0.1532198821676151,-0.3899869605022806,1,3
0.6679923382413387,-0.3682439558207245,2,3
1.0675511069110943,-0.348059468527687,2,3
0.5587994316177435,-0.397947866891065,2,3
-0.4532079467082216,-0.4828949432593376,1,3
0.5363498025121597,-0.4139992873670804,2,3
0.5085362841587242,-0.4112232391932682,2,3
-0.94061197007371,-0.5354584214263333,1,3
-1.5572801618965797,1.5216436444779369,0,1
-0.3470893874173435,-0.3125607981526249,1,3
-1.0250465015231882,-0.4936974258800329,1,3
-0.4155916902406236,0.4951435142837865,2,0
1.2527288620107078,-0.3448251447772991,2,3
0.6072739553675178,-0.3887591566676782,2,3
0.4680728085338269,-0.305852821276812,2,3
-0.7111997132597946,-0.4332276288202399,1,3
0.660832470028927,-0.2448157399881495,2,3
-0.1130709105206693,-0.4788919599597596,1,3
-2.4758850367589003,-0.6589149984238941,1,3
1.333972475624116,-0.320148372652748,2,3
-0.9391520992965412,0.4505972074358947,2,0
-1.9848932307252252,-0.6199816456338999,1,3
0.8763077879013034,-0.3761637168831299,2,3
1.414446169831138,-0.2804247026824134,2,3
-0.1307578753195261,-0.4614107411148558,1,3
1.393473352372259,-0.3361758276932177,2,3
-0.6860635453073718,-0.5031506460546823,1,3
-2.839495744752812,2.4259369462674365,0,1
0.7464192261932706,-0.3620721944050066,2,3
0.1601351581017888,0.5432834998390351,2,0
-0.6239583209919474,0.6254909807151269,2,0
-0.7083347065802263,-0.4880541005112714,1,3
-2.1822258679195987,-0.6520875867391523,1,3
1.5472533611266004,-0.290969827486242,2,3
1.3984292593768604,-0.2629175637802217,2,3
0.2530923484921474,-0.4257215475939456,1,3
-1.958517966628148,-0.5952149919336943,1,3
0.9895081805604712,-0.357336856979503,2,3
-0.4335133383539239,-0.3841036800228365,1,3
-1.5387488428693818,1.7221919569255495,0,1
-0.0095609643085446,-0.4325671275738781,1,3
-0.5856481675357426,0.5924616562189484,2,0
0.7777055448700918,-0.391185053210892,2,3
0.2218086398626495,0.6029320288762675,2,0
2.006751166426624,-0.2518249431841169,2,3
1.285542723342842,-0.2724344908918421,2,3
-1.3323543600133694,1.4661936062745666,0,1
1.2559881002711943,-0.330233043554706,2,3
-1.0666267445644917,-0.4296292382244027,1,3
-0.4165748977484182,-0.4557879647412013,1,3
-0.3458804709777064,-0.3123641079316661,1,3
-0.8255751306459593,-0.5289915778909439,1,3
0.8070538807734817,-0.3898116813958012,2,3
-1.31931509087652,0.4211975959480166,2,0
0.0033992138132433,-0.4503339045941115,1,3
1.621223069418092,-0.3203377102094034,2,3
0.4942503419059242,-0.4511021184319749,2,3
1.617482061451754,-0.28136897600475,2,3
1.4620977621401106,-0.3280730866492855,2,3
0.7100637887353725,-0.2885754171607121,2,3
0.8871825088306917,-0.3291610383573374,2,3
-0.365500963236709,-0.3155563541707061,1,3
-0.2581713627681243,-0.4423307203690361,1,3
0.3453696981376788,-0.4211169812709427,2,3
-1.009576319399905,-0.5307570604160071,1,3
-2.2371449213299117,-0.6200720771798313,1,3
-0.1730313109021227,4.597541788793423,2,-1
0.607141921589225,-0.3784274518278954,2,3
0.3481385227177302,-0.3623129164023503,2,3
0.5350815862442884,-0.3625915143523003,2,3
1.292520210561794,-0.3261097473937923,2,3
1.0017796091073758,-0.3590998174903587,2,3
0.640382696707942,-0.3851178507420855,2,3
-0.2091296998043079,-0.3105902209712385,1,3
0.8273009446413617,-0.3129974657695083,2,3
0.2963127980544424,-0.3957909366879336,2,3
0.1764402317842814,-0.3838938187967249,1,3
-1.7452438774684471,-0.5605153829729473,1,3
0.1807425605980145,-0.4474187101065612,1,3
-0.8015165999722076,-0.3864959237879221,1,3
2.0022425185608435,-0.2848413575094176,2,3
0.438866288402496,-0.3365696867690162,2,3
-1.9752623750746452,0.9315269520676128,0,1
0.2131508474991987,-0.3759356852542827,1,3
-0.031085068389917,-0.4489562247026873,1,3
-0.0957374145450106,-0.3860203230070166,1,3
0.1626250416970785,-0.4201291785829804,1,3
-0.3462495005980485,-0.4898504440769529,1,3
-0.3428220031660106,-0.4307744624380329,1,3
1.029748331003405,-0.3457717850567505,2,3
-0.0770765750922423,-0.4680212414509438,1,3
0.2539860730975657,-0.3732757624093119,2,3
1.519272634255385,-0.234577725620743,2,3
1.015366464120577,-0.3110662850246738,2,3
-0.6247813955502912,0.5669521342074928,2,0
-2.348342098149765,-0.6381638133508328,1,3
0.8826560832197894,-0.2828765818169756,2,3
0.6670773938476255,-0.378007579545152,2,3
0.2322066433152197,-0.3782999298241127,1,3
-0.3460713076100969,-0.3123951569753892,1,3
-0.8997196273924434,1.7974563345798056,0,1
0.2245395220834764,-0.4445257254132398,1,3
1.381453306655262,-0.2921754903704621,2,3
0.6949081911448607,-0.3735519509848198,2,3
-0.1034292889245906,-0.479216951935073,1,3
0.4469792087473186,-0.4184296902456237,2,3
0.0813685785985627,1.1393279550618205,0,1
0.9486967670482832,-0.3507539526076533,2,3
0.8205201932290982,-0.3499221131483488,2,3
-0.6642326965239506,-0.527144181131251,1,3
0.3498889057298006,-0.3747890703544205,2,3
0.5274993020619415,-0.4195713075091185,2,3
-0.3315236489054011,1.1185016634697589,0,1
0.836409003500294,0.6123892173636575,2,0
1.1222189163938017,-0.3434388982261936,2,3
0.9526846790898528,-0.3157691124707933,2,3
-0.5010211978593984,-0.4862034249117263,1,3
-0.9768106140202216,-0.5535975305162856,1,3
1.5326029272999542,-0.2944537751886754,2,3
1.2350266890615549,-0.2864835951878782,2,3
0.3826328202691296,-0.3689153228313895,2,3
-0.0995295870854181,-0.4347888238930094,1,3
0.3704547662296714,-0.3990312446299881,2,3
1.1775293052556612,-0.3452248874332327,2,3
0.8101887641930129,-0.3775167451473923,2,3
0.4420104505885557,-0.259942586199299,2,3
-0.6890689073047156,-0.5272574787649477,1,3
-0.1119892475148853,0.630597478482812,2,0
0.9701306016405546,-0.3434453448910562,2,3
-0.6728382622617559,-0.4230417493723854,1,3
-0.2110851599392069,-0.3109083735526734,1,3
-2.5559997445889677,0.9890970210470884,0,1
-1.811372056882088,-0.6446779839864513,1,3
-0.6761117062721709,-0.463450863104977,1,3
0.071462673882079,-0.4437500127039337,1,3
1.3849523729177236,-0.290483710207138,2,3
0.3937859533501769,-0.4164311965407574,2,3
1.389125822403812,-0.3041022723918433,2,3
-1.0802998346807626,-0.5496875186399227,1,3
2.1293650255981453,2.949021300352765,0,2
0.3365192168515419,-0.3693298998901981,2,3
0.7054674768085559,-0.3792764794802584,2,3
0.7088006243146902,-0.3912624126301978,2,3
0.1563737059113366,-0.4098389964579434,1,3
0.6164087860946673,-0.383795098935106,2,3
0.4089158816541252,-0.386909958802191,2,3
0.8251757262656942,-0.3129339043220827,2,3
0.3815281408225708,-0.3588389575943006,2,3
0.7983300797100588,-0.3688629222219062,2,3
1.1280713600844072,-0.2969484217772616,2,3
1.5707477713787847,-0.2491897774428945,2,3
-1.7114012626510453,-0.5754846118710552,1,3
-0.5135960872454541,-0.502157277772747,1,3
1.0421069613946967,-0.3626772740146562,2,3
2.1658683419486238,3.0102529824468287,0,2
-1.84720686949992,0.423356605903162,2,0
0.007854305114805,-0.3659165904493083,1,3
-0.6430323519262025,-0.4673762872648859,1,3
0.3365192168515419,-0.3693298998901981,2,3
1.9190294113084976,-0.2669645812213886,2,3
0.698664099452708,-0.3476859549922179,2,3
-0.3698018534028712,-0.4467876456643559,1,3
1.3002325359739282,-0.2855597885330295,2,3
-0.1834712815699567,-0.4718463603225816,1,3
-0.7788358249140488,-0.4536390473214415,1,3
2.293599786085745,2.9434545076848715,0,2
-0.3451152403643316,-0.312239605217091,1,3
0.1211836601626543,-0.4328970091912038,1,3
0.8153000617747541,-0.3359846836169952,2,3
-2.361464297050848,1.7930905696164607,0,1
-1.305986839006886,0.4109422974712307,2,0
0.696880456914466,-0.4171176476619756,2,3
0.7268147284107561,-0.3814812255390433,2,3
0.809578814486118,-0.384661130237547,2,3
1.3309100533198226,-0.33281992063062,2,3
-1.4667997442458565,0.4774985127386819,2,0
0.0641621717936942,-0.4108068075190605,1,3
-0.1910781860881778,-0.2871778381271117,1,3
-1.967171297404999,-0.6086002317151371,1,3
0.4456069672852409,-0.4139196148806581,2,3
-1.0267490648089936,-0.5157629359057408,1,3
0.9644017217761902,-0.3501446768685246,2,3
0.1275510544657506,-0.428128149924947,1,3
1.2207860964527086,-0.2883036578065677,2,3
2.1310738478074955,2.9416031874299984,0,2
-0.9715770435138392,-0.5572608657385542,1,3
-0.1993550155165151,-0.4651393895950875,1,3
0.8403936896347494,-0.3359542818572979,2,3
0.837327675627053,-0.3607131978103978,2,3
-0.3461804251803483,-0.3124129103604037,1,3
-0.1457502672140524,-0.4494500012540222,1,3
-0.9463125128506612,-0.4808874374298617,1,3
1.4181790452330891,-0.3083730798209185,2,3
1.5284715994440827,-0.3071206744914457,2,3
0.9634015278414344,-0.3049795397391058,2,3
0.8811425981071623,-0.3776786388923993,2,3
-1.0666267445644917,-0.4296292382244027,1,3
0.7977770303071919,-0.364220241240393,2,3
0.9627591020981436,-0.3579935536275515,2,3
0.674961188271005,-0.4022639897912585,2,3
0.6612279812488245,-0.3997891068499238,2,3
1.0913645716345124,-0.3548017531078355,2,3
-1.0098738168364534,1.1587494556371642,0,1
0.0904666146793522,-0.4176848645001464,1,3
-0.5970709669167096,-0.4741787007026485,1,3
0.0348014778813373,-0.4331056475008259,1,3
-0.7648584072411498,0.4820060199870067,2,0
0.0679797528128163,-0.4342869809278787,1,3
1.0733302465445798,-0.3537921758504085,2,3
-0.7955377041619196,-0.4634803082552677,1,3
-1.3493745609150265,-0.5814885225962151,1,3
-1.1477435602742518,-0.546994793038982,1,3
0.7854339064817901,-0.3484419711274143,2,3
-0.0323805657898243,1.6198863330858877,0,4
0.8869377198025522,-0.3411531461925876,2,3
-1.898206053408644,1.380794219344523,0,1
-0.3452205275427857,-0.3122567353988929,1,3
-2.9591742815462707,1.3379861336443946,0,1
0.7050191150855644,-0.4106588527808744,2,3
-1.1311538870649678,0.4807348793048104,2,0
1.138989293789786,-0.3422509508639972,2,3
1.2544470584969802,-0.329975526166052,2,3
0.8267965444291832,-0.3305378155615728,2,3
-0.4231663080748673,-0.3249384827000297,1,3
0.5345633507883502,-0.4035528123457237,2,3
0.2831509207954638,2.802679116464466,0,2
0.0908445156149889,-0.4534741619629421,1,3
-0.9460018590723652,1.0284363287250444,0,1
-1.4757388800204023,0.4263125595047961,2,0
1.0046306424763536,-0.3530624142124918,2,3
1.1125591512046655,-0.3468151957106485,2,3
-1.0683409305038591,-0.4299081355907748,1,3
-0.4951239576482551,-0.4720848515505201,1,3
0.0407014132857734,-0.380352702382091,1,3
1.4591541688492824,-0.3334653107353673,2,3
-0.2684966412035916,-0.4812716246623569,1,3
-1.2421991776914527,-0.5315983755209394,1,3
-0.119521786546057,0.5131902464805791,2,0
1.3730810875951038,-0.3232243042091668,2,3
1.007755751018933,-0.3526327214034481,2,3
-0.5665426435820998,-0.4671737211078153,1,3
0.7909385893187006,-0.336246562485807,2,3
-0.1084888247595899,0.5526503030209111,2,0
-0.0792043529560828,-0.4411617273049041,1,3
0.0708215274137608,-0.4128576948830898,1,3
0.2417931864289147,-0.4181146539840445,1,3
-2.9206201663002638,0.929773424344206,0,1
-3.280637692424839,0.2581558203279346,2,0
-1.042404599625269,-0.4256883049357264,1,3
0.5560773695929411,-0.227042154564255,2,3
0.4251834740014102,0.5861509975836854,2,0
-1.2065040728177043,1.0657967681697382,0,1
0.5483788715462178,-0.3620274024581574,2,3
-1.2238532110828275,-0.4552099214098832,1,3
0.7404127711779642,-0.3169316820279586,2,3
0.6329596423555224,-0.3607710011443971,2,3
0.6341805820017143,-0.399724573151864,2,3
0.6585333047930699,-0.4061096621025479,2,3
1.1878854677913628,-0.292163981168947,2,3
-0.3484306225647469,-0.477935490054609,1,3
0.8723523267253362,-0.3591107040346226,2,3
0.2927243284418176,-0.4195773741557757,2,3
-2.3925998319641346,0.9627539575445272,0,1
0.8515059210900302,-0.287944700730179,2,3
-0.3521971786890394,0.5405509451617836,2,0
0.3874223645148231,-0.4548182805483847,2,3
1.2217176893842625,-0.3047374989448601,2,3
-0.4046926730819735,-0.3219328296792496,1,3
0.1998349883305529,-0.3015335695033714,1,3
1.828642833562774,2.8925909436984814,0,2
-0.2933024682264582,-0.4746625576713192,1,3
-0.0383767699413429,-0.4639879595123023,1,3
1.8220893173120525,-0.2847129924139297,2,3
1.043422512438331,-0.3106018231130464,2,3
-0.6463170223855474,-0.4730291087521954,1,3
0.245290532563029,-0.4322903435314124,1,3
-1.5199329289385408,-0.5443327905955943,1,3
1.2148428844072006,-0.3300749229741256,2,3
1.2524195454376708,-0.3067541853874689,2,3
0.3594183948764435,1.2401575341377689,0,1
-1.7535310819151566,2.298353153578462,0,1
-1.3300903798631911,-0.5339208926161675,1,3
0.063696907276511,-0.4543921357710638,1,3
0.5732172520059492,-0.3994808692448051,2,3
-0.0743174957676466,-0.309131738108205,1,3
-0.2771309922548065,-0.321654004040971,1,3
-0.1917915372188819,0.514348798928897,2,0
-1.1891594923237545,-0.4495652672511096,1,3
1.902757705943098,-0.2624209257628195,2,3
-0.4080355181647341,0.5483198339761276,2,0
-1.1143807327725226,-0.4783496105685287,1,3
0.6227140933011915,-0.2959483721341432,2,3
-0.9964034822773752,-0.5035848605635602,1,3
0.5791986779546777,-0.3733838468029472,2,3
-0.7595392680636133,-0.4371479683213508,1,3
0.9203801481331796,-0.2786164831411171,2,3
0.8617329483842724,-0.3663435673684664,2,3
1.0048160487517217,-0.355699143828323,2,3
0.6414910697052697,-0.387457328308269,2,3
1.700719963865608,-0.2752708967023198,2,3
-0.7788328323580538,-0.542265772364719,1,3
-2.324842406321478,0.3078070030996447,2,0
-0.1697820654142567,-0.4699449399295666,1,3
-0.3691024262776269,-0.4901801299236321,1,3
0.4964210669525353,0.6038082123082719,2,0
1.604008535347455,-0.3032470969109191,2,3
0.3795124435613956,-0.322657987211738,2,3
-0.953629245040344,-0.4521954078421578,1,3
0.3488113246090482,-0.4425459788042541,2,3
2.4709527291156523,3.0079313893289554,0,2
1.489543804681862,-0.3125158758873014,2,3
-0.5672934651130481,-0.5233890713933539,1,3
1.3086286118587145,-0.2857575016184612,2,3
-0.2848492042230039,-0.4983810508585251,1,3
1.2867464018000605,-0.3129527205758042,2,3
1.224640250135153,2.8751433536332285,0,2
-0.1328712608257437,-0.4498063020426724,1,3
0.3959890888770165,-0.3731600622843876,2,3
-1.533667593962664,-0.5056165975265281,1,3
0.9066842427315756,-0.364750521852033,2,3
-0.2095296989344126,-0.3106553006696396,1,3
-1.886756221748653,-0.5630639759724217,1,3
-0.7079935437801992,1.125848455171883,0,1
-0.5724068966838242,-0.4811417686089609,1,3
0.6218225211457022,-0.3730772465091003,2,3
0.725672146937393,-0.3939623801002883,2,3
1.2681919130248105,-0.3551935136618647,2,3
-0.8449539351190325,-0.4789440798462104,1,3
0.5518078610562362,-0.4018662804727189,2,3
2.006751166426624,-0.2518249431841169,2,3
0.7469648089397357,-0.3204647807277121,2,3
0.9794742692661152,-0.3729061734633601,2,3
-0.7082913607386838,-0.4697607718796874,1,3
1.48916983392777,-0.2705217347201692,2,3
0.8361420207268495,-0.3720736181732331,2,3
0.5785255027723168,0.6666088685134486,2,0
-1.7878503270327462,-0.6339500788128694,1,3
-1.5645424971099304,1.4054985861709648,0,1
-1.7136380920600134,-0.5963239519069427,1,3
1.2108048012476578,-0.3737761693210882,2,3
-0.2695542798563903,-0.454629162128993,1,3
-0.4624701572496382,-0.4559764933777479,1,3
0.3411755028637319,-0.3734530953616307,2,3
0.6858918049168392,-0.3741005046025732,2,3
-0.4310173669413137,-0.5063515629399529,1,3
1.1770524448049338,-0.3675685889873424,2,3
0.6186004741071499,-0.3874485991224475,2,3
-0.2125252783847237,-0.4651103064476364,1,3
-2.2745323030996145,1.621492470083315,0,1
0.2943340789145765,-0.4341434764896052,2,3
0.8357301452645036,-0.3364022952742493,2,3
0.7026880547952534,-0.3676198471910012,2,3
-2.433163877914425,0.9253898948271868,0,1
1.3652370268753942,-0.292858715113632,2,3
0.2643967750089155,-0.409251242800344,2,3
-0.3452103364451324,-0.3122550773113829,1,3
-0.2914530550839056,1.9151171946434573,0,-1
1.652205637751499,-0.2855429043638477,2,3
0.0067995906762216,-0.4486689323082568,1,3
0.7867719045996585,-0.3800244824668656,2,3
1.0754325691870616,-0.3491051609153416,2,3
0.1312028960567279,-0.4555961149326252,1,3
-1.45289943499733,0.4980463637714643,2,0
1.1056499185666866,-0.332323184020767,2,3
0.6052016479052011,-0.4042792510865148,2,3
-0.0717948588141374,-0.4343261926604299,1,3
0.9057882387162024,-0.352470370071133,2,3
0.8635879548808955,-0.3775882208700731,2,3
0.2050687015115957,-0.4458162559071549,1,3
-1.6567014418449506,-0.546109564128883,1,3
0.8668452476581151,-0.384000004427787,2,3
0.6914994755475717,-0.4055370633640261,2,3
-1.5657091676131023,-0.5517805663097445,1,3
0.4797777718071778,-0.2355115818698044,2,3
0.6976442409295459,-0.4036589927453563,2,3
1.0572815307288208,-0.3483901927282654,2,3
0.7484533967621706,-0.3657542698685413,2,3
0.4309323367445011,-0.3737861777720513,2,3
0.5947578453433654,-0.3908538441427053,2,3
-1.1297197691161207,-0.5298289428210751,1,3
0.3199917826085653,-0.3468896173832719,2,3
-0.0830826075195246,-0.4781718537075075,1,3
2.017388253786568,2.9103273156024225,0,2
-0.935167643260448,-0.4762587307490409,1,3
0.3119117167925342,-0.4378244797643439,2,3
0.4968119766538081,2.9347999500912145,0,2
1.3007688382633689,-0.3232098970087819,2,3
-0.226619726080782,-0.4985114025381791,1,3
1.179170613811863,-0.3283585127889395,2,3
1.0691279690663276,-0.3030128030848207,2,3
-0.7859587197803843,-0.5588867316993523,1,3
-0.1292706890312633,-0.3920852623632708,1,3
-0.9813546735755346,0.4665457367270469,2,0
0.8277433226593864,-0.3316805529863963,2,3
0.2032102442579535,0.5588503097966447,2,0
-0.4606438702573395,-0.3310360670697844,1,3
1.1641608805441743,-0.2923542658450792,2,3
0.6477795473720104,-0.3564428970047597,2,3
0.1517483019338396,-0.4274631861410555,1,3
0.8225957856253632,-0.2585830904635645,2,3
0.1647435048063205,-0.4182988186776372,1,3
-0.9302140430548886,0.4785491636763893,2,0
0.4548293482506492,-0.3838394818053571,2,3
-1.062095563921712,0.4645859877129132,2,0
0.5394409104725557,-0.3371050304543071,2,3
-0.8738764100236189,-0.4852468882589013,1,3
-0.9082005460747596,0.6441503946648794,2,0
1.8226890599655283,2.896011728334598,0,2
1.6392468431636509,-0.2502412225012765,2,3
1.4584701867987997,-0.2391781510181601,2,3
1.498675427565226,-0.307891776238885,2,3
-3.3263938191959816,0.8313014582828435,0,1
0.7161590075908482,-0.3198388914287381,2,3
0.921729278039541,-0.3546474776934784,2,3
1.0818348784802472,-0.3511615839522983,2,3
1.1950870744551256,-0.2789709829914326,2,3
0.5526026901389853,0.6067029993036136,2,0
-0.3099231951701131,-0.4862485911303818,1,3
0.8829909932933223,-0.369541514224771,2,3
0.9394990556844056,-0.3697043332326473,2,3
0.3207073879524822,-0.39635364919982,2,3
-0.9905923874254992,-0.4172584787444304,1,3
-0.2619942185218964,-0.3856939005574463,1,3
1.863122484764647,-0.2926254197675277,2,3
-0.1294548156349099,-0.4251647581429983,1,3
-1.6097809012380024,0.4337601269264342,2,0
-0.6791919487043313,-0.3665937519770902,1,3
0.4272299358568719,-0.4236995277724342,2,3
-1.5286680016422691,-0.5577313297558295,1,3
1.6317727632825472,-0.3176778807714146,2,3
1.5488696096574206,-0.2920289843845855,2,3
0.6727316006815887,-0.3629416107745164,2,3
1.1584179460394874,-0.3409445169168738,2,3
0.2342621635989203,-0.3610713092799711,1,3
-0.5252105682306746,-0.3890834699073787,1,3
-0.503720252041125,-0.4692794766359086,1,3
1.3846510816988242,-0.3128601418998479,2,3
0.3446567528005286,-0.3997492872238421,2,3
1.2521093388417923,-0.2772822635611057,2,3
1.2702309986197362,-0.3233189425158492,2,3
-1.6843419086258988,1.393777551993962,0,1
1.7604109676003248,-0.2905106309543612,2,3
0.6897891948287262,-0.2969297657225346,2,3
-0.90849753685105,0.4487442209169271,2,0
0.4201869791902378,-0.3925657439799732,2,3
1.303817795966556,-0.325344729393643,2,3
-0.2694691300292413,1.146474858898063,0,1
-1.7677629001302195,0.4223983084850624,2,0
1.355064119940862,-0.2749248984091408,2,3
-0.2433643904899213,-0.4842021645656244,1,3
-0.9060451755916704,-0.4684081914381724,1,3
0.3479019549956205,-0.3834747718034934,2,3
-3.00301079253922,0.2708728507288371,2,0
-0.2507387514831654,-0.4001706199149558,1,3
1.004545239001586,-0.3624761890004193,2,3
1.0764006461737123,-0.3677573542332345,2,3
0.7958260716895494,-0.367786671661413,2,3
0.6018111279938171,-0.3861043858326518,2,3
-0.030155928310848,-0.4386396180433436,1,3
-2.4529760785809755,-0.6551877200957853,1,3
1.0022350815366483,-0.3013108585977914,2,3
1.150490173231126,-0.3453888372224859,2,3
0.2142231772296819,0.5906086798499638,2,0
0.8400293993711596,-0.3766975222311684,2,3
0.1367258718092048,-0.4488328858136834,1,3
1.06484446461099,-0.3836167327538475,2,3
-2.971969916761931,0.8804680229203237,0,1
1.651914201849525,-0.2656467834285785,2,3
-0.9704928503308354,-0.4139882921023268,1,3
0.6143352261383346,0.659918592760492,2,0
0.8959643336792171,-0.3737673847540451,2,3
1.090794670108747,-0.3502485241114926,2,3
1.2082406668047616,-0.3340882675398912,2,3
-0.3571269342330532,-0.468719652135012,1,3
0.5411633646318208,-0.3917628078565354,2,3
0.5645765772000473,-0.3250008818385295,2,3
-2.5935512713629487,0.9829874026678934,0,1
0.4814155962221945,-0.3650039845876074,2,3
-0.3216161698408682,-0.3084163158465073,1,3
-0.216473807691565,-0.4800759397243881,1,3
0.6011333704178415,-0.3806387488802307,2,3
0.3181673370567555,-0.3945407288174061,2,3
-1.6943807915368905,1.319625147425384,0,1
0.0343893037112384,-0.4651960093192286,1,3
0.7222159604834405,-0.3841600518666194,2,3
0.5061824807379859,-0.4052999581584001,2,3
-0.5688705865521182,0.510248077156212,2,0
-0.5616979712707448,1.071998882523768,0,1
-3.5496124938522,1.5997793334561616,0,1
0.2206619773189198,-0.3734220656259244,1,3
0.1758240679180112,-0.4394226992857752,1,3
-0.2932920672127225,0.4769356148607627,2,0
1.923111474645642,-0.2480248783478603,2,3
0.6069481685157023,-0.4655102236366333,2,3
-0.9238694218249328,1.473495307334754,0,1
0.1702782708381372,-0.3685494943232642,1,3
0.6576904606512359,-0.3899655844302051,2,3
0.2459431533355792,-0.4005832028047131,1,3
0.8487979149601673,-0.304383951787301,2,3
1.703396339787099,-0.2896444223089142,2,3
0.7454508817256977,-0.3938587533090761,2,3
-0.9917044862144676,-0.5425139521051366,1,3
-0.2954146729084577,-0.4747322714235013,1,3
1.12428136055228,-0.3063326510757846,2,3
-0.0628465364929872,-0.403223431695147,1,3
-0.1225967959681563,-0.467227568892533,1,3
0.5830339435055387,-0.2921154167396387,2,3
1.0304995962845669,-0.3808752490040571,2,3
2.006751166426624,-0.2518249431841169,2,3
-0.5482982850277912,-0.4631310794015564,1,3
-0.3358727929072007,-0.4470654646083751,1,3
-0.0142766852699156,0.5317605270188596,2,0
-0.3631394360220152,-0.5147703681595163,1,3
-0.9165899734314248,-0.4527607425158974,1,3
-0.4488589950330096,-0.4978033773702102,1,3
0.0744673924370118,-0.3768970246910205,1,3
-1.3789506719950992,1.1806024341403478,0,1
-0.4591854450738466,-0.4944864364767463,1,3
-1.7712989835270498,0.3912766871351832,2,0
1.229005670282042,-0.3394739555139397,2,3
-1.7007614886019775,-0.565255462431654,1,3
-2.9640298719936222,1.9707144363912357,0,1
1.3882346450650658,-0.3163010156615642,2,3
-0.0738657288356948,-0.4709858075609257,1,3
0.0558325365155631,-0.3903334238684307,1,3
0.5364461184200209,-0.4322806228096673,2,3
-1.29973730937329,1.7124602585363304,0,1
1.091428070534606,-0.3434088348341398,2,3
1.1899979847650843,-0.3557923439377378,2,3
0.760669740889089,-0.3872882893046677,2,3
-0.5947904836631273,1.1395002782023953,0,1
0.6957628208678514,-0.3814950979425988,2,3
0.4750972400813911,-0.3051230994560901,2,3
-0.6531575930755934,-0.4099003996492996,1,3
1.577629288542291,-0.2958439742564114,2,3
-1.7666285523866414,-0.6546242412729503,1,3
0.3348022953945047,2.774549090006435,0,2
0.7255319288253441,-0.3951551393573868,2,3
0.5966580174885203,-0.3692061375503535,2,3
-0.2666701722629194,-0.4830547223451776,1,3
-1.3429249134527574,1.0528912128467327,0,1
0.1259591098909381,-0.394105698090694,1,3
-0.0889965006139586,0.5370059792444729,2,0
0.9778695389651336,-0.3415783567187099,2,3
1.8397376864144452,-0.2653000056071324,2,3
1.1583848474039,-0.3459366394434353,2,3
1.5041308909892728,-0.3057333777360905,2,3
1.8235610723727425,2.978302525697849,0,2
-0.4600663816739783,4.687059654392062,2,-1
0.1901999940986569,-0.3051392128140417,1,3
1.0758987801704911,-0.3588311736806733,2,3
0.456351820863902,-0.3643975100467195,2,3
-1.556842956578823,0.538616534042019,2,0
0.2146117545071788,-0.3673574796266357,1,3
1.1882698758372665,-0.31953262591091,2,3
-1.3402932025237957,1.457252693658012,0,1
-0.6206574235776613,1.475293208565773,0,1
-0.2105251132167596,0.5904821013786566,2,0
0.7399135606597472,-0.3785267258334,2,3
0.5843580821359979,-0.3997943413174041,2,3
-0.986143117842836,0.4714788053726121,2,0
0.3732474076675264,-0.3808283731534061,2,3
0.215263078979522,-0.4408811750417769,1,3
-0.0095609643085446,-0.4325671275738781,1,3
0.4251923492357514,-0.4136173098467161,2,3
0.5624632280579924,-0.3628042656263313,2,3
-0.3930549101871086,-0.43439376057094,1,3
-0.1898005951486852,-0.4185503724131031,1,3
0.1667752945815168,-0.4301903321437962,1,3
-0.986414695931544,-0.4965739520380187,1,3
0.2813728244968678,-0.4100113476842851,2,3
1.0502071309208714,-0.3839730397296541,2,3
0.2137867237292395,-0.3551984290889675,1,3
1.2143798434516109,-0.3215350650135399,2,3
-2.6961266321311976,-0.6947482178572554,2,3
1.794327336144023,-0.269087940704467,2,3
0.8511112178577129,-0.3207677882541324,2,3
0.1648123453425951,-0.4621052173100898,1,3
-0.433151330408289,-0.5275370272125824,1,3
0.684902072628874,-0.3895347136839351,2,3
-0.9198022677972052,-0.4381937097218656,1,3
-0.5030733854319865,-0.4911735195295247,1,3
-0.0586223889782243,-0.431329843609359,1,3
-0.3443118233919744,-0.3121088895971906,1,3
0.9271969975845192,-0.3084191000247386,2,3
1.4551536523361133,-0.310578825639508,2,3
-0.1656798110447754,-0.4682331994881502,1,3
0.5945707824290153,-0.3976177113378858,2,3
1.3541214930725547,-0.293355581471636,2,3
1.3520435544167788,-0.3261431999339479,2,3
-0.1431644224568188,-0.3693167827078131,1,3
0.0896164930844393,-0.3866276250821434,1,3
-2.013382703246182,-0.6041414626263184,1,3
-0.5659367745318452,-0.539083588748308,1,3
0.7217481248877683,-0.3905336735323504,2,3
0.1418034721655802,-0.4054633444487971,1,3
-1.7434993232248346,-0.6105894124688243,1,3
0.462489418857238,-0.4121516276983606,2,3
-0.2286144320056222,-0.4701233899552784,1,3
1.5532103453371475,-0.3113887994986072,2,3
1.4495613341688496,-0.3137351070115752,2,3
-0.1365882209163371,-0.4409385738856106,1,3
0.3672375713225329,2.769481396950728,0,2
0.97707745065971,-0.3779307596180769,2,3
0.7317931591364264,-0.3521581349876153,2,3
-0.4123506345594652,-0.4723503655499403,1,3
0.3682958725598617,-0.4086677323069208,2,3
0.9496770944115852,-0.3368264714483515,2,3
0.5153246398919165,-0.4555067639940564,2,3
0.1033589929125446,-0.3101063034874826,1,3
1.0971896099292875,-0.3321225255590991,2,3
0.81921450184372,-0.3868884094914906,2,3
0.3033745637350866,-0.4265801021817644,2,3
-0.0180204633597143,-0.4699955387532669,1,3
-0.3149434947908044,-0.4761130312930743,1,3
0.709561843419278,-0.3783278285077366,2,3
0.2241394545413643,-0.4450957818842001,1,3
1.250478240689746,-0.2989770712714769,2,3
-1.7867926627381332,-0.5877507624959738,1,3
-0.1219679005253737,-0.4683329464184427,1,3
-0.6354348980094008,-0.5080724801380258,1,3
-0.5516379539933638,-0.4328188204124039,1,3
-1.591126705350167,1.4826097784190708,0,1
-0.6989292388379027,-0.5061346030776083,1,3
-0.6361036954151003,-0.3595833104094867,1,3
0.02018061135035,-0.4333374602699452,1,3
0.8937407481304034,-0.3987043751662005,2,3
0.9280602118931036,-0.3654545975803397,2,3
-1.00313453299402,-0.4668415077243397,1,3
0.6613330227992559,-0.4029290925632958,2,3
0.0936037428261695,-0.4346715437444223,1,3
0.9502039729385384,-0.3144539457518489,2,3
0.8121777939596087,-0.3339002105306282,2,3
1.2563622271704131,-0.3395281846739467,2,3
-1.2194174410214316,-0.5634568766692988,1,3
-1.0567411714868644,-0.5551619554403943,1,3
0.0396336403487083,-0.4171280987410504,1,3
-0.602588444685215,0.5626384617769677,2,0
-1.966668755718905,1.3673752008466649,0,1
1.3902243295017924,-0.3084901541519788,2,3
0.8984899164527644,4.786967535497088,2,-1
0.5996926263072573,-0.3708414880047107,2,3
0.7987906354446654,-0.3500436343675182,2,3
-1.1790090982853154,-0.6692646756362753,1,3
-0.5079661250952857,-0.4813626597396919,1,3
1.3161114864500203,-0.3429095576067446,2,3
-0.1371849361148944,0.5250139709369639,2,0
1.030028883709647,-0.3002168621159883,2,3
-0.1745286142972343,-0.453461927724142,1,3
-1.1434949424211136,-0.5383790879590818,1,3
1.3192031559312325,-0.3006422922951017,2,3
-0.5779511633924422,-0.3501219167202019,1,3
0.9828625095324514,-0.3415421451202591,2,3
1.1273061138993357,-0.3126277553166547,2,3
-1.1599521349909423,1.757185068962263,0,1
1.6373046950090429,-0.2656814052371045,2,3
-2.560751526800509,-0.6931981511789388,1,3
0.8239152093967433,-0.3955232653966342,2,3
-0.5261549874713389,-0.509586342798095,1,3
0.1406554151319659,-0.4031345907357036,1,3
0.9038608116210864,-0.3504439065619674,2,3
0.9919218921643608,-0.358672626656944,2,3
-1.7340022616149442,-0.5791617853582777,1,3
1.4126309722326151,-0.3496037426891629,2,3
0.963380986366063,-0.2919654457805508,2,3
-0.2176903877142367,-0.4194365025863432,1,3
0.1171984072302331,-0.3354539169660073,1,3
-0.18302070063376,-0.4750758685016167,1,3
-2.4758850367589003,-0.6589149984238941,1,3
-0.7792086990952536,-0.5111814534384692,1,3
1.2745416295436691,-0.3789279007788269,2,3
0.5358567093949306,-0.3880016989488984,2,3
-0.3530292112836075,-0.4885283630370727,1,3
0.8235644480783495,-0.344305865644945,2,3
0.4594031992228822,0.6421891995636946,2,0
-0.3482898942439542,-0.4277195994068258,1,3
1.8952116313052845,2.9159297592545355,0,2
-1.7363314644374044,0.9746412956698444,0,1
0.5814722798666054,-0.3660356489426842,2,3
0.4253373994937202,-0.4113866303617451,2,3
-1.2932839527260922,-0.5484079104358845,1,3
-0.4093497089346415,-0.4450777774118277,1,3
0.1168784085955921,-0.4637111834116201,1,3
-0.3360018259817116,0.4930511116503667,2,0
-0.0488303848359091,-0.4451492024933995,1,3
0.7798492791500119,-0.3662415773744895,2,3
1.1964099649109037,-0.3230956464348065,2,3
1.4320657518271382,-0.2703364957933987,2,3
0.5499345877204541,-0.387916845933865,2,3
0.1380193726360139,0.5658076803541388,2,0
0.9896648074621162,-0.3463764420014303,2,3
-0.8567673101086328,-0.5485538901929076,1,3
0.5270022326325883,-0.3989009668416325,2,3
0.7349825510436833,-0.3843480261993929,2,3
0.6236155592153327,-0.3950560775782301,2,3
0.7414094120459014,-0.3480288148192492,2,3
1.1874051142037878,-0.3308804881357011,2,3
0.56014521062831,-0.299161978260436,2,3
0.9807190503004212,-0.3390199457728464,2,3
0.9842971517326232,-0.2815214602914773,2,3
0.4340134629071023,-0.4244461943707521,2,3
1.1287251484038194,-0.3664146658540351,2,3
0.0592638325214758,-0.4642179681263795,1,3
0.2254239710757072,-0.4415751147344931,1,3
1.0283806323754316,-0.3209034031214101,2,3
0.869066737190068,-0.3613764270405983,2,3
-1.0928272998263415,0.6141116957112769,2,0
0.6216416604132267,-0.3702417128541086,2,3
-1.0327767250145754,0.4349180649015878,2,0
1.2595790584295354,-0.3303835432020735,2,3
0.1587814010844622,-0.4310324375315043,1,3
0.5972939219353417,-0.4436361945572838,2,3
0.7198778631814768,-0.3313211174451447,2,3
-0.1737428435399242,-0.465981728547337,1,3
-1.991695193087798,-0.6785700618253186,1,3
0.1062907270093114,1.5316130065589342,0,4
0.4382713083308852,-0.3149564034046712,2,3
1.2841358734504635,-0.3522034794624689,2,3
0.9075960974037264,-0.3679241991014813,2,3
1.0865007667841609,-0.3346424749063756,2,3
-0.3794637305360006,-0.3178280908228436,1,3
0.0341380582561293,-0.3185530809977385,1,3
0.1307659376040448,-0.4413045022645676,1,3
-0.8382173700732547,-0.3924671243968766,1,3
1.4889723051270445,-0.283513118960933,2,3
-0.2095430341459561,-0.4720578090542606,1,3
0.306632734411051,-0.433220804605957,2,3
1.511874968938588,-0.2963388287926406,2,3
1.2635429420908264,-0.3105360589871188,2,3
-0.4476704167879431,0.4910177941304252,2,0
0.2815029615092945,-0.3794588439139633,2,3
1.2894979083222773,-0.3240859822881759,2,3
0.0369511427709572,0.571329721715606,2,0
0.1875453570012335,-0.4194707264460772,1,3
1.2072091949831976,-0.3389017804557049,2,3
-0.030155928310848,-0.4386396180433436,1,3
0.4331208492150648,-0.4376973615227773,2,3
0.0743394548263191,-0.264469902948214,1,3
1.1886965877911693,-0.3249166187840445,2,3
-1.1297197691161207,-0.5298289428210751,1,3
-2.348394565189841,1.7952170097601536,0,1
0.9244739108932908,-0.2865997014317252,2,3
0.5734025671450933,-0.3390357322285459,2,3
0.7819543519871287,-0.3698918924690279,2,3
0.6000870418640153,-0.3108528827883264,2,3
1.2807163102323795,-0.2700390620088601,2,3
1.5758769877412229,-0.2634135900166321,2,3
1.5342048478132675,-0.3120912981208917,2,3
0.8255245801237041,-0.360919104323825,2,3
0.7868128673845585,-0.354017374679954,2,3
0.3764658243907914,-0.4234060656190423,2,3
-0.400688863049214,-0.4445918542214668,1,3
0.4741947753121521,-0.4131521327297455,2,3
0.5276893524741462,-0.3497668055932054,2,3
1.3057970822389884,-0.3090352181620116,2,3
-0.872345003439063,-0.4688529532480494,1,3
0.1061554472022169,0.5470241537651587,2,0
-0.1558115713963894,-0.3614351560572151,1,3
0.4596342361276841,0.5744959734157773,2,0
2.199775041819489,-0.249725361539314,2,3
1.0663211516096185,-0.2906785857562648,2,3
-0.9668053526356184,1.4547293661576863,0,1
0.4796844461509905,-0.4163467592502025,2,3
-1.8693773669456324,-0.580711852036594,1,3
-2.316400252323684,0.2994766033591881,2,0
1.1401285412778446,-0.3397169731612959,2,3
0.6761329877063982,-0.3127435684574609,2,3
0.0828119593396703,0.5379439075503614,2,0
-1.1252736000981345,1.033659639166115,0,1
2.022014632599784,4.777497009265923,2,-1
0.3966601280008103,0.5671561018193986,2,0
2.6267611281484906,2.969992302529211,0,2
0.4129565330632556,-0.4455167128913553,2,3
1.5847661878157242,-0.2800433184877436,2,3
0.500224903312365,-0.4308812937233831,2,3
0.1804407529798285,-0.4378225981269722,1,3
-2.16217628820205,-0.6283501193561575,1,3
-1.5656761024565242,-0.575729879275677,1,3
-0.4280416031099088,-0.4966753130536678,1,3
0.9015041042843271,-0.3710136152249122,2,3
0.5012405075257477,-0.3739638531927307,2,3
-0.99380191101118,1.0964588380574791,0,1
0.6881801928799106,-0.3458094538411775,2,3
0.5967555137539388,-0.3616290618826394,2,3
-0.8778333858117333,-0.5431494835491136,1,3
-0.1748625371271402,1.1415886648549576,0,1
0.9568204554998364,-0.3081572966957068,2,3
-1.226772433865054,-0.5519283024919962,1,3
-0.4695866711104199,-0.494754832754928,1,3
0.6548715693885733,-0.4210648997654224,2,3
0.7497310270063493,-0.3488924807333098,2,3
-1.0928272998263415,0.6141116957112769,2,0
0.9460701268720096,-0.3722692243303879,2,3
1.6509557271785396,-0.2858822526472878,2,3
0.2431809029237777,-0.3963930476215068,1,3
0.4116672749779189,-0.2957770800249747,2,3
1.3431751193981178,-0.3148000551406356,2,3
-2.232455050550441,1.336024944360093,0,1
0.4329951676222739,-0.3471665960430381,2,3
-2.866286641216628,1.857921041108287,0,1
0.530104506716051,-0.3954865531722862,2,3
1.2118990128238512,-0.3113026919137318,2,3
-1.5143353261529813,-0.5229466540762105,1,3
1.3202265827894035,2.8517887837940217,0,2
-0.33886426423666,-0.4625832950109839,1,3
-0.2010456264964791,-0.3417277005920395,1,3
-0.3794637305360006,-0.3178280908228436,1,3
-0.1548501823955047,-0.4889734742046935,1,3
-0.284335505307172,-0.4933132229095098,1,3
1.435797282905694,3.872443413194983,2,10
0.7583398615633777,-0.3621761011791844,2,3
0.8245509251078592,-0.3716846757443565,2,3
0.905434367540987,-0.3239067798659058,2,3
-0.2840920598812108,-0.440892498961896,1,3
-3.110226771115308,2.090061857033077,0,1
1.2489934716057516,-0.3091579553293628,2,3
0.9708122602992826,-0.3506994534883842,2,3
1.3134033796908853,-0.2816043938864147,2,3
0.7443885271411878,-0.3826697094568111,2,3
3.088980612917061,6.161671210707428,2,-1
1.7875072968353074,2.9006909955192164,0,2
1.76840046096782,-0.2954522799368771,2,3
0.8037785248619416,-0.3870940457746731,2,3
1.102876352530331,-0.3150554352053442,2,3
1.1860437827357415,-0.3610642087921574,2,3
-0.4498357176826796,0.5092131674652294,2,0
1.5400497900984724,-0.3077493986797166,2,3
1.0175992196086951,-0.3298303026504184,2,3
0.8074520320662534,-0.3792520184680656,2,3
-1.7130801036104624,1.4215546142830835,0,1
-2.286645249626321,-0.6605785158981881,1,3
0.5031895930836001,-0.374228315428176,2,3
-1.7185575349336406,-0.6540738204096412,1,3
0.8273647063276773,-0.3939188056404181,2,3
-0.1063921502063799,-0.3348256803362825,1,3
0.4424784582791137,-0.2640936076457334,2,3
0.5437647455566116,-0.3595324308126629,2,3
1.168522797242695,-0.3322272440449129,2,3
0.6619063549640587,-0.3943466911520342,2,3
-0.7088905614011506,-0.4788791654962939,1,3
-0.0895534378134659,-0.2706598022098052,1,3
0.8174052707726964,-0.3767201326096425,2,3
-0.159212953851981,-0.4369892656264952,1,3
-0.3216161698408682,-0.3084163158465073,1,3
-0.7540784924605125,-0.4263201895938781,1,3
-0.9178162459578124,0.4689589568190269,2,0
-0.6750536124133527,0.5033059810709846,2,0
1.165381475887166,-0.3202915044848316,2,3
1.802296070966368,-0.2719165886628198,2,3
1.087096078138931,-0.3553935774271726,2,3
-1.3313411161236983,-0.5506553089698919,1,3
2.290387631772981,2.923907205529424,0,2
-0.4495131475460868,-0.4403300919732653,1,3
-1.1184089049028558,0.4955951885446554,2,0
0.4495936759040949,-0.2443670089160283,2,3
1.676087966256241,-0.290325511855245,2,3
-0.7931601801660457,-0.3851363376294341,1,3
-0.8516346458190791,-0.3946501097915534,1,3
-1.1349107443743278,-0.4407390176683688,1,3
0.7593942864858633,-0.3631684036979382,2,3
-0.3941421176794167,-0.3202162585372517,1,3
0.6785746340242803,-0.3428133641894864,2,3
0.9559091652038824,-0.3156539180562691,2,3
0.4914163150445038,-0.4209553776500345,2,3
-3.805023078453028,0.7858814244469887,0,-1
1.3009389419998365,-0.2871844403150447,2,3
1.575332731155177,2.981578665442117,0,2
0.8395387308489549,-0.3601573517058361,2,3
-0.1335247193081504,-0.41202179827636,1,3
0.5066255003110712,-0.3537974436529711,2,3
-1.0928272998263415,0.6141116957112769,2,0
-0.7931601801660457,-0.3851363376294341,1,3
1.8499817417489164,-0.2600999187330193,2,3
0.4621282296474976,-0.2423276420379081,2,3
1.7688145825377668,-0.2911365518373272,2,3
-0.5650494458871654,0.6675281862342033,2,0
0.744043002641004,-0.332935698886647,2,3
0.6527914389542061,-0.3978142643747207,2,3
-0.056878128578489,-0.3228252821098565,1,3
-1.0278407088562551,-0.5496505023200746,1,3
2.0181916482809283,2.909939151984274,0,2
-1.8990311806470528,-0.6775090440140111,1,3
0.5065121162301416,-0.3807631803011136,2,3
-0.681519792140175,-0.5268312747403135,1,3
-0.7015201594783429,-0.4277082825719371,1,3
1.45329867115461,-0.2757912670179488,2,3
1.2696712011326072,-0.1948496058478052,2,3
-0.0089815776885005,-0.4260392193248486,1,3
1.039588912798088,-0.3474534787206028,2,3
0.1045012717160736,-0.4663912263763046,1,3
1.6748748940322418,-0.2808306376509786,2,3
0.6188897454858006,-0.3939196620728672,2,3
0.1851785666760268,-0.3678706951944908,1,3
0.8264371514382521,-0.3614912557750051,2,3
-0.4065275651288038,-0.482090149448744,1,3
0.8880691191182659,-0.3411938960695442,2,3
1.0624429759278218,-0.3584536717613968,2,3
1.0683153966966576,-0.28621011724745,2,3
0.333952309422435,-0.4075860267989841,2,3
1.1236797780060137,-0.2639987386848718,2,3
-1.1962568859695493,0.5972837434350219,2,0
0.4402053678503325,-0.4106207242339669,2,3
-1.3789506719950992,1.1806024341403478,0,1
0.9612783741544484,-0.3494894442757019,2,3
1.0743348720713024,-0.3581609597326001,2,3
0.4732693810684376,-0.4294788164612823,2,3
2.3036987487524083,2.971689919446739,0,2
0.5965421247911158,-0.386922132451435,2,3
0.861365579692781,-0.3868357352594926,2,3
1.3907009155937644,-0.2713849537239299,2,3
0.5569809187533717,-0.4007795660613023,2,3
0.0107071657349885,0.5794113727719202,2,0
0.6675678359222939,0.589009430553073,2,0
0.346044045190131,-0.4124651135978341,2,3
0.446246574855056,-0.3874501091543706,2,3
1.776320290514089,3.8854084584677633,2,-1
1.320408092983614,-0.3210015109873574,2,3
0.8527095155311692,-0.3818233719558546,2,3
-1.37943660194481,1.417220958365696,0,1
-0.3031622270295444,-0.4747754534917107,1,3
-0.7967534796446742,-0.5699996450920912,1,3
1.137488924504777,-0.3047408472525796,2,3
0.6348954849089093,-0.4346293805688049,2,3
-1.0928272998263415,0.6141116957112769,2,0
0.3150628897748948,-0.4192615136503522,2,3
-0.7063018317463192,0.492547976134837,2,0
-0.8116270706852966,-0.5232768067238373,1,3
-1.2262801553647151,0.4740232660445556,2,0
0.7693514509734023,-0.3359574832333554,2,3
1.374511201170465,-0.2568675911755821,2,3
-0.7757908414601968,-0.5781402236720202,1,3
-0.0579349976646481,-0.4015511660523649,1,3
-0.1130766805206862,-0.4677501460139969,1,3
-1.2546213947995872,-0.5439083651609729,1,3
1.94063821542582,-0.2691380473160471,2,3
-1.4077572888412682,-0.4851310412685937,1,3
-0.3667742538376992,-0.5199937341708288,1,3
-0.062322742951926,-0.5036183597594428,1,3
2.7361697387135293,4.869085176714739,2,6
0.953320616229753,-0.3458334432958768,2,3
-0.4072755832919782,-0.4956471894511452,1,3
-2.022304949539799,-0.5851176997417328,1,3
-0.2897412188887104,-0.3356830291949318,1,3
2.8887483760380035,4.890485721925771,2,6
-0.6744567889424811,-0.5082133556130509,1,3
1.136210651165842,2.875845565069532,0,2
-0.7205359881271443,-0.4602984629783256,1,3
-1.876277356588788,1.004602727741583,0,1
-0.2924176387962142,-0.3036657265298696,1,3
0.7576629866646442,-0.3213853513346972,2,3
-0.5251162767709792,-0.4419962926237699,1,3
-1.630449628298261,-0.5538157508968192,1,3
1.27626329845231,-0.2710329026429128,2,3
-0.9612549838711908,0.461726464462074,2,0
-0.4185191733997186,-0.4425580992222535,1,3
0.5149806236869727,-0.4048190804992294,2,3
-1.267904994532019,-0.4828525377350947,1,3
-0.6620295070251011,-0.488875964916513,1,3
0.1401697904047114,-0.4402333262198238,1,3
0.3245169646795533,-0.3842124564969305,2,3
-0.9986946800074664,-0.4185767185052355,1,3
0.18832806409621,-0.4543618018586009,1,3
0.4380820387858192,-0.3581914063879868,2,3
-0.5283980694830219,0.5042575035006162,2,0
0.6461621313618039,-0.3941042709362554,2,3
-0.7152996699828877,-0.5208727424701333,1,3
0.599232416201318,-0.3420543216757318,2,3
1.689286167380674,-0.3005076334988224,2,3
-1.9790894938957235,-0.5780865624018986,1,3
-0.2634857548511476,-0.3465009475045114,1,3
0.0957615256177361,-0.4293248977817817,1,3
1.0576600434903731,-0.338708615079238,2,3
-0.3702048370610663,-0.3367970813457443,1,3
-1.060338349504405,0.4511067995888346,2,0
1.0662343874455564,-0.3534205339345782,2,3
-0.3325238881937276,-0.4821149125680892,1,3
-1.3429249134527574,1.0528912128467327,0,1
-1.3316615158581735,-0.4932256982415192,1,3
0.3705147894131009,-0.3460933149829123,2,3
0.26815492237817,-0.475292252070877,2,3
-0.1264969315274392,-0.4244859204060681,1,3
0.7569187292654017,-0.406417933380384,2,3
0.5261221835464345,-0.402425895922707,2,3
0.7100637887353725,-0.2885754171607121,2,3
-1.1521878320082262,-0.5254516280572868,1,3
-0.5821852524071907,-0.4574764885222249,1,3
-0.1753738439103346,-0.4694728137019194,1,3
0.4609664492428227,-0.3939870754214373,2,3
1.2859541181685328,-0.3386883704558414,2,3
0.3567540746809009,-0.4147001558883351,2,3
0.2273561510981505,-0.4353258706094373,1,3
1.5594464907177608,-0.2746074151547367,2,3
0.0550793494220188,-0.4434609575014018,1,3
-0.9208738570558512,-0.5248232677478643,1,3
1.3780430280684437,-0.3072301927588136,2,3
0.7566800468655844,-0.2690136242904388,2,3
-0.3589119754021453,-0.5056302621774279,1,3
-0.5042003490033689,-0.33812268873184,1,3
0.729708151638825,-0.3050562751784328,2,3
0.0656558093909594,-0.4205660235350677,1,3
1.404691669676304,-0.3012611813379808,2,3
0.076868050732211,-0.4431469575854719,1,3
-0.2278359281005805,-0.4254178109610689,1,3
1.5351018898971285,-0.3000882706431607,2,3
1.399796714228244,-0.3275346131864633,2,3
1.3480482428507767,-0.3427054171580664,2,3
-0.2023278321170859,-0.4667960146231286,1,3
-1.8261190621823304,-0.5736737431622084,1,3
0.5798621794813134,-0.3952928593395309,2,3
0.3163338293426744,-0.4040135260797678,2,3
0.311881125983537,0.6580343588339316,2,0
0.0028795517909227,-0.4175178089624276,1,3
1.1111306476619274,2.934278761219326,0,2
-1.1400227035715658,-0.576706644780901,1,3
0.6769255869110571,-0.3730150034224459,2,3
0.2123208786768218,-0.4145945004366146,1,3
-0.1037652148953896,0.5465546062868608,2,0
1.590865592178259,-0.3162985938159804,2,3
0.9818166021604756,-0.3414337729863974,2,3
0.2508800214591916,-0.4218434779615299,1,3
0.6470606012844751,0.6086172058294255,2,0
0.4378928961045059,-0.3957952382893883,2,3
-0.5740580137078084,-0.4024166667235784,1,3
-1.7183513422789298,0.369011322816057,2,0
-1.3618716881811002,-0.4776654724031486,1,3
-0.8034114762181748,-0.4072796281810281,1,3
1.1698755281279445,-0.2963952804225608,2,3
2.010161080642772,-0.2632128749927675,2,3
-2.050701980353364,2.230946339861809,0,1
0.2118528484303113,-0.4482038198898841,1,3
1.1927703846276043,-0.3511869692827825,2,3
-0.4704966870873805,0.7153646373669033,2,0
1.1817285200877252,-0.2868364601198535,2,3
-0.1218741745126114,-0.4921455048353917,1,3
-0.9932461365116876,-0.4176902426588069,1,3
-0.5313470902993223,-0.3425394526774254,1,3
-0.1700543623442307,-0.3312996973319204,1,3
1.384606246047164,-0.3262371645532511,2,3
0.7100897160277432,-0.3615616211048146,2,3
-1.270547630593258,1.0494491406144946,0,1
0.426329830761942,-0.3879609129727466,2,3
-0.4179990229902807,-0.3565505225975459,1,3
0.1898022711491272,-0.437619661497838,1,3
-2.384103708138601,-0.6764349680983472,1,3
-3.647720766703002,3.0285025125391787,0,-1
1.818233973833778,-0.2616720438338937,2,3
1.0913493393972609,-0.3655147952850169,2,3
-0.3664051211675686,0.6748185538509504,2,0
-0.4228875221469896,-0.4067947594857515,1,3
-0.8048119443262662,1.0684355390104834,0,1
0.4662940742582501,-0.4042760920735767,2,3
-0.047621269080714,0.5735211822095595,2,0
-0.0799054595562832,-0.2690900800081769,1,3
0.2224792134499998,-0.4458342343466502,1,3
0.7952303351186741,-0.3637970637022,2,3
-1.8908372696168203,0.998886132338828,0,1
-2.369534279914561,1.454395734740775,0,1
0.5333978678406591,-0.3638191020087798,2,3
-0.5292998815474301,-0.3422063726327207,1,3
0.9772010047702792,-0.3535944856483566,2,3
-1.383346069704767,-0.5630609808283079,1,3
0.5891593551242618,0.6581276284695268,2,0
0.6704745787155799,-0.31010623759047,2,3
-0.1418593936163281,-0.2791699602877438,1,3
-0.5898086256887414,-0.5017853890055927,1,3
1.617482061451754,-0.28136897600475,2,3
0.972387772751704,-0.3659281135962517,2,3
0.584935118869178,-0.4029927546134941,2,3
1.19974940496148,-0.3342849426622873,2,3
-0.5512651738872232,-0.4137979526076277,1,3
1.2323050965758915,-0.3467201933614346,2,3
0.7044475666938614,-0.3601788793340678,2,3
0.7909045647755855,-0.2776960667581108,2,3
-0.2859842958852545,-0.4335043365349423,1,3
0.0668319462180211,-0.4641694796125925,1,3
0.9684134250258568,-0.3357742981889029,2,3
1.161099391627452,-0.3234179251927194,2,3
1.182212935808903,-0.3206516512516195,2,3
0.7779897060059118,-0.3355906023094572,2,3
-0.7636711811631799,-0.4742174707636956,1,3
0.8870527338227928,-0.3549586167946661,2,3
1.5106868697352882,-0.3110638164889735,2,3
0.7096503320209908,-0.3195456797006576,2,3
-1.1906449945359372,-0.5277641062896953,1,3
-1.63423517563769,1.3584142303267697,0,1
-1.232542889493771,0.4324590908831425,2,0
1.0309147769983422,-0.3616524076903547,2,3
1.4080652130067846,-0.3084117192051306,2,3
0.3509894112458662,-0.3213709068220958,2,3
-0.5502104980014102,0.4887419537377032,2,0
0.4418990120317954,-0.4022221756832383,2,3
1.1892772477275295,-0.273475055769967,2,3
1.1904996108929429,-0.3287629133395387,2,3
1.0971257755657229,-0.3508458727213101,2,3
-0.8722965447387774,0.4540841494224776,2,0
0.5893833717287613,-0.4031765305118596,2,3
-1.7910469708547432,-0.5884429367241067,1,3
0.9553865769136388,-0.2968660170618018,2,3
-2.811085621807237,0.9475946509009656,0,1
0.2822166210881233,-0.3550736546509849,2,3
1.6405741871794786,-0.2957411001668864,2,3
2.933443797998132,3.002912429762853,0,2
-0.3368473226041116,-0.467552829326965,1,3
0.9088283653341231,-0.3579350113915684,2,3
-0.0703364113534543,-0.448325382164114,1,3
0.522654195121318,-0.3746309141765344,2,3
-1.4522979996084353,0.473724321560894,2,0
0.5836968376472768,-0.3597782036525231,2,3
1.3549823047819851,-0.3376783097838307,2,3
-0.4242965617705843,-0.3251223745240311,1,3
-3.6723941857546745,1.834988437221121,0,8
1.0909417804080714,-0.3633121858594175,2,3
-1.3901662514928106,-0.5147217416443702,1,3
0.117484624947194,-0.485784810419066,1,3
0.8760704448847487,-0.3674006390142821,2,3
1.2060350472191828,-0.3457659275739645,2,3
0.6245120126825618,-0.3787285857429613,2,3
0.7779563129337823,-0.319591341739332,2,3
0.9792508130037578,-0.2923998908252097,2,3
-0.9967430392228852,-0.4507119424435636,1,3
1.894834494485362,-0.2384819116289739,2,3
0.6824540736436839,-0.3788504814582412,2,3
0.2529558755392087,-0.4120239974069722,1,3
-0.1920604581909986,1.190727681995446,0,1
1.2934335751473969,-0.3329831557556024,2,3
-0.4465632847174162,-0.4673265022269078,1,3
0.8286678900235174,-0.3091259135456319,2,3
0.8627457302090298,-0.3488292098776674,2,3
0.5677097447764625,0.6222057411068733,2,0
-0.4345779749272778,-0.44114954658795,1,3
0.6993427115044358,-0.3912074846325281,2,3
0.1419010847561366,-0.4628922701438757,1,3
1.4526616129254857,-0.2955384530112882,2,3
1.3335511159098712,-0.2579317275879461,2,3
-0.2645660764446826,-0.4796656324275902,1,3
-1.901873495293073,1.3336942956769,0,1
-2.1286627302060994,1.313918087432365,0,1
1.8800136774848573,2.9083865757227327,0,2
-1.4843055466171335,-0.5733534280940071,1,3
0.1127101352335356,0.6525825029155207,2,0
1.3146521536410567,-0.3246008070500477,2,3
1.550055574874272,-0.3401021426599134,2,3
0.2873657988166304,-0.2298106020273869,2,3
-1.811913763586564,1.1101595123965342,0,1
2.937614487143494,4.851166638843076,2,6
1.209478143747545,-0.3132373416505274,2,3
1.5167887055889686,-0.3116910720459803,2,3
0.6433355902593314,-0.3779189673024914,2,3
-0.009457649398866,-0.4325503182794168,1,3
0.274600785289299,-0.4451648456661166,2,3
0.0022788444240681,-0.4718282479460398,1,3
0.8429154208770319,-0.3996730446676776,2,3
-1.0845783297208458,1.802756364165568,0,1
-0.9964902128653306,-0.418218052583368,1,3
1.526021571753038,6.342676979111162,2,-1
2.755636289356198,3.001079064085858,0,2
1.6942209176463467,-0.3098746910999693,2,3
1.1672733756136038,-0.3206503376852167,2,3
-3.852234311322862,1.8262039295436563,0,8
-0.9695785771339134,-0.4138395402190508,1,3
-0.3806246232819115,-0.5009982825830038,1,3
-1.1420972691146047,-0.4419082623677922,1,3
1.0688859176346674,-0.3378397912204179,2,3
-0.3469202172717633,-0.4761048588630046,1,3
1.0588722878991867,-0.3600446486610072,2,3
-1.2642351782307435,-0.554401831525038,1,3
1.1853998979936655,-0.3208209871145427,2,3
-0.960015730106128,-0.5173078353862172,1,3
1.024615712298279,-0.3623466330102753,2,3
1.0708116552609352,4.700649823185854,2,-1
0.8910263080480141,-0.3650657009679964,2,3
-1.2668190952577905,1.4968982223698089,0,1
-1.8627002116445248,-0.5796254815410898,1,3
1.982525540815817,2.9429891284850203,0,2
0.960497723651663,-0.2659490860719818,2,3
-0.7548829071336938,-0.5094401790091182,1,3
-2.0215496380735614,0.9397222376131134,0,1
0.6810413100177077,-0.3603748081016489,2,3
-0.7042358782190077,1.1068001627712707,0,1
-0.3239966053536559,-0.4645668096972069,1,3
1.194502424528225,-0.3126409148102571,2,3
-0.3946423078545469,-0.3202976392785852,1,3
-1.0173223224265104,1.5360909962003817,0,1
1.3715394738434106,-0.3315928648633551,2,3
1.5008137488495208,-0.2857531915925975,2,3
0.580102245279519,-0.4281387474695287,2,3
-0.1954088911807817,-0.4524825946172237,1,3
0.577455682855921,-0.4064924297816882,2,3
1.835658477523091,-0.2805100919874798,2,3
0.9857001254922664,-0.3381128862749439,2,3
1.1882991113548562,-0.3275838571912633,2,3
-1.5019893615462625,-0.500462561789005,1,3
-2.378426578246621,-0.6430585462237349,1,3
0.0569563030046754,-0.434937515368375,1,3
0.350785490487181,-0.4068110413618209,2,3
0.4789086446981994,-0.3912207738011837,2,3
-2.897172590575502,1.5844967732435713,0,1
1.4875976805573987,-0.2869651426679871,2,3
-3.3743519494118512,0.8559514448010411,0,1
-1.6385801268510365,0.4777755022324765,2,0
0.5358254372329133,-0.3788142025181222,2,3
0.539498862483168,-0.3240764426236958,2,3
-0.9189941128567332,1.15700462504284,0,1
1.2120362705314085,-0.3368781624190032,2,3
-0.9376210546422972,-0.4291154728842098,1,3
-0.2833237342351502,-0.4245734017598244,1,3
-0.7265179160809696,-0.456195303075542,1,3
1.0029326185963798,-0.3369716092664861,2,3
0.0614413847952091,-0.4398625350952032,1,3
-1.6554854677933102,0.3719185519810702,2,0
0.2418986830750217,-0.411123246057776,1,3
1.4774499957600762,-0.3116627093632356,2,3
0.8849690096781151,-0.341859600834298,2,3
-0.3302909667584792,-0.4259729295194439,1,3
1.3344811011880937,-0.2560075011091881,2,3
0.9884401589641352,-0.3363811095980071,2,3
1.062917304401391,-0.3381390805897477,2,3
-0.5025052233902483,-0.4112504651582285,1,3
-1.9848932307252252,-0.6199816456338999,1,3
-1.3429249134527574,1.0528912128467327,0,1
-0.6695149105320525,-0.5103544102147757,1,3
0.3291467672956998,-0.392086246760234,2,3
0.4487326501856334,-0.3683802196002032,2,3
-0.3698018534028712,-0.4467876456643559,1,3
0.0667996493359955,0.5400603287012284,2,0
1.7936673637263243,-0.2557824015421134,2,3
0.8611783133758387,-0.3477856915071041,2,3
-0.8410452828153518,-0.4253799797813692,1,3
0.209452442965638,-0.4158647589237631,1,3
1.8222755856014603,-0.2792374734200511,2,3
2.286477309566973,2.977382790617072,0,2
0.912269753767978,-0.2997101760632363,2,3
-1.2623773247363594,0.406456714607988,2,0
-3.776712496692917,0.7904875447703603,0,-1
0.8294138689618927,-0.3709311870760177,2,3
0.5696066395241102,-0.3504458343355207,2,3
0.8373910609360806,-0.3527548855125649,2,3
-0.3723666525642214,-0.4902175058383911,1,3
0.3114502968288503,-0.4168315050873889,2,3
0.0328761168469683,-0.4722718071650254,1,3
0.5642964400888241,-0.3495780372279231,2,3
1.2703035168526042,-0.3241880950351815,2,3
1.2390534066119578,-0.3205027208408552,2,3
2.952471308900761,3.004999790043353,0,2
1.189406850046519,-0.3419969498810228,2,3
-0.2345175079540106,-0.417097851128581,1,3
-0.9815082403651084,-0.53816774151584,1,3
0.5369141015975446,-0.4142723494801386,2,3
1.1477730552036025,-0.3636653980436456,2,3
2.006751166426624,-0.2518249431841169,2,3
-0.35520942401264,-0.470244935709357,1,3
0.947088023862266,-0.3485775571055061,2,3
-0.6868396862192128,-0.4720059171693612,1,3
0.4792919805743627,-0.3942380358583046,2,3
1.2311288073300597,-0.3276551157119843,2,3
1.0087670571949496,-0.2852266188139991,2,3
1.2356438245953667,-0.3373386064649009,2,3
-0.2409197132227682,-0.4335961175582058,1,3
1.174836364437944,-0.3527560234153822,2,3
0.4194218788047891,-0.3950126003251964,2,3
-0.564656661652401,-0.3479589066071358,1,3
1.0825994150179443,-0.3280912746319417,2,3
-0.6385829763921087,1.4565743222551772,0,1
-0.0252943867089604,-0.2602048803095393,1,3
0.6744544631166761,-0.3617699906279024,2,3
-0.2410010758112238,-0.4755022954444043,1,3
-0.5063613394874313,-0.4540345436347544,1,3
0.8575684357776231,-0.3685817255054243,2,3
1.4467229789426967,-0.2691392906322212,2,3
-0.1750252295573059,-0.4645019257998746,1,3
1.3046398174312483,-0.3553313083418486,2,3
-0.940285206223914,-0.4799067970536271,1,3
0.0200638489846881,0.5565268841028194,2,0
0.4215701116917614,-0.4279287910381256,2,3
-0.2401807226346927,-0.4955781072365571,1,3
0.211465759748143,-0.4560254567576677,1,3
-0.6209474137215445,-0.3571173894430091,1,3
0.9379180766784584,-0.3415036815474898,2,3
0.5225776824805424,-0.4037067572660139,2,3
1.3701637002801617,-0.2491558487625997,2,3
-1.6943807915368905,1.319625147425384,0,1
0.676458752516289,-0.318646887624622,2,3
0.3674661696532798,-0.4163249694265893,2,3
-0.92559249814574,0.5158211556846443,2,0
0.5049513426348166,-0.4020994389000918,2,3
-0.4117279112400791,-0.4737263450722547,1,3
0.2314692547564048,-0.4095297096541163,1,3
1.3151977423417949,-0.2805292924046136,2,3
1.2309835925439383,-0.3043974083674713,2,3
-1.1873363622404696,-0.5106948710745877,1,3
0.7552980845007,-0.3460117159024181,2,3
1.2865790520111708,-0.3151827120531291,2,3
0.278764107111165,-0.5385831814642231,2,3
0.8921660119875651,-0.367072132063911,2,3
0.1742108796078889,-0.4950125487336708,1,3
-0.3946423078545469,-0.3202976392785852,1,3
0.3758828451365475,0.617060464770808,2,0
1.6282602379104094,-0.2923874872377319,2,3
-2.099503104470461,1.3390031778810578,0,1
0.1279270789226365,-0.421669348340928,1,3
0.7118885976116014,-0.3592902866297571,2,3
0.432022394698178,-0.4211205194462369,2,3
-1.4402943590582509,-0.537967236487472,1,3
-3.334272952532688,0.2494293849715201,2,0
0.7980250603576164,-0.3393876703705085,2,3
0.7054836242467623,-0.3258733442977415,2,3
-0.2184241081221231,-0.4419134379371977,1,3
1.786261181327954,2.8879827230349764,0,2
0.7512441422852665,-0.3495166654398929,2,3
-1.1690547823902164,-0.5657250464349046,1,3
0.3105397523660644,-0.3438738831835166,2,3
0.5445161649460365,-0.3952281321222852,2,3
-0.4986810688896057,-0.4503218930719017,1,3
1.1582249029612257,-0.3684863050384113,2,3
0.595871145210857,-0.3855029239502624,2,3
-2.1458311171893403,1.6577791220585387,0,1
1.1400026255499136,-0.3329501975251965,2,3
0.433496142520987,-0.4197524940728022,2,3
-0.2141450086314067,-0.4999235916160719,1,3
1.4614204530836103,-0.3130933388389185,2,3
0.3352503593132268,-0.4177910823958759,2,3
2.11863840964059,-0.2648201542394915,2,3
0.8985619680035081,-0.3619935191135884,2,3
1.3011644385306549,-0.2642227786860908,2,3
1.2504016877705857,-0.3002537852969338,2,3
0.3090763648836293,-0.398766550062277,2,3
-1.397373742519598,-0.5990019050531417,1,3
0.8337303027680267,-0.391177857502971,2,3
0.847561239870942,-0.3685939864881574,2,3
1.042026066563321,-0.3553797065110744,2,3
1.3578257363813726,-0.3407738717916225,2,3
-1.0743288737613506,-0.601735241309813,1,3
-0.6562473557077824,-0.5216451675757046,1,3
-0.3690768758644971,-0.4493879092787071,1,3
-1.7251526656246523,1.506308201625477,0,1
1.0682686769246004,-0.3693038642654173,2,3
0.4699690909206405,-0.4193475070665935,2,3
1.2339422777817828,-0.3228576516441649,2,3
1.102690126175772,-0.3596621914531439,2,3
0.302698978552252,-0.3642247314631818,2,3
0.5210576932202213,-0.3436725868817261,2,3
1.7070975566791522,-0.3014473841815996,2,3
0.9482014451535886,-0.268686901803365,2,3
0.4533480095637158,-0.3908186407813137,2,3
-0.2833121036324822,-0.468102389991592,1,3
-0.1666301329393303,-0.4470034199523832,1,3
-0.8961874955280005,1.2016660701280522,0,1
0.4401349346843617,-0.3928410210756064,2,3
1.6741053735879476,-0.294097602200337,2,3
-2.765274508883367,-0.705998549734043,2,3
-0.8721488686686829,-0.5135480282559589,1,3
-0.4917187770878612,-0.4009974522019059,1,3
0.0355751311775975,-0.4130475023566375,1,3
-0.0490973125515157,-0.4216048972647085,1,3
0.4990932571333777,-0.3311014160712188,2,3
-0.0991160792362655,0.5480304200329628,2,0
-0.3946423078545469,-0.3202976392785852,1,3
-0.184144721426517,-0.4677371617460789,1,3
1.0974421690247442,-0.3561091064443784,2,3
1.4401743313846225,-0.3084672673269854,2,3
-0.9436933429460724,-0.40962802297514,1,3
-2.862732967395646,-0.7218550019342019,3,3
-1.103825844557002,0.5064659090865654,2,0
-0.1329094316068208,-0.3914462824274158,1,3
-2.8080223685005645,0.2670323087036916,2,0
-0.2941981934743021,1.1033974540043474,0,1
-1.5849484036139738,-0.5549107823081533,1,3
0.514896805750901,-0.3132409194286105,2,3
-1.058238132757999,1.4868860593407738,0,1
-0.4940191579210368,-0.4583808164651311,1,3
1.2347878021235072,-0.3244916655738993,2,3
-0.3676207984029224,-0.3159012505039582,1,3
1.2286972509484333,4.780523111574237,2,-1
0.0927339980700648,-0.4336193623709575,1,3
0.510387671867704,-0.3377618817729295,2,3
0.737844045668037,-0.3022812001203648,2,3
-1.3184470355286932,-0.5386181344948097,1,3
-0.6867412785278691,-0.5094885780370849,1,3
0.319306219879065,-0.337388255070344,2,3
-0.6743826170738328,0.539329819497696,2,0
-1.021588949753938,-0.6503753778933068,1,3
0.5096323058375,-0.3827835802691247,2,3
0.9513745016235752,-0.3415047957708508,2,3
1.066956979148921,-0.3329229834832255,2,3
-0.5006907908334619,-0.4109552577073179,1,3
0.6302595523075275,-0.3573925183519875,2,3
1.2086902162289486,-0.3383156478976801,2,3
-0.000132605114707,-0.4261343738026455,1,3
-0.3353905711450436,-0.4688897358006997,1,3
1.9120980222974095,-0.2786375454536073,2,3
0.653947797304617,-0.3750514744732747,2,3
0.8489527712963574,-0.3630727509110019,2,3
-0.650120469116737,-0.4613329806322906,1,3
0.6301173055755213,-0.3385890088295707,2,3
0.9988831263571364,-0.3499263384248134,2,3
0.8269340966963356,-0.3579651568028794,2,3
-2.007843161886212,1.0782818776979215,0,1
0.7507758283164604,-0.3989680980098642,2,3
-0.3946423078545469,-0.3202976392785852,1,3
-1.2864997730630212,1.083860064269008,0,1
0.199661918906493,-0.4148418262167425,1,3
-1.5924794231882828,0.9585165792068442,0,1
1.1767246018894932,-0.3396576229807151,2,3
2.384473398661101,2.956858711464996,0,2
2.38567508016758,2.970330830131912,0,2
1.2327305268431947,-0.3162904460049208,2,3
1.63832781978762,-0.2952991377165107,2,3
0.4020268271102852,-0.3744933660429819,2,3
0.8705228202391779,-0.3947774918327524,2,3
0.7760514106312391,-0.4119632237880834,2,3
1.1269121610780108,-0.3449893878910793,2,3
2.006751166426624,-0.2518249431841169,2,3
1.111318997118441,-0.3096514640210177,2,3
-0.4236865616508655,0.5126921308794264,2,0
1.0319593266129168,-0.3189420663388169,2,3
0.5988683026932515,-0.3743679305249814,2,3
0.5882183576381191,-0.3919760226390464,2,3
-0.0323805657898243,1.6198863330858877,0,4
0.941112161763495,-0.3495007755401266,2,3
-2.2469336161703275,1.0069292013493296,0,1
0.533585893872011,-0.3500674647745116,2,3
1.1668625084368471,-0.3387671275644696,2,3
0.8936795695757818,-0.3740003651941161,2,3
0.8310654408395048,-0.3476367504769501,2,3
-0.5361738920988766,-0.5064274609294774,1,3
1.2271583618603896,-0.3433187138936434,2,3
-0.5655780731340623,-0.4513948515588309,1,3
0.5501088945818946,-0.4022644734522277,2,3
-0.5357195946958745,-0.3432508573930067,1,3
-0.1780179029275411,-0.4496530877877442,1,3
-2.348342098149765,-0.6381638133508328,1,3
0.2191384771173763,-0.3459353265172806,1,3
0.6467694184902423,-0.390626286666106,2,3
1.7518374285242573,-0.2420085420639204,2,3
-0.5510583605344156,0.6698045302223065,2,0
-2.48156216665088,-0.6922914202985063,1,3
-1.1338470026584198,0.4208835791210958,2,0
-1.9391350484912784,1.9423454279491832,0,1
1.2552528649027783,-0.3358716032773541,2,3
-0.0858603709132271,-0.4948964081145511,1,3
-3.4476514483437493,1.278986502865694,0,9
1.107316852702859,-0.3281045913004463,2,3
0.122883914363115,-0.4126363656001702,1,3
-2.3717411613619723,-0.6829216491442079,1,3
-0.4310374771069848,1.0715949309677977,0,1
0.3444527078124502,-0.4059054183220522,2,3
1.4532601019318374,-0.3158460960847117,2,3
-2.2907222913743697,0.3412575115229374,2,0
-2.501209715106639,-0.663035313456937,1,3
0.5292892467416161,-0.3551620118909122,2,3
0.7941562326761243,-0.374780811339241,2,3
0.6338481043810033,-0.3413297127363767,2,3
0.4496907161856525,-0.3682243426453878,2,3
1.0320112298952866,-0.3337129913547788,2,3
-0.4425764525687188,-0.5006277208347627,1,3
1.243903596296984,-0.3337885637065518,2,3
-0.5478134087142905,-0.4982872140696152,1,3
0.2125194660424168,-0.399940400869609,1,3
0.5894891436127665,-0.41640858473738,2,3
-1.9521705850517788,1.9852400176059,0,1
0.5908631667592579,-0.3927199355218774,2,3
0.7370593072944907,-0.3946867891417198,2,3
-3.5700271645493054,0.2110722690177859,2,0
1.2003559638163566,-0.3389593335384447,2,3
-0.1126877239487665,-0.4931444487702188,1,3
-0.993575792697862,-0.4911474502736871,1,3
-0.7652761561990262,0.4776149778575926,2,0
1.4818914218085086,-0.3011530523634647,2,3
1.3540674252172396,-0.2682322936273069,2,3
0.6966722275305204,-0.2848920235815932,2,3
-0.599999298956888,-0.3537091395535716,1,3
0.7120985784581273,-0.355158712018698,2,3
-1.8257478739296005,2.5569203918161927,0,-1
-0.1120174432995272,-0.2743146869130037,1,3
-1.4485548447360517,-0.6048659762927148,1,3
0.3913594346203159,-0.4048930979806444,2,3
0.4907158332716693,-0.3998184122729733,2,3
-0.3983572732922732,-0.479549478618011,1,3
-1.863094955808955,-0.5592142974725219,1,3
1.6420775807400485,-0.3000477119168274,2,3
0.5824814063775452,2.8093549572434893,0,2
-0.0743397777311163,-0.4036234338625046,1,3
1.1517449621041558,3.830947496461504,2,5
0.324652916827792,-0.3439421202053961,2,3
-0.9483679453367552,-0.4103885789134762,1,3
0.9279008781451158,-0.3443883376714015,2,3
-1.2035525095351196,0.5203287324829123,2,0
-0.3890009262404242,-0.3193797887474696,1,3
-0.1238635020245639,-0.4655971321896514,1,3
-1.379720387758563,-0.5334976125810685,1,3
0.9154022612166788,-0.3792783787234013,2,3
0.438261034965215,-0.321693430346278,2,3
-0.135329322145801,-0.4107008094618339,1,3
1.2217153711015785,-0.3380226034642996,2,3
1.025047425366624,-0.3375146701497243,2,3
-2.4279269065430307,-0.6835649849420918,1,3
-0.7399940563727252,-0.37648623056366,1,3
-0.0417658141548352,-0.2628847749636396,1,3
0.4124902041461833,-0.3798015989942728,2,3
-0.9781763712374488,-0.5234591689095944,1,3
-0.0091887212025097,-0.2575844949766171,1,3
0.058636523337307,-0.4704965548469448,1,3
-0.9946038637592964,0.4383133332939347,2,0
-0.02701152407649,-0.467938170903423,1,3
0.2155645095397611,0.6017570228704533,2,0
0.7563342480214026,-0.2200122665536544,2,3
0.124951975142102,-0.4067939532630665,1,3
-0.2407770602783034,-0.2952638250699296,1,3
-1.5143353261529813,-0.5229466540762105,1,3
1.3710744630416885,-0.3285364368791422,2,3
-0.2270407450239568,-0.4490935588675234,1,3
0.9423113715315706,-0.3336590673705326,2,3
1.0563443865831883,-0.3398699935230813,2,3
2.07880756086094,2.9140756409025386,0,2
-0.810732929682813,-0.5041406446295745,1,3
-1.9344712129180144,1.3461952117053964,0,1
-1.2493846498504808,2.650694457731556,0,-1
1.8404696467707804,2.877584861440355,0,2
0.4714558574418375,-0.3697888999339049,2,3
0.8351298587835124,-0.3700639416210589,2,3
0.5728804495605173,0.6115753464447541,2,0
-0.8349587926032056,-0.5255095529385655,1,3
0.6379325940371534,-0.3759424965914403,2,3
0.4424850111917636,-0.3951648150099893,2,3
0.0594074346530609,-0.4626119081093234,1,3
0.5455683577858736,-0.3955171735254134,2,3
-0.769124488803447,1.121449568796162,0,1
1.1721744647829455,-0.3361100370353524,2,3
0.3482702827345438,-0.4190497596216538,2,3
-1.237258503757369,0.4378778849245124,2,0
-0.0898385552506391,-0.4511719635446449,1,3
0.917110355469803,-0.3649783519554235,2,3
1.2576550346975448,-0.3525866208186094,2,3
1.239809701466846,-0.3259047264179778,2,3
-0.1014099560141152,-0.3676737068062086,1,3
0.4817614057613967,-0.4076340643301148,2,3
-3.167229178938041,1.3246110938818911,0,1
0.2649854122085275,2.8970818608256166,0,2
-1.591010999507521,2.0094812218692675,0,1
1.6959121613035333,-0.2986567387521505,2,3
0.9002456952574025,-0.3138500954743141,2,3
1.007847531693114,-0.3453242002580254,2,3
1.0426010799438734,-0.358280875916963,2,3
0.5262721201214161,-0.3935100322429205,2,3
-0.1811098157908101,5.383084536894803,2,-1
1.111505043919054,-0.3392708538831898,2,3
-0.4753527147034684,-0.4800304826519785,1,3
0.8947533051777984,-0.3442662788456566,2,3
-0.9668053526356184,1.4547293661576863,0,1
-0.1689855857664693,0.557257494443243,2,0
1.6217080945332432,2.879629766253499,0,2
-0.2085341846457338,-0.4425845155738072,1,3
0.6709387697475631,-0.4109314082412698,2,3
-2.2654555030900214,-0.6246781975032029,1,3
1.3064290761606543,-0.3130554547412952,2,3
0.1771156693984472,-0.4182353014430519,1,3
1.0271224969683694,-0.3553944264291089,2,3
1.0517158842616583,-0.3327551967465851,2,3
-0.7445099417490434,0.4809936326386234,2,0
-0.303724624870047,-0.4940726909976824,1,3
-2.0821222675434643,-0.6477781173430841,1,3
-0.6366127440391686,-0.5344293848556446,1,3
0.909641953923958,-0.3516966191621815,2,3
0.8850881269443154,0.6000222344743291,2,0
0.6336572185037963,-0.3880779243997258,2,3
0.2769753093181937,-0.4050452372723678,2,3
1.045446080162333,-0.3106867742966769,2,3
0.1711827722474868,-0.4353744031989655,1,3
-1.7080282189038118,-0.5339850014308526,1,3
0.7231726813149149,-0.3925549263594177,2,3
0.8745810425455043,-0.3633808255444308,2,3
-0.1667028981820775,-0.437737737671187,1,3
-1.4256434732196444,1.411404251519574,0,1
0.3040934990422382,-0.3414434021521971,2,3
0.657739431167321,-0.3798274935768643,2,3
0.2989294943099492,0.5643244150480713,2,0
0.6981980104477455,-0.3776081437377978,2,3
0.8544181922717708,-0.3698248193629133,2,3
0.1007401353842806,0.5489812572023459,2,0
-0.1266659777150594,1.1576147837402448,0,1
-0.5165100511276202,0.5025811152610736,2,0
0.8046835049013786,-0.4113638238656406,2,3
0.7744106658439623,-0.2956872959932667,2,3
-0.7635007733715667,0.6062667634209528,2,0
0.7954667962817521,-0.3323583999138751,2,3
1.2822442908247629,2.862991239780058,0,2
0.9768659130705056,-0.3556188913917608,2,3
-1.639398076410591,0.3712978225784184,2,0
-1.2609325992280394,-0.493695478136107,1,3
1.2787750723836522,-0.3186298470227514,2,3
0.8718076106563722,-0.3451776074610789,2,3
-0.009457649398866,-0.4325503182794168,1,3
1.0310581468026254,-0.3435429606921479,2,3
-1.3333473404224272,-0.5054773275503477,1,3
-1.020007223873482,-0.4220442608636312,1,3
-0.0323805657898243,1.6198863330858877,0,4
0.5400463028673038,2.7251219613613107,0,2
-0.0835183626350488,-0.4692073542692964,1,3
0.0322665089617719,-0.4390051601340879,1,3
-0.1266659777150594,1.1576147837402448,0,1
0.220186867357366,-0.3775056728093,1,3
-1.3929444009134586,1.4129756297720295,0,1
0.8346433201831299,-0.3925854239273026,2,3
-0.1260417511624602,0.5350194514189335,2,0
2.006751166426624,-0.2518249431841169,2,3
0.7963885322342059,-0.3440831304133919,2,3
0.1654884867330566,0.5593073138170819,2,0
-0.2799536507524718,-0.4707112322478173,1,3
0.801227952433293,-0.3156624656283929,2,3
0.0686939709421121,-0.4378766693631405,1,3
0.8919168645633853,-0.3334394724741737,2,3
0.8631614470308281,-0.3652198108342098,2,3
-3.129760991921435,2.0361446157313914,0,1
-0.8960456968867736,-0.5068999365802095,1,3
0.5974354935233733,-0.3662353917305797,2,3
-0.2534844979183412,-0.3297840752018443,1,3
0.0902711215973246,-0.2414024183537633,1,3
-0.2706276522630393,-0.4967586796836793,1,3
1.6613577550518717,-0.309627006004798,2,3
1.0065880982160889,-0.2896318413632975,2,3
-0.905836437294864,-0.4683742298008124,1,3
1.6042088231574665,-0.3081628557258423,2,3
0.2006171164271651,-0.3733686399975841,1,3
0.5445056547762869,-0.4304268709687011,2,3
0.7436608018658949,-0.3986576409126558,2,3
-1.1573020109131182,1.580792163250992,0,1
1.4340559708405227,-0.3106555548664105,2,3
-0.5044845108770268,3.672077739496626,2,-1
1.5073005993436193,-0.2975566523559216,2,3
-0.3700047715746268,1.0867026205286632,0,1
1.3883571303118176,-0.3504453311625653,2,3
-2.2725132597324795,0.4221772621075099,2,0
-1.499398732421923,0.4799448506239503,2,0
0.1380193726360139,0.5658076803541388,2,0
0.7319263698969847,-0.4273113592392667,2,3
-0.3332544105221618,-0.4771792567237586,1,3
1.2767578135041937,-0.3376445662796076,2,3
-2.348394565189841,1.7952170097601536,0,1
0.5286268053704094,-0.3803466906523554,2,3
-0.3443118233919744,-0.3121088895971906,1,3
1.2577926849664804,-0.3170411060640715,2,3
1.5238502992428764,-0.3157319122628627,2,3
2.4890347423305337,-0.2232707562063499,2,3
-2.8927288125113444,1.7066540455462724,0,1
0.1367222903753322,-0.4117044809971089,1,3
0.5182895214078008,-0.3111473707655918,2,3
1.663317210399542,-0.3014667386025652,2,3
1.523921116393143,-0.2675714091444025,2,3
0.597278804833196,-0.3055137636565281,2,3
0.4906121427939555,-0.3179336475275775,2,3
1.1369732108452757,-0.3458458204214986,2,3
1.379248571641963,-0.2942051239108632,2,3
0.9900148719247106,-0.2788279464458694,2,3
0.7726992747246855,-0.3102406204259822,2,3
-0.2024625665325145,-0.3095054810558933,1,3
-0.5096586654808996,-0.4732186408017729,1,3
0.6788504557277331,-0.3877127668885509,2,3
0.8998292152188702,-0.357960437990364,2,3
-1.1308603598151357,-0.4400800217214238,1,3
-0.9590356861789032,-0.5335584874695235,1,3
1.0602197691165542,-0.3481949682049533,2,3
0.3970810700084968,-0.4203340393326375,2,3
0.3977757466509267,-0.3302226511715457,2,3
-1.1018416134489042,-0.5190511558728469,1,3
0.650553397487088,-0.3632069744671292,2,3
-0.3101701187616628,-0.4419929359763405,1,3
-0.8590698661041167,-0.4921032418602146,1,3
0.6878712486969201,-0.3912450001061588,2,3
-0.942933500363989,2.035929433675369,0,-1
-0.2435980464381675,-0.4715034150053606,1,3
-0.2439203021194688,-0.4702986446240608,1,3
0.3383699063013632,0.5934055007531696,2,0
2.5914533010365663,4.836738719163245,2,6
-1.0112628861159674,-0.4886393963107275,1,3
-2.344326801214624,0.3900178188597135,2,0
-1.84720686949992,0.423356605903162,2,0
0.8748379247619644,-0.3839626829445842,2,3
0.1378086103363372,-0.3753346410776313,1,3
0.2830791412127412,-0.4377373144132595,2,3
0.720255106727952,-0.3802831029993451,2,3
1.1606033210636997,-0.2849561133661751,2,3
0.5631197993935686,-0.4004298016040198,2,3
0.868426498946611,-0.3813248845801081,2,3
0.0549518637791995,0.5578754307994613,2,0
-0.2056381781562044,-0.4182429228267518,1,3
-0.0067655436698075,-0.417442024623682,1,3
-2.874129937870534,0.8759111395473362,0,1
-0.4313938486597448,-0.4534181962606164,1,3
0.5733842924826829,-0.4019332208236547,2,3
0.4282141977612955,-0.3565358530720858,2,3
0.8179362749830467,-0.3823894982643676,2,3
1.4344386119840933,-0.319658315306236,2,3
0.1187061035190205,-0.4480292990561662,1,3
1.065572449419515,-0.2943883169218193,2,3
0.7509840817418048,-0.3834583642791898,2,3
-0.0299761442227131,-0.4478396053354436,1,3
1.21468658946012,-0.337144684816543,2,3
1.99795830462856,-0.2557986083934851,2,3
0.3192699538754219,-0.406244152482125,2,3
1.408290451135087,-0.2380752124078141,2,3
0.1040439090813003,0.6150308209196137,2,0
1.970377125442527,-0.2600149547973024,2,3
0.8537440046872489,-0.3834739802866816,2,3
1.625235017109037,-0.3126411130017922,2,3
0.8927309165888817,-0.3602375140678809,2,3
-1.29726984566492,0.4545172387303136,2,0
1.2389554042340882,-0.3139306834053398,2,3
1.0469880514687135,-0.3486248394966768,2,3
1.162869557640526,-0.344158004212242,2,3
0.2869927731061888,-0.4543706545000148,2,3
0.8072410673167177,-0.3141553365944539,2,3
-1.6411404109306738,0.9759246246966328,0,1
-0.4288287167021222,0.5203296576054658,2,0
-1.7491764531168152,-0.6439658343434366,1,3
0.1362762774393986,0.561417185006458,2,0
0.7338683031896313,-0.3392277294035413,2,3
1.1933117458485112,-0.3224777729377637,2,3
0.1284039794309671,-0.426068506061768,1,3
0.2548258046571717,-0.4340255720447946,1,3
0.9279497873321444,-0.3665631612457039,2,3
0.9852803893932764,-0.3507178542327531,2,3
1.0890413397847964,-0.3533813777608038,2,3
0.4408145448524007,-0.4196182046309536,2,3
-0.6222668797998592,-0.3573320660459424,1,3
-0.2701863396703434,-0.4309340153806181,1,3
0.8832347096643888,-0.3605941692272005,2,3
1.3527289279366062,-0.34393080739039,2,3
1.5226021090148196,-0.3161332643741932,2,3
-2.2725132597324795,0.4221772621075099,2,0
0.938411450935732,-0.3243304381620622,2,3
0.8461000684829536,-0.3613930046276635,2,3
-1.6775384550940102,-0.5290243290600357,1,3
-2.220094510925517,0.8747719698406929,0,1
-0.1290697995968678,-0.3570842804866431,1,3
0.9415525257900316,-0.3214215461640715,2,3
-0.9690316778452585,-0.4137505599236383,1,3
-0.392660176975667,-0.3199751473777774,1,3
0.0638156856612064,-0.4156363839717699,1,3
-0.060380466916598,-0.4440584313672354,1,3
1.4385828659954911,-0.2593546450103846,2,3
-0.6222668797998592,-0.3573320660459424,1,3
1.088382701650002,-0.3302074887690152,2,3
0.2586152926273845,-0.4025802114514765,2,3
1.5965862908077362,-0.2969130305205621,2,3
2.9780934203350005,8.088637840392414,2,-1
0.5642648684143877,-0.3561078249390327,2,3
0.5694935988158617,-0.3877693937145522,2,3
-0.2171347866399901,-0.4603939349146674,1,3
-0.6177975011680452,-0.494913982842347,1,3
0.9290060421932582,-0.3811892255105717,2,3
-0.9373283664132404,-0.5586959636970416,1,3
-0.824519517732502,1.2133264214361246,0,1
-0.9542043495369475,0.6366655942508467,2,0
-0.4672446486705288,1.11207088958563,0,1
0.4006699341447962,-0.4034448394605431,2,3
1.3216374632730057,-0.3237584778284512,2,3
0.7154225768467745,-0.3844724681619574,2,3
0.6451360393575973,-0.3528447071551547,2,3
0.5385411637736836,-0.3441726516660623,2,3
0.3716225721754779,-0.4257986515340512,2,3
-2.6852025866339275,2.767946824457099,0,7
-0.1986831608555527,-0.4537912655185144,1,3
-0.8157336573408225,-0.4212617884455743,1,3
0.3497596137406387,-0.396719399550238,2,3
-0.2932920672127225,0.4769356148607627,2,0
0.1393168168965183,-0.3708996250199517,1,3
0.8458755864188467,-0.3682591526139728,2,3
-1.3639628832474888,0.5290472272162171,2,0
0.6918827181280572,2.803199814232681,0,2
0.016586849466091,-0.4596903742455669,1,3
-1.856320087757109,-0.6770199951470023,1,3
-0.4672446486705288,1.11207088958563,0,1
0.9793132110561124,-0.3146189908192924,2,3
1.1899979847650843,-0.3557923439377378,2,3
-0.1432605353073259,-0.4691870833264307,1,3
0.8820615741239218,-0.4060670908754532,2,3
0.560201812809991,-0.4007738719306842,2,3
-2.8315617499389383,1.2725583630428985,0,1
0.824197954150798,-0.3799097210462645,2,3
1.716996339880157,2.8980128127666545,0,2
0.4228750396933587,-0.3486882327281326,2,3
0.4587439708819324,-0.4013015618128889,2,3
1.6113923965399433,-0.2466654192455855,2,3
-1.1705389652205205,-0.4670111237289152,1,3
1.613883997343048,-0.310768957293621,2,3
0.6297804963660071,-0.4072300547956849,2,3
0.957544802248716,-0.3021753427597587,2,3
-0.5833171652133656,-0.4084767027061203,1,3
0.7597042605338784,-0.3649123414730996,2,3
0.3650347363929813,-0.4324467673577848,2,3
-0.2270595600455706,-0.4872169981634598,1,3
-0.1692947122644081,-0.4045796752532289,1,3
1.5146219097163467,-0.3131307535505969,2,3
1.4515444415904863,-0.3315184737513326,2,3
-0.6639866892640973,-0.4707855495644992,1,3
0.6732546535053063,-0.3818823754409558,2,3
-1.7041719064879537,0.4532199464897138,2,0
1.2108816799021724,-0.3284168483589425,2,3
-0.8413211962052733,-0.4543983420249727,1,3
-0.1418757533852887,-0.4380935563146049,1,3
0.6864092746701558,-0.3574822808029229,2,3
1.4101041978320452,-0.328070217995859,2,3
0.6215940851651709,-0.3863240077422276,2,3
-0.2526252150484732,-0.4139103485995618,1,3
-0.4901641613629255,-0.3358390066195776,1,3
-0.6984607131088153,-0.4916433756831468,1,3
-0.4726340713029068,-0.3329868679817995,1,3
-1.3699055995161078,0.4523123337399308,2,0
0.067616383937235,-0.4459966765180077,1,3
1.6156726365407812,-0.2929690025976618,2,3
1.119783188663707,-0.3153883857298659,2,3
1.0885511391684026,-0.3544043425204462,2,3
0.676421640715709,-0.3997407415858823,2,3
-1.6598903423923652,0.4484471929211484,2,0
-0.0857468225252039,0.5999605871345393,2,0
1.0521148530890532,-0.3032879408855041,2,3
-0.8883678353294242,-0.4806217670533024,1,3
0.8036496184493392,-0.3454268339899214,2,3
0.0856625779974574,-0.4400175290658932,1,3
0.3337299093767547,-0.435065114713959,2,3
-1.2035525095351196,0.5203287324829123,2,0
1.9547418955027775,-0.2753466427605397,2,3
1.4462154894371408,-0.3113111329287489,2,3
0.6241430249711146,-0.3901887541388,2,3
0.6432014854326352,-0.4073343871392168,2,3
0.3384852482776642,-0.4128444807553004,2,3
-0.4257486527425985,0.5355614965527313,2,0
1.2774888675493188,-0.3132158060352538,2,3
-0.0460562970252483,-0.4164851111014612,1,3
1.3850689750986451,2.8661824736535366,0,2
0.6703220044647007,-0.3262198139491439,2,3
1.47748863045793,-0.2659941160645263,2,3
0.5937318828683443,-0.3602661681986749,2,3
2.006752518184403,-0.2518247232536672,2,3
0.5016492964819259,0.5873382167804947,2,0
-0.8702207276519041,0.547043664251609,2,0
-1.161159096194982,1.096606228925022,0,1
0.2681389155329835,-0.2882314153749586,2,3
1.365051077932123,-0.3126591817313743,2,3
-0.0252943867089604,-0.2602048803095393,1,3
-0.9542043495369475,0.6366655942508467,2,0
0.5163044194587572,-0.3748730006379849,2,3
-1.3941124357849393,-0.5238618467088801,1,3
-0.3349964503841242,-0.4978338978682094,1,3
-0.4188257364806924,-0.5131961087398418,1,3
-0.8484738723019452,-0.5125115566793914,1,3
0.9666471442690004,-0.3466160080747038,2,3
-1.7599611495069776,1.118612181917492,0,1
0.514896805750901,-0.3132409194286105,2,3
0.5649468816585035,-0.3423888458435844,2,3
1.371738392489312,-0.2829204608230571,2,3
0.4992511299696538,-0.3972149486311048,2,3
0.3142778643735554,-0.3054272017585066,2,3
-0.8092164497256648,1.4726320218375168,0,1
0.9843691814953788,-0.3114273157003944,2,3
0.6719858299075215,-0.3971969217244561,2,3
-1.5716997554670096,1.149242235391547,0,1
1.310096258488355,-0.3181366769272614,2,3
-1.5874221108993884,-0.5143624359212778,1,3
0.652736049031302,-0.3768963554342786,2,3
1.777677154917481,-0.3066212869371406,2,3
-1.2235905202002144,-0.4551671817084026,1,3
-1.7215817675322844,1.4162596050678624,0,1
0.1362701541435109,3.807424860148577,2,5
0.4369858435216983,-0.4153828875592723,2,3
-1.5839299500667396,-0.6064160429710314,1,3
0.9292252392268494,-0.3861113725366825,2,3
-2.6424913720233483,-0.6860217825008409,1,3
-0.8153761680792786,1.0690508121772515,0,1
1.6667375632678014,-0.2968234823245422,2,3
0.916083135215557,-0.3537756751687811,2,3
-1.911762341833139,0.405103276171171,2,0
-0.7110990213419495,-0.3717850199270306,1,3
0.4553634062167102,-0.39357762959303,2,3
-1.5809304725098428,1.5827012586312532,0,1
1.2590952355446623,-0.2798669564309954,2,3
0.8864617843710837,-0.3675510025139644,2,3
2.6473175930101265,2.9653509743418627,0,2
-0.9542043495369475,0.6366655942508467,2,0
-2.563398011265745,1.2729347123824,0,1
-0.2271610363022447,-0.5216287940795945,1,3
-0.8983862128611091,-0.4022565710407951,1,3
0.3218064917334627,-0.4535061394540086,2,3
-1.6967369652104916,0.9782498464422532,0,1
0.3572163009159009,-0.4386908411227918,2,3
1.6339106049755017,-0.2751842997453985,2,3
-2.347051721829148,-0.6704066247528307,1,3
1.319019588458134,-0.3082230846204838,2,3
-0.9891031501108456,-0.4170161804292818,1,3
-1.756469189220196,2.1620897525502283,0,1
0.4264445879459829,-0.4314816296307062,2,3
0.6478233024674647,3.80185030907068,2,5
-0.8176792753728714,-0.4973463556382827,1,3
-0.7579387440626838,-0.484429990621759,1,3
-2.308291906302855,1.41143168052099,0,1
-0.1342131459469289,-0.4607258221773943,1,3
0.8789345398843548,-0.3433079630231339,2,3
0.3006209195243215,-0.3416990696529678,2,3
-0.105455481220835,0.537917532095984,2,0
-0.4394522593828148,-0.4839512113127696,1,3
-0.1443135324884065,-0.2795692477001623,1,3
-0.9542043495369475,0.6366655942508467,2,0
2.7133955536107583,2.9713679314378325,0,2
0.3352642603865318,-0.4292335490491332,2,3
-1.1424559241353096,-0.4744193705091332,1,3
1.828517465875687,-0.290133853794811,2,3
-0.6972920766322239,-0.5710647822458262,1,3
0.7800076818193573,-0.3017995182640151,2,3
1.317671492929709,-0.3329285880446417,2,3
-0.325569136270556,-0.4667291129648606,1,3
0.7594969500928682,-0.3611770954823685,2,3
1.2605053439978495,-0.2886990017286899,2,3
1.1681203730595155,-0.3382113279536264,2,3
0.8734079858406153,-0.3332945040873415,2,3
0.1225553049171524,-0.4140810554624194,1,3
0.1369760223186534,-0.4204111461177143,1,3
1.5141304862588638,-0.3042118082477732,2,3
-1.2237467878096493,1.4640507954879476,0,1
-0.2103854409291842,-0.4204925969373957,1,3
-0.577337107495234,0.6110036913889794,2,0
-0.9705517260612996,0.458925846774401,2,0
1.5304020170371817,-0.3073894936003346,2,3
0.3852201134544822,-0.4208525331215831,2,3
-1.1171102308947984,-0.5340863059520765,1,3
-1.4927661865445088,-0.5669797906080791,1,3
-0.1796056513863854,-0.4826992171899034,1,3
-0.5404117591468236,-0.5348383671008569,1,3
-0.0283525947755904,-0.4584216960266004,1,3
-0.2360185452229211,-0.3593951268006152,1,3
-2.3216076671762376,-0.6338141321297125,1,3
-0.2145720530356348,-0.4682807003442991,1,3
-0.7793106344376657,0.4858608312269637,2,0
-1.9153259540822956,-0.5677122599904031,1,3
0.5203130172955017,-0.4180206806672524,2,3
1.1719884612688902,-0.3465835228296992,2,3
-1.2333383968369382,-0.4977039749087192,1,3
-1.6115326793357,-0.5757669553945379,1,3
-0.6768252960960576,0.5023987121622122,2,0
0.6132137936538296,-0.3845504050740265,2,3
-0.0874507008956969,-0.4649936696676294,1,3
-0.2886766348948895,1.1390539102930193,0,1
-0.0895534378134659,-0.2706598022098052,1,3
-1.949297647285985,-0.638144951106237,1,3
-0.8725154428757396,-0.5039037349151406,1,3
-1.349782856457966,-0.562676676651081,1,3
-0.4450766198290929,0.6190298813234892,2,0
0.5999965119505882,-0.2403719364638722,2,3
1.297075963526699,2.879536497210013,0,2
1.0854830059906908,-0.2900322806275731,2,3
1.5310608417450566,-0.2924539317676568,2,3
-2.596283499510284,1.285244224532584,0,1
-0.6835511914706778,-0.4677735898447754,1,3
0.2302344469360204,-0.394179372282255,1,3
0.7531346445474645,-0.3680019096626385,2,3
-0.2886766348948895,1.1390539102930193,0,1
-0.8606484457449444,-0.5244316676287663,1,3
0.5602368017118009,-0.3383168753423972,2,3
-0.2818108856996206,-0.4891806277772193,1,3
1.6204204124060986,-0.2820670316241411,2,3
1.0607146431454046,-0.3291298818564264,2,3
1.4594707644539524,-0.2773788775730693,2,3
1.8453118175610548,-0.2614049663859162,2,3
-0.0415571804520614,-0.4645054110296966,1,3
-0.7868119858929794,0.4920641349360186,2,0
0.7955157702614543,-0.3603147485799478,2,3
1.167123298077917,-0.3422521001266805,2,3
-0.2325723941693541,-0.2939289291772511,1,3
1.0235260514539943,-0.319217257145536,2,3
-0.1849669267935658,-0.4380671012431189,1,3
0.0175346227928252,-0.4402677305359632,1,3
-0.4645466126744144,-0.3316710416992885,1,3
0.1674734090593631,-0.4249047175044227,1,3
1.1702559466935156,-0.2733007783349298,2,3
-1.9625742330838216,0.3907025825708373,2,0
2.0371721000704666,-0.256901778242452,2,3
-1.1116554548862183,-0.4369553913746838,1,3
1.138954948605305,-0.2647599772928408,2,3
1.2376962010379329,2.888472113144448,0,2
1.7768842502257476,-0.2708127638079417,2,3
0.2121408284285456,-0.3470738411587159,1,3
0.7156064755136935,-0.3516455199861472,2,3
0.0763856268659227,-0.4422820514244353,1,3
-1.1537044286525513,-0.527489215152624,1,3
0.183589190009861,0.5585754627866781,2,0
0.833460873595864,-0.2733880193963244,2,3
0.0605272114380388,0.6975941317990597,2,0
1.3315620531704788,-0.3166497990393962,2,3
-0.4939226615500126,0.5409743120532783,2,0
-0.0158429759702913,-0.4427141329760387,1,3
-0.3952665529183919,-0.4894725952856409,1,3
0.9772768830175672,-0.3558409037774106,2,3
-1.5774907923670944,-0.5127466143702727,1,3
0.4493359981766672,-0.328532650739621,2,3
0.9429678394493356,-0.2867159969929891,2,3
1.4295270549424244,-0.3116009265925276,2,3
-1.812701830012456,1.3781227477374751,0,1
-1.272803408510901,-0.4631740989431119,1,3
-0.9738597739928068,-0.4145360892347933,1,3
-1.3921689799523005,0.3939265681848355,2,0
5.677165277669781,14.061632998282878,2,-1
1.5705203309118372,-0.2600123905265948,2,3
-0.6206574235776613,1.475293208565773,0,1
-0.7365753157476425,-0.4493335755173384,1,3
1.7483126816583072,-0.2662430110144028,2,3
-1.4374617832952508,0.4083055352479277,2,0
0.3809702034455684,-0.3478309584062038,2,3
-0.3698018534028712,-0.4467876456643559,1,3
0.6398189054152011,-0.4090711869968048,2,3
0.5099950138933684,-0.3450374243479016,2,3
0.8388408626355299,-0.3596396973628823,2,3
1.9219131404214669,2.921306647232105,0,2
-3.5352509633406277,1.2118059329311024,0,9
0.6152556151246025,-0.3850279131223056,2,3
-0.077196806175541,-0.3932926733321861,1,3
0.3391471523627016,-0.425231798115204,2,3
0.7573455396317323,-0.3731773047040008,2,3
-1.5306799776168,-0.5375832686556,1,3
-0.0023415638009222,0.5619528415846071,2,0
0.9360593466161838,-0.240701844243785,2,3
-0.3857793185249818,0.5399880057611506,2,0
1.1335199730485213,-0.3376584559580245,2,3
-0.4801747702134668,-0.4820291632296143,1,3
-1.1924694277010015,-0.5030319563116075,1,3
0.3984484384431671,-0.4282566262315865,2,3
-2.0072363785896563,0.3816452319412148,2,0
2.769349075052427,3.0029251691314625,0,2
-0.5526717955426355,-0.4955568701904273,1,3
1.3783374180327,-0.2367612147110324,2,3
0.8554960492454298,-0.3303396948626217,2,3
-0.3960799749811827,-0.4424461505929762,1,3
2.006752518184403,-0.2518247232536672,2,3
0.9071698041651216,-0.3570490583572611,2,3
0.5234802381936242,-0.325445217572294,2,3
0.5846533182546058,-0.360114925549388,2,3
0.978466580563026,-0.3572315372799238,2,3
0.7386674409211128,-0.3931988181920169,2,3
-0.4246455265922365,0.5178406323253777,2,0
0.3877247053554885,-0.2856286195275875,2,3
-1.2787120892735568,-0.5460370740833553,1,3
-0.246707738556812,-0.4598003286779424,1,3
0.6744544631166761,-0.3617699906279024,2,3
-1.6542310452695383,-0.5576849779214761,1,3
0.5586501674115736,-0.383683383747502,2,3
-1.0393942415536406,-0.5151330156320751,1,3
0.139865110209513,-0.3729794485026999,1,3
0.1647613868820728,-0.4336010578094785,1,3
-2.517591628853123,1.9904215960005969,0,1
1.181891493753741,-0.3673463642397258,2,3
1.5870544565182578,-0.2333097977913266,2,3
-0.9764247745716504,1.0471900885497236,0,1
1.5384737469614007,2.863996260317574,0,2
1.0188289527109495,-0.3275332737855741,2,3
0.3467078031357947,-0.4019687785579797,2,3
0.4211469426791068,-0.4353552331951114,2,3
0.7991394180719095,-0.3378507858589219,2,3
-0.7830825091036995,1.7855573166212897,0,1
-0.4174945091906431,-0.4855409261214652,1,3
1.0969123859855647,-0.3250092281007413,2,3
1.2247793375007197,-0.3443218413784859,2,3
0.7542265567491403,-0.3580092593252464,2,3
0.9304692985020158,-0.35991918076391,2,3
0.4840443646732795,-0.4051990982075318,2,3
-0.0065353304877461,-0.4401943281584495,1,3
-0.7979720497129489,1.775031831401634,0,1
-0.8476763562808234,-0.503704165055309,1,3
-0.11654172514038,-0.3900142650319524,1,3
0.1545509055501162,-0.4295645918617861,1,3
-0.36263520845135,-0.4350346525506857,1,3
0.9915799258418484,-0.3047115554644395,2,3
-0.0232837643052961,-0.466286612625483,1,3
0.9472838358175926,-0.2730910864455906,2,3
1.3480302491549716,-0.3111649186192408,2,3
1.3804473758721283,-0.3242279293476777,2,3
-1.0016324962918106,-0.4395301088252339,1,3
-0.2238119086706769,-0.4667041748190251,1,3
0.442176193525076,-0.3601581032328116,2,3
1.686950812188081,-0.2877410822794677,2,3
-0.727942618780755,-0.3745254664900501,1,3
0.4551377250700512,-0.369487411122561,2,3
-0.4461072170560538,-0.3286709594110435,1,3
-2.0013491215701804,1.481846557554371,0,1
1.0953929831523732,-0.3300677640116204,2,3
1.0988872280303632,-0.316407064806061,2,3
0.7363926517740043,-0.3612910486480531,2,3
-0.3656110666908087,0.5260206260570894,2,0
-0.3926096636122286,-0.4639791399961953,1,3
-1.280356757893765,-0.511945452779973,1,3
-0.6775519307087867,-0.4312324319314876,1,3
-0.2846738773500625,-0.4739770170810498,1,3
1.7795377362086848,-0.2941212996156375,2,3
0.2521576964095322,-0.2150635374136976,2,3
0.8183205766080511,-0.3449023117734442,2,3
0.4006974100095133,-0.3629948928150605,2,3
1.1745738079901982,-0.3346944432382628,2,3
1.261730054588305,0.6886114625848214,0,0
-0.9165875169171916,2.0725940396157507,0,-1
0.3989147665000045,0.598677291078514,2,0
0.3460449944682414,-0.4069775665373122,2,3
1.1036004524331389,-0.3086537477481436,2,3
1.0287584124722056,-0.367931013669213,2,3
-0.441921918134687,-0.4691642251611449,1,3
2.006431665890341,2.962643793179896,0,2
0.0605272114380388,0.6975941317990597,2,0
-0.5435849535197051,0.6559307787510932,2,0
0.4493359981766672,-0.328532650739621,2,3
0.809608145076759,-0.3658620587470045,2,3
1.461154452824362,-0.3249169971759654,2,3
-0.6672970034132697,1.791254143931778,0,1
1.768867995050152,-0.2795846627675277,2,3
-0.703212411987143,-0.4180442986558554,1,3
-1.84667478517966,1.5189893565161754,0,1
-0.0090279945408822,-0.369342438944755,1,3
1.0987623925082253,-0.3598837964006051,2,3
0.3811549338173281,-0.4105560976188756,2,3
0.2521264669552777,-0.4551153687405003,1,3
1.338924019540633,-0.3284477334717349,2,3
0.8217314060887964,-0.3814341699949951,2,3
-0.009457649398866,-0.4325503182794168,1,3
-0.5333744548821496,-0.4754625932729814,1,3
0.5751352681313219,-0.3707742185081489,2,3
1.043486141575387,-0.3495751938086474,2,3
0.1620756165048811,-0.4240283720746574,1,3
-0.4601324481160497,0.5138363017628125,2,0
-1.3658245940484517,-0.5258510355208192,1,3
0.8622669478616392,-0.3767030009323605,2,3
0.2521576964095322,-0.2150635374136976,2,3
0.7290216802295062,-0.3292124430619572,2,3
0.468636192407424,-0.3946470329585455,2,3
-0.0586670017326564,-0.4025434230621587,1,3
0.8488855138107412,-0.3851492630998867,2,3
0.6968364426962194,-0.3964467531182856,2,3
-0.5841667085821645,-0.4601018367086555,1,3
2.73663151985372,-0.1448408846789132,2,-1
-1.988638975766228,0.3864618593666944,2,0
1.022535369048697,-0.3681490819924798,2,3
0.9822341036804044,-0.3484381196540386,2,3
1.1436767350099577,-0.3434305318658837,2,3
0.2040933622383546,-0.4137999936374711,1,3
-0.9281548535960068,-0.5317432071210343,1,3
0.5525733410557486,-0.4194139049063066,2,3
0.242681034445356,-0.3957968286429181,1,3
0.6467262995140141,-0.3643494165476794,2,3
-1.721202082533737,1.0124703294630175,0,1
0.1444991743381628,-0.3498610486749475,1,3
1.7095206696448642,-0.2989718424852058,2,3
1.0406755828846572,-0.3407232795153942,2,3
-1.9268983708875995,1.783799089875825,0,1
-1.0633732979962267,1.1611134700465393,0,1
0.6196673209036347,-0.382921447049397,2,3
-1.4988820638610592,0.5070959305207725,2,0
0.6295831679110607,-0.3547614015202038,2,3
1.4456461498895006,-0.313506898951257,2,3
0.3233928017939572,-0.4031747141931128,2,3
-0.3707641383745456,-0.4238661317773516,1,3
-1.2983179431112375,0.4084059790582784,2,0
1.4489853571592255,-0.2764119160706874,2,3
1.7915835458268763,-0.2819932856355974,2,3
-0.0435298960891223,-0.4465126201950843,1,3
-0.9137631466716448,-0.4047583920184073,1,3
0.83292143622878,-0.3036751494213179,2,3
0.983782336473206,-0.3433404072120703,2,3
0.7160673889964203,-0.3338530192619667,2,3
0.6613577736792283,-0.3777040714467535,2,3
0.9226667765227624,-0.3472336834499704,2,3
-0.3387710920468344,-0.4584220117683775,1,3
-1.84667478517966,1.5189893565161754,0,1
-0.1273090877376236,-0.4589896543716086,1,3
0.2200098793161828,-0.355429887787033,1,3
0.1067384214890975,-0.2387231952510638,1,3
0.6689379367175706,-0.3660819450674442,2,3
0.1495634044220533,-0.2317555876650738,1,3
0.7726999671389062,-0.3153908668502737,2,3
0.3704785132543819,-0.4130400594101419,2,3
-2.050651621256725,1.071316958488929,0,1
0.4500578393700388,-0.409392800199529,2,3
-0.6929996550963574,-0.5017636062086922,1,3
0.9118527667874068,-0.3540571800186372,2,3
-0.2897187379421149,1.1390095671470897,0,1
0.6772174068458726,-0.4109022618621302,2,3
0.1534004972747897,0.5755103359638128,2,0
-0.7639533354893986,-0.380384395688198,1,3
1.3033899993876148,-0.2831435613898523,2,3
0.7406216616126075,-0.324897116857508,2,3
0.5554755338311811,-0.3861629272549218,2,3
-1.998075316975213,-0.5811755482194064,1,3
-0.4810234452550835,-0.4562664192148531,1,3
0.9137374339862018,-0.3648608040830652,2,3
0.5174377597466961,-0.3526947597347285,2,3
0.9725642179513568,-0.2901652233234535,2,3
1.1050414008926517,-0.2815401679471644,2,3
0.2493744259221458,-0.4612861153604906,1,3
0.0437136565381456,-0.3169951349891057,1,3
0.4078143444376565,0.5595867815651429,2,0
1.1114926526265143,-0.3447264142666104,2,3
-0.0709961784456317,-0.466402690000072,1,3
1.3057912588550693,-0.2827077716536746,2,3
1.6738972742804523,-0.2906637811458046,2,3
0.8035681082900614,2.7910233206780504,0,2
1.1052209613994337,-0.3306281028856915,2,3
-1.2255005280067497,-0.5312459551316701,1,3
-0.2999671503258803,-0.3253694378208274,1,3
0.3392473488122941,0.5859909002273042,2,0
-0.2897187379421149,1.1390095671470897,0,1
-0.8742756333661947,-0.4691670659646167,1,3
-0.6503624204955994,-0.3619031992741937,1,3
1.3534015796895766,2.8574160761727163,0,2
1.4166408149398535,-0.2635219659767441,2,3
1.1141527097087789,-0.3231759147109764,2,3
0.615442340124179,-0.3670945333060216,2,3
-0.1827588513452545,1.121391336290701,0,1
-0.8708785381214437,0.510839295642214,2,0
-0.0243310294080216,-0.4215733852924062,1,3
0.5126224343722355,-0.4085049410883469,2,3
0.7888900316260667,-0.360321674674269,2,3
-2.904706583241855,1.3024179049224425,0,1
-0.6095628997819766,1.1032432018471658,0,1
-0.7501618754528564,-0.3986159394453146,1,3
1.0662868453361205,-0.3520103408753648,2,3
0.7029423656276471,-0.3275725619478364,2,3
0.8048973682634766,-0.4006836406636403,2,3
-0.3897268678199146,-0.4800088012712257,1,3
0.3283216878408583,-0.4026114240508864,2,3
0.918481682946248,-0.360153432287307,2,3
-2.309278701494452,-0.6318082143469476,1,3
0.8919818548572331,2.835175495907206,0,2
1.3286677375423688,-0.296525881166597,2,3
-3.6222676648311847,2.096687503278006,0,-1
0.4014484504176302,-0.4217998378765001,2,3
-1.2110218568985367,1.03020848206808,0,1
1.302996865324136,-0.2530602139122516,2,3
0.7642078148073491,-0.3787216044440831,2,3
3.5720442143690634,11.41309694667496,2,-1
-0.0553218081761521,-0.4389644932655676,1,3
0.6479175812227475,-0.4108442627346333,2,3
-1.3124674741657858,1.1438767969078265,0,1
-0.0190593195183577,-0.3300237139320586,1,3
-0.0358769440017134,-0.2943794132592606,1,3
0.6341757980315967,-0.316129958075127,2,3
0.4069495305937607,-0.3281880508460105,2,3
1.2048395231155256,-0.3167374241017189,2,3
-1.3147390726064865,1.5142263987424942,0,1
1.3751889985105752,-0.3189068049587521,2,3
0.2484833595450393,-0.2156613505511973,2,3
-2.535935272478248,2.4753261136312203,0,1
-0.3442982866297789,-0.3121066871713983,1,3
0.7030747714679376,-0.3872380749844635,2,3
-0.4251529707608982,-0.4694985611687089,1,3
0.0633404430013628,-0.3932002633714324,1,3
-0.4085138320761695,-0.3983225466359672,1,3
-1.1252366362152677,1.045192001875748,0,1
2.170981497229956,2.968107641252275,0,2
2.006752518184403,-0.2518247232536672,2,3
1.1202702460405374,-0.3275542427589634,2,3
-0.7063975246857064,-0.37102008830245,1,3
1.2872104978970276,-0.2340576342806057,2,3
0.2894422213601574,-0.2565397870391974,2,3
0.8145759631109587,-0.3522029159337813,2,3
1.353741825757779,-0.2859169822503371,2,3
0.9610549082082286,-0.3831821692642947,2,3
1.3037383969983585,-0.303103521234555,2,3
-0.5656832525603677,-0.5317630513945523,1,3
0.7601397177607128,-0.3800935085661287,2,3
-2.031145251099788,1.074490637107631,0,1
0.0855848924493393,-0.4069888056775096,1,3
-0.3933356720761181,-0.320085050160309,1,3
-0.7773299206163582,-0.5303761872880842,1,3
0.2093674670902601,-0.3204580478099197,1,3
1.2616384668947689,-0.3060746519488376,2,3
0.2484833595450393,-0.2156613505511973,2,3
1.277872235440561,-0.3118164237702401,2,3
1.6032906471808694,-0.2791788774489577,2,3
-1.0905284410155935,-0.4335180346722949,1,3
-0.6315864868723153,-0.4539332162169803,1,3
-1.5038132273834852,-0.5417101216031809,1,3
2.029082033952337,-0.2518117216222757,2,3
0.321852259737686,-0.3908078879450858,2,3
1.569216963636707,2.874538551545137,0,2
-0.4477726549850052,-0.4356076127093001,1,3
-0.3410079674018506,-0.3952638261225216,1,3
-2.0013491215701804,1.481846557554371,0,1
-0.521584042770141,0.4994412861922682,2,0
-0.5409633850775324,-0.5168064809098206,1,3
-3.167714125209518,2.453259721145429,0,1
0.8854687095924338,-0.3556373383860786,2,3
-2.10807464198433,0.9605350613333824,0,1
-2.280249720374296,0.4209185430569729,2,0
0.473287464893417,-0.3435734324790919,2,3
-0.6503624204955994,-0.3619031992741937,1,3
1.3797066297441094,-0.3292896216276745,2,3
0.5646852106689803,-0.2171435998064503,2,3
0.7101081000679577,-0.3615586300288284,2,3
-0.6422594745045349,-0.4702829205916376,1,3
-1.84667478517966,1.5189893565161754,0,1
-0.2665024334282752,-0.4700282616298383,1,3
0.3146983519618128,-0.4297402769917776,2,3
1.0063237440403483,-0.3615260986170096,2,3
-0.5917618278991936,-0.3848216614218544,1,3
-0.4477875268556742,0.5072557213295724,2,0
-2.040655694358703,0.3729223428800494,2,0
1.232171256778548,-0.3402474467458723,2,3
-0.8648989742040056,-0.3968082107118167,1,3
-0.7990250350975892,-0.4475167735383367,1,3
1.255880039749276,-0.3453027182834211,2,3
0.6600663028721,-0.3313753106860103,2,3
-1.415717693575015,1.1746204544422931,0,1
-0.4152357867379374,-0.4635544062829248,1,3
-0.8214038417901612,1.053544404053996,0,1
1.074060600265081,-0.3461515383584861,2,3
1.6191395276091998,-0.2894071067318295,2,3
-2.478188215994224,0.9078779441402794,0,1
0.0050628919502768,-0.4424541423847793,1,3
0.754987750546656,-0.3982715702736916,2,3
-1.3147390726064865,1.5142263987424942,0,1
1.2795246561698952,-0.3373966005872552,2,3
-1.3848303889644535,1.1591703977561538,0,1
-0.6303659641444007,0.6213361342633109,2,0
-2.0012674990746646,2.141080212106917,0,1
0.0686513644403782,-0.3183235168769641,1,3
0.7885839887321227,-0.3224631762265227,2,3
0.1639596192079777,-0.4409660012015279,1,3
0.9186887660239316,-0.3456349743213373,2,3
1.2872104978970276,-0.2340576342806057,2,3
1.2132880324804571,-0.2976313457322298,2,3
-0.7619062086873596,-0.3800513289767015,1,3
-1.2287655051938768,-0.4560091496960064,1,3
1.649556062059692,-0.2899529876473423,2,3
0.2936749554498199,-0.4387600068486444,2,3
0.0411023361118783,-0.420526453822572,1,3
1.12533998447963,-0.3430072188212082,2,3
1.7604419880123083,-0.2398752562444531,2,3
-0.4668427557734409,0.476934312071802,2,0
-1.9828510762721392,1.3779255624534406,0,1
-1.6188159914388656,-0.5952382236396828,1,3
0.6486896101929962,-0.4030055739957671,2,3
0.5524954151947032,-0.1986514658659885,2,3
1.0051788440201097,-0.337514674897506,2,3
-1.8347843740488443,-0.5546081771491503,1,3
0.9968574400841792,-0.3467124447138894,2,3
-0.5371949824885558,0.6118910711759044,2,0
1.1900183674464342,-0.3426299035761255,2,3
0.3239388959139474,-0.3217604684531264,2,3
-0.0651391254551425,-0.4627119430973043,1,3
0.4033791088681422,-0.4020583441452237,2,3
-1.9638599517706563,1.3381498991472311,0,1
1.243390262372729,-0.2019996915887009,2,3
0.5743425630971556,-0.382957297576604,2,3
1.76701063069847,-0.2786906396496759,2,3
-0.8910481900820777,-0.5358924767148684,1,3
1.321816594254705,2.9293819189839634,0,2
0.4035033123409254,-0.4029838499618611,2,3
-1.199776157937875,1.1622116289626114,0,1
0.7748367480110073,-0.3725329900338492,2,3
0.988880868094385,-0.3413476625153064,2,3
-1.3233238555041142,-0.5123445730245378,1,3
-0.4641962136568185,0.573527063223702,2,0
1.825820338694852,-0.3045307445704953,2,3
0.7469338539694985,-0.3779749483893374,2,3
1.1648898900530784,-0.2191289682211302,2,3
-1.1060254938768328,-0.4684921540843834,1,3
1.46903040216385,-0.3098756136673104,2,3
1.3480482428507767,-0.3427054171580664,2,3
0.231604019400245,-0.3327620026957988,1,3
1.1302954364698197,-0.3443624861795362,2,3
0.9846130249834114,-0.3029229847004984,2,3
-1.3270044699134391,1.6240149176405434,0,1
0.084670704222595,-0.4532877268813783,1,3
-1.139727091037489,-0.4739753904561103,1,3
1.0357294786100495,-0.3390127090197636,2,3
-1.216585519811899,0.593976282843747,2,0
0.2391501755179998,-0.4054462611411624,1,3
-0.3668590867254906,-0.3772035466773225,1,3
-2.467191045549071,0.3086016291144089,2,0
0.9331812102970056,-0.3779058078820765,2,3
-0.2870593776603876,-0.3232693483734336,1,3
0.6942472292280967,-0.3105206924799988,2,3
0.8568332854911089,-0.321523564676845,2,3
0.1378079168368331,-0.4700461791845596,1,3
2.6690508824046204,2.9726924864079702,0,2
-0.7529224845496972,-0.3785896806545057,1,3
0.0547417197329022,-0.3341610901510823,1,3
-0.5902577518805093,-0.4860161435175379,1,3
0.611628181741728,-0.4078111657192479,2,3
-1.2142938648837054,-0.4946054371809468,1,3
1.0011350555612786,-0.3479105261649871,2,3
0.3759024215061866,-0.3606328308266135,2,3
0.8792216745195656,-0.3430411642416526,2,3
0.872803797053056,-0.2182525465608926,2,3
-0.6395811942507255,-0.360149098078458,1,3
-0.3487218280289985,1.131895470866776,0,1
0.4448223232451102,-0.3871134566412014,2,3
1.191983982923169,-0.3405202442166297,2,3
-0.3928837504172964,-0.3200115226872634,1,3
-1.399378338658449,-0.5571713621121471,1,3
-2.178997793257458,1.3969027003860244,0,1
-2.7661026599425327,1.6418751508852962,0,1
-1.6943807915368905,1.319625147425384,0,1
0.617972853549182,-0.3843439497574727,2,3
-1.6588394384489236,1.4991922244903118,0,1
1.140895825261154,-0.3047545328328734,2,3
-1.8409577817371137,-0.6264458646689834,1,3
0.7652416552538552,-0.2266698364594385,2,3
0.0287796578775825,-0.2989494818089094,1,3
0.0999878606531675,-0.2807723263700221,1,3
0.4604704208133577,-0.347726844660745,2,3
-0.4032784934069714,-0.3217027432120367,1,3
-4.208173484950796,1.1552498718465614,0,-1
0.3777109644294087,-0.3922452995425214,2,3
0.7324764487910546,-0.2419400351614159,2,3
0.8972122211350558,-0.3017581227548961,2,3
1.2235644534984838,-0.2156634627108652,2,3
1.912680744402379,-0.3040376187875146,2,3
0.4817638788767019,-0.4087444012687335,2,3
1.1541859632510818,-0.3232844384138879,2,3
1.1194305188740656,-0.288245346570975,2,3
-1.3093069668638886,1.159480681982996,0,1
0.7975447967342921,-0.3804111960380874,2,3
0.2763830162042594,-0.4345832752605048,2,3
0.7500928175047541,-0.328685069880045,2,3
0.0594291368252714,-0.2464203969341908,1,3
-2.7808192400951537,1.2675352807658355,0,1
-0.2795883253663649,-0.3630046287271877,1,3
-0.4461072170560538,-0.3286709594110435,1,3
0.1441625315962157,-0.410422171101445,1,3
-0.769834504897457,0.5958292176353649,2,0
-1.0021843652217683,0.4293298085230353,2,0
1.2608195282440686,-0.3143501688769205,2,3
1.8954369476750372,-0.2732286709872827,2,3
-0.2796277027381589,-0.4275033952546985,1,3
0.3964035681436326,-0.4322809186472688,2,3
1.3759054541894618,-0.3167478111367249,2,3
1.2140864126648556,-0.3251715609144046,2,3
0.7203767910481057,-0.3756749200821489,2,3
0.0399853093834666,-0.3144894101041577,1,3
0.4545255845548551,-0.38304670440633,2,3
0.3963251434036924,-0.409618615294266,2,3
-0.3122256683181631,-0.4467947012374146,1,3
-1.216585519811899,0.593976282843747,2,0
0.6016437973198254,-0.419893262972859,2,3
1.1192179669019882,-0.3662490123759478,2,3
0.3213313606896372,-0.4067794713276748,2,3
-0.4261779362493444,-0.3254284733988589,1,3
0.7550322209777219,-0.4161973934503137,2,3
-0.3487218280289985,1.131895470866776,0,1
0.726263454785923,-0.3212675500546348,2,3
1.873280376726707,-0.2597789414457598,2,3
1.3172026953796148,-0.3285807514470399,2,3
-0.7823226448664764,-0.5156325778908561,1,3
-1.6435289491073428,0.4003071018387095,2,0
-0.69861755247233,-0.3697542899366322,1,3
0.277819455275505,-0.4414964004086377,2,3
-1.5826973959518331,-0.5135937266899918,1,3
1.6562814855214776,-0.3115115651527734,2,3
2.2593191909129846,2.95893847927552,0,2
-0.5271830370899868,-0.3418619628865888,1,3
1.0816909947860556,-0.3683615252568271,2,3
0.461307839779528,-0.3571976592396013,2,3
1.145156977439149,-0.3554628554077708,2,3
-1.3040084611934262,0.5797526052648652,2,0
0.2766219873431581,-0.3688945359597039,2,3
-0.0453779151136461,-0.4484918109239033,1,3
-1.716414988342388,1.1256971249131762,0,1
1.2203350499491954,-0.3409249728011254,2,3
0.0017500388004235,-0.3172309894599548,1,3
1.4111819630186966,-0.3284713969702721,2,3
0.0588372368165773,-0.2465166988287457,1,3
0.771215991746931,-0.3831393578937782,2,3
-0.8646352743664962,1.0589558689728682,0,1
0.1023226894282492,1.1418608533325425,0,1
0.5191347735738056,-0.2396443094958787,2,3
0.0572705604903095,-0.2467715964400952,1,3
-0.4229910563211194,-0.4618188009527528,1,3
-0.4026989845332223,1.2352703116664046,0,1
-1.696138997415674,-0.5645033849654171,1,3
-0.5508173326934352,-0.3457072533235732,1,3
-1.3653978462901757,-0.4782391769164383,1,3
0.0646249784805295,-0.2455750355760916,1,3
-1.3670257638290195,0.5694997153435829,2,0
0.0361588431274034,-0.4265961700391852,1,3
0.2536300335562298,-0.4215853235834533,1,3
-0.3741730093399475,0.6121284951952976,2,0
-0.3104931744963934,-0.3066066089550318,1,3
0.7930632246421772,-0.377288044068017,2,3
1.3489983910496213,-0.2786799659836604,2,3
-1.6359583218381863,1.1183119835710431,0,1
0.9765828581116142,-0.2676869009747137,2,3
-0.5536253987416271,-0.4110696347719042,1,3
-1.4535184363119538,-0.5574818718759015,1,3
-2.291752495733351,0.419047046109101,2,0
-0.0620457277305854,-0.3191124726861861,1,3
-0.0547856649912441,-0.2650030994845913,1,3
-0.0256572680475567,-0.2602639209581153,1,3
-0.232885126129024,-0.293979810541944,1,3
1.2323136917439002,-0.3391907860495941,2,3
-1.2419455583126369,0.5898502147279613,2,0
0.774807707716862,-0.2199630844719305,2,3
-0.6395811942507255,-0.360149098078458,1,3
-0.5606735077671795,-0.4899381298085836,1,3
-0.3479627297151539,0.6358317164465388,2,0
-1.4231149018876048,1.4615706434480824,0,1
-2.0908792907522,1.4997327899685893,0,1
0.4026141273684602,1.2448032445978925,0,1
-0.69861755247233,-0.3697542899366322,1,3
-0.4793761889423612,0.6359627975452787,2,0
-1.8230581455777268,1.1083463259062007,0,1
0.7945421877193045,-0.3212493111722886,2,3
-0.4033736674860871,-0.3217182279966231,1,3
1.139436901966911,-0.2282308561763133,2,3
-1.0228292357833184,0.6255003527200683,2,0
-0.9299479352573914,0.6201366943613251,2,0
-0.7004359770150097,-0.5114715552683949,1,3
0.1380465952882401,-0.2336293679024829,1,3
-0.0323341191293014,-0.43013259896427,1,3
1.5794871165047846,-0.2902647963859495,2,3
-0.8352829310121034,0.5945878350977837,2,0
1.0222335229476862,-0.3557864826220899,2,3
-0.7285908511537752,-0.521024928627242,1,3
1.3500435523433374,-0.3128043203665226,2,3
0.872803797053056,-0.2182525465608926,2,3
3.3200877869576417,4.883867387468921,2,6
0.7930140629032099,-0.2352871940492291,2,3
0.5010258529351699,-0.390026946274235,2,3
-0.3445040440069864,-0.441584225873839,1,3
-0.8459144783896949,1.0962029157896258,0,1
-0.4874308397950384,1.139910453919714,0,1
1.6181850139060918,9.715396609609954,2,-1
0.3617548701416176,-0.3914171259968921,2,3
0.9257461362053422,-0.3577386210569497,2,3
0.1755607675064104,-0.4286632869910554,1,3
0.1435592775456456,-0.2941586830636736,1,3
0.5185382845977015,-0.3877937358692042,2,3
1.288910826093706,-0.3024356620065423,2,3
1.192138495471606,-0.3308540948564489,2,3
0.1018342481383357,-0.2599965110788945,1,3
2.8232987562659964,2.997895934156112,0,2
0.923060622776378,-0.357686414945813,2,3
1.022243913265304,-0.3608019841682257,2,3
0.698118580665285,-0.3757902070811701,2,3
-0.6232999674341917,0.5978818245817376,2,0
-0.7434256871344,-0.5292716076493149,1,3
0.9443341402894072,-0.3247683064490901,2,3
0.9310130808534768,-0.2719989831667452,2,3
-0.2299759871770618,3.864555593005608,2,5
-0.1200784352703601,-0.4726791146984554,1,3
-0.4765558304172144,-0.3911066762572916,1,3
1.4068281298236271,-0.3028755148712975,2,3
-0.8546421981614531,-0.3951394373541304,1,3
0.6959641112844488,-0.3915102029166768,2,3
1.6606561994117564,-0.2659154335915232,2,3
-1.8230581455777268,1.1083463259062007,0,1
0.8616706711418223,-0.3434010652590449,2,3
-0.3328881647804386,-0.3102502649124801,2,3
0.494880678674175,-0.4261405994722929,2,3
-0.1515852832505939,-0.3012277674254024,1,3
0.6058137233901171,-0.4003844463942829,2,3
1.5579019620112764,-0.3224750620100101,2,3
-0.95233580426658,-0.517699835187219,1,3
2.3362544139643044,2.992597649735758,0,2
0.4277996149261166,-0.3740903754724164,2,3
0.414177451811162,-0.3466553184960172,2,3
0.1863772405938859,-0.4569573269945362,1,3
-1.2443683722680587,0.5894560238669476,2,0
1.38586099255323,-0.3337352291782406,2,3
0.137818111006102,-0.4366063447946862,1,3
1.070491968804736,-0.3347944386481877,2,3
0.8381459142608061,-0.3678039306123906,2,3
1.3310822374313245,-0.2389489358134734,2,3
-1.556455588028154,0.5386795587502003,2,0
-1.7198022250337774,0.4796503711625418,2,0
-0.3243731370499866,0.535924287346684,2,0
0.6214844093607094,-0.375777285431482,2,3
0.7787012727405989,-0.3238266217002916,2,3
1.0133102514704613,-0.395082226354422,2,3
0.7453535224760961,-0.24148646108769,2,3
-0.4133866579297104,-0.467807129503596,1,3
-0.4070336551659114,1.0752899252808972,0,1
-1.1937695065491185,-0.4912661322931077,1,3
0.1318054234558708,-0.3868718561960506,1,3
-0.3310394926516984,-0.4928704548261277,1,3
0.6590441783996427,-0.3663353733096992,2,3
0.8947526332747031,-0.3760007158131732,2,3
-0.6395811942507255,-0.360149098078458,1,3
0.08214062224516,-0.4114099521282826,1,3
0.0521152237701828,-0.4516933997752381,1,3
1.3534192992028835,-0.3160064185482314,2,3
-1.889607550790224,-0.6110703129813541,1,3
0.1369783488291113,-0.4725737262787825,1,3
-0.9668053526356184,1.4547293661576863,0,1
0.2474260033976852,-0.3182104259040342,1,3
0.6297611132485748,-0.3785817794910178,2,3
0.9457673842956248,-0.2316575808147681,2,3
-0.1124171654592376,-0.4440267189373655,1,3
0.407451751014638,-0.4064130753730613,2,3
-2.176479821979811,1.723718322934973,0,1
-0.4699821051126619,-0.3325553941438795,1,3
1.2775838976486769,-0.3302967808819511,2,3
1.700722303372751,-0.2752705160654438,2,3
0.7917071557601784,-0.3742059842265863,2,3
1.0969605389670047,-0.3174508301565296,2,3
0.8420308053289947,-0.3161443262585894,2,3
0.1732705685837975,-0.4323334909788148,1,3
0.2629132497393287,-0.4290276832020118,2,3
0.596985075442493,-0.3863448716474173,2,3
0.7246746018026975,-0.3807023859020452,2,3
-0.584143166936004,-0.4923035654286794,1,3
0.9244724241830844,-0.2958006064190927,2,3
0.6698217314745919,-0.2851440584094745,2,3
-0.0295855936870301,-0.450355165058625,1,3
0.6693776975622271,-0.3362931763182832,2,3
-0.94254895381906,-0.4094418313221234,1,3
-0.3017703506607031,-0.4966969136965785,1,3
-1.970130861917527,-0.5766289965640068,1,3
-1.1332473571088024,-0.5355532390556635,1,3
-0.4028938551348503,-0.3216401627190826,1,3
1.50963151763746,-0.3059304217436828,2,3
-0.0369238861911349,-0.4515974885161281,1,3
-0.539927520674491,0.5475571883380707,2,0
1.5519574796185331,-0.2884931825605729,2,3
0.9598281350409812,-0.3604829163196356,2,3
1.7532223583935909,2.9541418551339187,0,2
1.5589223200933864,-0.3073357585541842,2,3
0.8225118924947905,-0.3857694376325195,2,3
-0.1946212165003989,-0.3762475322445651,1,3
-0.4093798876599857,-0.4709047336127512,1,3
0.8493726689372364,-0.3204973389382122,2,3
2.2495713525696863,2.945353477015595,0,2
1.015998462107099,-0.2997547392679915,2,3
1.1188486124917842,-0.3090961210024651,2,3
0.7418574705839283,-0.2526710929196338,2,3
0.4220228305027412,-0.3780651508254726,2,3
-0.824519517732502,1.2133264214361246,0,1
0.5070261770363204,-0.4059210445903192,2,3
-0.8545629147409148,-0.4924848033123194,1,3
-0.2583571830372609,-0.4510263802995244,1,3
-0.9765003242483712,0.4941869358270501,2,0
0.6698217314745919,-0.2851440584094745,2,3
-0.1744550934984246,0.5543136253539332,2,0
1.2163302598693195,-0.3185399995177242,2,3
1.6464699181410958,-0.3108095431989905,2,3
-0.2821526843387609,-0.398239047250977,1,3
0.433496142520987,-0.4197524940728022,2,3
1.6305290728848256,-0.2894577630297077,2,3
-1.6809942579773995,0.3838966877392903,2,0
-1.2640848891919612,-0.5631947940008356,1,3
0.5580609250818788,-0.4035856701128075,2,3
-0.836813454584804,-0.4497204475456663,1,3
-0.2033950828914494,-0.4879439387715579,1,3
-1.1263391899491682,1.7704767420206176,0,1
0.1026285181356352,-0.421204971768549,1,3
0.2895643699103646,-0.4018550219948297,2,3
0.2115969943592627,-0.4029697973010345,1,3
0.6066331747539214,-0.2945847612128645,2,3
-0.7506546395173744,-0.3782207031752666,1,3
0.8298288330162638,-0.376801144404048,2,3
0.724484956047546,-0.3883154739517058,2,3
0.4846583452829016,-0.3238370673582197,2,3
-1.618594934039628,-0.5928378144571259,1,3
1.769147420047008,-0.2869212626252846,2,3
0.7855348973945807,-0.2991361500013241,2,3
1.5377496524284024,-0.3188412762357941,2,3
0.3393407323124572,-0.4278448754166928,2,3
-0.3623281382623233,-0.491278743548538,1,3
1.6386294583880163,-0.2853162241050818,2,3
-1.1477293355463885,0.4313049929703419,2,0
-0.4677310720217441,0.5985330890296017,2,0
1.2940863271933307,-0.332499244768576,2,3
0.0115897371450014,-0.4069387598223381,1,3
0.9557024958758736,-0.3061199571694881,2,3
1.0301785907187488,-0.3511452495728067,2,3
0.5483058800056811,-0.3802979055374825,2,3
-0.8348075488806885,-0.3919123478533485,1,3
0.5687099471112904,-0.3734154005387173,2,3
-0.3441437154004457,4.291638500747737,2,-1
-2.3086959369019424,1.2935322707790584,0,1
-0.9247852689802074,0.5515175721348913,2,0
-1.441972060552694,-0.5641013436196822,1,3
-0.5552366496035689,-0.3464262744163813,1,3
-1.0250362179543562,0.4386940785216693,2,0
0.1999076068726264,-0.3668924675756169,1,3
-0.8408353834849083,-0.5514027752824054,1,3
0.2865338252447521,0.5621821558187226,2,0
-0.8354810205009449,1.4706354444988732,0,1
0.9006885741225041,-0.3023389848619441,2,3
-1.2735534036257077,1.1402687878904407,0,1
1.179746553502926,-0.2771511253462869,2,3
0.5822489675477648,-0.3466571681943863,2,3
1.0631623253861866,-0.3469728193451586,2,3
1.6425276458198803,2.981561478735211,0,2
-0.6791919487043313,-0.3665937519770902,1,3
-0.5922426977597199,-0.4053753075418897,1,3
2.557615366870918,4.84788048864439,2,6
1.532636253679725,-0.2719689310202259,2,3
-1.1028375478025307,-0.4355207214208149,1,3
-0.0045148440899473,-0.414208297469825,1,3
-2.0272610141060285,1.075122600912167,0,1
1.250824199967797,-0.2773011999817462,2,3
1.5969670180950162,-0.2858143138284654,2,3
-0.0856350672794371,-0.4760191467664512,1,3
1.2513820140021756,-0.3030152837494177,2,3
1.9166004606613336,-0.2518866303708014,2,3
-1.093286921255194,0.4356795929016519,2,0
-0.0277003989912434,0.5582406456164417,2,0
1.257985487272003,-0.3291448249994742,2,3
0.0005317117768159,-0.4661716426223696,1,3
-0.6889026591982197,0.597928437958997,2,0
-0.7746820589859434,-0.4760089361792547,1,3
-0.6113829293803952,-0.4468699370136183,1,3
0.3884160460725468,-0.4070764690163028,2,3
-0.4677310720217441,0.5985330890296017,2,0
1.3367429473558887,-0.2742591673773984,2,3
-1.6741601248738076,1.408748339801737,0,1
1.1045070998505089,-0.3207715562680856,2,3
-3.280637692424839,0.2581558203279346,2,0
1.295188594813575,-0.2868832524893932,2,3
0.9009659474878916,-0.3013266941108824,2,3
0.6138572530419575,-0.3936041449970583,2,3
0.9854190222708497,-0.3036603416047561,2,3
1.0609866162995476,-0.3511452278520809,2,3
1.0696574797627296,-0.3558185723939726,2,3
-1.4298439572481318,-0.5091999421661616,1,3
-0.4253955806086462,-0.4554746606229955,1,3
0.2654216347003932,-0.424980611280013,2,3
0.3238542232822923,-0.4175176895137263,2,3
-0.3816485358170206,-0.3939515736852444,1,3
-1.3189460374759707,0.4052235602180494,2,0
1.1994455900389984,-0.3122451926237972,2,3
0.7094497201046708,-0.3575854352308817,2,3
-0.8958669668370766,0.5932288991721915,2,0
-1.6927238518335082,-0.5929212133913068,1,3
-0.5831211512959189,-0.4435848519030054,1,3
1.388310982894646,-0.3259754627316593,2,3
2.000353916623499,3.00750170674392,0,2
0.5969854889747596,-0.3186868079032532,2,3
0.0680610222576195,-0.4419187613169709,1,3
-0.9409923363954422,-0.5446274583502825,1,3
0.9455293170512074,-0.3439053285113856,2,3
-1.5257041816610923,1.4083457242458663,0,1
0.3978372340188032,-0.4288364010051204,2,3
1.6969197071758553,2.8705522497719578,0,2
1.298726270764934,-0.3439421477440386,2,3
1.673909966085129,-0.2561512032382743,2,3
1.3750394982916836,-0.2791315065626054,2,3
0.3320792626049684,-0.3557854949163633,2,3
0.6748293239490433,-0.3793257033419841,2,3
0.3924732711483917,-0.4194844662737937,2,3
1.0118702954369112,-0.2823288899828421,2,3
-0.5770047842570403,-0.349967941213583,1,3
-1.640506290082984,0.4125566060194389,2,0
-2.447746845277165,1.368267008969163,0,1
-0.3860334922912147,-0.515573108150773,1,3
0.6302475344450105,-0.388331514711464,2,3
-0.6175427127129639,-0.4365586279792416,1,3
-0.923362746385548,1.0621087542914185,0,1
1.1564823008856264,-0.3420057708510319,2,3
-0.1377538679320166,-0.3314301568009589,1,3
-0.1477623569718963,-0.41030384623732,1,3
-0.2500019716043916,-0.4034304016648386,1,3
-0.5327351336644249,-0.4746871886410879,1,3
0.6664987977798874,-0.3700038200055998,2,3
-1.7277198504782665,-0.5576642307942056,1,3
-1.2680897778900333,-0.5728170966634517,1,3
1.1091335541981586,-0.3487414331836568,2,3
-0.8941391087211905,-0.5489818032836976,1,3
1.0275006837611504,-0.3680334317857126,2,3
0.7215735330016698,-0.3681954313760542,2,3
0.4976317057877556,-0.3742034730686033,2,3
-0.9844265918105504,1.1713877714250234,0,1
0.6796260018641617,-0.3835370541897011,2,3
0.1456249300731501,-0.3808006545557763,1,3
0.6640125999943367,-0.3517517952332401,2,3
-1.1722514684618464,0.4273152517579779,2,0
-0.0478498785932407,-0.2963274049261128,1,3
0.3877609044834755,3.861775106407688,2,5
-1.8930542798844108,-0.564088667510826,1,3
-1.973080127553184,-0.5771088409027255,1,3
0.7288870114115558,-0.3932037818287624,2,3
1.322352244593018,-0.2681935294024697,2,3
0.8112412046730468,-0.3658530497855157,2,3
-0.3234312740648941,0.5118405419511903,2,0
-0.7938070835134148,0.4638942045663809,2,0
0.5170516595064617,-0.3724100988266035,2,3
1.4424756154722431,-0.3179174693715628,2,3
0.642927599834106,-0.3525902677863434,2,3
1.0056127666291714,-0.3423327077929338,2,3
0.3156925035118518,0.5796214279467499,2,0
-0.0369863353515398,0.5555300151899755,2,0
-0.1318921317637078,5.6997812974836775,2,-1
-0.544725664507914,-0.5073423726342805,1,3
-0.4094619792327749,-0.4778597466834988,1,3
1.1313598081542318,-0.3556559070314427,2,3
0.0837601638085255,1.219158912322455,0,1
-0.9908525518202846,-0.5432193935906994,1,3
1.1047613693302636,-0.3281413855942228,2,3
-0.0596158257591873,-0.4764340811543365,1,3
1.210114170552521,-0.2890697812637193,2,3
1.194841876264435,-0.302435096625497,2,3
0.7731266298090527,-0.391553247560614,2,3
0.9022201260723588,-0.3695487840781062,2,3
0.8313600633089484,-0.3892600272752832,2,3
-0.0093543788779792,-0.4325335162069941,1,3
-1.18535471146828,-0.5415680111482498,1,3
-0.8461939194343477,-0.3937649057859639,1,3
-0.2299183602915225,-0.3753987540720144,1,3
0.3267050213430336,1.1456075372580703,0,1
-0.31155715006092,-0.4335189055112704,1,3
0.9974803506245288,-0.2874435793728309,2,3
-0.7771991569817827,-0.512350505996429,1,3
1.4429625058198243,2.892675182140225,0,2
0.2147706153844843,-0.396849990326265,1,3
0.8256026237005848,-0.3781139775354892,2,3
1.7148545281420826,-0.2628365621736268,2,3
-0.7663938986316593,-0.4012568831209643,1,3
-1.3370462688208635,0.4292586682532701,2,0
-0.5374442477566599,-0.343531457755845,1,3
-0.9521996730020804,-0.4110119994712886,1,3
-1.4286304405947745,-0.570428729850741,1,3
1.0831207934672518,-0.3513045401981581,2,3
0.2433494239242868,-0.2964918218501304,1,3
0.3086178318370656,-0.3501143452178576,2,3
1.1254932609306705,-0.2529748443961964,2,3
-0.7801462205516525,-0.4154717267209415,1,3
-0.8300880935296211,-0.3911444943563064,1,3
-0.9715152047808177,1.7763503148717066,0,1
-0.9104581601677356,-0.4042206720367722,1,3
-1.3100105406756628,-0.5925381272895519,1,3
0.2926928405890914,-0.2793017622359182,2,3
0.3679546172455196,0.5668603917095154,2,0
-1.769421805979282,-0.5439737134802624,1,3
1.3888987540802868,-0.3278796048180294,2,3
-0.0106645428189516,2.716494936663685,0,2
0.769632688424791,-0.4077459272045109,2,3
1.0491942208434222,-0.250321214591913,2,3
1.182427265751272,-0.3337792616002676,2,3
0.7253720632323404,0.6717788996154164,2,0
-0.2324639903276577,-0.2939112919155869,1,3
-0.6080958854480516,-0.3550264509356864,1,3
-1.5809304725098428,1.5827012586312532,0,1
-0.7056228771755461,0.5385283595397493,2,0
0.5620999451219785,-0.3264095352356366,2,3
1.0093939887754362,-0.2984335590124453,2,3
1.3798741913116837,-0.3005074060527867,2,3
0.2838676129161399,0.6407114512369451,2,0
-0.7515489250978102,-0.3988416118674953,1,3
0.2313302154746727,-0.3805941221321653,1,3
-2.2304697375467306,0.939683578995278,0,1
-1.3277057626249165,-0.6310276242862767,1,3
0.8908418257527322,4.832671887973229,2,-1
1.4655122068438884,-0.2739506039765476,2,3
0.4425204843064634,-0.3756462260373419,2,3
0.8386085835424851,-0.3766348066433913,2,3
-0.7281229534183202,-0.4901150694793351,1,3
-0.707177301382908,-0.3711469576590427,1,3
-0.9521996730020804,-0.4110119994712886,1,3
0.4337091241732054,-0.2781469729874531,2,3
1.2247679768933415,-0.3305988898353826,2,3
0.5634420562366624,-0.3907235456129947,2,3
-0.4685457999789112,-0.3972272180993714,1,3
-0.3548373350608043,-0.3138213861337327,1,3
0.8137669905861149,-0.2957886373526121,2,3
-0.3190677045459863,-0.3080016815628452,1,3
0.9413972360249524,-0.3381427608926064,2,3
0.8736784075525151,-0.3756333407476363,2,3
-0.3487123270930514,-0.503088933792481,1,3
1.133665267490925,-0.3576438704678765,2,3
1.7373488970636222,-0.2898842403350552,2,3
0.5492586822901667,-0.4277497857814261,2,3
0.4658919865863524,-0.3691542588550217,2,3
0.9854664874827176,-0.2893140711505821,2,3
0.4387076481812421,-0.4146634894400241,2,3
-1.05703998867782,0.4554466570056008,2,0
-1.1803737179160536,0.4528563548558877,2,0
-0.044491458633271,-0.3208099758665225,1,3
0.0549283714995782,-0.4787420899780234,1,3
-1.3278852072064204,-0.5335621119073511,1,3
-2.1324872563488304,-0.6679498271940817,1,3
0.0453688801420681,-0.4234712475088057,1,3
1.1155887996499023,-0.3331935248975501,2,3
0.8237021511600755,-0.3522698778168232,2,3
0.2773794786786862,-0.4240094884669684,2,3
0.94126256556606,-0.3049830167623828,2,3
1.1090428612677776,-0.3255922722536691,2,3
0.7719271508186615,-0.3862422671885876,2,3
0.5042165427306459,-0.4037087064036054,2,3
0.5896766381125752,-0.4090177314369174,2,3
-3.447244027689287,0.231049036250988,2,0
0.2442903833013109,-0.4183484678040307,1,3
-0.9179654237210138,-0.4788456734980292,1,3
0.1433725143419276,-0.4952734992065449,1,3
0.5145185281975889,-0.4023413799130783,2,3
-0.922201708889657,0.4850674003975364,2,0
-1.6582223505972646,-0.5788097704872597,1,3
-0.4622743683690835,-0.43632551501193,1,3
-1.234636378116977,1.462056680238656,0,1
-0.5443759657655551,-0.3446592455020382,1,3
-1.1007318689505692,-0.541034456112529,1,3
0.7630361140397232,-0.3836459095356495,2,3
0.9546104948517332,-0.3081231619445797,2,3
-0.1297044487769975,0.5967735790083813,2,0
0.9102992490399616,-0.3511135340226632,2,3
-1.2270360934440283,-0.5508126289261227,1,3
1.1790054957385248,-0.3299625612133746,2,3
-2.2695683811869785,0.9520068166790058,0,1
-3.1707213820151163,2.170153902797658,0,1
-0.3715724372258561,-0.4516800939559145,1,3
0.4056662649854659,1.248541955248113,0,1
0.5337159999023839,0.6093443494827027,2,0
-2.012313533943856,0.3074156081114956,2,0
0.0156842607323002,-0.4522998172325891,1,3
1.0857355123353265,-0.3303795641642648,2,3
1.250402886559814,-0.2973717998109953,2,3
0.8575962290304373,-0.3225557923081282,2,3
0.2183881670340138,-0.4317183206028316,1,3
-0.5833457141797035,0.4985974762157483,2,0
-0.2994788123287319,-0.4417234082808799,1,3
0.5322195363891244,-0.3755497161868763,2,3
0.9313909363281804,-0.3421035606225031,2,3
0.9063563882360856,-0.3748348196189942,2,3
-0.7175669110750164,-0.5382134440383769,1,3
0.648829017594707,-0.3438309276956242,2,3
-1.968103884254357,0.9833082476041844,0,1
2.872471925168252,6.202655608247967,2,-1
-0.9182579107601136,-0.4834468367600536,1,3
0.471563513945203,-0.4136440157684715,2,3
-1.8443544664100664,0.4389103625463256,2,0
-0.211220285790696,0.4956111933122789,2,0
0.2190578224295007,-0.298406022087842,1,3
0.1380342746561476,0.5658101049068512,2,0
-0.3118329285181912,-0.4252002898724855,1,3
-0.3920420520066234,-0.5024308536623939,1,3
1.1123215701071425,-0.3648126876894733,2,3
1.1868731976583855,-0.3079160821867598,2,3
0.8728802346270341,-0.367974378112958,2,3
-2.045213907717724,-0.5888449780698416,1,3
1.250031569393041,-0.3422573030176003,2,3
-1.111806647692376,1.4455884511821342,0,1
1.1898601827563435,-0.344098174232251,2,3
0.4374054972360508,-0.3914687196392912,2,3
0.2863309031226774,-0.4038941416363897,2,3
2.00675386993458,-0.2518245033244543,2,3
0.7401117633762693,-0.3787714775406469,2,3
-1.3754471706120357,-0.5328023618613348,1,3
1.2385165221811625,-0.3088547523859319,2,3
0.9820885803008964,-0.3715644467111552,2,3
0.6056003055950061,-0.3606513458129374,2,3
-2.0755384539335844,1.8687067352139797,0,1
1.152911418842673,-0.3028420275324494,2,3
-3.00301079253922,0.2708728507288371,2,0
-0.3174196362917633,-0.4255672156425282,1,3
-0.382406275217668,0.5572516932162381,2,0
-0.5347443960347957,0.4758332894726829,2,0
1.0492909500456795,-0.3304336212505493,2,3
0.1299710154680727,-0.408487368269163,1,3
2.913063144604478,8.095352065501523,2,-1
-1.4800220610775088,1.4388672371289868,0,1
0.4038236085876574,-0.4250660311715272,2,3
1.502029368247315,-0.2726268416675039,2,3
-2.5919827567342697,-0.718754868577569,1,3
-0.1254996487123838,1.0991574568101354,0,1
-1.8239640253527576,-0.6262512834315656,1,3
-0.8380061323282151,-0.3924327561002893,1,3
-1.1181059299414404,-0.5430290476367311,1,3
-0.0342429678001049,-0.326566321098119,1,3
-3.1177702924157336,1.6700398868203017,0,1
0.5133903661928871,-0.4045547720496757,2,3
-0.4409427758563092,-0.4262632641037621,1,3
-1.5803233667682526,-0.5456602282048292,1,3
2.089134461109005,2.97935451984057,0,2
1.180641987705585,-0.3139493702097526,2,3
-2.8926785679118554,1.369280368429392,0,1
-2.4758850367589003,-0.6589149984238941,1,3
0.6597704246371114,-0.3690070675586739,2,3
1.258543035722122,-0.3399728508238865,2,3
-1.0560670211433736,-0.4279111754494537,1,3
-0.7461461266709306,-0.3774871699393142,1,3
-0.4892398196552039,0.6548333975615684,2,0
0.3961303392124017,-0.3888415333503535,2,3
-0.0345508526495467,-0.4312630701968087,1,3
-2.163862112766304,-0.640601748664986,1,3
0.6186785083529943,-0.4101466868156719,2,3
-0.9649142131875676,-0.5104389154104948,1,3
-1.8347843740488443,-0.5546081771491503,1,3
0.8280148254014175,-0.337402666396453,2,3
0.9107601129770698,-0.3562348292681658,2,3
-0.2079952781439884,-0.4447702472108496,1,3
0.5819211253310966,-0.3580113414526645,2,3
-0.522426849989075,-0.4951361397267887,1,3
0.4740510963747559,0.6110919089078126,2,0
1.0785374843635671,-0.3310265444887178,2,3
-0.94254895381906,-0.4094418313221234,1,3
-0.3563386053446654,-0.4710165285957308,1,3
-0.236669995533184,-0.2945956072794159,1,3
0.9165389792230632,-0.3421151033941993,2,3
-2.4812664521993586,0.9099474124674704,0,1
1.7027657946398091,-0.2988001094920794,2,3
1.1640166901598192,-0.3231294945366431,2,3
0.2638574744872471,-0.4044882667357202,2,3
0.6681915777328364,-0.3360419420904742,2,3
-2.21167661649846,-0.6688565580745143,1,3
1.1530156079432237,-0.2631296931126465,2,3
-3.602588323824444,1.5911601871189271,0,1
1.077565151146438,-0.3728148400704229,2,3
-0.8197400809997706,-0.4918379207894294,1,3
0.2853966800878467,-0.4305756800631822,2,3
-0.7335875272529749,1.4750033017645705,0,1
1.91049501308454,-0.2431925921990402,2,3
1.1488797077150663,-0.3744351431763248,2,3
1.1034013817689132,-0.3468948146657095,2,3
0.2030078956723966,3.7349266561411287,2,5
1.1766528150803854,-0.3487070856401092,2,3
-1.1039308710455118,1.1928952905876362,0,1
-0.5329281314934986,-0.483970899656819,1,3
1.1586607051542657,-0.3300579227230809,2,3
0.5293162611465632,-0.4073015346021974,2,3
-0.94254895381906,-0.4094418313221234,1,3
-0.4963142461629141,-0.3368396229554666,1,3
0.7023320048513456,-0.3914499104607159,2,3
-1.2278084012714567,-0.5395459018436569,1,3
-1.3062841431934695,-0.4686214010780362,1,3
0.582222609720392,-0.3977301953928085,2,3
-0.0865806799167779,-0.3734621673619661,1,3
1.0568010363212526,-0.3518639005083246,2,3
1.4646145314553145,-0.2885486948186718,2,3
-1.47848364138042,0.4045584178972674,2,0
0.242826231128324,-0.4387757607485695,1,3
-1.5092991764268302,-0.5915863604948696,1,3
-0.1233203011613527,-0.3236960842789574,1,3
0.9726224987669172,-0.3446324131288477,2,3
0.7077244241809832,-0.3909677317879226,2,3
1.7217147663177346,-0.2906729553886574,2,3
-0.1808376583348508,-0.2855117083595803,1,3
-1.885548383990673,2.299255853262826,0,1
0.7434518005579879,-0.3612826509820502,2,3
0.6755965717789569,0.5798251783935989,2,0
0.4542262287019595,-0.3668668753181021,2,3
-0.2721714218539648,-0.4203162306720336,1,3
-0.2899288403164968,-0.4074286813721401,1,3
0.5067665611697587,-0.3830040791982794,2,3
1.7199658730664196,-0.2774152074274906,2,3
-1.7559673536570255,0.453290910421522,2,0
0.573080697538537,-0.27594668255916,2,3
0.6844092795029219,-0.3639208834798121,2,3
0.660582668046365,-0.3977843234043243,2,3
0.7662748875733238,-0.3737890750564784,2,3
0.5810840856091338,-0.3520460595925462,2,3
-0.2661066448177691,-0.5387245388812409,1,3
-1.3943792918871876,-0.5742631318631258,1,3
0.1775262330368891,-0.4197365616431217,1,3
-1.4716447976487124,1.1655211369897585,0,1
-0.6520697012321912,-0.5270049128834869,1,3
1.7535203060350988,2.8953216401518937,0,2
0.3296860380019893,-0.4175198330650073,2,3
0.9069980149873964,-0.3753295159984284,2,3
2.333984787037212,4.803124989875975,2,6
-0.5721451791671796,0.5119006666855627,2,0
0.5079558975737523,-0.3305413177047515,2,3
6.101026986971215,14.09888022480821,2,-1
-0.8385940920099278,0.4144239400734413,2,0
0.1611343886404446,0.5634414126416137,2,0
0.8999846360325872,-0.3366826876527732,2,3
1.1154692109171764,-0.3314465955526506,2,3
-0.3523454316885258,-0.370897694089202,1,3
-1.9138785972063492,-0.5879521843920296,1,3
0.5640697795454218,-0.3650260960136725,2,3
0.741501722592154,-0.3000476126783236,2,3
-0.8678983051076019,-0.5236279372340534,1,3
-0.4411299105791553,-0.4191698389845229,1,3
0.9742908150939809,-0.3675575076472779,2,3
-3.0426814769634944,0.84500858771838,0,1
0.7809322677621209,-0.3596521673996259,2,3
-0.2034866023622411,-0.4451109793356758,1,3
-0.0978798224345375,-0.4369497024105316,1,3
-0.8185909673299591,1.0604732286356655,0,1
1.0568597747805275,-0.3306756976292961,2,3
-0.6795870448165104,-0.4860888414011503,1,3
0.3903497928492134,-0.4185920743335935,2,3
0.0315285112177517,-0.4618168583350513,1,3
1.598978703750671,2.871838775376002,0,2
-0.0524258028885095,-0.4681060018806721,1,3
0.27382957929174,-0.4148431556013879,2,3
-1.6391013186817636,-0.602765804374963,1,3
-2.122888921430203,1.348549851742367,0,1
-1.7076559547436083,0.9907926142805852,0,1
1.5423152067949224,-0.2688858339094511,2,3
-1.867995678272419,0.3875215199219047,2,0
0.7124755380298011,-0.3657579152026964,2,3
-1.8170873361285145,-0.616634386387296,1,3
1.4704545056964682,-0.3166491279472497,2,3
0.7252095206157582,-0.3036923026331554,2,3
0.0321322067236877,-0.4469633669127037,1,3
0.4803109876717935,-0.4022942316376677,2,3
-0.0776992054296181,-0.4096560533095243,1,3
1.5225607143357844,-0.3082268730530918,2,3
-3.159964185553307,5.41894968297659,2,-1
-1.050844266646548,-0.5196832156025742,1,3
-0.6386683525080034,-0.521149514021822,1,3
-0.1062409498259417,-0.4474126728937812,1,3
0.3021002944428768,0.632475658945752,2,0
1.139624975146569,-0.3275905650284704,2,3
0.6873086393627913,-0.3869660117445747,2,3
1.129033702148282,-0.3244900515690763,2,3
-2.993147567572242,0.8770224276081112,0,1
1.3314226915195175,-0.3328171182252132,2,3
0.7389393704685906,-0.2947852881378967,2,3
-2.1509946379858382,-0.6265308693405222,1,3
-1.0238928999821877,-0.4756046227107442,1,3
0.1372798739371306,1.12346486115045,0,1
0.3849839932622017,-0.3952670939375627,2,3
1.5092520495185575,2.8829657042788037,0,2
-0.0846943351274125,-0.4474406821915331,1,3
-2.177118008168712,0.4376980313627763,2,0
0.8042420971385776,-0.3774205254296693,2,3
-2.744395632072695,1.5950490078600563,0,1
1.0981536005444237,-0.2914974411804854,2,3
-0.7362836421153658,-0.3758825476487779,1,3
-1.8653607057917363,2.4316934155844305,0,1
0.1061457481110827,-0.3733401022190971,1,3
1.0198791163025969,-0.3212406258362058,2,3
-1.4507435189774012,1.1364690115525564,0,1
0.7716919043638906,-0.3516386540740001,2,3
1.2265668702161334,3.82427008850742,2,5
0.7555716530521257,-0.3768565663419264,2,3
0.1664762471072338,-0.3565414838709345,1,3
0.990917789721181,-0.3121137428630469,2,3
1.9230834848940264,2.9851663581883425,0,2
0.7978390614314613,-0.3642195309740667,2,3
-0.4377364096581367,-0.3273090323971344,1,3
1.093742401880022,-0.349086477046684,2,3
1.4034887944109358,-0.2647563264942488,2,3
1.464356064883083,-0.3012027027826599,2,3
-0.3804297530666159,-0.4680887821587344,1,3
0.831814052064893,-0.3644133393992229,2,3
-0.0539508150858159,1.098339348383781,0,1
1.0526426299722462,-0.2971467036646639,2,3
1.4414933005022963,-0.2932499035531287,2,3
1.72211467607756,-0.2635593522203036,2,3
1.948510749794805,-0.2675222857712975,2,3
2.5003858351739328,2.9771424137358657,0,2
-2.765274508883367,-0.705998549734043,2,3
-0.9102441879277896,-0.4041858588389579,1,3
1.0253501376553027,-0.3098498657978954,2,3
-0.711566689766793,-0.4815591767802543,1,3
0.5660938754363009,-0.3066135274580004,2,3
0.4846918272147354,-0.3886911895326014,2,3
1.558116523317996,-0.2798861463457829,2,3
-0.4667162187876971,-0.332024035745712,1,3
-0.9512146979910868,-0.4637799083303068,1,3
-0.4238537613527284,-0.5272446109221228,1,3
-0.3588745535160342,-0.3793837501868209,1,3
-2.0164821535507267,0.9388420248462138,0,1
0.7100637887353725,-0.2885754171607121,2,3
0.7776622272648275,-0.3486422803519688,2,3
-0.0423088777113138,-0.3309909668879988,1,3
0.3090248738443408,-0.4040025822763389,2,3
0.7158042274143523,-0.3398721839663203,2,3
-1.1181701853042847,-0.4380153354067144,1,3
0.0129534628082645,-0.4110780157567982,1,3
0.8647503525366402,0.621132160870398,2,0
0.7777765800868244,-0.3695660908273379,2,3
0.2927342085035489,-0.4214021562997893,2,3
-0.9104581601677356,-0.4042206720367722,1,3
0.9072591189771452,-0.3669438889363158,2,3
-0.2878795782256551,0.5038482117099489,2,0
0.6101350069205674,-0.3698485046519792,2,3
0.3391471523627016,-0.425231798115204,2,3
-0.0222645630230546,-0.4412730862246323,1,3
-0.6882392058366594,0.6474852615870613,2,0
-0.6595829637919017,0.4917228404226659,2,0
-0.3822591677176574,0.5019234577353379,2,0
-0.1238944796590247,-0.4870336441078853,1,3
1.951898669747564,2.9478064199268803,0,2
-1.8727868160775825,-0.5812665680460086,1,3
-0.3698018534028712,-0.4467876456643559,1,3
0.965742936151917,-0.3439234862156643,2,3
1.0270553994528029,-0.3505105753428002,2,3
-0.729349228565398,-0.3747543213391308,1,3
-0.6892259345436936,-0.5235314852878049,1,3
-0.3630777206441598,-0.4534711764819003,1,3
1.4371955969774273,-0.3129725973881145,2,3
0.2757926513047706,-0.4005732359727044,2,3
-0.1566137627764628,-0.3715049849958192,1,3
-0.1095386876578544,-0.4712623097601504,1,3
1.1327139953589167,-0.2884903258277287,2,3
-1.541984848517976,0.520558533491618,2,0
-1.4716447976487124,1.1655211369897585,0,1
-0.2851983314688084,-0.3782591640341076,1,3
-1.0731000664506305,-0.5233042253246322,1,3
-0.6254095129279056,-0.4192695975567629,1,3
-1.3788069056769672,-0.5766642502164138,1,3
0.2297293522021567,-0.4270739251478104,1,3
0.5510796341733244,-0.4287554097681271,2,3
1.1083178250541093,-0.284280724456226,2,3
0.5131340231971706,-0.3192040859566326,2,3
0.9631027842312164,-0.3564583047962414,2,3
1.101898527435863,-0.3324635033749296,2,3
0.931120501952062,-0.2700818661437045,2,3
0.8919888452240561,0.6209043039109188,2,0
-1.043882950651652,1.031420932497935,0,1
-0.3487041332706269,-0.3537743342290971,1,3
1.271217312152139,-0.3236732711462269,2,3
1.2629092929869377,-0.3255282829216885,2,3
-0.2779719376985224,-0.4276471533264461,1,3
0.2548458306629861,-0.3784294493356192,2,3
-1.098352452687274,0.4021453000033975,2,0
0.4529790473182269,-0.3915820318940184,2,3
0.046340356048114,-0.3099761626873884,1,3
1.318607961546432,-0.288603724917922,2,3
-0.2997633134996338,4.700230991357159,2,-1
0.949012643118515,-0.2484926618140425,2,3
0.7788341667656609,-0.3423138876123526,2,3
0.2581776485206198,0.5807365447551308,2,0
1.1551320843583572,-0.3259569593834685,2,3
1.0960607538272038,-0.3678220411879774,2,3
0.8762771695892817,-0.3982072133860694,2,3
1.4862236732094396,-0.3174640205440595,2,3
1.6533613712846291,-0.2823966951181162,2,3
2.1851096719010257,2.95006657133516,0,2
0.8225628147066153,-0.3681650033171196,2,3
-0.0030723547160224,1.110977208543416,0,1
-0.0532237814985985,-0.4681151388638012,1,3
0.8244702034225252,-0.3610816435903722,2,3
-0.386561739349199,1.1083001199526974,0,1
0.1871291542102783,-0.3986011373144817,1,3
1.145424841740831,-0.277653382257425,2,3
0.7399560328184608,-0.3510121961427971,2,3
1.6681097084203296,-0.3354955692274089,2,3
1.4091253110338704,-0.2967910819366802,2,3
-0.2571644775740426,-0.4178746068429941,1,3
1.6861205354307465,-0.2376978116334482,2,3
-0.9256710872614062,-0.5616916972199367,1,3
0.5176127367510373,-0.3839492198952656,2,3
0.4167993108345235,0.5618873089083126,2,0
-1.746397261295804,-0.540227629273954,1,3
-1.7976353343176203,0.4345342003154114,2,0
0.0033103641947222,-0.4821060300061551,1,3
0.7102733627298502,-0.3746249560958319,2,3
0.4646346138510266,-0.4067437940476191,2,3
0.5280403350761385,-0.2965092790865947,2,3
-1.6838042086603726,-0.6137362372307523,1,3
-1.5752530923296937,0.4305970457706672,2,0
-0.4224440826626001,-0.4887394121477004,1,3
-0.436411776642098,-0.3680443327078142,1,3
0.0329378293606952,-0.455599774863243,1,3
0.8721284835182519,-0.3168879181607035,2,3
0.2151328525714099,-0.4132668341537407,1,3
-0.5932274710580148,-0.4476922196940568,1,3
-0.7423197708925632,-0.5213244153540373,1,3
-1.5081316965403224,0.4361319330214702,2,0
1.079331750765876,-0.3328195233777463,2,3
-2.9717785117780555,2.0673859147778058,0,1
-0.4416027184615479,-0.3893643056507447,1,3
-2.1519234717226525,2.017462903723914,0,1
1.2008325276762355,-0.330297093258611,2,3
-1.2325191289844006,-0.575527828780071,1,3
-1.8389717139932416,-0.6082176195816141,1,3
-0.2587028096827313,0.4942793034873551,2,0
0.7235878745045948,-0.3574933967219568,2,3
1.1960988160282335,-0.3193586396379876,2,3
-2.077974813717136,0.4213758343130864,2,0
-0.2374733687538558,-0.4316351474238624,1,3
0.8803567750825811,-0.3891787170694631,2,3
-0.5097834673619972,0.5132209710253341,2,0
1.34061125929392,-0.3259797822092404,2,3
-2.270117351095553,1.301691141799776,0,1
1.7609270744948209,-0.182242141610852,2,3
0.5322101483808238,-0.4048200120140366,2,3
-0.2702922226145181,0.5110014578731289,2,0
0.5324858220634858,-0.401665112174871,2,3
0.622027203430459,-0.3920927596060162,2,3
0.9337024302816586,-0.3624584016504257,2,3
-0.5415136126332234,1.5197515298516355,0,1
1.355064119940862,-0.2749248984091408,2,3
1.5765484126044609,-0.277598767961163,2,3
0.0923603567927494,-0.4113649239334839,1,3
-1.105955349948469,1.448633823797854,0,1
0.1547759732660882,-0.4383087152826756,1,3
0.3439186633651714,-0.4090016337341443,2,3
0.6988039328874838,-0.3607168672123593,2,3
1.2692844562291594,2.847084876915914,0,2
0.5536955115223184,-0.3601471749524346,2,3
0.6598228269728024,-0.321267799198637,2,3
-0.1628031320242737,-0.4917695460565164,1,3
3.4849806085149138,8.924119354462393,2,-1
-0.4765839135871683,0.5073179153246715,2,0
0.5277161565939615,-0.3477292499844857,2,3
-0.9512146979910868,-0.4637799083303068,1,3
0.9957813452085496,-0.3613885120143482,2,3
0.6418073851149412,-0.3942810958586166,2,3
0.2662927783580638,-0.3661625199502664,2,3
-0.6236699709408242,-0.4901536376023218,1,3
-2.380334385405323,1.0176777046905536,0,1
0.5155327794517902,-0.3731865021716843,2,3
-1.0775958277371618,0.5312089311128879,2,0
0.8273200749505538,-0.3307265014979278,2,3
1.264873011960675,-0.3548743482517139,2,3
0.1928372143058621,-0.3929064980121241,1,3
1.6578964358772856,-0.2692792560688822,2,3
0.853618930437265,-0.2917294506875231,2,3
0.8159691226736869,-0.3170173732562902,2,3
0.2078300094284993,-0.4016719774321296,1,3
0.1769619266726483,-0.3172323538088756,1,3
0.2146157509255158,-0.4000876079477293,1,3
-0.5494173841979998,-0.4993665087664973,1,3
0.4389589202148878,2.734888566883864,0,2
-0.573001822540334,-0.3493166609441334,1,3
-0.9384565657156748,-0.5212239385562164,1,3
0.9768303900655934,-0.3593541682548047,2,3
1.3027994106879344,-0.2567351410371175,2,3
0.2920302917367762,-0.4033333059684014,2,3
-0.6229563069096695,-0.3574442355608216,1,3
-1.2025109110984615,-0.4926883553152525,1,3
-1.226772433865054,-0.5519283024919962,1,3
0.07721879765682,-0.3877628754804184,1,3
1.093780675536057,-0.3600219564603734,2,3
-1.160514476977877,1.0725841715109687,0,1
-0.5392637892311988,-0.4900127289157517,1,3
-1.1312515565222037,0.4506195902205026,2,0
0.4528399213395137,-0.3713764550254857,2,3
0.3665140025128242,-0.4008928616084646,2,3
-2.8315617499389383,1.2725583630428985,0,1
-2.4715335020861757,1.3439215206388475,0,1
3.085027929795196,3.022551407922844,0,2
-0.9668053526356184,1.4547293661576863,0,1
0.8835798269333965,-0.3594308228206764,2,3
0.8772815442128279,-0.3210982457331497,2,3
1.463970422458433,-0.2651182226156931,2,3
0.7340071612434365,-0.3445649507868514,2,3
-1.94389149685846,1.9701348376512609,0,1
0.7100944052228407,-0.3849649594749636,2,3
-0.0648910093340229,-0.4425813052808741,1,3
0.7660238150145047,-0.3916151643578713,2,3
0.7578551885081215,-0.3461612560012508,2,3
-0.7273417852911812,-0.5392516508383804,1,3
-0.7456249382081374,-0.5225210717162762,1,3
-1.1962502615029351,-0.6209286092599812,1,3
0.1854186190679827,0.6806603868155029,2,0
0.5237744799844269,-0.2918175950186853,2,3
-1.7658537175131204,0.3971571057596208,2,0
-1.665147587060325,1.4565512306540422,0,1
-1.526123213019275,-0.5368418848790556,1,3
0.80488752024117,0.6602199879408458,2,0
1.2507245826097544,-0.3053686467769123,2,3
0.7064144758962745,-0.3734125056314689,2,3
-1.1731918392043328,-0.5684016078682504,1,3
1.0755172180158503,-0.3437646112092385,2,3
0.533883209235698,-0.3938295823723477,2,3
0.4079298825510443,-0.4279748320368653,2,3
-0.0941939084888361,-0.4569362580200867,1,3
0.9139298369322952,-0.3552266646224404,2,3
-0.3192732782064791,-0.4894059102103861,1,3
0.6871321707450059,-0.371286535568778,2,3
0.4938252707082821,-0.4177346211397055,2,3
1.8855088516766276,2.974998475783336,0,2
-2.2980544955630084,0.3531162030326872,2,0
-0.5259613101948494,-0.5004476801070997,1,3
-0.1237086915450039,-0.3995272911564247,1,3
-0.0935461346106389,-0.4621335088102907,1,3
-0.2932920672127225,0.4769356148607627,2,0
-1.0345011511717803,-0.5486080729429619,1,3
-2.408733126188656,1.3229435628053487,0,1
-0.2397375738145872,1.1234187264743218,0,1
-1.982867993328126,-0.6361830623844728,1,3
-1.6691923346515185,0.945673597722136,0,1
1.935104230275728,-0.2676881600923901,2,3
0.6989430503329661,-0.3700498821386822,2,3
0.6694287754113886,-0.3653683551133418,2,3
0.3114502968288503,-0.4168315050873889,2,3
1.1911313641674526,-0.3324010162271325,2,3
-0.8130139468934476,0.5742562972488706,2,0
-1.0347444599990707,-0.4244420032838893,1,3
-0.179604139613122,-0.4494584422078,1,3
0.7141902816114121,-0.3447602734977082,2,3
1.32473754602808,-0.3236004328650001,2,3
1.0619296434932748,-0.3439929272154738,2,3
0.6751876165527432,-0.3943637259509078,2,3
0.4822399293260553,-0.4006740520650374,2,3
-0.005413405519805,0.5289712673351759,2,0
-1.6932996458855551,0.4959396765113027,2,0
1.0666371409309838,-0.3474611350932607,2,3
-0.0879139832449645,-0.3736790952799163,1,3
0.6117067578188289,-0.4489429421948502,2,3
-0.0103792301148117,-0.3688831793346836,1,3
0.9356633184886376,-0.3968905325011119,2,3
1.1944190001463952,-0.3322113605380427,2,3
-0.0875709066062997,-0.3870560786655273,1,3
-0.783072034153826,-0.4543282768695564,1,3
-2.297551393532738,-0.629900186034474,1,3
0.2217345410548794,-0.4470744044302049,1,3
0.2989693832579854,-0.3997588333767443,2,3
0.664933656160734,-0.3378374930912772,2,3
0.1388158165547341,-0.4353185577791592,1,3
1.2060782628896605,-0.3085278850663301,2,3
-0.0438639008275111,-0.4462676716150175,1,3
0.0711754696487249,-0.3889690652530024,1,3
-1.2343398296484676,1.4844081225807593,0,1
2.0002838784615142,2.917166038776115,0,2
1.2544838043560318,-0.3518036449845785,2,3
1.606684284380001,-0.3024575386560464,2,3
-0.0651153288204571,-0.4623963031102419,1,3
-1.8674045024696555,-0.6074578859045544,1,3
1.566826222094461,-0.3313984830331443,2,3
-0.5801529144446638,-0.3504801407353273,1,3
0.7114920514343216,-0.4350309648725928,2,3
1.352434867017574,-0.3456510554826271,2,3
1.0348268692811025,-0.3196368500233164,2,3
-0.1371967686520676,-0.4998935145912082,1,3
1.0604721777721584,-0.3103807611409125,2,3
-0.8111604899199146,0.4589320202357571,2,0
-0.0267620578450762,-0.3842051102745749,1,3
0.6878982398543932,-0.3605908397560102,2,3
1.416208041364203,-0.3262244767810863,2,3
1.9320030980788847,-0.2757528808722295,2,3
-0.0641773322526323,-0.4444623808054556,1,3
-1.2440098825739263,-0.5535742576251842,1,3
-0.4146225038981355,-0.4867690221032285,1,3
-0.0037296115803786,-0.451086871305545,1,3
-0.1719783983644978,-0.489310778263421,1,3
0.3746603428896998,-0.4150683333626224,2,3
-1.023080725213782,-0.563217844445238,1,3
1.0541448678009286,-0.322481132259563,2,3
1.4865931668765415,-0.3078627254257754,2,3
-0.0846281099124724,-0.4210428170757788,1,3
-0.9167110726118256,-0.4052380183892081,1,3
0.7186576250274923,-0.3865238630547988,2,3
1.1328282107813654,-0.3047762209399808,2,3
-0.5017608986641179,1.095312659480944,0,1
0.6706126921677527,-0.3607833853386835,2,3
1.2090711339352604,-0.3347324258369139,2,3
0.3697213545134606,-0.4060806096454415,2,3
0.649352635385216,-0.3940610691893707,2,3
-0.2244624317046688,-0.478787360983175,1,3
-0.6206574235776613,1.475293208565773,0,1
0.4617141582219943,-0.4197210943498282,2,3
-0.266308038795279,0.5313020970834297,2,0
-0.4938840540309459,-0.5382585735369981,1,3
0.3135348105641349,1.15116964556318,0,1
-1.018132410939867,0.5068337167978637,2,0
0.7456450325747594,-0.3996788937383686,2,3
-2.878337214420976,2.880628106852087,0,-1
-2.0047524722763206,-0.5822619187149105,1,3
0.9107601129770698,-0.3562348292681658,2,3
0.8553204009584556,-0.3491969392201697,2,3
0.0042375194234835,-0.3709603136154417,1,3
-0.677527018837085,-0.5077442769402861,1,3
-1.723620676617979,0.4910064569446537,2,0
-2.6961266321311976,-0.6947482178572554,2,3
-0.4889197068592095,-0.4036543700708513,1,3
1.0849489561271124,-0.3093724032254576,2,3
-0.2676113726912456,-0.469559433739101,1,3
0.3528758661018908,-0.3937557179087662,2,3
0.3188507655192235,-0.3640713853257458,2,3
-0.291655771456525,0.4878469009189562,2,0
1.0525499655267074,-0.3343112996824423,2,3
1.044896600386076,-0.3039671024519494,2,3
0.4789853829520403,-0.4119007428854295,2,3
0.9719199551205426,-0.3792645292688739,2,3
-1.1314227033799051,1.5295042562054617,0,1
-0.3970948796577673,-0.3682390986444079,1,3
-0.6263452375775328,-0.514946499611915,1,3
2.223954996173859,-0.2416495019178508,2,3
3.440496294987298,10.413105120716615,2,-1
0.079300322140822,-0.3830935792660399,1,3
-0.2973435372491502,0.5481787320876803,2,0
-1.4186870267453855,-0.5073847140380151,1,3
-2.838545087993314,2.426091617741784,0,1
-0.0402350913262619,-0.4342069244116385,1,3
-0.4042688892638666,0.4882486809766219,2,0
1.6386738644619692,-0.2941218944286049,2,3
0.34838331403525,-0.4150220423688749,2,3
0.1320002558347463,-0.4418556412223349,1,3
0.2122331114080118,0.5462908271348127,2,0
1.0803591136473794,-0.2859505873312004,2,3
1.182427265751272,-0.3337792616002676,2,3
-2.2199688922775507,-0.6172775441263151,1,3
0.5182187216767862,-0.3987822707652839,2,3
0.9204018738486168,-0.3465961129805765,2,3
-0.2320203536371987,-0.4497534092498078,1,3
-1.0190428466572263,0.4455196268931813,2,0
1.3422166626774974,-0.3407855119453968,2,3
-3.0556636919035,1.847584879530388,0,1
1.1944293042989822,-0.3058456599357878,2,3
-0.3085018391879455,0.5479934748899309,2,0
-0.0941911143799522,-0.4407759370872435,1,3
-0.392996377993978,-0.457224089424858,1,3
-1.4163745002071997,1.8760230248085616,0,1
1.0085064891894595,-0.3622965494224997,2,3
0.6099630502495947,-0.43129180599599,2,3
1.5664361665238296,-0.2944133104714338,2,3
-0.2897370686896662,-0.4439031249896715,1,3
0.4920657049478485,-0.3692084701343744,2,3
0.8669660582386451,-0.3518638885074213,2,3
0.4492052158807785,-0.3650668910093826,2,3
-0.9152326407096244,-0.5365778759309371,1,3
1.083032103366666,-0.272192142572132,2,3
1.165035203487279,-0.2787262050134593,2,3
-0.1336741250380053,1.2129060067000592,0,1
0.5732462004629161,-0.392909033855992,2,3
-2.7957232784617574,0.9500940980157518,0,1
0.8544029832521165,-0.340539657927104,2,3
0.3719929764958484,-0.3677521023579571,2,3
-2.485383476681491,0.898209215646458,0,1
1.5034202756772646,-0.2883489362722999,2,3
1.3623095990129233,-0.3198401617375093,2,3
-1.287735350302215,-0.5594825013687328,1,3
-1.0486348252555622,-0.555398139969256,1,3
0.5491837179488862,-0.4095901837519539,2,3
-1.0584428907100178,-0.469248546049512,1,3
1.2862696543166567,-0.3133455339255873,2,3
-0.9684335192745068,0.4516113296774792,2,0
-0.872345003439063,-0.4688529532480494,1,3
1.6221581962645697,-0.2922315386602932,2,3
1.0930217036381105,-0.3188472555588725,2,3
0.7166971886828021,-0.4022013014664704,2,3
0.4142335025963412,-0.362568032104048,2,3
0.6698743628190951,2.821047450890142,0,2
-1.8898996457602264,1.3474127492033807,0,1
-1.5555450314141253,-0.5296514566313798,1,3
-0.73719465433733,-0.4614116879848789,1,3
0.1555966078148059,-0.4222834925763856,1,3
0.7591288675085067,-0.3508473043059553,2,3
-1.6103487352424466,0.9194622630008744,0,1
0.2138837035037071,1.159001761459365,0,1
-0.2066581624527398,0.5232275248172528,2,0
1.6577853968193472,-0.3079305757286968,2,3
0.8949430106947298,-0.3483456163351403,2,3
-0.4085548665898587,1.093696062135319,0,1
-0.1447754325556503,-0.350477675215619,1,3
-2.0316518016088323,-0.619091183946045,1,3
-0.3377600397105144,0.5295860128722532,2,0
0.9733596314985468,-0.3553343161778301,2,3
-0.3876940378177158,-0.5653158488455227,1,3
-0.9055140364379668,-0.521249939209561,1,3
-0.7572526759572752,-0.4526977737490209,1,3
-2.795652366370746,1.7224483444864285,0,1
1.096314709619785,-0.3549591857761611,2,3
2.286675657950408,2.964210139345553,0,2
1.373290982464895,-0.3238916739220315,2,3
1.0769617852420024,-0.3231757849741348,2,3
-0.5860481563535141,-0.4588927553526836,1,3
1.3178503746567416,-0.3264192649588097,2,3
1.7946363015919429,2.905535486104823,0,2
1.3163576485515012,-0.3070977498996528,2,3
-1.525759690681424,-0.6132986381005129,1,3
0.2995997884453981,-0.4220257628347554,2,3
-1.2045569560601228,-0.5420049231893921,1,3
1.1790768524293087,-0.3358430415844352,2,3
-0.0082612912275088,-0.3428145215029584,1,3
-1.263975316479735,-0.5994946934902897,1,3
1.8326093019437548,-0.2541691701804144,2,3
0.8996886493353409,-0.4043592292892492,2,3
-0.2647396772347641,-0.3965207985986492,1,3
-0.5462886916720029,-0.4939520668185251,1,3
-2.6961266321311976,-0.6947482178572554,2,3
0.0902711215973246,-0.2414024183537633,1,3
1.0870769725182627,-0.3597157475509174,2,3
-1.5625152980326946,-0.5103101074347844,1,3
1.4825361334681368,-0.2853379383656069,2,3
-0.8909619055321298,1.0487911071886813,0,1
-0.0155586355954388,-0.442198975816263,1,3
-2.426241081978777,-0.6713133556332632,1,3
0.9438904746915204,-0.349714458286109,2,3
0.5621786384973797,-0.3888851085617092,2,3
-2.862732967395646,-0.7218550019342019,3,3
0.651883639424508,-0.3496608485804249,2,3
1.205008544439111,-0.3481951811332777,2,3
-0.0113994856379542,0.576257260044153,2,0
0.1192668108171469,-0.42382088138329,1,3
-0.5471827917970362,-0.4718551031318168,1,3
2.056986325502282,-0.2383585986340219,2,3
1.0743860016426052,-0.2993167955748226,2,3
0.6475934911267067,-0.3698930931279766,2,3
-2.8929482979395367,1.9142615443442037,0,1
0.1778105117378743,0.5429034505879501,2,0
-0.0877669486104827,0.5586632632144573,2,0
1.0057996130099662,-0.3173859036866801,2,3
-0.8348222295793928,-0.5178333226005,1,3
-2.737941256210447,0.305501495757776,2,0
0.882855324471054,-0.3492104562615044,2,3
0.2138837035037071,1.159001761459365,0,1
-1.2675903889126228,1.1307028719339711,0,1
-0.3706210229581778,0.4988954656486032,2,0
-1.3252698520300032,-0.570142925517532,1,3
0.9476457015618251,0.7428812433671702,0,0
0.8718305808137999,-0.3081794289989712,2,3
0.3809007063069786,-0.4046912370073141,2,3
1.1529838651537456,-0.3319464545860727,2,3
1.4940837838460492,-0.3161604435109253,2,3
1.0161691983002497,-0.3335243312305154,2,3
0.9157116964901052,-0.3371410466738495,2,3
1.209157976004594,-0.3222841784145294,2,3
0.5376836599448727,-0.3860243612126892,2,3
2.357721646721333,2.972603482486495,0,2
-0.5926907835673573,-0.5258141683386581,1,3
-2.375147774969074,0.3479969279126405,2,0
0.4414504297179803,-0.3312772591188673,2,3
1.3573148352736626,-0.3080066366242353,2,3
0.9609634880452398,-0.3428547406595346,2,3
1.6950889059613254,-0.257793188478076,2,3
-2.4529760785809755,-0.6551877200957853,1,3
0.8378944733745495,-0.3714900220949725,2,3
0.877249845168895,-0.3045985417630792,2,3
0.8107955176605289,-0.2854482917373329,2,3
0.6069218266867925,-0.4086724278768225,2,3
0.8358132645370864,-0.3640625678556256,2,3
-0.6786549696925124,0.4710419137404871,2,0
1.2669297636699646,-0.3488735293697166,2,3
-0.4761141992006017,-0.4726715257247839,1,3
-0.1921023677461921,-0.4034896997588458,1,3
0.3070443075575159,-0.47077432723956,2,3
-1.2224241223838326,0.5930263445417173,2,0
-0.1392048732415672,0.5830337107930561,2,0
-0.4188232856210716,-0.463082986945128,1,3
0.0511238087984441,-0.454043835100053,1,3
0.8849219533638336,-0.3565281220476499,2,3
0.8343599771070442,-0.314358974870814,2,3
-0.1585572538633167,-0.4841438259165575,1,3
0.1050965374004256,-0.444002909590825,1,3
0.0226245871115747,-0.4498334323945471,1,3
0.9009946560346076,-0.329605994650458,2,3
1.2144852002236228,-0.335268006286763,2,3
0.389117077445226,-0.3741510828212399,2,3
-1.7006317416758834,1.0073190532296727,0,1
1.1779560060586811,-0.334306914935349,2,3
-0.2557145169732705,-0.4899176349056489,1,3
-0.053833976541917,-0.5329751162373576,1,3
-0.2156111730456852,-0.4983853528394955,1,3
1.1806719551121758,-0.3367809828432818,2,3
-1.2733013936759936,1.4340609941663809,0,1
-0.4823997212312321,-0.3345757353172341,1,3
-1.3036605210935843,0.5798092149798748,2,0
-0.595941067912655,0.5108498013974428,2,0
1.6586621523726035,-0.2901682073103624,2,3
2.641371365412326,3.036087719951808,0,2
0.5197568033448414,-0.3979005751239127,2,3
-0.5662661952515325,-0.4631842563535463,1,3
-0.7579542232314825,1.0328932837019256,0,1
1.1933551920418264,-0.3074260991703658,2,3
-0.9435230695345832,-0.5310345909491504,1,3
0.3801289557591445,-0.2417850916424414,2,3
1.3841522842186105,-0.3133784035393946,2,3
-0.5972427286661732,0.522384135777921,2,0
0.7729807023588564,-0.3859628481799898,2,3
-0.4801519714599296,0.5471330851869499,2,0
1.1702559466935156,-0.2733007783349298,2,3
0.4627487476183045,-0.2217512752262129,2,3
1.3413063994069707,-0.2467521350587482,2,3
0.1441357901472118,-0.4233701535270162,1,3
1.1664607807599832,-0.2655942588984635,2,3
-0.1530453101914945,-0.4190241968032162,1,3
-0.0878377627085478,-0.437457363819773,1,3
1.3658736000584464,-0.3100930921381896,2,3
-0.1243752494861296,-0.4521827401455537,1,3
-1.504933466482975,-0.5009415664840705,1,3
-0.3773231173239987,-0.5028348453145719,1,3
1.5670349952316842,-0.2463292389160144,2,3
-1.062494730689871,-0.428956961220503,1,3
-0.1711230403284207,0.5429363319954266,2,0
-1.852297447967128,2.5175019635601883,0,1
4.580501103486045,10.096318472815506,2,-1
-3.037527322786368,2.393717287767343,0,1
-1.4402484359849976,-0.575798256919096,1,3
0.3743116345560932,-0.4115528951607092,2,3
0.1530889307582894,-0.4512727975434706,1,3
0.6488089171488459,-0.3888858187990562,2,3
-0.0943867295185447,-0.356827095848237,1,3
1.649906509983348,-0.3157920170701948,2,3
0.1015261377684757,0.5650524212512336,2,0
0.9564772004863044,-0.3484113994871787,2,3
0.8493618460076782,-0.3780516782741221,2,3
0.6426815390791129,-0.375682806033622,2,3
0.5442924678997181,-0.336990357358405,2,3
-2.026397910037264,0.3803184958707265,2,0
-2.3346033798421906,-0.6359285293799904,1,3
-0.6297837376433725,-0.3790304645952301,1,3
0.0847198899714767,-0.4253471403071832,1,3
1.2168383769715816,-0.2937675929969134,2,3
-0.3786526177247931,-0.4235524508913441,1,3
0.6215703571950677,-0.3923683332641137,2,3
-0.4830750614649483,1.116652245701637,0,1
0.5501342086783005,-0.3784773174830212,2,3
-0.4614401930373792,-0.4606096905269403,1,3
0.6014466055971961,-0.3472965091207781,2,3
-0.1418593936163281,-0.2791699602877438,1,3
0.109545118038015,-0.3975930678922534,1,3
-0.0252943867089604,-0.2602048803095393,1,3
-0.0799054595562832,-0.2690900800081769,1,3
-1.2116867658164756,1.0859016012936953,0,1
-0.4355271064874687,0.5142658992452098,2,0
0.9107763925865532,-0.3589839568225174,2,3
1.6083698622864755,-0.3080118658932647,2,3
0.5130045493917597,-0.3962682394629988,2,3
-0.8403133719372124,-0.3928081430613889,1,3
0.8642252851023244,-0.3225367183900773,2,3
0.9212497895924096,-0.3722092421549927,2,3
-2.862732967395646,-0.7218550019342019,3,3
1.3114989514991178,-0.3061837890924469,2,3
0.6198692972968872,-0.2973878295965049,2,3
-0.6770026381713148,1.0970167335760077,0,1
0.9873892141030762,-0.3970475406916387,2,3
0.9134232514891654,-0.3392392509292728,2,3
1.1626732691827482,-0.2996754819565573,2,3
1.3171067257134774,-0.3647872276403927,2,3
0.4936199770998014,-0.3511711790868088,2,3
-0.2316237695533599,-0.314249997117995,1,3
0.7514892398970713,-0.3640919475847307,2,3
-1.415717693575015,1.1746204544422931,0,1
-0.8921235501278717,-0.4012376383202167,1,3
-1.084639292786346,-0.432559872612047,1,3
1.2701463280422416,-0.3329934102445034,2,3
0.2081157159904186,-0.4571994831236814,1,3
1.227542501514457,-0.3326251553586489,2,3
-0.8206049897762633,-0.4795360919204256,1,3
0.1248063029817969,-0.4402477538964843,1,3
-0.6254095129279056,-0.4192695975567629,1,3
0.7512222995962956,-0.2397222539833628,2,3
-4.0415671496863474,1.182356655923508,0,-1
-2.16217628820205,-0.6283501193561575,1,3
-1.589218100328808,-0.5146546426827462,1,3
-3.066070372862716,1.6784514430429072,0,1
0.2638583183590011,-0.3833695276056577,2,3
-0.7756491577525462,-0.5595677207564519,1,3
0.2596589228718448,-0.4088419150205886,2,3
0.7100637887353725,-0.2885754171607121,2,3
0.0958364076700413,-0.3139005212220913,1,3
0.6869571480687687,-0.3379655801671014,2,3
-0.0685867955739514,-0.4372718431971654,1,3
1.0759160416216658,-0.3366134938840662,2,3
0.1692726391137209,-0.4158937156295678,1,3
0.1534052223982094,-0.3995203215549692,1,3
-1.5414577345155132,0.4095393056944454,2,0
0.0976207668137104,0.5635785731397503,2,0
-0.951661740463838,-0.4518752956348933,1,3
0.7829626962533357,-0.3519940332494473,2,3
0.8391107158557696,-0.3808048781531431,2,3
1.272312953998067,-0.3421381047129517,2,3
0.5098895542297723,-0.4084413122248192,2,3
1.2482351516024066,-0.3301673018309727,2,3
-1.600544930450673,0.9944456171078992,0,1
-0.7803340275785091,-0.4240003453083751,1,3
-0.6046061031660502,-0.4381511373277308,1,3
0.7419146627673946,-0.3901174692651047,2,3
-1.0068131400823508,-0.4198975887106687,1,3
-0.7087290710028951,-0.3713994299552456,1,3
0.6882814860041719,-0.3820726333068424,2,3
0.8296133137530013,-0.3657818583534003,2,3
1.482441019024611,-0.303848229130905,2,3
-0.5360502285310897,-0.472000831202307,1,3
0.2873652776639721,-0.4013818842583768,2,3
-0.5649463817433343,0.5349516655399446,2,0
0.8659095174215307,-0.3610623292786341,2,3
-0.5205886937156561,-0.4962477273878275,1,3
-0.9104581601677356,-0.4042206720367722,1,3
2.3711224750517714,9.05192263291722,2,-1
1.073459097715121,2.829928813444249,0,2
0.61850009015496,-0.4080319365991114,2,3
-1.5741527176411196,0.4153507216652753,2,0
-0.0799054595562832,-0.2690900800081769,1,3
1.166797604825749,-0.3294766212593079,2,3
1.0168570390041156,-0.3569642830773539,2,3
-0.7784271488902395,-0.55132600800795,1,3
0.8622473607244436,-0.3799256654527304,2,3
1.4934611689464103,-0.3114641251038794,2,3
-0.8415177246424037,0.4993883408446281,2,0
0.0347175967874192,-0.3908609189325033,1,3
-1.757122165900782,0.5060311868307333,2,0
0.5766745406459036,-0.4077525302006217,2,3
-1.1337007106067094,0.4723256947367698,2,0
0.4901619161431538,-0.4184774900375281,2,3
-0.1418593936163281,-0.2791699602877438,1,3
0.4429662840970335,-0.4104220987523466,2,3
1.5601261891169582,-0.2992738174431853,2,3
-1.0122856178932689,0.6067403863454008,2,0
0.6342340103708931,-0.2004423009419055,2,3
1.3886106123131146,-0.3149700112533857,2,3
-1.1414287948160236,0.4390244449006289,2,0
-0.7946591723676384,0.4835694831415487,2,0
-0.1359449777051475,0.5363802566538839,2,0
-0.0063088157524557,-0.4205709922914674,1,3
1.1459833747869903,-0.3406481965915589,2,3
0.3960954967196165,-0.4605908005263385,2,3
-0.0687705029772762,-0.4438184626074236,1,3
0.6298394396975705,-0.2760021187799539,2,3
-0.2575478007044446,-0.3833733368382894,1,3
1.326868621263143,-0.3043397031903176,2,3
0.5233047759867866,-0.4401586875574567,2,3
1.0426571671393363,-0.3493455969733775,2,3
-0.2698736144833378,-0.4430939986347817,1,3
0.7329711582330782,-0.3954592365480816,2,3
0.326911580634898,-0.4406510316669361,2,3
1.209730268383075,-0.3365560748213875,2,3
0.832571468170067,-0.3717799296338673,2,3
-0.2041748965114908,-0.289308667672096,1,3
0.2247192753628461,-0.4025090725129595,1,3
1.3070117209458023,-0.337165827246678,2,3
-0.0455737492628449,3.7405097567440726,2,5
0.2340441754652024,-0.3789059731319689,1,3
0.4766105381246699,-0.3206959723862061,2,3
1.1623309988916737,-0.3307091124776634,2,3
-1.2039283732052728,0.4418274814031036,2,0
0.7232618852413586,-0.3066066163100741,2,3
0.0106218932170666,0.5344832415361668,2,0
2.178863000338393,3.001146998604144,0,2
0.8815812459806165,-0.3674892328089389,2,3
1.5334731432106443,-0.3429550001498402,2,3
0.9132619827116204,-0.3554291226350538,2,3
0.9968462553051084,-0.3436900048191151,2,3
0.7987906354446654,-0.3500436343675182,2,3
0.4416334236141421,-0.3914784487300152,2,3
-1.3100165494584164,-0.4692286620837522,1,3
0.1862172481470778,-0.4048460695485371,1,3
-0.5254027456775098,-0.4577175378720152,1,3
1.6650428171643603,-0.281523254050354,2,3
1.0847951223200287,2.852177834921645,0,2
-1.026932849299731,-0.5226402040996825,1,3
0.5876515591742104,-0.3875669527195719,2,3
-1.2941493571734448,-0.5315525864745244,1,3
1.0878664764513943,-0.275001865217196,2,3
0.2218407327882897,-0.3404456164417112,1,3
-0.9651768534333044,-0.5609388080870078,1,3
0.419676275211144,-0.4071517011450502,2,3
-1.6680829017922714,-0.5599386694346504,1,3
0.6679837352165459,-0.357745101456447,2,3
-0.6730424113486075,-0.4961247630948593,1,3
1.0035169222856937,-0.3498092079855804,2,3
1.3769235344133393,-0.2726308060548013,2,3
-1.353359251255201,-0.5411860125477016,1,3
0.2508191229835441,-0.4039979618991153,1,3
0.3735754843264086,-0.3978783049962538,2,3
-1.0533303106176009,-0.5307519454144037,1,3
-0.5944580199151398,0.5098968296184204,2,0
-0.1102734323876348,-0.3735000837861534,1,3
-1.2899278862132808,-0.5188884085117667,1,3
-2.456816105918813,0.3036980182979623,2,0
-0.7670168517811684,-0.4284252554778271,1,3
-1.9638712928408035,0.9880778178564764,0,1
-0.0892307097302572,-0.4799972645428986,1,3
2.902113049386015,8.22500593764348,2,-1
-0.5792971722999342,0.5442640872481467,2,0
-0.4453822713115017,-0.4980100413915819,1,3
0.6350012466169268,-0.4015525840317132,2,3
1.570138800850647,-0.2550989345522806,2,3
-1.9117774518517416,1.0939117302780752,0,1
2.51221132574119,2.96916449734269,0,2
1.4466857297179796,-0.3137793365682107,2,3
0.4437407899303209,-0.3834912782849845,2,3
0.0206759924662814,-0.4161805747927445,1,3
1.4819362200615298,-0.3396951099383076,2,3
-0.4199279373005899,1.491254093496892,0,1
-1.0059162069979877,0.5088212882906696,2,0
1.2311373318679877,-0.3276537287730746,2,3
-0.2464372917757225,-0.3610902526955036,1,3
-0.2041748965114908,-0.289308667672096,1,3
-0.9690772052880814,-0.413757967220367,1,3
-0.3425112077709703,0.5419615908645713,2,0
-0.1647505139839837,-0.4928702384920128,1,3
1.4530197155411668,-0.3074175811839421,2,3
-0.2035783493664732,-0.4138548998354596,1,3
2.4291789031949618,4.902652258957754,2,6
1.3848259316201432,-0.2961253733057589,2,3
0.7331661968184546,0.6305584177205922,2,0
-0.3927139812089617,-0.3199839013050037,1,3
-1.0519325186108648,4.622613152482952,2,-1
-2.1669990556848115,1.052387277466038,0,1
-0.0458424775986696,-0.3995837178766738,1,3
0.2597918776994802,-0.4079651785644838,2,3
1.305269857041066,-0.3288862859424779,2,3
2.006756573412129,-0.2518240634697389,2,3
-3.17363921570786,1.3235681834645352,0,1
0.1969231648722481,-0.4202677106878984,1,3
0.2921008664496833,-0.425064548156677,2,3
0.0311345355307762,-0.43671085967497,1,3
-1.546378382764514,1.00912516335277,0,1
-0.5599672767260223,-0.5133281331914897,1,3
-0.7375052611133919,-0.4928001380606853,1,3
2.27169277587924,3.014405131735841,0,2
0.1854186190679827,0.6806603868155029,2,0
0.4694423678956138,-0.3462671124607511,2,3
-0.3404806433928998,-0.4543482167935619,1,3
-1.1779364805873436,-0.4477392877326894,1,3
0.7081653930069665,-0.3450721055929173,2,3
-0.060590120544092,-0.4156817499950441,1,3
-0.4759674487932027,-0.3540046159517151,1,3
1.4499685745701112,-0.2706132959737974,2,3
0.9965094855767938,-0.3567973325952763,2,3
-0.7930739296935674,-0.4651174867399517,1,3
1.2356380694734694,-0.3264749467801797,2,3
0.6764188318970065,-0.3500011750412933,2,3
-0.6922253866366141,1.064363576147567,0,1
-1.954291402332423,1.5219555847563395,0,1
1.3917722424546477,-0.3374500914563914,2,3
0.1494027980694626,-0.3626670305766366,1,3
0.6882027805216177,-0.3650559731361801,2,3
0.4461831700115874,0.5945296846696472,2,0
0.3883971286578643,-0.3803460794513507,2,3
-0.7538019301609897,-0.4196835836758498,1,3
1.7785873067387412,-0.2978259064356325,2,3
-0.8377687115545898,-0.3923941278354287,1,3
2.072170028026292,2.9421575710036008,0,2
1.210169976592086,-0.3341304047572393,2,3
0.0921413829493786,-0.4187418944408157,1,3
-1.09379261527726,-0.5490125937923651,1,3
1.6002673569169494,-0.2887510028905537,2,3
0.2999621431446027,-0.4792031082885206,2,3
0.464186522719106,-0.3610323050622581,2,3
1.3661125605430733,-0.2976595240224881,2,3
0.323039928032932,-0.4123483579002832,2,3
0.463908227064581,-0.3840685345730873,2,3
2.012720135125065,-0.2653431075998911,2,3
0.1949119277553968,-0.4286955768746802,1,3
-1.1268049110463785,-0.5491182692172568,1,3
1.3243293313559337,-0.3178538576279506,2,3
2.2871875521758454,2.980511291059016,0,2
0.8081789293300055,-0.3462282718072133,2,3
0.3813817952052837,-0.4014664017614658,2,3
1.1104863676263488,-0.3412020900665529,2,3
-0.9391520992965412,0.4505972074358947,2,0
1.0839542094700116,-0.3751558104233515,2,3
1.130440361615392,-0.3599618926377076,2,3
0.9752557993556328,-0.3470894875794802,2,3
0.4228326333567288,-0.4258915578150182,2,3
2.357484585763605,2.9276265485125204,0,2
1.191242528311854,-0.3487714455604078,2,3
-1.5689368832003536,0.4427698755488381,2,0
-0.182429222212745,-0.4843555979139473,1,3
0.4956693923205673,-0.3608548914756312,2,3
-0.6953518424451831,-0.480327949256488,1,3
-0.7929888841731658,-0.5134234840362518,1,3
-0.0417779537627374,-0.4626562291218282,1,3
0.5459206694379954,-0.4094299661405184,2,3
1.208461544863071,-0.3427720709584822,2,3
0.437218028205864,0.5768351371662818,2,0
0.9410276594464194,-0.2972520732817277,2,3
-1.0569251872695549,1.4444190526516674,0,1
0.765522242532315,-0.3846439579006956,2,3
-0.7833022492077879,-0.5423169479048108,1,3
0.3193655630943923,-0.408300274894637,2,3
1.5380195634757443,-0.2882465240623371,2,3
-2.7361576045846188,2.44275002032015,0,1
-1.2136718033479077,0.4296264036298118,2,0
0.6707866315445649,-0.4045531812727895,2,3
-3.500879287797136,0.2223226008945735,2,0
0.539668302153577,-0.3099522300304885,2,3
-2.076110762853289,1.8190420666547995,0,1
0.0599085904183879,-0.4810313402429195,1,3
0.9518941603129288,-0.3623910486767161,2,3
1.074017191450135,-0.2588462902257595,2,3
0.6041601915656234,-0.3957028501343856,2,3
-1.9450994870029696,-0.5725564018821717,1,3
1.1266425256159254,-0.3340576488438704,2,3
0.7166742616057643,-0.3790759112817872,2,3
0.7549947178400812,-0.3610891858060358,2,3
-1.310958777766782,-0.4693819622524733,1,3
-1.0099229322344836,-0.4204035506493803,1,3
-0.6218813443016902,-0.4947462612395025,1,3
-2.3216076671762376,-0.6338141321297125,1,3
-1.1554149936135671,1.7615433774164708,0,1
1.594790393515941,-0.2838483812053378,2,3
0.2825031890424062,-0.4212170806217455,2,3
0.4882296665948338,-0.4091376198883694,2,3
1.3695283645629557,-0.3042530095032531,2,3
0.2708153792957191,-0.4738529386254423,2,3
-3.701743863565056,0.7822095025940341,0,-1
1.5532103453371475,-0.3113887994986072,2,3
-3.500879287797136,0.2223226008945735,2,0
0.0326991966538458,-0.41625465299597,1,3
-1.0414140009563382,0.6224766188634525,2,0
0.7089108038241018,-0.3073056937628704,2,3
0.5310854886532757,-0.3607822682960236,2,3
0.3146676706097513,-0.4032282476272313,2,3
-2.013382703246182,-0.6041414626263184,1,3
0.7797834218501196,-0.3866986693989563,2,3
-0.0093543788779792,-0.4325335162069941,1,3
-1.10567521273071,-0.5839954260979979,1,3
0.9027744676533408,-0.3675797478957868,2,3
0.8675430718728765,-0.3762640742880411,2,3
0.9393939244562174,-0.3440475125354381,2,3
0.0466518334436989,-0.2484992590813005,1,3
0.1939196680191831,-0.4365914289922796,1,3
-1.2775961141000125,-0.4964066253375661,1,3
0.4339792320073998,-0.4028406026705054,2,3
1.4389670203976452,-0.2943500286507848,2,3
0.11485493799879,-0.3583486408630978,1,3
-1.2789425498287366,0.4243703305230218,2,0
1.2360359396169036,-0.2825720033738074,2,3
-0.4806973811296103,-0.5098476962161299,1,3
0.50430231446859,-0.3434012957117021,2,3
-0.7208815888919572,-0.4533718217806182,1,3
0.5612364162002323,-0.4256891689458116,2,3
1.19135067753733,-0.3165394072191493,2,3
-1.3044622505843235,-0.5092757974519049,1,3
0.5662077334937982,-0.4013662579177205,2,3
0.8585376740211809,-0.362625405958582,2,3
-1.0352314390282646,-0.5303775623753678,1,3
-0.3245752837106604,-0.4331034183968872,1,3
0.5596019552757817,-0.3881957981300832,2,3
-0.2658095223327877,0.5457273545722229,2,0
1.1817285200877252,-0.2868364601198535,2,3
1.432180614759522,-0.2687431049226383,2,3
-0.3005286381177856,-0.4821925934532328,1,3
2.0334838601678458,-0.2658130564237402,2,3
1.302543269977188,-0.2890224802645342,2,3
-1.6934212607869017,1.3197812626944334,0,1
1.6887338143985222,-0.2893846593777145,2,3
1.7533857367663008,-0.257231103795091,2,3
0.48031989556564,-0.409285817592911,2,3
1.8197814945648785,-0.2850938752483236,2,3
1.2370008771945378,-0.3204827178136695,2,3
2.0394597218187878,2.9248281349101486,0,2
0.657316690702304,-0.377904351547279,2,3
0.433496142520987,-0.4197524940728022,2,3
0.7893558686637749,-0.3650027682575327,2,3
-3.313101919994432,1.2274740846003602,0,1
-0.5432298641296952,0.5351411824303908,2,0
1.1509141162363574,-0.3201173686443356,2,3
1.2706011881631032,-0.2979843290024434,2,3
-1.2780147158095694,-0.4640219765552052,1,3
-2.348394565189841,1.7952170097601536,0,1
-0.1219146564940762,-0.2759249595392056,1,3
-0.4696672547496558,1.5038048579857362,0,1
0.3512080213049263,3.7513979740963577,2,5
1.2738493832901014,-0.2950685282094913,2,3
0.2015786275218041,-0.3283168982334279,1,3
1.20209327866133,-0.3260555216005833,2,3
-1.3681329304715155,-0.5111369291312429,1,3
1.0697470561027076,-0.3173014096457691,2,3
-2.50620859720736,0.9021131669714748,0,1
0.9866516701609483,-0.3603162271897165,2,3
1.2450403779835757,-0.2706924049234151,2,3
-1.513923905875342,1.1381669342138894,0,1
-2.919114440135832,0.3169755088051996,2,0
-0.290012590473616,-0.4744886431442927,1,3
2.036988055425704,-0.2573499955212222,2,3
-1.8594507073170796,1.4504080755513744,0,1
0.9345129359887476,-0.3687764642098105,2,3
0.0986273544125581,-0.3584185660928589,1,3
-1.0831594245139082,-0.5031523751956716,1,3
2.507854459485132,2.989762390906805,0,2
0.3874085860444011,-0.4207762168897058,2,3
0.968608649213886,-0.3424644617268743,2,3
1.4000870741599796,-0.3109679472501842,2,3
-0.1118479353843204,-0.4422790561366379,1,3
0.6835697130161574,-0.3711509955956842,2,3
1.1423894154472392,-0.3304115657906594,2,3
1.2039391798125705,-0.3386180741876242,2,3
0.1380342746561476,0.5658101049068512,2,0
0.266735430887496,-0.3960920716879857,2,3
1.4500527937428045,-0.2830503991299906,2,3
-0.7452551122632773,-0.5089226000723402,1,3
0.807468050819219,-0.3073321356598801,2,3
0.4621768850939851,-0.3933266729870868,2,3
1.9409575326639747,2.903660977085557,0,2
0.296384104764449,-0.4351585176605848,2,3
1.2347113874059203,-0.305469167221031,2,3
0.4552522483146182,-0.3733938245027404,2,3
0.0400700698656426,-0.4516698618835645,1,3
2.8397518643669155,4.930856958352721,2,6
2.2259913155477293,2.9518975126811804,0,2
-0.6347779225835528,-0.5302204774475557,1,3
-0.6049277290688424,-0.4959324015469297,1,3
1.4246865636621415,-0.3128823178066808,2,3
-1.8415555861438224,-0.5557098506473785,1,3
1.3004530929679958,-0.3093288991620945,2,3
-1.276142952850771,-0.5522106859580225,1,3
-0.01618958278862,0.6194444708773039,2,0
0.4527189092786605,2.8076814701371537,0,2
1.5603190876132695,-0.2812998433273031,2,3
1.3545710962632926,-0.3044759585049549,2,3
-0.4123506345594652,-0.4723503655499403,1,3
-1.7745634380448616,-0.5448102549598138,1,3
0.2468277358652703,-0.4217889621914363,1,3
-0.2052199673758846,-0.2894787002835286,1,3
-0.1180888734797747,-0.4698972231915948,1,3
-0.3552581313007888,-0.4846516875378804,1,3
-0.6797788139277458,-0.3666892347140948,1,3
1.7485373929255672,-0.2647956309093968,2,3
-1.6303244220888178,1.366150785435817,0,1
1.4930544730056723,-0.2835391204534869,2,3
0.8581968064603187,-0.3649841853957348,2,3
-0.8593243206384176,-0.5322308187015199,1,3
0.1109015410071938,-0.4047064986476967,1,3
-0.336583774299668,0.6613841987722885,2,0
-1.6564483170359074,1.8369631108804696,0,1
0.7360243921911132,-0.2626703562226213,2,3
-2.0821222675434643,-0.6477781173430841,1,3
-1.513923905875342,1.1381669342138894,0,1
1.5048614230718436,-0.2622060632102765,2,3
1.739889536851324,2.882020255293999,0,2
0.0988414344307225,-0.4171418516923967,1,3
-0.3920204682320727,2.7901872669908774,0,-1
-1.132734652589329,1.0304919743102914,0,1
1.7283159850869347,-0.3009583209314255,2,3
0.0565968016522045,0.62152270450722,2,0
1.0410709142455714,-0.3071228189206644,2,3
0.8005969149150474,-0.3583268747666266,2,3
0.6981890628908364,-0.3716611832054684,2,3
1.1715924653510503,-0.349646325806441,2,3
0.9020947727083146,-0.3504967965310286,2,3
0.0794325225597016,-0.3285467730920663,1,3
1.2149268095401156,-0.2975094317745936,2,3
-0.1946841674892142,-0.4430697376879947,1,3
-2.0751912326964543,0.3967997373072868,2,0
0.7683838321586656,-0.3932559567602982,2,3
0.6513070212656538,-0.3784956392534162,2,3
0.5685300873369432,-0.3724323367573999,2,3
-0.0241029977053192,-0.4532741634243868,1,3
0.6264777833300323,-0.40319174333628,2,3
1.2023148568801232,2.9104665440574595,0,2
-0.9104581601677356,-0.4042206720367722,1,3
1.5016021393514236,-0.2954734875541703,2,3
1.2328273079782202,-0.3196981045815772,2,3
1.4114555993939302,-0.3257648258916375,2,3
-0.7311515219935097,-0.4847456211463115,1,3
1.1504000890612285,-0.3430835392207823,2,3
-0.6016395680060534,-0.4188815208974764,1,3
1.075221688583366,-0.3519583036358899,2,3
-0.118627682295625,-0.4688230610459458,1,3
0.870356067411188,-0.372811904882024,2,3
0.4745627061240446,-0.4059935397249859,2,3
1.3678850087331331,-0.2677277994529191,2,3
-0.1199603761876951,-0.4352008500282214,1,3
0.6923916733553312,0.6264854745381376,2,0
1.5975900397170026,-0.3003127628184096,2,3
-1.448413691051095,-0.5941228655695105,1,3
1.463656726888953,-0.2994100316777008,2,3
-0.7552423665193521,-0.4403933508810949,1,3
-0.7198752758967524,-0.4207553399459984,1,3
-0.0468027137531422,-0.440616823594348,1,3
0.9035509622395472,-0.3681542868601916,2,3
-1.0370430297192708,-0.5101968986696968,1,3
1.1485496868132268,-0.3505766019898737,2,3
-0.3698018534028712,-0.4467876456643559,1,3
-0.6618112200986308,-0.4953463122087553,1,3
0.5823457372669137,-0.3831499266724951,2,3
-0.7158686866958436,-0.4254892064705914,1,3
1.290306816699276,-0.3543141169299146,2,3
-0.8296426414005874,0.5465218307828724,2,0
-1.14034754066144,-0.5253160548214738,1,3
0.9282940887966388,2.7981598356608828,0,2
0.3408582123563195,0.6787850261564604,2,0
-0.5444725572076449,-0.5220284082578722,1,3
-0.3458940971421209,-0.3123663249031636,1,3
1.941439407173864,-0.2873249332005692,2,3
-1.1388243213990892,-0.4738285101972025,1,3
0.8367627469588945,-0.3966526772101867,2,3
-3.6126749282575017,1.589519100614008,0,1
0.6682917388886678,-0.3302796633552211,2,3
-0.189502367182263,-0.4532661579097412,1,3
0.6831343858566093,-0.3173890214147549,2,3
0.9383562318266504,-0.3570359428347314,2,3
-1.147936816084009,-0.5042845806813822,1,3
-2.0271392643421446,1.0017388368647229,0,1
0.5252654196388354,-0.4071451272989622,2,3
0.6353372287788693,-0.3636477265348243,2,3
0.8726174997877668,-0.3654617276001595,2,3
2.9610892711529235,3.0670780626044287,0,2
-2.0196540186879672,1.3599603921229193,0,1
-2.6812706613132797,1.6730403664263052,0,1
0.328603676824686,-0.3981023736959051,2,3
0.4960636748852387,-0.4380901761189972,2,3
-1.513923905875342,1.1381669342138894,0,1
1.736882494762107,-0.2336833625214492,2,3
-0.0963668004849913,-0.4999075303273598,1,3
0.5680812815813611,-0.3657626490307825,2,3
0.94650049529946,-0.364226862759882,2,3
1.212087949613388,-0.3363772507941988,2,3
-0.2352598002704559,-0.2943661690744856,1,3
1.7709499509960789,-0.2627686018328272,2,3
1.190941331214641,-0.2850406548194487,2,3
0.7742729898715167,-0.3581369137285662,2,3
0.0948270749479596,-0.4564150207868017,1,3
-1.586221618605161,1.4599257878306977,0,1
-0.9084039345850664,-0.5430048926831743,1,3
0.6306556188925385,4.363764504654188,2,-1
1.0683552828493224,-0.3524900683854285,2,3
0.5146459568186039,0.5840884047815872,2,0
0.5243876887057517,-0.3925958685923447,2,3
0.9765828581116142,-0.2676869009747137,2,3
1.841640012589572,-0.2724182798644355,2,3
0.1057273299586287,-0.4446903112987657,1,3
-0.1152736497404224,-0.3482480430832144,1,3
1.6032312446326318,-0.3140241296413848,2,3
0.1023284396497457,1.141861788891279,0,1
0.8404031599814208,-0.3359527410356842,2,3
-0.7767469054521654,-0.4438921307600282,1,3
1.4817360728719624,-0.3260302851646947,2,3
1.944027397298946,2.948811925739648,0,2
1.2763399759504457,-0.324706328846932,2,3
-0.8529510879937146,-0.394864294406568,1,3
0.5782602242310096,-0.3818390050692701,2,3
0.8183205766080511,-0.3449023117734442,2,3
-0.699847332137238,-0.3699543745959938,1,3
-0.2646903165942008,0.5463420474138236,2,0
0.1640292521074519,-0.4284104592958228,1,3
0.3115599649461716,-0.4384737536101643,2,3
-1.8231530071675943,4.535516409059147,2,-1
0.378967275297666,-0.411066788906569,2,3
1.1999228412320362,-0.3504801872791339,2,3
-1.7057972256761424,0.9425180294237162,0,1
0.0833073050441747,-0.4469704779562624,1,3
0.872100960772744,-0.2946647892253711,2,3
0.5021094484023311,-0.3712992560756605,2,3
0.9964668580836016,-0.3159018631360229,2,3
0.8952023470835644,-0.3750051749197408,2,3
-1.393272042172843,-0.5832448882462095,1,3
0.6342340103708931,-0.2004423009419055,2,3
-1.0529912368593368,-0.5631495333626154,1,3
2.916474253159377,2.994199221705514,0,2
-1.529468944240927,1.025581633093902,0,1
0.5687011190705176,-0.3977120725537778,2,3
-0.436560820128351,0.4903743069618084,2,0
1.6840574801305448,-0.2600102973702348,2,3
-0.3888383935104971,-0.3973104931604655,1,3
-0.2932920672127225,0.4769356148607627,2,0
-0.2643699489709963,-0.5106779584675744,1,3
0.3374720829899734,0.6080776505925646,2,0
0.8759168716864182,-0.3713564229048111,2,3
-2.805823090742832,1.3834117198079805,0,1
1.5799975342174577,-0.2771990105863202,2,3
-3.1543985900821183,2.246006199529884,0,1
0.1410084171271116,-0.3697681171465026,1,3
-0.6198699127711866,-0.4836812686272271,1,3
0.887945118770677,-0.3539448982823944,2,3
-1.1616521307375487,-0.526991465673235,1,3
0.9522539833003952,-0.3630249086793077,2,3
-0.0446267749399679,-0.3247764784969844,1,3
-0.0184228025532399,1.139241620506731,0,1
1.8153027599895617,-0.276147281161029,2,3
-0.982482764205616,1.0135530938706308,0,1
-2.7421318284671274,1.7311561145861227,0,1
0.0496999920981807,-0.3924631168566699,1,3
-1.9541092944608107,1.0870243564254425,0,1
-0.4841293247331251,-0.5116212468252878,1,3
0.4769074102077086,-0.3866017307921637,2,3
0.2037561131357891,-0.3968945603069926,1,3
0.0657923441420321,-0.3858050699730376,1,3
1.812053658912468,-0.2231983724005627,2,3
0.6454430980691526,-0.3733340274112197,2,3
1.2130240663029097,-0.3464560842505605,2,3
0.4550261974494568,-0.3638700103625814,2,3
0.9707792439992275,-0.283107127885188,2,3
-0.1266294642354941,-0.2766920568720175,1,3
1.3675938439139217,-0.3253359111290665,2,3
2.003789675535672,2.9402098836045467,0,2
0.2474260033976852,-0.3182104259040342,1,3
-1.3705061448499605,-0.547088130748973,1,3
-0.5739978446611822,-0.5004856605154706,1,3
1.1275235325051234,-0.3247415641923428,2,3
0.3586128990252554,-0.4577544876549169,2,3
0.3552035803402097,-0.3863112913555291,2,3
-1.1677949199800692,0.4429935596129349,2,0
1.663317210399542,-0.3014667386025652,2,3
0.3783383002474467,-0.4418185769659828,2,3
-0.3532810350535137,-0.3784736869713178,1,3
-2.1850834204064093,0.3714965517532193,2,0
2.006756573412129,-0.2518240634697389,2,3
1.34955341305614,-0.3183781589856859,2,3
0.8526464388609849,-0.3841301042338748,2,3
1.0102848925177192,-0.3219859984651756,2,3
0.2307554377441279,-0.3159039416730366,1,3
-1.153245891707234,-0.5899073712924093,1,3
0.499781711121998,-0.3804662449455601,2,3
-0.6032814884908628,1.139316517446591,0,1
-0.8327427141992134,-0.471571582104829,1,3
-2.05754287339951,-0.5908508958526066,1,3
0.8931413522083992,-0.3526266963399307,2,3
2.300172113207558,6.16696038929957,2,-1
0.405697600871308,-0.4204007140251932,2,3
2.472055556100474,2.973860437405749,0,2
-0.7162439350137837,-0.3726220953226066,1,3
1.2696928451986942,-0.2989568349599539,2,3
0.5394836544868441,-0.360139718528387,2,3
1.1834541134456749,-0.3324352833854841,2,3
-2.2394891919319218,1.04059316130689,0,1
-0.6450887231651181,-0.3610451708288911,1,3
0.4691925777835216,-0.4199295258163046,2,3
0.7204005471507099,-0.389740781144222,2,3
-0.4020127521797209,-0.5071837500536406,1,3
-1.4308080559649587,-0.6599154877582902,1,3
0.6364210468462403,4.341637913396123,2,-1
0.9106342017869976,-0.3327232580852832,2,3
-0.2718763342740057,-0.3207990732902424,1,3
0.0922278864041814,-0.4320004617906703,1,3
2.7509067672552368,2.9841159968599804,0,2
-2.50620859720736,0.9021131669714748,0,1
-0.9206213334065784,-0.5300798721636601,1,3
1.2718465388859852,-0.297420142523046,2,3
-0.2053099496811173,-0.4842503642272783,1,3
0.6140831826982829,-0.3914274665900502,2,3
1.3357482114066717,-0.2901997812517488,2,3
0.8495741512332228,-0.2640493517711509,2,3
-1.1075308982600147,-0.4892124915612685,1,3
-2.3086959369019424,1.2935322707790584,0,1
0.7742867532342013,-0.3552272297670074,2,3
0.4740152206471723,-0.4187245063660519,2,3
0.2643031248634895,-0.3821608726494259,2,3
0.3550219876449143,-0.388919605154973,2,3
1.230588553751564,-0.2842597302974002,2,3
-0.9419877878558948,-0.4418032849574718,1,3
0.7934399587605918,-0.3501194844145857,2,3
1.581744971684131,-0.2984020855091879,2,3
0.7118094987014321,-0.3609133985377627,2,3
0.1945212747516347,-0.4517181046516954,1,3
3.346104988601824,8.91433385424946,2,-1
-0.3960909417249627,-0.4624430116056827,1,3
-1.2575074845952758,1.1295279155732276,0,1
1.910311933265178,2.9044464530121936,0,2
-0.430601393905077,-0.3910536784153082,1,3
-2.8120489983821315,0.9474379099177432,0,1
0.7455210193590012,3.8264034511874745,2,5
0.6081644823950259,-0.3812088396756266,2,3
-0.5623820836209489,-0.3475888336716326,1,3
-1.0992091921331375,-0.5543611968500711,1,3
0.6686608596860166,-0.3558127367848207,2,3
0.7914903488766982,-0.3813255634271292,2,3
-1.1063688700843266,0.5234152431620168,2,0
-0.2416851195950994,-0.2954115659573957,1,3
0.4416435402731289,-0.3187547456899237,2,3
0.6283221134885336,-0.4191228076215375,2,3
-0.070999362474916,-0.4053979831649021,1,3
1.450531499212114,-0.2904262825574201,2,3
0.3797020412510924,-0.416490132164114,2,3
-1.1573020109131182,1.580792163250992,0,1
-0.1266294642354941,-0.2766920568720175,1,3
0.6720055508018931,-0.3742595044403768,2,3
-1.8707261406769875,-0.5604558881967924,1,3
1.153515101022227,-0.3397001299065884,2,3
-0.6607520002333146,-0.3635935797399392,1,3
1.0955575739988332,-0.2794652393337856,2,3
-1.5581944012572329,0.5383966545336472,2,0
-0.744598056716969,-0.3977107083634498,1,3
0.3406789222657702,-0.4409081310801105,2,3
1.7879671080009003,-0.2011376024529399,2,3
-0.6415710708017772,0.4975984644458882,2,0
-3.905402185138957,0.7490743751715709,0,-1
-0.0299761442227131,-0.4478396053354436,1,3
-1.519544412493864,1.3820909310698497,0,1
0.4422226467713521,-0.361347256627312,2,3
0.324382494419256,-0.3252271951277887,2,3
1.8900414020245708,-0.2877674980689962,2,3
0.6477179205832798,-0.4053953952187569,2,3
0.7667435169978026,-0.3682963982219087,2,3
0.5228591232140598,-0.4127231910303148,2,3
1.5561289515750845,-0.2900092199271275,2,3
0.4427423238339573,-0.4054063682310295,2,3
-0.8737980925443993,-0.5196903650945752,1,3
-0.078595882310814,-0.3763304734322659,1,3
0.929893223354794,-0.3240161210251582,2,3
-1.0276692726973884,-0.4232908731411715,1,3
1.034516844485556,-0.3385917561237955,2,3
0.9078489800849898,5.750038794314567,2,-1
0.0400644686479653,-0.4577016452944305,1,3
0.8562713181920952,-0.3544677159656308,2,3
0.8321831742130951,-0.2967041235433135,2,3
0.6370826700049369,-0.3788809969868056,2,3
1.509096251880335,4.753499205663407,2,-1
-3.0138795739730364,1.9626039098274568,0,1
-0.3624491585927208,-0.4492677129396489,1,3
1.2669668630635489,-0.3366444515780358,2,3
-1.5760261573203571,-0.5739345451927388,1,3
-0.366970991281401,-0.4288927161512487,1,3
0.596468831782286,-0.3585392611308274,2,3
1.2882528018831298,-0.3103467879660475,2,3
0.2563535995169966,-0.4197063402060996,1,3
0.6081631419842496,-0.3557265366291231,2,3
1.0396258686600943,-0.360396235275398,2,3
1.282679044711812,2.8868027644739462,0,2
1.0489934485244083,-0.3439118498686387,2,3
-1.4507435189774012,1.1364690115525564,0,1
0.4163642650933971,0.5988086625576435,2,0
1.5743090083642577,-0.2885117734201212,2,3
-0.3370206316375057,-0.4971005350700205,1,3
-0.0494947565345381,-0.4981318967931552,1,3
-1.5495822418687746,-0.5611340682714653,1,3
-2.107559886801339,1.834400715559552,0,1
1.801015695567939,-0.2687854767905962,2,3
-0.0181840458965203,0.5544137372075449,2,0
1.0683179867081731,-0.2862096958536129,2,3
0.8269569151205501,-0.3644283503893387,2,3
0.437860286050047,-0.3887552381584204,2,3
-0.4742708669090412,-0.5153782037540205,1,3
2.6534764338654724,2.9806479508931285,0,2
1.0969498684979777,-0.3335607430342822,2,3
0.5708384134476905,-0.3635587105635818,2,3
0.0534204051917224,-0.4478427183730664,1,3
-0.7036503255070676,-0.3705731200954276,1,3
0.7219110559636587,-0.3805924241001303,2,3
-0.6503690658588127,-0.5010227227987957,1,3
1.2696600554405555,3.844164414695554,2,5
0.8206702840208897,-0.3617448985197676,2,3
0.2722166618263958,-0.4027163600552839,2,3
1.2929455162957286,-0.3439054089154765,2,3
1.0625697476697051,-0.319488739011646,2,3
0.6269384521543172,-0.398206647862427,2,3
0.6208723488323808,-0.4011798446178519,2,3
-1.6088107504000095,-0.5502951141219673,1,3
-1.2960535501475037,0.4559723307759653,2,0
-0.1752076028085001,-0.4693891224681794,1,3
-0.3594152824930373,-0.4719504567780916,1,3
0.5703601073942313,0.5686013680083171,2,0
0.6801142362499393,-0.3580236508534097,2,3
0.1389956185205263,0.6326530440525953,2,0
-0.1280978824954571,-0.463538564356788,1,3
1.9532761660773248,2.936139291394368,0,2
-0.6186663894490386,-0.4325142836241348,1,3
-0.1266294642354941,-0.2766920568720175,1,3
-1.1156790473777811,1.006532608441816,0,1
0.3792237961708078,1.1699839980097166,0,1
-0.7036503255070676,-0.3705731200954276,1,3
-0.3482054113999191,-0.4782276803003563,1,3
0.9031113775572632,-0.3065785839319629,2,3
-1.881470330563535,0.3873672329910296,2,0
-0.1335247193081504,-0.41202179827636,1,3
1.0865007667841609,-0.3346424749063756,2,3
1.1773089238316703,-0.3267982285524549,2,3
-0.0889192172163876,0.4859115098995893,2,0
-0.7649639151975234,-0.4847166979612901,1,3
-0.7346470543414324,-0.3756162754728695,1,3
-0.9668053526356184,1.4547293661576863,0,1
-1.4176509814617224,-0.5072161498849556,1,3
1.1592542348654218,-0.3421801987412667,2,3
0.0403214976342168,0.6110777781342752,2,0
-0.5544073864642047,-0.4457605003860682,1,3
0.9022201260723588,-0.3695487840781062,2,3
1.0734350914781448,-0.2487245880420107,2,3
-0.2790231216369082,0.6260677886653119,2,0
0.6093259131740257,-0.3943795942815758,2,3
-0.1770561495944582,-0.4400474112027976,1,3
-0.0501420171201163,-0.453162141111129,1,3
0.3990839086826947,-0.4313796254601589,2,3
0.9556985991616456,-0.3634856601207721,2,3
0.1399527090375943,-0.4482874732461817,1,3
-0.5897968004509531,0.4831676091958852,2,0
-1.2739337666140451,-0.4633580077541601,1,3
1.28295837041433,-0.3198580080323805,2,3
-3.0840400433950563,2.3861496867372267,0,1
-0.116027196132245,-0.4293344306555018,1,3
-1.881536842893627,0.3760909012831632,2,0
0.5850734059813998,-0.387591002422572,2,3
-1.1053962966718844,-0.5039548645389654,1,3
-2.115334098765484,0.4477502486987176,2,0
0.0609356035860074,-0.4556391457068675,1,3
1.2189256275871267,-0.279383650563654,2,3
1.789481617662012,2.9515572028002595,0,2
-1.5066321458756966,-0.5012179409415086,1,3
0.7693514509734023,-0.3359574832333554,2,3
-0.2421998950161237,-0.422636415712228,1,3
0.7064268088047612,-0.4011697467908927,2,3
0.630069488807685,-0.3904555227409619,2,3
-0.6607898773916862,-0.363599742338449,1,3
0.3280412592276338,-0.3974743359680876,2,3
0.6644440022444317,-0.3815531910443393,2,3
-1.1690334930619892,-0.5332688275567268,1,3
-1.6558999211456524,1.8754328561187228,0,1
0.7081927429794862,-0.3914776010923658,2,3
1.2063895154247903,-0.3171493050794282,2,3
-1.2151028795691308,-0.4742616547603669,1,3
-2.2756852228197557,-0.6263425688096207,1,3
1.1170119384203547,-0.3327468730706357,2,3
0.7670973724976397,-0.3906200818522969,2,3
-0.323840593456562,-0.5034947593566045,1,3
-0.4815986783818651,-0.3919271456031523,1,3
-0.9874973168478918,-0.4372303207861595,1,3
0.3094510956141151,-0.3919198437436939,2,3
-0.375752763566339,1.102335163683997,0,1
-0.5979992810313224,-0.5034872572941572,1,3
0.1053200594121759,-0.4294526762690949,1,3
0.7061476711390497,-0.2937661436643345,2,3
1.3498856622471005,-0.3447345062015569,2,3
0.7744457028493157,-0.3655515332848943,2,3
-0.7084420311909129,0.4946503734830686,2,0
0.7748060808400421,-0.3282201662890265,2,3
0.7370502998646223,-0.3643631381742102,2,3
0.7377635490898908,-0.3970715309957658,2,3
0.0960386233774556,0.5902557540192747,2,0
-2.463012029869126,1.391644515315122,0,1
-1.2885158550253286,-0.5715868355016881,1,3
-0.4423988663462513,2.7040335733544256,0,-1
-1.017989716852156,-0.4217160132786038,1,3
1.317610193968634,-0.3012331478606444,2,3
0.8642745337388105,-0.3594777999642065,2,3
0.580102245279519,-0.4281387474695287,2,3
-0.4580067491852123,0.4915534501920405,2,0
-0.0093543788779792,-0.4325335162069941,1,3
-0.4312907571497248,-0.4267309181273934,1,3
1.7667360780424948,2.9165494084211363,0,2
-0.7052581865854278,-0.5312163434664883,1,3
0.418274589610764,-0.3784414709285614,2,3
1.045150974893542,-0.3377694722353207,2,3
-1.6123316087069346,1.022181927950266,0,1
-0.4561880759526366,-0.5173422240530281,1,3
0.8827886243002813,-0.3489467002727143,2,3
-0.5265302149188179,-0.5005402406780318,1,3
1.749958815712833,-0.3183393587948346,2,3
2.006756573412129,-0.2518240634697389,2,3
-0.9279171362284608,-0.4070612404553229,1,3
-0.473825351353381,-0.4481441680432153,1,3
0.8660932191759767,-0.3227355104186289,2,3
0.39555174990181,-0.3779113017458411,2,3
1.5984481522097758,-0.2810837126956794,2,3
1.248775247434759,-0.3171919678538811,2,3
1.1061651512860236,-0.3494035326289902,2,3
0.748311947247376,-0.3351490404876528,2,3
-0.4486357334332413,-0.4819846243055005,1,3
0.073004652302878,0.5640438102203379,2,0
0.9472722454314974,-0.3667232438347995,2,3
0.5297997937738887,-0.3290832225467456,2,3
-0.1266294642354941,-0.2766920568720175,1,3
0.6443565138406742,-0.3614216049648763,2,3
0.7395126617945872,-0.3673953688011279,2,3
-1.5542473365711622,1.3795360724510228,0,1
0.950289145764378,-0.3423174105153018,2,3
0.6569544533923038,-0.3994638086701479,2,3
1.25979586126207,-0.2788524117639488,2,3
0.0803370567823993,-0.4151173940870441,1,3
1.5326066881588554,-0.2944531632984371,2,3
0.3408582123563195,0.6787850261564604,2,0
0.5500419447531215,-0.3530986511032756,2,3
-0.2665048970807627,-0.2994497338222242,1,3
1.9224781193524307,-0.2491358987301231,2,3
0.3536045105036016,-0.3562278324184897,2,3
0.8621924436303611,2.846234188125696,0,2
-0.0953017940673095,-0.4514640469719008,1,3
-1.085302787487621,1.1483836454132557,0,1
1.3446699591989384,-0.3473783749511162,2,3
-0.681768407669993,-0.3670129408197861,1,3
0.4403055307366088,-0.4014514173374443,2,3
-0.6206574235776613,1.475293208565773,0,1
1.56765516462169,-0.3277087606265266,2,3
-0.7024270644939048,-0.5291585877155497,1,3
1.1131322657118143,-0.347225498051199,2,3
-0.671636242961922,0.478262641692306,2,0
0.3232797700640515,-0.3992437274031232,2,3
-0.5032175848346752,-0.4947678040750456,1,3
-0.292270419881409,-0.3036417740713431,1,3
0.601504563969542,-0.3148833528801398,2,3
0.8852935871163788,-0.3070112426584175,2,3
0.3439790634493356,-0.408991806664621,2,3
-1.040574892109581,0.4335510040794815,2,0
-1.089248915128098,-0.4333098563224252,1,3
0.5325939162567924,-0.4077291422575587,2,3
1.8659848882767671,-0.2689157489857114,2,3
0.2726827936239721,-0.3254565896875296,2,3
0.0319042454969207,0.5264836910300011,2,0
-2.3503963408171744,1.4575094697735227,0,1
-0.5017608986641179,1.095312659480944,0,1
0.1802421138315705,-0.4264994831905599,1,3
0.6312619293477911,-0.3878305516560243,2,3
1.009278174994671,-0.3524984202037649,2,3
1.6472463989212374,2.873511261431549,0,2
-0.1319248577464236,-0.277553615277197,1,3
1.346525689912584,-0.2791637176087473,2,3
-0.9678545770764136,0.4592860039569671,2,0
0.7320591038635563,-0.3312922867707417,2,3
0.1803344988682128,-0.4889189597225377,1,3
0.960727487455286,-0.3667110477167312,2,3
-0.751934372920207,-0.5170102560776632,1,3
0.8158661112316457,-0.3706739667162858,2,3
-1.0935684360872384,-0.5290974944837027,1,3
0.7418337664965413,-0.3514833107338911,2,3
0.4440067470045992,-0.3819328150199524,2,3
0.8314906304339116,-0.2878830021416035,2,3
-1.230496828161835,-0.4767662440362292,1,3
-0.7557361669901052,-0.3790474656616135,1,3
1.416070861504607,2.900374215850213,0,2
0.9255692444876792,-0.3349804405280315,2,3
-1.394173962513768,0.4636435196193839,2,0
-0.9007388789556234,-0.4026393488729101,1,3
-1.4506220817839637,-0.4921051259272375,1,3
-0.1552906254047245,-0.4921417844569674,1,3
-1.253043206521194,-0.5213853483452633,1,3
-1.3626632162206724,0.5226670731788272,2,0
0.8722787743610235,-0.3565018915835272,2,3
-1.772513053679013,0.503527095548161,2,0
-0.0161671063323375,-0.3892514138294067,1,3
0.0184005589275701,-0.4282544338754064,1,3
1.6865964212081372,-0.2714239075434706,2,3
1.4297546516620827,-0.2953119903728332,2,3
-0.7044041995264758,1.0740260913569573,0,1
-1.5862321969164377,-0.5141688373924175,1,3
0.409771345818453,-0.3642626270742047,2,3
1.2031117009049843,-0.3174629040315023,2,3
0.8880746478342558,-0.3463727066111358,2,3
1.4643088576992167,-0.3187623225570058,2,3
1.6071531597293478,-0.2541787914961895,2,3
-0.9474923081801256,-0.4102461130984949,1,3
0.9117281804104688,-0.3562877606719675,2,3
0.6233415335231619,-0.3458637011851919,2,3
-2.4969150855437423,1.4336709286386715,0,1
0.9724690805345708,-0.3544742740862585,2,3
0.4538363814293892,-0.4184001370008851,2,3
-1.175424656041531,-0.5555513859147017,1,3
0.3324155848772615,-0.4056426391862621,2,3
-0.3684258795587176,-0.4972114087856913,1,3
1.211166535425939,-0.3535813162211048,2,3
0.706710703379789,-0.3877288307420533,2,3
-0.3374046412633961,-0.3818183703882603,1,3
0.6177440209283381,-0.3183288569597449,2,3
0.9653441039504193,-0.3549984333557909,2,3
-0.6773125196336705,-0.4780720637510486,1,3
-0.6609288113946783,-0.3636223468451388,1,3
0.6328468851045517,-0.3927411923191482,2,3
1.6843678560496662,2.90778700856052,0,2
-0.5408644992576028,-0.472016801210404,1,3
-0.9932761482101886,1.1400654931530738,0,1
0.3045102626881539,-0.4283050220575405,2,3
-0.5088123191015019,-0.4097063309805958,1,3
-0.5301491364274853,-0.4579048086777781,1,3
1.453839782637903,-0.2460778797115923,2,3
0.9106136009206212,-0.3378230513783187,2,3
0.5877542807264909,-0.3724244283556594,2,3
0.0842797759779475,-0.4345565773522398,1,3
0.2836519835191542,-0.4136960519903585,2,3
0.2039716692839091,-0.410814801386904,1,3
-0.3458940971421209,-0.3123663249031636,1,3
-0.0467073019726314,-0.4377265722115281,1,3
-0.8333057054404605,-0.5390842329135243,1,3
0.8474063260891488,-0.3522493074157315,2,3
3.479389310842252,4.905955382142871,2,-1
0.9222595746344536,-0.3760514875310186,2,3
-1.2306812860189935,2.106544325207975,0,1
1.2940591868374032,-0.3153755726563452,2,3
-0.6319740735316033,-0.4993313869045153,1,3
0.4659588405017842,-0.3240640284448409,2,3
0.0921649104576369,-0.4468690569529875,1,3
0.1481774384751294,-0.3950837733008165,1,3
0.8984218681403497,-0.3084659893732808,2,3
-0.4828242505736222,-0.499357064102176,1,3
0.8828174038702061,-0.3319918385882049,2,3
1.4083391175362991,-0.2953054676004482,2,3
1.7295162753954465,-0.290650068824902,2,3
-1.7551645991270073,0.4414441719354809,2,0
-0.4098872341562637,1.1822040408955905,0,1
-0.4763276140729042,-0.4793510345010128,1,3
-1.2245889939930734,1.1647661998083092,0,1
-0.910886676936115,-0.4042903915435087,1,3
2.0865890738242805,2.925390021657692,0,2
0.6625395466353898,0.6209212431927417,2,0
-1.0750665803505497,-0.4990202318304763,1,3
1.2161630536451749,-0.3077168989815307,2,3
0.7692199926793459,-0.3498733821129459,2,3
0.9401944571283258,-0.3588241449691918,2,3
0.8765246445311345,-0.3619366240982132,2,3
-1.030529183820312,-0.5074486521092508,1,3
-0.5279883601343678,-0.4648454413405841,1,3
1.2898455039218428,-0.3247197034019772,2,3
0.2205808341176916,-0.3929035411926368,1,3
1.867323345624402,-0.2744020050889806,2,3
0.3402434705114273,-0.405050193025355,2,3
-0.4611382386099018,-0.4795207792931042,1,3
0.2390980443369612,-0.3692441441865978,1,3
1.3486057572805243,-0.2748063503508984,2,3
2.3772194860870868,2.946593572478735,0,2
2.559236858649298,2.982427783017643,0,2
-0.185659303669242,-0.4884904679748981,1,3
0.5465523748566997,-0.3938446289221415,2,3
1.2569943120551863,-0.294342181593171,2,3
1.830661958512452,-0.2707429149130195,2,3
-0.5573706301080964,-0.5052831733416153,1,3
1.0144457468263488,-0.3119262915031824,2,3
0.8165054361984772,-0.3440139125834152,2,3
0.0835549917567987,-0.4489584912051127,1,3
0.6697834813366245,-0.3138811962721953,2,3
0.2912937146963812,0.6550289518173188,2,0
-1.2245889939930734,1.1647661998083092,0,1
-0.088144907674127,-0.4281002859818788,1,3
1.384925886485936,-0.3132546147128973,2,3
0.8149513316689789,-0.3521675303783649,2,3
0.5403509337750286,-0.3965092224043259,2,3
0.5096203761436046,-0.3086133505094476,2,3
1.0858095116603732,-0.3579756493641123,2,3
0.951102027142759,-0.3051915760872929,2,3
-1.4667070069675092,0.5532816169742273,2,0
0.3753666258094467,-0.4526468113060167,2,3
-0.6254095129279056,-0.4192695975567629,1,3
1.6046431373528085,-0.3072381840753546,2,3
1.022551690554309,-0.3623451769222472,2,3
0.3882230783656566,-0.4197690806113733,2,3
1.1335199730485213,-0.3376584559580245,2,3
-0.6396638743591379,-0.4643304314579929,1,3
-0.4185708036961646,-0.4577633937686765,1,3
1.0305983140870143,-0.3022986922277634,2,3
-1.0043628689798436,1.1013835126581002,0,1
0.0029801315469889,-0.3717498551896834,1,3
1.4818302197410924,-0.3345450205758423,2,3
-0.1885024429756006,-0.3780674510989367,1,3
2.536405228772819,2.954138063534579,0,2
-0.7031883828846645,-0.4413312387749712,1,3
-0.3349246155431917,-0.4957692614536316,1,3
0.2731170880264465,-0.4347293001393203,2,3
0.6342340103708931,-0.2004423009419055,2,3
0.2257334430270324,-0.3092972476148337,1,3
-1.2245889939930734,1.1647661998083092,0,1
2.006756573412129,-0.2518240634697389,2,3
0.4365598098532082,-0.443699212210678,2,3
-0.3967515065852922,0.522957074372667,2,0
0.3440426687874215,-0.3819269860638011,2,3
2.3026330165615767,7.21438022378295,2,-1
-0.146405053642284,-0.3749943911846985,1,3
-1.122767997353491,0.4675738030862208,2,0
-0.2746485323755901,0.5425327171855083,2,0
-2.629899403552679,-0.7044484830557264,1,3
0.7854740274230123,-0.3955984869085925,2,3
-2.611533450183293,1.2699038676471612,0,1
0.2156197207302492,-0.3926680239660378,1,3
-1.9257456520087493,-0.6223357045725552,1,3
1.3549981787819985,-0.343589665811959,2,3
0.815320485216193,-0.384508828483671,2,3
0.1480241565831773,0.5739094536508512,2,0
0.5663128081519087,-0.4102763930144842,2,3
-0.5321655572516913,-0.507718661225263,1,3
2.1758221481679025,10.329083081260638,2,-1
-1.944351264988046,1.3000810422772349,0,1
-0.9422571685885306,-0.5657573688339382,1,3
-0.0079892062131774,-0.4126945421977946,1,3
0.2697589821745731,-0.395659517547049,2,3
1.6233171231565549,-0.2562849051311096,2,3
-0.1904439399386607,-0.4787642723326327,1,3
1.0137767409630731,-0.363408218571782,2,3
0.6815380641007172,-0.3802256716168399,2,3
1.5571070816326538,-0.2848268925917294,2,3
0.8101698863872215,-0.305709554093049,2,3
2.390262611955647,2.9258274424456725,0,2
0.3157661458452881,-0.3816270152262588,2,3
1.110576971862104,2.830724158132288,0,2
-1.8495181253945372,-0.6184315789555835,1,3
-1.433134660684798,-0.5843447833420763,1,3
1.4132905461752112,-0.2956626950392554,2,3
0.6662320629003352,-0.3799615361550613,2,3
-0.1975921451882618,-0.3411658205651664,1,3
1.1168760739459154,-0.2839117496651481,2,3
-2.142072391692222,-0.6455546322251077,1,3
0.761867209778768,2.8303078256679504,0,2
0.0079405047328172,-0.448145704993594,1,3
-0.6607520002333146,-0.3635935797399392,1,3
0.0783617716183715,-0.4632068934287873,1,3
-1.2622409591246058,-0.5348591653400271,1,3
-0.2520024704991001,-0.5060079161692242,1,3
-0.5954922554834984,-0.3529758453840272,1,3
0.4471397411915496,-0.4477137333914469,2,3
1.291868263152124,-0.2635993598164612,2,3
0.38583589329175,-0.398326728730306,2,3
-3.805023078453028,0.7858814244469887,0,-1
2.540289682101561,3.001284375959671,0,2
-0.7128239461899804,-0.4249938284086962,1,3
0.0437408602682131,-0.4445283178958652,1,3
-0.3646187218681506,-0.3862460904124406,1,3
-0.3197381990991812,-0.4389960830806051,1,3
0.6832669662489887,-0.3244543900892725,2,3
1.2814893977077144,2.837483382376793,0,2
1.8433625941940583,-0.267881987230273,2,3
0.913772489533772,-0.3701412829224512,2,3
2.032380839478814,-0.2738157324652799,2,3
-0.2644889602797799,-0.5158531758998218,1,3
-1.2104524615348635,0.594974128971165,2,0
-1.5303121118511105,-0.5255460707158924,1,3
-0.60614078180642,-0.4719898691573327,1,3
-0.1193376428545183,-0.482186047384642,1,3
0.7802226074155817,-0.3707841151270016,2,3
-4.142052618768337,1.7790506068983858,0,8
-0.7417559916458809,-0.3767728967275317,1,3
0.7386681443567816,-0.2905917771681947,2,3
1.328407999964185,-0.3351465158660128,2,3
1.232012140199637,-0.3314458448926684,2,3
2.1274119184140114,2.935897217707796,0,2
1.160515652082792,-0.3453088653527683,2,3
-2.274690123504155,0.380872269670657,2,0
-2.6961266321311976,-0.6947482178572554,2,3
0.8285027487696409,-0.3743464873584934,2,3
-0.0357586023634826,-0.4503246510028411,1,3
-0.3669938583971156,-0.4861016709258654,1,3
0.2194203559473048,-0.4053529183012036,1,3
-0.4491889257670031,-0.5018748131052296,1,3
-0.3723551155697323,-0.4710388805736653,1,3
-0.3172952126214823,-0.4468317401626899,1,3
1.088710610641128,-0.356144247186455,2,3
1.0051691310692408,-0.3316729902240181,2,3
1.3805609626294335,-0.3276898740799737,2,3
0.6455339879436197,-0.3794867336371693,2,3
-0.1651765840042971,-0.4587442744491556,1,3
2.27008277077209,-0.250142595463506,2,3
-2.10393228974634,1.3434009581270872,0,1
0.6263741979877335,-0.3674884512726949,2,3
-2.0551638657068856,0.3551628776083469,2,0
-0.3303547623621345,-0.4740993417574717,1,3
1.0730395927343523,-0.3413794826981133,2,3
-0.2985428210497562,-0.4824501548202826,1,3
-2.9290084053199426,2.2094805073800843,0,1
-1.1367501128571664,2.1142869576426624,0,1
-0.279969687767029,-0.4379700517727214,1,3
-0.3325912230170206,-0.4705835776234253,1,3
-0.3123729798649798,-0.3749302882372992,1,3
0.8118742942121084,-0.3569398001230223,2,3
1.3971320287310918,2.8555374228225365,0,2
-1.5353647797090346,0.5421110248238475,2,0
-1.4549103813270885,1.0280796126940497,0,1
-1.202709892237735,0.5962338418974769,2,0
-2.1104086870611005,0.4160988560990323,2,0
-0.8137701463596341,-0.4414177347808264,1,3
-0.1043926475429908,0.5013215269723313,2,0
0.1279426938326993,-0.4688960702584759,1,3
0.5095715417348452,-0.4346923238671872,2,3
1.2380107420448925,-0.3064676334443608,2,3
-0.052233198350427,-0.3482802867563723,1,3
-0.2958807992510573,0.5093591405753365,2,0
-3.4034208292848573,0.2381790530947325,2,0
0.2139360254862347,0.6266125454327349,2,0
1.7023109695462977,-0.2711629355996341,2,3
1.3081936430688956,-0.2866893653998398,2,3
-1.8428454354659936,-0.6768657082161272,1,3
0.361731784545586,-0.3885641556554278,2,3
0.705664973592573,-0.3715353735821212,2,3
-0.1833420100198036,-0.3183719204895545,1,3
1.1849819909871742,-0.3364408260787278,2,3
-0.0389264523619958,-0.3665906932951494,1,3
-0.7060273373790558,0.5032519004123231,2,0
0.7004793153266847,-0.3680074354264707,2,3
2.5160026764256656,2.99447096315109,0,2
-0.1267813829796412,-0.2767167739908972,1,3
1.399524360278778,-0.2986655455140424,2,3
0.2417169619398928,-0.4314020188746096,1,3
0.9815901811270952,-0.3389985709177536,2,3
-0.1786960293959339,0.605313197158157,2,0
0.8821380775737402,-0.3863474252994367,2,3
1.5222929403557013,-0.3255765781879396,2,3
0.6667211340861897,-0.3518444481277365,2,3
0.5798677027047054,-0.4306056374799128,2,3
0.5779176618946128,-0.2989713530310243,2,3
1.078512610632501,-0.3511409633268527,2,3
1.0069435364543229,-0.385550755115249,2,3
0.104048303774932,-0.4730000082610947,1,3
1.6374776587125008,-0.2929363480019433,2,3
-0.4396391601004731,-0.4771665056360686,1,3
1.6254638258330762,-0.2820413246999789,2,3
0.6714087777514103,-0.3817595890610689,2,3
1.0934007062613398,-0.3562935456157015,2,3
1.129984976343236,-0.3393062054532584,2,3
1.1804654665527032,-0.3398766912367119,2,3
-0.2942957555752712,-0.3039712953782593,1,3
0.6792113928966435,-0.3702583186105495,2,3
1.527844969044728,2.9119100026123723,0,2
0.5102462377198127,0.601013386531992,2,0
-2.181735762885317,-0.611057029273886,1,3
-2.3682782279017047,1.4546000939006345,0,1
4.383468431247866,8.914818803852183,2,-1
0.5437647455566116,-0.3595324308126629,2,3
1.488686502616066,-0.2888051512933557,2,3
0.6980112947683704,-0.362164469655276,2,3
-0.8325785044841947,-0.5373129118106056,1,3
1.2606321149105322,-0.3110096494045318,2,3
-2.24621626708915,-0.6215479815047941,1,3
0.7037065999204014,-0.3834229937275604,2,3
0.1128478733924895,-0.4484215321793917,1,3
0.7145348353629973,-0.323235287774962,2,3
1.2136858330341531,-0.2638069550449191,2,3
-0.0561705489792482,-0.4554453530772969,1,3
-0.1266294642354941,-0.2766920568720175,1,3
-1.4208157756349398,-0.4872556518443312,1,3
0.3959890888770165,-0.3731600622843876,2,3
-0.1530453101914945,-0.4190241968032162,1,3
2.992950242631814,4.876190705107621,2,6
0.1624616344522307,-0.4491058568006637,1,3
-1.5127945379687533,-0.5226959684552114,1,3
1.761047324335754,-0.2962262521100956,2,3
0.9307401148839748,-0.3526389031877572,2,3
0.7686078012021597,-0.3567389971940862,2,3
0.771759793398952,-0.3676543003112105,2,3
-2.006334483856068,1.078527339009701,0,1
-1.0687161532027611,-0.4948746943997232,1,3
0.9560349325030382,-0.3078385152310051,2,3
1.5308240207399009,3.910061731868932,2,10
-0.9861885160446132,0.4939848614942668,2,0
0.4996556878106253,-0.2937036792490257,2,3
0.6554427725692235,-0.3988887212845547,2,3
0.9705080700059076,-0.392125537881712,2,3
0.9783162795401336,-0.2597832475445264,2,3
-0.817729206900136,1.75597415094967,0,1
0.2870195404173996,-0.407618843381615,2,3
1.7278946622127933,-0.2859716863901813,2,3
-1.3640511593573688,-0.5355018111283302,1,3
1.4816134765373583,-0.2999572470190653,2,3
-1.0689454327984798,-0.4624592429852016,1,3
-2.0327204614134877,-0.6668074813834991,1,3
1.019513646550327,-0.3082996687767127,2,3
0.8735639461961124,-0.3324470379577788,2,3
-0.6607267521100071,-0.3635894718803805,1,3
0.902822214028453,-0.3830878723366707,2,3
0.1749831342820224,-0.4189934972010202,1,3
1.7378109792111016,-0.2708381264562849,2,3
0.3164141234082327,-0.4216275515038722,2,3
1.4857161206027167,-0.278371340754642,2,3
1.848640766795952,-0.2975872003429219,2,3
0.1346988240264331,-0.4432666362565033,1,3
-0.7291981260421386,-0.3747297370190629,1,3
2.1321880197163874,2.956595821273804,0,2
1.6312137468411845,-0.2759008233822332,2,3
0.7519292506061936,3.807292673216088,2,5
0.0379789216795068,-0.4356522385162902,1,3
0.6496632621154944,-0.2842814907175107,2,3
1.3838229408232874,-0.3079776621771043,2,3
-1.5871245984903304,1.974321227045531,0,1
-1.9012626636208356,1.3337936777455377,0,1
-1.8282746714815807,0.4944547026457167,2,0
0.2658207845121099,-0.3514218992368079,2,3
-0.1475037182153018,-0.4646540435777982,1,3
0.3410217049580766,-0.371275923687956,2,3
-0.8266864137844514,-0.501000945959121,1,3
-0.8870756131579698,-0.4966597656988635,1,3
0.3348005016810778,-0.3632672070629908,2,3
0.70307721896301,-0.3735663373982199,2,3
0.5481186300050622,-0.3794992831689898,2,3
-0.2551248476638381,-0.425527074240058,1,3
0.2748356147917701,-0.4551723014850197,2,3
-2.270117351095553,1.301691141799776,0,1
0.2138319134999153,-0.4329204694331853,1,3
3.134805306093115,4.885645984630579,2,6
-0.7828976105539429,-0.5209435433251335,1,3
-1.2481724630169655,-0.459166653967773,1,3
2.130451806353935,2.942221197845272,0,2
1.212327547963963,-0.3290217774302499,2,3
0.6813139968949807,-0.3277962540292016,2,3
-0.0775906404243525,-0.4696874452363238,1,3
-0.1636192236779849,-0.4865562775196856,1,3
0.3253547089642979,-0.4185482653208004,2,3
-0.0093543788779792,-0.4325335162069941,1,3
-0.09674851247056,2.8382278960347898,0,2
0.3098976874796906,-0.4067741012583826,2,3
0.8013959509720088,-0.3879220318344995,2,3
0.3885466613943422,-0.4311748403596539,2,3
0.5303208052714138,-0.4003061288573775,2,3
1.039914646222126,-0.3676169416027223,2,3
0.9417022121497304,-0.3125348863291485,2,3
0.880956138753265,-0.2900387019359331,2,3
-0.5049294255585686,-0.477359751522284,1,3
1.65227796838651,-0.290999309899896,2,3
-1.070684954862802,1.5233279879339767,0,1
1.1434239272549271,-0.3331597046858791,2,3
-1.51437335253955,0.4440871269621784,2,0
-0.8300880935296211,-0.3911444943563064,1,3
0.6690058327213843,-0.3759641112599159,2,3
-2.5986681736189188,-0.6788917656570962,1,3
-0.2623268783846453,0.50763038014318,2,0
-1.8035245266530784,-0.5495222124870601,1,3
-0.6825688794567016,-0.3671431772591601,1,3
-0.3363759434164398,0.5891730109623792,2,0
0.3707964860431202,-0.4130261241807112,2,3
-1.5171701153745965,-0.543883281934331,1,3
-0.712629142626124,0.5240862211867822,2,0
0.0037996946507907,-0.4510267295586302,1,3
0.4381365043071171,-0.4236027623176916,2,3
1.4157655748076368,-0.3081705068048168,2,3
0.1062753104683939,-0.4384996431482379,1,3
-0.5022795133185798,-0.3378101695345824,1,3
-2.286369743316526,-0.6280809360188387,1,3
1.3899493112577412,-0.3204434631691341,2,3
-2.7615955684726305,1.7279893718759998,0,1
1.9428435922506808,2.915025023312827,0,2
-0.4303696880046351,-0.5003110428587784,1,3
2.283002059124336,-0.2212362903337044,2,3
1.5154649855438644,-0.3209281247586236,2,3
3.5050116223122663,7.293401741848998,2,-1
1.50445180640731,-0.2604807382623293,2,3
-0.0517283872517541,-0.4648835527374523,1,3
0.5335411590639612,-0.379403147601837,2,3
0.8073498642455575,-0.3592338552996587,2,3
-1.3315712756627496,-0.5851835445525481,1,3
1.357541017091602,-0.3127514059418491,2,3
1.0756004526247311,2.8463512328278444,0,2
0.4069647295405967,-0.406064475312544,2,3
-0.8027666193099983,-0.4703917740067881,1,3
1.3353494573951952,-0.3188720436519185,2,3
0.5821372750111149,-0.4017441604446224,2,3
-0.6000095846283147,-0.4595671408264991,1,3
-0.1647056013458505,0.5656217169892773,2,0
0.2952133326394976,-0.3431943160253701,2,3
-1.1982002139657422,-0.4510361890444505,1,3
0.1326068717805447,-0.4097515714084653,1,3
0.2070726800030696,-0.4994644077916687,1,3
-0.1796199860836831,-0.4532052367446565,1,3
3.0088978823354484,7.329714274824754,2,-1
-0.8802561815351875,-0.399306822199132,1,3
-0.5016619847633284,-0.3951914375227165,1,3
0.8278122988133576,-0.3444495658365716,2,3
1.8220893173120525,-0.2847129924139297,2,3
0.2030125622704402,-0.3521319187890315,1,3
-0.3510208693611295,-0.3132004486916244,1,3
0.9330635518150634,-0.3312735982826299,2,3
0.653947797304617,-0.3750514744732747,2,3
1.373827855445125,-0.2949930420544266,2,3
0.8477981870685642,-0.3349613286234396,2,3
0.1366339148883925,-0.4927750151190507,1,3
2.9576921692696607,8.125658894867536,2,-1
0.1523291613920082,-0.367635202006855,1,3
0.9370217312969272,-0.3095779250896892,2,3
-0.330290631153825,-0.4486787594912716,1,3
-0.7891514952594518,-0.4049595349854366,1,3
-1.070684954862802,1.5233279879339767,0,1
-2.1208710235485397,0.3668542112243413,2,0
0.9326517013220692,-0.360480060188738,2,3
-0.6331874847324519,0.5260294886732457,2,0
1.8540232265962493,-0.2566287706963093,2,3
-1.4091736873634175,-0.4853614887413495,1,3
1.7736463765557715,-0.2932588644199667,2,3
-1.5924415064871391,1.0207930254679958,0,1
-0.6608025044376645,-0.3636017967537767,1,3
-0.4558839671453922,-0.4949738907690512,1,3
1.425532450614582,2.931376650427931,0,2
0.8247993786971721,-0.3869169966776503,2,3
0.0841309153843051,-0.3374862812772664,1,3
-0.8420114089876638,-0.4730795950378717,1,3
0.9806792784771776,-0.3530935659293333,2,3
-0.6023146121439509,-0.3540858400825917,1,3
-0.4664384189095154,0.5844445181548561,2,0
-0.118615008154669,-0.3653226028247515,1,3
0.90658222524785,-0.3767933300592367,2,3
-0.3498708441808165,-0.4904396352287223,1,3
-0.5093512952889044,0.5624417156840764,2,0
1.0233330097003748,-0.3539366364752601,2,3
0.5533705172457877,-0.3933200156772076,2,3
-0.9989232752534488,0.5884390253595567,2,0
0.0779218631330194,-0.4673588377795646,1,3
-1.5068838759349366,-0.5792160457445271,1,3
1.0718402951503625,-0.3573334198171368,2,3
0.5661749645545685,-0.2894726288842614,2,3
0.5477361611111337,-0.3931255072008526,2,3
1.29447286659665,-0.2825608485142258,2,3
-0.9798955980128564,-0.5529950370523429,1,3
0.4526040436321989,-0.4263646141939599,2,3
0.9728763575708612,-0.2825395688423519,2,3
1.1211503732029056,-0.3780854671237345,2,3
0.0923522921654678,-0.4333753514158804,1,3
0.5622307441581289,-0.4127683284315493,2,3
0.8479360528357758,-0.2756579276805408,2,3
0.6555722707995877,4.7951404514038005,2,-1
-0.7979493612548743,-0.5225361719480847,1,3
0.4822869664351226,-0.4071895933665329,2,3
-1.4895553399322214,-0.5308923065610968,1,3
0.7112017526183511,-0.3560115936504385,2,3
-0.7115418527081414,-0.503091967900809,1,3
1.238549391360961,-0.3218902480534347,2,3
-1.483035743813608,1.1431924258208692,0,1
0.9396701974161624,-0.3599251056882553,2,3
1.4694412672523482,-0.3056243786102692,2,3
-1.4595636213437588,-0.4935599108354953,1,3
0.8404477433617815,-0.3801752745694979,2,3
0.6413435691794226,-0.333240986522279,2,3
-1.5494346967436918,-0.508181898839506,1,3
1.2377857758074804,-0.2948623232614191,2,3
1.219567163997253,-0.353752770391301,2,3
-0.6344684953045299,-0.3593172640058522,1,3
-1.5786375422039989,-0.5334085988960007,1,3
-1.0411108364589057,-0.4254778101862822,1,3
-0.3755472299659488,-0.3171908777473557,1,3
-0.9335232318854184,1.06885237260562,0,1
1.2507245826097544,-0.3053686467769123,2,3
-1.5552831676280134,0.4314168499622622,2,0
-1.9316609732887984,1.5256375465057563,0,1
0.1384421258289881,-0.3611026241845375,1,3
-1.3253843054765675,-0.5041817449512107,1,3
2.0067579251395014,-0.2518238435442363,2,3
-0.9896038340660736,0.5899552947113974,2,0
-0.73873556116983,0.6241798529795108,2,0
-0.9113562340453468,0.6026861479225581,2,0
-1.6509299466715603,0.5028332096184079,2,0
-1.039595006372482,0.5903198134413472,2,0
-0.7279059067558066,0.6259418334189878,2,0
0.3462287232694103,0.6041409681341731,2,0
-1.3020178465504015,0.5800764774707043,2,0
-1.7954446544205331,0.499796133284016,2,0
-0.9118899572934348,0.6230747201498299,2,0
-0.8417462672239804,0.5869446435399663,2,0
-0.7765436592103274,0.6246200999004928,2,0
-1.167552525411251,0.5814785226251243,2,0
-1.134566835423128,0.5868452811863635,2,0
-1.0457916430680425,0.6217643782436719,2,0
0.2484833595450393,-0.2156613505511973,2,3
0.426150935992141,-0.407841440636602,2,3
-1.099736269353958,0.5600594452347334,2,0
-0.8848504442178511,0.5865232205345575,2,0
-1.204917561382808,-0.5229623753404913,1,3
0.2030125622704402,-0.3521319187890315,1,3
0.2022112252825999,-0.4425155683439558,1,3
0.0399557771037103,-0.3229922774535746,1,3
0.1953619399070061,-0.4377862172340171,1,3
-1.070684954862802,1.5233279879339767,0,1
0.6752557664383674,4.43243621448843,2,-1
-1.0350438274978109,-0.4244907102561369,1,3
0.813292971590354,-0.4118104035164051,2,3
1.0630438062473229,-0.3525702941940574,2,3
-0.4779391971705287,-0.3663027649505128,1,3
0.2257334430270324,-0.3092972476148337,1,3
-0.6323261668483612,-0.5244540135156893,1,3
0.2896450069555528,-0.3973816139828532,2,3
0.3607428518839078,-0.3629908837878089,2,3
-1.4972931452247968,-0.5850794082849252,1,3
-1.1677387506079495,0.5814482238601429,2,0
0.9316641801980317,3.912629053421046,2,5
-0.8955432603668159,0.5932815660853658,2,0
-0.7877730038516463,0.5879758916758226,2,0
-0.9577464494884608,0.5831611321070206,2,0
-0.9532513860532864,0.5838924771291414,2,0
-0.8327033273213675,0.6035055980453091,2,0
-1.0883374903467935,0.5823894308039252,2,0
-1.0531439157899745,0.5881154113009657,2,0
-1.139508125838344,0.5860413352131558,2,0
0.2584721628842241,3.9030750939867858,2,5
-1.3144050458131322,0.5780610851076229,2,0
-0.8184999824648282,0.5807874920457757,2,0
-0.9714644543972756,0.5929065645247056,2,0
-0.8230215816492483,0.5871757015316322,2,0
-2.615710612954814,0.3187967631600676,2,0
-0.8505176695923121,1.04177005305769,0,1
1.0570657274997295,-0.3428407384895134,2,3
0.2780516970519502,-0.3902469369562896,2,3
-0.1940816286068086,-0.4811416782182298,1,3
1.3667731822993134,-0.3288016889174854,2,3
-0.8743099249754744,0.5052045931871029,2,0
0.3284663438898297,-0.4321538137355028,2,3
-2.212966992819077,-0.6366137466725162,1,3
-0.1095233051690781,-0.3638433863872075,1,3
0.1154658781662663,2.872755092469923,0,2
1.0553157012474956,-0.329534357817278,2,3
0.8737192703562482,2.816658287171747,0,2
-0.5344733434236565,-0.4659005455266664,1,3
-0.2801723495759432,0.5116937840696354,2,0
0.2526280483117926,-0.3267711054790868,1,3
-0.3446911625856598,-0.3121706079322036,1,3
0.0293689055362436,-0.3247147572210708,1,3
0.7396812602996032,-0.4026611155359024,2,3
-0.4097549573718627,-0.3552092164204433,1,3
0.982957838936208,-0.3684810871823232,2,3
-0.6302212628137037,-0.4499349263247131,1,3
0.2695271754304807,-0.2597799570425851,2,3
1.6232850516112804,-0.3051327803944845,2,3
1.3025424530930725,-0.2687984824087457,2,3
-0.1043080526320792,-0.4832770234774021,1,3
0.750198703180864,-0.3849531406224277,2,3
0.1331034485653546,-0.4349450003291262,1,3
1.1316135611505196,-0.3396576796714822,2,3
0.9563775444730276,-0.3661693744008913,2,3
-1.275393487799695,0.526926510348261,2,0
-1.131820339967621,0.5548393797849194,2,0
-0.8604461490398221,0.5870145057266771,2,0
-2.028343175866153,0.4619036370434262,2,0
-0.6363243262399594,0.5669502754458265,2,0
1.6686710503108022,-0.2509251701496684,2,3
-2.304107300502924,0.3965615155309365,2,0
0.8896191287924768,-0.389609667526669,2,3
-0.1272706385500004,-0.2767963756764101,1,3
0.9252812671916822,-0.3826495517580298,2,3
-0.9004543943503924,4.803472778254882,2,-1
-1.7035966086625536,-0.6066675529032975,1,3
1.8123245271941424,2.9643247539179187,0,2
-0.3498509344428884,-0.3130101007485974,1,3
-0.3702027931276331,-0.4810335980432542,1,3
-1.111818699660693,0.6110218025579848,2,0
1.1095289809143924,-0.3540357264913464,2,3
-0.913613105555262,-0.4622157200257716,1,3
0.162801336900539,-0.431511566824297,1,3
0.3262357073725969,-0.360680725735776,2,3
-1.130667315993256,1.4368452696609046,0,1
-0.8096784160107531,0.589346629241503,2,0
-0.8473181934482676,0.5860380933729832,2,0
-0.9819054100211916,0.5846162158802669,2,0
-0.7950770906554556,0.5867875196757071,2,0
-0.3505553780358284,0.6000492413091,2,0
-0.9160533987304744,0.5853909990432995,2,0
-0.9105392171137352,0.5862881541857421,2,0
-0.9812570291253182,0.584721707192564,2,0
-1.0245394150457836,0.5842712896661117,2,0
-1.0241169422041487,0.5843400258283855,2,0
-0.9449027538204648,0.5852507962525633,2,0
-0.8024636911902217,0.5879501659567453,2,0
-0.8713209152033164,0.5852451856236136,2,0
-0.8564118192664754,0.5876708895663897,2,0
-0.9822365089048636,0.5845623462243887,2,0
-1.67667228430562,-0.5288834034193788,1,3
1.6393839758676942,-0.2949521144574658,2,3
0.5300034480205192,-0.4027222059872627,2,3
-2.628216709434617,0.9773473497656436,0,1
1.1670639290507396,-0.3459687668686951,2,3
0.8807035185334569,-0.3648001793678104,2,3
0.7839967833487099,-0.3664341174952309,2,3
0.6760226421003229,-0.3910386656735539,2,3
0.1483397463070375,-0.4001462182490554,1,3
0.1353059326276866,-0.4520310357569426,1,3
-2.3680388107618286,0.941721041341636,0,1
0.210390891903054,-0.4128214360572427,1,3
-0.0931524626230419,-0.4252933686843503,1,3
0.9813017437749744,-0.2685308000508872,2,3
-1.8618806721711665,-0.6119448979097228,1,3
1.4423136696231835,-0.3216452095734177,2,3
-0.963804652788828,-0.5323309324833606,1,3
1.9269048165316611,-0.2621942575934258,2,3
-0.8949615461550338,-0.4774673950556286,1,3
0.1694633826222497,-0.337486522448593,1,3
-0.097902859135167,1.0934388237484292,0,1
1.858949095427668,-0.2939033454435332,2,3
0.7312630137104271,-0.3119560613589646,2,3
-0.3656018467595269,-0.429927158137119,1,3
1.157659243900328,-0.3382669503282673,2,3
-0.3091979942580887,-0.3678221100070194,1,3
2.20642148315718,4.879485321416119,2,6
-0.5799234389100153,-0.4732952578746081,1,3
-0.8655128411550215,-0.4919929404488578,1,3
0.4676582063073061,-0.3520131313109033,2,3
1.1782017258377004,-0.3431962440725795,2,3
-0.8274293011108694,0.5864585673390562,2,0
0.1610588786395841,-0.2828134425091575,1,3
-0.6607772510090145,-0.363597688031041,1,3
-0.1250109415469202,-0.4453084113546132,1,3
1.2515430445939548,-0.273065245402212,2,3
-0.9427524561243136,0.5856006488272459,2,0
-0.8907802690942846,0.5855584404000899,2,0
-2.134966404573768,0.4445560803999368,2,0
-0.8497341731875161,0.5887573399112538,2,0
-1.0068155140010138,0.5871549612735519,2,0
-0.8496238553997312,0.5887752885711808,2,0
-0.889388272791968,0.5857849176414439,2,0
-0.8275851072572903,0.5864332177413822,2,0
-1.0265124735645617,0.5839502738346621,2,0
-0.9191492166399768,0.5848873107082717,2,0
-0.82744799251674,0.5864555262548008,2,0
-0.8439039806925589,0.5865935844220772,2,0
-0.9459228203012842,0.5850848318443322,2,0
-0.8906550967786488,0.5855788058857538,2,0
-0.8869052795611194,0.5861888996464878,2,0
-0.4384023915479202,-0.3848991270210554,1,3
1.2700158788920404,0.6913071214940892,0,0
-0.9830129418246416,0.5844360208990448,2,0
1.2675220973050407,-0.3258086344319348,2,3
-0.0942134890157897,-0.4468892874945308,1,3
0.6902997529893161,-0.3829291342409628,2,3
1.144460579961948,-0.3259376592477654,2,3
-1.304886992908084,0.5796096685064509,2,0
-1.1542910749956734,0.5836361553009264,2,0
-1.16375688625739,0.5820960715965631,2,0
-1.033284043919993,0.5828485420476014,2,0
-1.297199996868394,0.580860339686016,2,0
0.075272986950675,0.6126968426565041,2,0
-1.298249025080904,0.5806896632156285,2,0
0.3745970135807357,0.6054060553102967,2,0
-1.0877477229806995,0.5824853857183825,2,0
-1.3000499249207196,0.5803966575323537,2,0
-0.4639713125727561,0.5969955057444709,2,0
-1.303982670573088,0.5797568013884735,2,0
-0.9707315842096566,0.6015238646702782,2,0
-0.8203891261408721,0.5850337048634658,2,0
-0.9203657614714184,0.5846893793510188,2,0
-0.2125080804715666,-0.4403987412824877,1,3
-0.9841602554067488,0.4916275732185811,2,0
0.8497701588408759,-0.3552020900350842,2,3
-0.4698361762995284,-0.3649844066973735,1,3
0.7218928965677998,-0.3041231138134623,2,3
2.223995124272887,2.970143132928159,0,2
-0.6256255217295432,0.4757758813409369,2,0
0.0150312852571751,-0.4473715690227085,1,3
-2.501209715106639,-0.663035313456937,1,3
1.295188594813575,-0.2868832524893932,2,3
-0.1499353385677859,-0.4674624175447826,1,3
0.1339688292089979,0.5735943919161397,2,0
-1.05008257714834,0.4738516480420874,2,0
-0.9459323308142245,-0.5283680088795506,1,3
0.1279206106442616,-0.4231882781943495,1,3
-1.884693014800143,-0.5627282930275291,1,3
0.0479271455734743,-0.3012199302072768,1,3
1.0495668817889827,-0.3711324549619292,2,3
-1.9374394878164385,1.5246973845044878,0,1
-1.0506825271591549,0.4904370949745295,2,0
-1.3520610601554115,0.5105082402844088,2,0
1.2700158788920404,0.6913071214940892,0,0
0.8265914995721064,-0.3460287328467452,2,3
0.5666966940609945,-0.3900406360773151,2,3
0.7158229853033835,-0.2646999157876006,2,3
-1.078391951894229,0.5689178941283821,2,0
-1.0877221137183717,0.5824895523351152,2,0
-0.7884759061980668,0.5878615297453392,2,0
-1.0415048027793528,0.5900090903301894,2,0
-1.1150097024369363,0.5900272188970717,2,0
-0.9996881290405346,0.5379567161812707,2,0
0.8688693129317551,2.830287485515861,0,2
1.2829735296906275,-0.3330755311369226,2,3
0.5822943582678433,-0.3685133130929657,2,3
0.0371701589886842,-0.4485912978065978,1,3
1.1394924113859115,-0.313996508265958,2,3
0.3324916422273745,-0.4106340598785213,2,3
0.8489493618542978,-0.321089052280498,2,3
-0.7018305735258781,1.0550314282683686,0,1
0.9772837281595996,-0.3571458284132602,2,3
-0.0359081869753482,-0.4570507274610066,1,3
0.4152649764526118,-0.3877787834097996,2,3
1.1073388794229058,-0.2771284983881181,2,3
-0.1556727985076521,-0.4842342438487041,1,3
-0.6560654225199414,-0.521202416737735,1,3
0.8334258515459636,-0.2930226565710163,2,3
-0.0716736213069578,-0.4761630869407733,1,3
-1.099477299177039,0.5481242332520484,2,0
-0.935434499362696,-0.5266600159032866,1,3
0.0009572191205331,-0.4419489200303401,1,3
0.4355989063848675,-0.4316914206230025,2,3
-0.259835196897028,-0.4212170289882727,1,3
-0.5299153725913707,-0.4963545193575127,1,3
-0.7525591258448425,0.591516043030405,2,0
-0.0927968403657325,0.5384959922739907,2,0
-1.3469651078543523,1.000843443931689,0,1
-0.0128316903970505,-0.3290104811661219,1,3
-1.3020881998755538,0.5800650310128552,2,0
0.2413757522339464,0.622318429451381,2,0
1.8378457517525617,3.899280409997629,2,-1
-1.160132259438075,0.5826857969296048,2,0
0.5914862196606107,-0.3640263529653822,2,3
-2.156444471823721,2.1392685383121783,0,1
-1.2931230152768405,0.5815236629594829,2,0
-1.1667003014994537,0.5816171791145408,2,0
-1.1621196643774878,0.5823624469412587,2,0
-1.1169832278692873,0.5897061270989705,2,0
-1.3041860443941304,0.4764376808768252,2,0
0.5393234607464064,-0.4158510974767279,2,3
-1.0906657678122302,0.5820106209920015,2,0
-1.294805087088418,0.5812499905488512,2,0
-0.5795397852290473,0.5961841742728089,2,0
-1.0588027339438684,0.599172070178645,2,0
-2.6690630618866997,1.405662521775841,0,1
1.4130237062424165,-0.3072758852467225,2,3
0.7962332596494617,-0.3203540025273537,2,3
1.7671511038063128,2.976437573427227,0,2
0.2633985546885018,-0.2541854718422578,2,3
-1.817231516075888,0.3643295177474906,2,0
-0.22217104149882,0.5375176095858383,2,0
-1.1535364452737462,0.571781586927867,2,0
-0.3633545892847312,-0.4371217434358266,1,3
1.522629584039781,-0.2886777480925249,2,3
0.0031317145527978,-0.320485475235466,1,3
1.2590824957947746,-0.3433195744363203,2,3
-0.8948084551161466,-0.4426252888597081,1,3
-0.8421382552976752,0.5868808672372374,2,0
-0.2867547277028445,-0.4216523391565238,1,3
-0.5781482297179532,0.6004915091206634,2,0
-0.9814999670443056,0.5846821812903608,2,0
-0.898225496355348,0.5882915916255705,2,0
1.171085945971151,-0.3289497868041863,2,3
0.4070814303500734,-0.4119072915890663,2,3
1.2978721299103624,2.8624696846532363,0,2
-1.3510892418127989,0.5720925810983306,2,0
0.4909778817697858,-0.390284687652625,2,3
1.15242220163059,-0.2930606398609791,2,3
-0.7647673462824721,0.6025814086476712,2,0
-0.8188479578837629,-0.5097652499633978,1,3
0.7318988864168361,-0.3922265073485784,2,3
0.8677014571843729,-0.37104237162827,2,3
-1.1895633923166329,-0.507112721255281,1,3
-0.5832621268274745,0.5257138780729623,2,0
-1.9374394878164385,1.5246973845044878,0,1
-0.9668053526356184,1.4547293661576863,0,1
-0.2308699193936814,0.5184122104507761,2,0
-0.4075608270719966,-0.479204487865863,1,3
0.3481552686078454,-0.3623101918527297,2,3
0.710764505498245,-0.3776456186932524,2,3
0.0896972948856009,-0.4125298756329926,1,3
0.7234414806567304,-0.3680036225663312,2,3
-0.9722879482628684,1.037723565413584,0,1
-0.7022673069710943,-0.4178905304479454,1,3
0.1814657561333639,-0.3975087096103299,1,3
0.1224450487872287,-0.3801799443973881,1,3
-2.937239912014769,0.249120991557747,2,0
0.0758945778820715,-0.4419327881380387,1,3
1.0034079140327123,-0.3426287059506455,2,3
0.4405471368259738,2.810085420550715,0,2
0.5573940708836375,-0.3772053887522339,2,3
0.5091873459994164,-0.399215082432576,2,3
-1.080909756599161,0.4694493827484931,2,0
0.3288086060704314,-0.4289122184026028,2,3
-0.1725791190553418,2.7439886515438268,0,-1
0.2762323602452896,-0.4152591268851941,2,3
0.6516898180641042,-0.3595973673443112,2,3
-0.3263467188513635,-0.4852727052465979,1,3
-0.566608915541698,1.1387322936845112,0,1
0.3619630842162658,-0.3658829495416713,2,3
-1.010679638474788,-0.4205266664518679,1,3
1.6248035195586128,-0.2853389283825106,2,3
-2.486946183218082,1.4352928650578174,0,1
1.2632669280789457,-0.3091570324884866,2,3
-0.4248063174484198,-0.4715993065583305,1,3
2.3670093123513016,3.0212725216977403,0,2
-0.887044184255749,-0.5198420349701371,1,3
-0.845960207757017,0.4796732951889268,2,0
0.400913750155093,-0.4218986848580782,2,3
-1.13614497795699,-0.5520448160128056,1,3
-0.3203879303370376,-0.5057152811859429,1,3
-1.2376615206251382,1.051363070394836,0,1
0.5901437293169634,-0.3820588070121694,2,3
-0.2033444019055702,-0.4462695917901836,1,3
-0.9768904438402788,0.5920237582136381,2,0
-0.6859851801261071,0.6803047457811731,2,0
-1.7748336526446038,0.5031495350250895,2,0
-0.3186323953747142,-0.3079308569348761,1,3
0.2466013266219789,-0.4044349134344124,1,3
-0.9643112587656884,0.5874787772489152,2,0
-0.9058712582415004,0.5870476292262854,2,0
-0.8436412495682043,0.5932279400134404,2,0
-1.4658204814166222,0.5534258543265972,2,0
-0.7819043143319852,0.5867415926065619,2,0
-1.0523094398823225,0.6002285265240479,2,0
-0.7686618081048212,0.5868581094657295,2,0
-1.077918502769886,0.5840845959133392,2,0
-1.0871530122434931,0.5825821449173415,2,0
-1.0322107337142403,0.591521231647891,2,0
-0.8327587215512416,0.5855914727660729,2,0
-1.4479078259500924,-0.5121389263753825,1,3
-1.1595230864343575,0.5827849091335378,2,0
-1.5692337780033192,1.0205709612208531,0,1
-1.1659020843046557,0.5817470487327132,2,0
-0.9301568398569612,0.608125359339734,2,0
-0.8430841046997578,0.5867269779180175,2,0
-2.403984983642324,1.9221875633635677,0,1
0.1196146680180115,-0.4025463654825903,1,3
-1.203771902335402,0.4902047254812668,2,0
-0.9095756613617164,-0.4245524986203375,1,3
0.302698978552252,-0.3642247314631818,2,3
-3.776712496692917,0.7904875447703603,0,-1
-0.7187997321683051,-0.5229573933425612,1,3
-1.603436958070839,1.144078605228127,0,1
2.0067579251395014,-0.2518238435442363,2,3
-1.8380058456272528,0.4928714445063235,2,0
-1.6287716020184038,-0.5620407991518978,1,3
-2.037249152750144,0.4195038205959777,2,0
1.3813892548786697,-0.3454825091440224,2,3
1.922396029497216,-0.2774936571221715,2,3
1.109585801054627,-0.3535056794816665,2,3
1.9294667636186504,2.897280242844177,0,2
-0.2514371245353985,0.5425422861599885,2,0
-0.6827522421071344,0.4707342215295337,2,0
-0.0997963766143002,-0.4316528453003486,1,3
-0.3756210622501147,-0.4642144638959412,1,3
-1.6073083516884163,-0.5175979193398089,1,3
1.897296675016081,2.960653328389257,0,2
-0.8847344260632578,0.5865420966418831,2,0
-2.151270144295633,-0.6590284492198716,1,3
-1.2663869625983672,0.5858736080313489,2,0
-0.6477868411964449,-0.4793178276780269,1,3
-1.767627202924018,0.5043220215108359,2,0
-1.0319785111880255,0.5830609517006596,2,0
-1.1676424092167577,0.5814638985659372,2,0
-0.9420475702230272,0.6181680885943068,2,0
0.5115856283505229,0.5974126540798194,2,0
-2.159820624534713,1.0535552053415782,0,1
-0.6607393758401465,-0.3635915257562226,1,3
0.0246379956075645,-0.3535200963500386,1,3
0.6034242751319462,-0.3857496361809583,2,3
0.7850504657657436,-0.3789300912292541,2,3
0.4300413237223345,-0.4442905742882719,2,3
-0.6286733019267585,-0.5104301949690936,1,3
-1.441343549771952,1.4403659508002304,0,1
0.8160668690595897,-0.4108856959519947,2,3
-0.7535601635747966,1.03375822662713,0,1
-0.203117611133402,-0.4397855327241339,1,3
-0.1641607726247056,-0.4550708569494948,1,3
0.3192274269880659,-0.3874325327879759,2,3
0.8150236976458268,-0.3309130377641459,2,3
-0.4747915427942841,-0.4627819497896014,1,3
-1.4906624652683995,0.5493840734948883,2,0
0.0749818674231618,-0.3972887286028071,1,3
-0.7658823685335571,-0.5066168347958916,1,3
-1.073920329220113,-0.5602599635887172,1,3
-2.0884817785328997,1.3439086686757613,0,1
-0.2333274473205012,-0.326504531135789,1,3
-1.0107879340989074,-0.4205442861065757,1,3
0.3969710152706172,-0.3930286150826692,2,3
0.9534258895629772,2.8534795288161665,0,2
0.1606717948841553,-0.4071554675616244,1,3
0.3753893932931444,-0.4292702627199235,2,3
1.3017221459377382,-0.3060955543013599,2,3
-0.8308702459931286,0.5887141678419867,2,0
-0.8972138088924053,0.5884561927709461,2,0
-1.0237728900538914,0.5416543479750411,2,0
-0.9816308815446306,0.5846608815535458,2,0
-0.845354780969418,0.5894698652726443,2,0
0.801186305019884,0.6563874556949109,2,0
-1.9374394878164385,1.5246973845044878,0,1
-0.9729594163358344,0.5860717254729712,2,0
-0.8215087836588192,0.5933495994926657,2,0
-0.9450828166493996,0.585221500102351,2,0
-0.8903549489102023,0.5856276398238404,2,0
-0.3736302586218826,0.5224839432130771,2,0
-0.9148770574966972,0.5855823892913005,2,0
-0.1867616943436036,4.742826189238342,2,-1
0.0050085100113749,-0.3820137992970598,1,3
0.4373148747231776,0.6594581614885257,2,0
1.6523584031725995,2.9324957319268883,0,2
-0.5910031486837873,-0.3727208782902692,1,3
-0.3477577944852769,-0.4230794512512116,1,3
1.1933745878681776,-0.3399747970425107,2,3
1.4882944670379783,-0.3306409977947118,2,3
1.0283806323754316,-0.3209034031214101,2,3
0.8090987873453344,-0.4084528048433378,2,3
0.9686358200737412,-0.2998252759947254,2,3
-0.2626889088108558,-0.298828874057748,1,3
0.833116417495066,-0.3686222277235312,2,3
-1.9310392558884035,0.3977397638579838,2,0
-0.3305116278778626,-0.4216476974411127,1,3
1.5613265506471303,-0.2995158172674453,2,3
-2.854499863309025,1.3754920283903638,0,1
-0.07111310547427,-0.501713457000602,1,3
2.510749617074872,3.004081411665168,0,2
-0.8471054114938898,-0.5254936029998967,1,3
-2.2237740875606145,-0.6997982830207771,1,3
-1.5592429833326713,-0.530253111928724,1,3
-2.5866504490552504,0.9841101636958656,0,1
-1.488126561286077,1.0870715447239705,0,1
0.7921974275181064,-0.4006781032920868,2,3
1.0423126624677228,-0.393846074537488,2,3
0.2121510496561418,-0.4121646495933215,1,3
-0.8071427631152353,-0.487881889093912,1,3
0.924121209777539,-0.3499235376407121,2,3
-0.1752540308259088,-0.4756116869684753,1,3
-0.5644077924413888,-0.5114900003114627,1,3
2.360579236416671,2.9613855965231592,0,2
1.2153740827954913,-0.3121632083317028,2,3
-1.479674911930422,1.0418273907465745,0,1
-1.030004604487356,-0.4236708306888733,1,3
1.3478079342887148,-0.2873145704814025,2,3
-1.0271494296969013,0.4526987515359426,2,0
-0.1538766229499106,-0.493536080038342,1,3
1.1896554005599118,-0.2718983382999886,2,3
0.2333657509797319,-0.4021679728267103,1,3
-2.230890121868552,0.9685886538798172,0,1
-0.9369484539741004,0.5865449576545079,2,0
-3.1452156204789983,0.8607790787123194,0,1
-1.30090771527677,0.5802570953846847,2,0
-0.4157499391731121,0.6248027645940234,2,0
-0.7297392421054176,0.5862079250744103,2,0
-1.165812848825738,0.5817615673094239,2,0
-0.3099674716026986,-0.3065210773045973,1,3
-0.1663766608008141,-0.4533685865485461,1,3
-1.0675789463942218,0.5857668375980968,2,0
0.1455930388159796,3.744481351343993,2,5
-1.1696219301639093,0.5811418312999771,2,0
-1.2940924801814406,0.5813659314074536,2,0
-0.3627237253435411,-0.4694718572380413,1,3
-1.215821021881599,-0.5465248676608443,1,3
-0.0190593195183577,-0.3300237139320586,1,3
0.231263000451511,-0.3746772916561717,1,3
-1.7007614886019775,-0.565255462431654,1,3
0.1855473817612559,-0.3473352803415555,1,3
-0.4428150013937095,-0.3895615435986901,1,3
0.8932286914730616,-0.3482078084011094,2,3
-0.3233787740090641,-0.4652141710275649,1,3
-0.397404831156565,-0.4440575435466983,1,3
-1.9374394878164385,1.5246973845044878,0,1
0.0425312453622125,-0.4217866393608778,1,3
0.3936944712565537,-0.3733426106794886,2,3
-0.9779179751542008,-0.5460816692620544,1,3
0.9555877300060758,-0.3460380478276542,2,3
1.8349157690078708,-0.3060665069622714,2,3
0.3914900897972273,4.360958668005898,2,-1
0.2112094071256673,-0.4552071402701301,1,3
-2.31271842485963,1.929875402835106,0,1
-0.4744266177926406,-0.4731847308092289,1,3
-1.816147975158828,0.9731410059740998,0,1
2.34094931287118,2.9324769256679333,0,2
0.7760550585191136,-0.366878234192267,2,3
-0.0162711509389514,-0.4717645358678162,1,3
1.057463423583712,-0.3683910357332141,2,3
-0.3387155693852223,-0.3111983813097356,2,3
-0.3020385312634969,-0.4734225837826577,1,3
-1.872822720838808,0.9943933216271276,0,1
1.6475421523423763,-0.3095932756502708,2,3
-2.8069837231357995,2.268242345676553,0,1
4.467825438678088,8.911084443151518,2,-1
0.1459334409003093,-0.4367520556289053,1,3
0.4505639100527255,-0.3979951188428388,2,3
-3.741558796441778,2.077278883901496,0,-1
0.9706495351098564,-0.3579578385734739,2,3
0.4676593674462912,-0.3993976365482564,2,3
1.4616957191942828,-0.3422600598808488,2,3
0.5715324812446844,-0.3816236593412959,2,3
1.159211458713141,-0.2908092967920615,2,3
-1.0976694370107638,0.5314222467844152,2,0
-0.8350026003260885,0.6031315072475373,2,0
-1.1012112846060411,0.5802948696296304,2,0
-0.5940088851364396,0.5681281561701632,2,0
-0.9741356369955764,0.6009700266442032,2,0
1.2643010583293803,-0.3243613974281524,2,3
-0.6528674333390374,-0.498931400333371,1,3
-0.8105111114500609,-0.5526715852368683,1,3
0.346948534884227,-0.3901865232063923,2,3
0.9163792118708296,-0.3457381449909697,2,3
3.2717308570658967,4.934554280707053,2,6
-0.8654397534133758,0.5641295061876527,2,0
-0.6479324337814917,-0.3615078414082121,1,3
-1.1668474626469392,0.5815932360547341,2,0
-0.9958905196481616,0.5889324534829242,2,0
-0.8240994625923568,0.6253808521798815,2,0
-2.004374433954745,0.4658033417608809,2,0
-0.8375553872477977,0.6231915786230762,2,0
-0.8605615486185252,0.5869957302614014,2,0
-0.7772249588603144,0.6245092527200744,2,0
-0.953815510165912,0.5891864313460325,2,0
-0.996293788741221,0.588866841762859,2,0
-1.0879206569061928,0.5824572494379074,2,0
0.951935793570058,-0.3653140572114948,2,3
-0.8059605474754135,0.5873812288384758,2,0
-0.9825670499524596,0.5911001766707843,2,0
0.1825341844257978,-0.4084541611138064,1,3
-0.4929458996981143,-0.4871200529207782,1,3
0.2558160006261594,-0.400155275214358,2,3
0.2828953799123109,0.568620112376484,2,0
0.7992657529717009,1.2277591609695575,0,-1
1.5725917063921826,-0.301510743268842,2,3
0.6292188462453842,-0.3752634266181576,2,3
-0.5636862200543326,-0.3682764249336266,1,3
1.19242964440272,-0.3076564736575777,2,3
-0.3813500143816086,-0.4444667250341518,1,3
-0.6607520002333146,-0.3635935797399392,1,3
1.6851959950596134,-0.2614242356867831,2,3
-0.5232724425045052,-0.4869889393010007,1,3
-1.4549566818876107,-0.568578379547,1,3
-0.9157848366380972,0.4523243868629769,2,0
0.5990185166620995,-0.3179559418078678,2,3
-1.2828870086264137,0.4412793769693032,2,0
0.7594359767084926,-0.3156911835292017,2,3
5.585385034609406,13.839340472361457,2,-1
0.090271676538927,-0.2414023280649867,1,3
-0.2850003207591963,-0.4725755698295064,1,3
-0.8915590499213799,-0.5425672027488602,1,3
0.4192935619530181,-0.3612482840501301,2,3
-0.885165445599763,1.119766880667875,0,1
-0.5268233776094857,-0.5367218902055159,1,3
-0.0010686008234174,-0.4502828701880405,1,3
-0.4594924706189256,-0.3513241435955247,1,3
0.0304722062066845,-0.4151648308917784,1,3
-0.2742819264709314,1.1002228343122549,0,1
0.1209442235004394,-0.4182250138350606,1,3
0.874137263758967,-0.3050593362363351,2,3
1.802360631133118,2.9316978524823534,0,2
0.3088305516025434,-0.4390171957337349,2,3
-1.014073525848109,1.0423218530345728,0,1
-1.410437798123619,0.431551282413707,2,0
-0.0093543788779792,-0.4325335162069941,1,3
-2.5550037674719155,0.9892590661254742,0,1
-0.6824030457466798,-0.3671161961809009,1,3
1.310426298338261,-0.3315449447748117,2,3
1.3514325043619693,-0.3327894820762346,2,3
1.628726502060554,-0.2996769666225148,2,3
-3.5626623841195078,1.2602742696387124,0,9
0.6016209400380053,0.5864918315165633,2,0
0.1393645214222524,-0.4447375520866118,1,3
0.0973953353700151,-0.3575248244256004,1,3
-1.627575587126765,-0.5208953904353225,1,3
-0.2434059185032464,-0.4403726039452069,1,3
-2.7365838797623194,1.3146817296992954,0,1
-1.2077627829600963,0.5544609210266424,2,0
0.0022538946624109,-0.4561006570720173,1,3
0.8828436506720201,-0.365256772260707,2,3
-2.406271036817204,1.7653251222005564,0,1
0.5081898362533064,-0.3950689458636524,2,3
-1.281589386921622,-0.5121460010295463,1,3
1.3981400059256603,-0.3204342577541222,2,3
1.4900123357064168,-0.3174311978309341,2,3
-0.5302552292386519,0.6851665376862109,2,0
0.287123866294818,-0.4283815380328981,2,3
1.068759654730469,-0.2507894542445209,2,3
-2.736257730085775,0.8983428925818252,0,1
0.4234568417006201,2.854847263287696,0,2
-2.6961266321311976,-0.6947482178572554,2,3
1.0349316290817154,-0.3715100105638866,2,3
0.6709478776531428,-0.3830761834464254,2,3
0.1016255298044563,-0.2970368003190957,1,3
-0.9439923882225332,0.5041191901069143,2,0
0.2077073556302432,-0.3622018063017393,1,3
-1.8618806721711665,-0.6119448979097228,1,3
-0.7742679469185103,1.1003460839323151,0,1
-1.480145887086471,-0.5806011098082893,1,3
-0.3698018534028712,-0.4467876456643559,1,3
2.0067579251395014,-0.2518238435442363,2,3
0.8604965427196853,-0.312687232520601,2,3
-1.4161052389405573,-0.5069646581953192,1,3
-0.707446750287515,-0.4979299850456569,1,3
1.515663759449676,-0.2649425340784037,2,3
0.31244110615373,2.9048028832402357,0,2
1.2186663975717162,-0.331108128386141,2,3
1.1760589346645558,-0.2996428146392458,2,3
0.069997424096358,-0.4578374754566111,1,3
1.1468943681913315,-0.3251014702106357,2,3
1.29801002037839,-0.2761775168619332,2,3
-1.4266791630749147,-0.5291604402067861,1,3
-0.350436610209036,-0.4573422392060423,1,3
-0.4121052575473628,0.5250954205378224,2,0
-0.4306226579405161,-0.3466270366255322,1,3
1.0118702954369112,-0.2823288899828421,2,3
0.9049640314719614,-0.3992615898506089,2,3
0.3001008418041509,-0.3981334952612979,2,3
0.4259452903560633,-0.3931972251993209,2,3
-1.2762294580329812,0.5085042220453234,2,0
-0.4041711479788059,-0.321847977753662,1,3
-0.8917239535278862,-0.5306166861728114,1,3
-0.1804645052639913,0.595065774836221,2,0
1.7020296066131129,2.926365973997984,0,2
-0.9818679558514752,0.5846223096586918,2,0
-0.9158413566694312,0.5854254982017787,2,0
-0.944332411133141,0.5853435907795578,2,0
-0.8886673598638787,0.5859022098863576,2,0
-0.9302337927887886,0.5876374303423633,2,0
-0.8619629034306378,0.5867677303942486,2,0
-0.9470161014592222,0.5849069554374322,2,0
-0.9416661064254918,0.5857773974885215,2,0
0.4262661714403137,-0.3819349815610696,2,3
-0.0229073288056033,-0.4345797593826154,1,3
1.0772780699184292,-0.3452096399877334,2,3
-1.2876365770749711,-0.5730409106505973,1,3
-1.8492887037004964,-0.6303715984646084,1,3
0.142612261688954,-0.3786497643946955,1,3
-0.94254895381906,-0.4094418313221234,1,3
1.6305290728848256,-0.2894577630297077,2,3
1.7061036858843603,-0.2814277797997984,2,3
-0.6914597233389357,0.4767516079772697,2,0
0.7262522886876434,-0.3298863017108555,2,3
-1.1764635908618584,-0.5155174848647938,1,3
-0.4259708160792521,-0.4216381997336931,1,3
1.0762417079805957,-0.3311716729153184,2,3
1.128805044181172,-0.3752936803128416,2,3
-1.203695810289813,-0.4519303203672132,1,3
-0.6530720534497956,-0.4697975165894075,1,3
-0.5776731094266672,-0.4858154642365818,1,3
-0.5581992291738003,-0.4118137951529166,1,3
-0.9360838331924988,0.4655759758514716,2,0
0.7907363147242652,-0.3563247442437946,2,3
-2.4822956361541992,0.9535462230804946,0,1
0.420710974715425,-0.3769464575975539,2,3
1.0193291480857047,-0.3647860818054965,2,3
-0.9843701544235758,0.590806812294879,2,0
0.1259180471320441,-0.4246648152915888,1,3
-0.0741306656412562,-0.4004100262669152,1,3
1.3739553290571214,-0.2725680469417255,2,3
-0.4553560271015338,-0.4863899326758618,1,3
-0.1693441293495934,-0.4699814974089363,1,3
-0.6735738351544387,-0.3656796871507138,1,3
0.4737249998152982,-0.3399099989228837,2,3
-0.6874738454438991,-0.5008645591894912,1,3
0.8619714947519651,-0.3784880973209302,2,3
-1.2951652918880896,0.581191385372087,2,0
-1.1634853441136284,0.5821402513946905,2,0
-1.080451710670994,0.5836724440015385,2,0
-1.0821533855686305,0.5833955821766494,2,0
-1.0862414257027202,0.5827304596827373,2,0
-1.1342760228757127,0.5868925962714541,2,0
-0.6508325928077234,0.588665792331938,2,0
-1.297915603759774,0.5807439107311517,2,0
-0.598306955482133,0.597211692505715,2,0
-1.1681373718652164,0.5813833683411013,2,0
-0.6759927349703727,0.594952460277632,2,0
-1.1718399628050489,0.5807809582768502,2,0
0.0125006834180421,0.5980403043757622,2,0
-0.6794471146806663,0.5959875674006738,2,0
1.4716204156572872,-0.2864322040139861,2,3
-1.09075003376074,0.5819969109558996,2,0
1.7617221315880314,-0.2708117378700236,2,3
2.1031624954509134,-0.2458702895823661,2,3
0.7631410500119965,-0.3711228665118979,2,3
0.9659503013198412,-0.2880898798016327,2,3
0.0811988240787365,-0.436013628832591,1,3
1.5367851463132725,-0.3277050780995444,2,3
0.8582121126288346,-0.3429309970792826,2,3
-1.5569909206151848,-0.6388553554991431,1,3
0.6042503265770605,-0.3884822536200835,2,3
0.9802203343985074,-0.3806488483688073,2,3
-0.4977793443080572,-0.4926893160203378,1,3
0.7219563956838133,-0.2632707671854722,2,3
0.6232794333646979,-0.3788992877499632,2,3
0.3958976041103075,-0.3944322903739055,2,3
1.7806120778312935,-0.2500387932465014,2,3
-3.5151429431937675,1.2204632367466743,0,9
0.8535628425346015,-0.3865297884792566,2,3
-3.7292687193839553,1.2331674855617656,0,9
-1.010738699804926,-0.4529890308196416,1,3
-1.2256175105412244,-0.503039399140628,1,3
-0.0960321850051458,-0.4208854803880785,1,3
-0.6607898773916862,-0.363599742338449,1,3
-0.0332236798248605,-0.3725999621608832,1,3
-0.8101437470834143,0.4426696275853691,2,0
0.3031841904571996,-0.4185197537755656,2,3
-0.9070470207025952,1.4852854938468447,0,1
1.2060782628896605,-0.3085278850663301,2,3
1.530757206759727,-0.3027624071765702,2,3
-0.4356597247712779,-0.4733651515865696,1,3
1.061659183316462,-0.3545812796486713,2,3
0.8730429574316791,-0.3008128814281784,2,3
-0.0390834730743775,0.606295494165303,2,0
-0.6110011746805106,0.6515537958886343,2,0
-0.1825328618451247,0.5160107662075583,2,0
-1.3916452211017742,-0.4825096142949173,1,3
0.6696597521431484,-0.4118982529099567,2,3
-0.6784933538217688,1.0373935013310478,0,1
1.5855394871566078,7.143665831595503,2,-1
0.1512006716313879,-0.4329831557046911,1,3
-0.5455551422255658,-0.4579482860461426,1,3
1.4653531347418292,-0.3004357155980823,2,3
0.9079946548587304,-0.3708207474634587,2,3
0.473745177768978,-0.4042408395165304,2,3
-0.4735120199076117,-0.5064238311827844,1,3
1.0631639443725014,-0.3386985799846511,2,3
1.289463292344126,-0.3386588531173845,2,3
-0.5852625357537644,-0.3513114740776094,1,3
0.2418986830750217,-0.411123246057776,1,3
-0.0512882214932839,-0.3755390558614782,1,3
-1.8954320779262372,0.4835282194914383,2,0
0.2696218895953706,-0.429731710887393,2,3
0.4652086410448106,-0.4167584268577126,2,3
0.7218928965677998,-0.3041231138134623,2,3
1.5667441153779131,-0.2680067346399056,2,3
0.5128622187798002,-0.3857400777696489,2,3
-0.5017608986641179,1.095312659480944,0,1
-1.088726614389402,-0.564805276021843,1,3
-0.5504129532088518,-0.4326195132749703,1,3
0.6279522662172867,-0.4071274138050734,2,3
-0.8678640193330391,1.0755400749494337,0,1
-0.4411403044317896,-0.5128258734094254,1,3
-0.3531831321267502,-0.3664804118774729,1,3
0.0707617483941826,-0.4606664595373754,1,3
-1.3400616983803022,-0.5216594227051063,1,3
-2.5832458074044595,0.3716212009466037,2,0
-1.0094498400438103,-0.4408019875254308,1,3
0.7556618172130761,-0.362411207503969,2,3
-0.6829881949672172,0.4948316397887055,2,0
-2.6239993794190988,1.3203725846604877,0,1
-0.5104277732573952,-0.4713953910837756,1,3
0.3097436349034607,0.600499595422277,2,0
0.9043028344049444,-0.36309596719672,2,3
-1.889345144701004,-0.5959379478137589,1,3
-2.3312018381064026,1.460632407683533,0,1
-0.4841763272362775,2.71376731925028,0,-1
0.778342704391272,-0.414770330873571,2,3
1.2590952355446623,-0.2798669564309954,2,3
0.1886966119719233,-0.4256659690754408,1,3
-2.1211229435322867,1.9590646313647675,0,1
3.2510913184044186,4.965328967806606,2,6
0.0441263367902009,-0.4413532755449456,1,3
-0.7596654199272797,-0.4206375711144423,1,3
-1.820660250563025,-0.6280782038275031,1,3
0.8842084406738308,-0.3788567853036206,2,3
1.9512526472585456,2.940828844284099,0,2
0.5256434328220303,-0.4159023092246922,2,3
1.1203367117832426,-0.346591735554985,2,3
-1.2866982768299582,-0.5473364236029624,1,3
-0.3184707345837515,3.785252022789346,2,5
1.796504533920232,7.142569418257872,2,-1
0.997257481851056,-0.3850350947802325,2,3
1.4674349235457862,-0.2958235985441547,2,3
0.8749098025339426,-0.3256591028444133,2,3
0.1190435692397315,-0.4726808265448052,1,3
0.712868078188382,-0.3625706383677328,2,3
1.3561616762873887,-0.2755503596570831,2,3
-0.0682808733320617,-0.3429667803987561,1,3
-0.7665315828019235,-0.4012792842803694,1,3
-0.5001792724225957,4.680079998509475,2,-1
1.37385634945184,-0.3357358332640969,2,3
-1.407193058221455,-0.4850392411725372,1,3
-1.088726614389402,-0.564805276021843,1,3
0.2622144790570142,-0.3812182993988121,2,3
-1.1683820911700584,1.141458285292397,0,1
1.338229007909659,-0.2922404538014587,2,3
0.3057701639682941,-0.4350880291348021,2,3
0.5192952812258353,-0.3096346516290288,2,3
-1.53462330947097,-0.5057720920572824,1,3
0.8374645806030961,-0.3527540437005806,2,3
1.289414535650412,-0.2935800009311916,2,3
-0.2627309406424984,-0.4863361345181485,1,3
-1.2229692938892591,-0.554535255186822,1,3
1.1615548619357616,-0.3117974997083875,2,3
1.1409654710989812,-0.3255458363746221,2,3
-0.3075906134241375,-0.4569628220173177,1,3
0.3986840233799037,-0.3640964820867382,2,3
-1.1730515007225428,-0.5118500136894898,1,3
0.7695676357119857,-0.4221156768093619,2,3
0.5854727816070299,-0.4075379731166809,2,3
-1.8020633541675013,-0.5492844803083717,1,3
-1.233327556515326,1.3739318728239922,0,1
0.7890600372723324,-0.3518521223198704,2,3
1.2865001766860122,-0.3104754783685132,2,3
0.8113198602174171,-0.4155655691141762,2,3
1.3032705760084844,-0.3335838919079367,2,3
1.3720297220269806,-0.3260185766545523,2,3
0.209328909131931,-0.3479503501683861,1,3
0.0227486792706473,-0.3862802424750051,1,3
0.0478987917671946,-0.4842660821495336,1,3
0.0328374099613021,-0.4458658463492244,1,3
-0.9531202790715833,0.4775154510352034,2,0
-1.0768863856840978,1.0551445950329494,0,1
-0.4972387755573396,-0.492753241463316,1,3
1.2171185957927153,-0.2891971240084158,2,3
1.5178170272046578,-0.2790371116636651,2,3
-1.4144567280430085,0.5142402895314563,2,0
-0.1102479633719317,-0.4513802406037326,1,3
0.7495007129982951,-0.3852354680529776,2,3
-0.4128042880909039,-0.4641775161600738,1,3
-0.5631695630137127,-0.5103431875405099,1,3
0.2807868131795554,4.382412655138719,2,-1
0.5380673082979419,-0.3116423338106381,2,3
-3.2233813430242577,1.3154751592553815,0,1
-0.2647746076184052,0.5385949186711841,2,0
0.1769282230750992,-0.4151636965525648,1,3
0.3482690443781218,-0.4252129921063637,2,3
0.1167631825855779,4.302180171045264,2,-1
1.768433946074219,2.924276551845331,0,2
-1.3304183995235694,-0.4725480349251783,1,3
3.174733238329292,4.892454849543086,2,6
-0.1108365714323598,-0.3667443397525364,1,3
-0.3240348355179919,-0.4343094071222971,1,3
1.4197532683388865,2.8559726227655124,0,2
1.0870829817678989,-0.3336490106823175,2,3
0.2763093364706088,-0.3390629451445139,2,3
-0.3532926924475563,-0.4422662532152943,1,3
-2.027353041144312,0.4296119764534546,2,0
-0.6607520002333146,-0.3635935797399392,1,3
-1.80992838096798,-0.6390573615086684,1,3
1.0806845623528494,-0.3295107731231856,2,3
0.4162108227727399,-0.400760811792715,2,3
2.0067579251395014,-0.2518238435442363,2,3
1.1167436765765968,-0.3117273291815793,2,3
0.5826681785316892,-0.3750068547216291,2,3
2.500679070986016,4.822737472085629,2,6
0.9780131050749729,-0.3599114802491488,2,3
-0.3606580259340919,-0.4692941593417399,1,3
1.1858158818998623,-0.3275007381889032,2,3
3.2808278626588865,4.88696399742476,2,6
1.091302866478881,-0.3197882754525692,2,3
-1.0160997180890523,-0.4214085112361646,1,3
1.6953479264308322,-0.3008035874460335,2,3
0.2634089527727183,-0.3669581268463871,2,3
-0.1715300304772104,0.6238421856257363,2,0
-0.1058591254104615,-0.4578212927765632,1,3
-2.211820242982172,-0.6159517621467884,1,3
-1.9372265282902013,1.3659475412367337,0,1
0.404168969956944,-0.4101289317124427,2,3
-0.8111604899199146,0.4589320202357571,2,0
1.1327139953589167,-0.2884903258277287,2,3
-0.0670019480607962,-0.4528421936776152,1,3
1.2485096913351754,-0.3330481619745547,2,3
1.0684797952805534,-0.288602516190535,2,3
-1.841119814354713,1.698834397698859,0,1
0.7018128278036747,-0.2757967772486485,2,3
0.2987720213341173,-0.3955941947631672,2,3
1.3183540716307374,-0.2888920566180153,2,3
-0.30841180430908,-0.4701864060916892,1,3
1.2962062590421903,-0.324312815057685,2,3
0.2833125360125613,-0.3283703609516993,2,3
1.0953224614918873,-0.331170270884837,2,3
1.0490856972544436,-0.3587724351809905,2,3
-0.5100466927897555,0.5280728334626035,2,0
0.7234292423363222,-0.2849891379561795,2,3
-0.5064680991051986,-0.4522241281430534,1,3
-0.9304886433165012,0.4792492258706307,2,0
-0.7585486671716118,-0.5137129444789551,1,3
1.0574917795292051,-0.3324473161751393,2,3
1.1706985361013456,2.824418949178419,0,2
-1.7803829755984728,-0.6257522734188669,1,3
2.260748887601561,2.9602565328906554,0,2
0.4930343334471257,-0.4105514819361985,2,3
1.341924067054686,-0.2994121551327852,2,3
1.2529066618683022,-0.3399863231928551,2,3
0.5587956106729994,-0.3774059693203023,2,3
-1.0777645525807054,0.6165623986605075,2,0
1.440284305318687,-0.2922372430298341,2,3
-0.6206574235776613,1.475293208565773,0,1
-0.7957710389045864,-0.4966661123358507,1,3
0.1264100605959595,-0.3063559039996982,1,3
0.5906837402406033,-0.4069331649966222,2,3
1.1564199055129176,-0.3351971043990173,2,3
-0.6524595027282099,-0.4951677396412797,1,3
2.753010950851894,4.921176448960857,2,6
-0.2646734396534176,-0.4915948756004312,1,3
0.5604128282666971,-0.4099001019108419,2,3
0.9632055256216048,-0.272837353257944,2,3
0.7364007482701665,-0.3686472348155514,2,3
-0.6446750900675715,-0.3609778728894431,1,3
-3.2368144940204084,0.2652858371716792,2,0
1.102070857422316,-0.3498448613551506,2,3
-1.785422326703314,-0.6223450077166294,1,3
0.6622867900385094,-0.3941270192079497,2,3
-1.449890737039942,0.4193969808901271,2,0
-3.3431125326891387,2.681380548294797,0,-1
1.0059474157676254,-0.3470049963020707,2,3
0.916288616047146,-0.2954770594325827,2,3
1.127255817703885,3.8260896890039935,2,5
0.8231154827968028,-0.3807088446566012,2,3
-0.3577856142571091,-0.4876787550570409,1,3
-0.4323018549942169,0.4748185322907014,2,0
0.1539262976145045,-0.4428494340080964,1,3
0.6163616549540304,-0.4082997279659883,2,3
0.3925931036476344,-0.4230025659682528,2,3
-0.5082693742223098,-0.3387847175066666,1,3
0.4216740845275831,-0.4072981870382549,2,3
0.7924960492552081,-0.3838155912153564,2,3
1.3592415998272518,-0.2898111248523388,2,3
0.1880759842959771,-0.2254896063311012,1,3
0.0285874419037883,-0.4148933851351737,1,3
1.7588230521661732,-0.3024050505213589,2,3
0.6489512146151067,-0.3882080711208646,2,3
-0.4996112059685553,1.1358102594472523,0,1
0.1503420395691837,-0.4582253785429185,1,3
-1.92808422730202,0.3945232552815289,2,0
1.037668919996661,-0.3402138398079907,2,3
-0.1059815405106944,-0.4439115765875257,1,3
0.6355046599351057,-0.3096440262389761,2,3
1.4408753940778083,-0.3081599033744139,2,3
1.2488517117371625,3.8574144441979152,2,5
-0.0754337952608548,-0.4347072469047581,1,3
-1.79488783224857,-0.5481170257635782,1,3
-1.2348550397646902,-0.5820744498666067,1,3
1.253385049358455,-0.3089086502403603,2,3
-1.370423021661243,-0.4790567709383949,1,3
-0.8250805094098561,-0.4552352726498865,1,3
-2.0035767802482267,0.365462528885704,2,0
-0.1953841932753141,-0.4792974543618631,1,3
0.4394007445853226,-0.3750511053193819,2,3
-0.3330495791533482,-0.3102765269663595,2,3
-0.2541526136077512,-0.4950859690157697,1,3
1.2087810255469735,-0.3402590378515085,2,3
-0.9391520992965412,0.4505972074358947,2,0
0.9078857072220377,-0.4050790985685708,2,3
0.9734538525459075,-0.2872094347447845,2,3
0.7717570861098183,-0.3596790687355247,2,3
1.3277476515665072,-0.2827268951370081,2,3
-2.596885476547155,0.2755230507637865,2,0
1.746085872295492,-0.3054733619954234,2,3
1.1766922859216482,-0.332130835003649,2,3
0.4120700272857023,-0.3997146039865581,2,3
0.6607379402836695,-0.3225437998996875,2,3
-0.8505176695923121,1.04177005305769,0,1
1.8406905465506485,-0.2409797828721719,2,3
1.1159259202831862,-0.3364455821151011,2,3
0.1926150698641341,-0.4015895185637758,1,3
-0.4150641346895459,-0.3560730174454657,1,3
1.294512723834313,-0.3286724347600412,2,3
-0.0146280265315937,-0.4131527627264619,1,3
-0.5466096627132506,-0.5288361433229903,1,3
1.762528878233489,-0.2996922944734349,2,3
-1.533667593962664,-0.5056165975265281,1,3
0.3196372220227693,-0.4455051894809914,2,3
-0.0755244993443982,-0.4799528793832953,1,3
-0.972466689370304,-0.5444829110979846,1,3
0.5454328156914974,-0.3925772895136589,2,3
1.011409134898569,-0.316734267320457,2,3
0.7542671341831262,-0.4173521891343388,2,3
-0.6608025044376645,-0.3636017967537767,1,3
0.169535012547219,0.5732637193744304,2,0
3.864370279362107,11.577227890486691,2,-1
0.981802299601735,-0.2939965992266011,2,3
1.675780259649603,-0.2809017493188003,2,3
0.5639708368806525,-0.3541208220830444,2,3
0.8441876779809804,-0.3531664950912052,2,3
0.2667624914234813,-0.3967924285173613,2,3
-1.4001749578668572,0.4046458662485899,2,0
1.0161691983002497,-0.3335243312305154,2,3
0.7107502637400251,-0.3590091603755631,2,3
-1.37943660194481,1.417220958365696,0,1
-1.0460445813979062,-0.5147737730007226,1,3
0.9977355607624124,-0.3506067592836856,2,3
2.0793933502108106,10.990571990613402,2,-1
0.2756187296023872,-0.4111522009781664,2,3
1.0106503560852065,-0.2901708477526927,2,3
-0.290428326535243,-0.4421931784814602,1,3
0.862719293220001,-0.2719396055115491,2,3
0.763762465097353,-0.3288410906411662,2,3
0.2200775195984874,0.5751429090526269,2,0
-0.0096753114799672,-0.4577050866428164,1,3
-0.3528118923343558,-0.476829914847918,1,3
0.3934044970925433,-0.4167442861266321,2,3
1.941557697564798,2.9113102509705686,0,2
0.8092862735432746,-0.3524796091390966,2,3
0.8276003236296692,-0.3300294503861766,2,3
0.5524958112877496,-0.1986514014218084,2,3
-1.3298221494513918,-0.5783073530753376,1,3
1.0867008461150405,-0.3432599003554693,2,3
1.4057493529992016,-0.3401021500537911,2,3
0.2238388518001845,-0.4087331395568873,1,3
0.7325359262619495,-0.3331622170511108,2,3
0.7399712105518311,-0.381089630149613,2,3
0.0565079649500979,-0.2468956704293211,1,3
0.9821144959334396,-0.3670110736547085,2,3
-1.7492711064270483,1.707117437470803,0,1
1.989669866035894,2.939357813623136,0,2
-3.4537688585903226,2.807481017401411,0,-1
0.3076635065615951,-0.4148249445860721,2,3
0.5218259318379962,-0.4291912611058922,2,3
0.51475456960213,-0.3849939094781215,2,3
0.4462991129553701,-0.4084746176147751,2,3
0.7685535715136471,-0.4142133326795427,2,3
0.3945131854301819,-0.3990652347695747,2,3
1.6957457988131857,-0.2917707299573372,2,3
1.2589956459754728,-0.3367975580287253,2,3
0.8532437268133887,-0.3616595469783861,2,3
0.2675937222639334,-0.4142387043050111,2,3
1.1596684475795311,-0.3230746584706108,2,3
0.6525636037490656,-0.3992744253031164,2,3
0.0856977060936802,-0.3872652101573655,1,3
-0.1815990323054206,-0.4703722527907331,1,3
-1.8070974469601695,-0.5705789339774109,1,3
0.2479267924802268,-0.4144432962776466,1,3
2.0056649007247485,-0.2583439649559851,2,3
1.4789534476825483,-0.3038990392974177,2,3
0.2846677739915869,-0.2302495695867573,2,3
-0.6412634057330482,-0.5198832817037585,1,3
0.9495944017051144,-0.311494157575731,2,3
1.13772457853589,-0.3012272799506519,2,3
0.2475591620675831,-0.4361077856183748,1,3
0.8076278389135738,-0.314285796088778,2,3
1.4659103144547918,-0.268276556873431,2,3
0.4206971204869418,-0.4081590729693746,2,3
0.8610224141091991,-0.3463316879185061,2,3
-0.7502177060752049,-0.512041564054107,1,3
-0.7055045656926101,0.45862478384136,2,0
0.2068470169401277,-0.4049918418011967,1,3
0.8232075626397886,-0.371688634164567,2,3
-1.2048939191164996,0.9916185773059388,0,1
0.6351514295559253,-0.3262947170542725,2,3
0.350139695502569,-0.4251201912493261,2,3
1.5771247455420532,-0.21425530441777,2,3
0.0340350059562776,-0.451819603120113,1,3
-3.0840400433950563,2.3861496867372267,0,1
-1.1573020109131182,1.580792163250992,0,1
-0.1732730247326721,-0.4717295886453831,1,3
-0.259109680841106,0.5340431486817464,2,0
0.54943607122913,-0.366465943840781,2,3
-0.3899372851883509,-0.4306371230080351,1,3
1.5166426431581737,-0.3130094212344561,2,3
1.6393064762053378,-0.2956296219127349,2,3
1.939886515368215,2.9889255489569906,0,2
0.0509206473229387,-0.3706571774883316,1,3
0.0675351338995268,3.7499762398525514,2,5
1.0659799364046374,-0.3374876396674668,2,3
0.2005587885736106,-0.3396038867561735,1,3
-0.50675182937131,0.608026745563428,2,0
-0.0128153849971507,0.5684783286340673,2,0
-0.750663659637371,-0.4708439509649537,1,3
0.4732710472761957,-0.4087186819149457,2,3
-1.059690833641574,-0.4993340448521297,1,3
3.507090524994533,4.920139445592604,2,-1
0.8499793438138512,-0.3696353670169999,2,3
-0.299449310836821,-0.3662360031154935,1,3
1.7211032225631266,2.9236792415498405,0,2
-0.1431086404951901,-0.4151119990403687,1,3
1.2762457177357347,-0.2751238140358896,2,3
-1.3867530125281295,-0.5497314896187292,1,3
1.510007108202472,-0.3188979986343667,2,3
-1.2889745853733392,0.4883196293732479,2,0
0.7089452051936467,-0.3816858344472217,2,3
-1.5193247028133172,-0.6265934577084494,1,3
-1.2337733350039457,0.5911798321900203,2,0
0.3315707883584743,-0.3917400877111373,2,3
0.7337777961248128,-0.3854100989040497,2,3
0.785547968930647,3.821317679910383,2,5
0.6853795917041798,-0.3897742202593681,2,3
-4.374779820215244,1.1281430877696148,0,-1
0.7293306342926633,-0.3128211494854704,2,3
0.396864989216337,0.6073126695736436,2,0
1.0391401398141151,-0.3462951201094813,2,3
-0.3099449965612624,-0.3474682381966625,1,3
-0.1322544751157301,-0.4968094433368227,1,3
-1.201718647542527,-0.5510777835300443,1,3
1.4136612595287057,-0.3229355385581078,2,3
-2.5057482710083425,0.9972729156896076,0,1
-0.1837325956869652,-0.3389108774074583,1,3
0.2854571918430377,-0.4294085990516714,2,3
0.2379108134180467,-0.4367072596401632,1,3
0.2670100560865894,-0.4287958412606288,2,3
-0.733669517616359,-0.506342542961145,1,3
-0.6608530192560435,-0.3636100154945125,1,3
-1.7711819015325323,0.4200512008968827,2,0
-0.1699949093976323,-0.4924641961747357,1,3
0.7754259908280932,-0.3661373729065725,2,3
1.6915879668251608,-0.3057326132975215,2,3
-1.405475932007744,0.4306505991782269,2,0
-1.8931119021049267,-0.637501615308353,1,3
-0.3859652582380329,-0.4628980979006942,1,3
1.3475250534147305,-0.3454969153104882,2,3
0.4648859335289346,-0.2965979660472946,2,3
0.9893043735300456,-0.308201369427445,2,3
0.8701859682543414,-0.3751808570013218,2,3
-1.3640971533696842,0.4179203924866275,2,0
0.8422103336606442,-0.3670493395748024,2,3
-0.1505131899761949,-0.2805779294925189,1,3
0.495780681332484,-0.3926534468057941,2,3
1.2380080269059823,-0.3059113749899068,2,3
-0.5729724565274232,-0.4671455572307245,1,3
1.4328193228974564,-0.3198848506616611,2,3
0.9971549863011546,-0.3079509075349277,2,3
0.5657352708234519,-0.4060348928970722,2,3
-0.0167732886514804,-0.4107020636231691,1,3
0.8084246774991193,-0.3676254678439533,2,3
2.515841687494156,2.9552175913763765,0,2
0.7351145528430235,-0.3671667192863939,2,3
0.5167650545413983,-0.3943336256006838,2,3
0.3022406420026637,-0.4337310622608479,2,3
1.1987983316822155,-0.3446417220738315,2,3
-0.8193086734464524,0.5030017445868504,2,0
-1.401692705754819,0.5638594177648677,2,0
0.709710462510023,3.874114340833843,2,5
-0.3722060757260331,-0.3166472732895455,1,3
-0.2699782974977227,1.0452614067097248,0,1
-1.141163822762165,-0.4417563910197859,1,3
-0.3897268678199146,-0.4800088012712257,1,3
0.7474408149005504,-0.3510969907316796,2,3
0.9902141353123172,-0.3635944107021427,2,3
-1.2164658484928412,0.4402705889788856,2,0
1.2765184200264954,-0.3174970065323148,2,3
-1.995388827965912,1.3719411885485633,0,1
-0.0709961784456317,-0.466402690000072,1,3
0.1243705101184279,-0.3736113830748009,1,3
0.8768719272414114,-0.3574587490393481,2,3
-1.1549683126212968,-0.444002375995747,1,3
1.5013374468689644,-0.326447926116748,2,3
-0.3714168205563463,-0.3165188617892724,1,3
-0.1532198821676151,-0.3899869605022806,1,3
1.3286677375423688,-0.296525881166597,2,3
-1.2564351072265083,1.4559643663479054,0,1
1.5007627889331312,-0.2893582947216819,2,3
0.4488090696581337,-0.4202271624311209,2,3
-2.384103708138601,-0.6764349680983472,1,3
-0.3518801160132643,0.5658811490070476,2,0
-0.5502104980014102,0.4887419537377032,2,0
0.4500802290414211,-0.3994387997173276,2,3
-0.6618545195811203,-0.4588578130263946,1,3
0.2869927731061888,-0.4543706545000148,2,3
-0.635216581394674,-0.3594389773133583,1,3
-0.4842875467539995,-0.4804328278932648,1,3
-0.8590698661041167,-0.4921032418602146,1,3
0.8077889951484498,-0.3575266086305272,2,3
0.6675373854220924,-0.3949771710952289,2,3
-0.0892423896977568,-0.4260678563352458,1,3
-0.989143234400848,1.0644241156968486,0,1
0.1397060409211567,0.5058116300766624,2,0
0.6214844093607094,-0.375777285431482,2,3
-0.8983862128611091,-0.4022565710407951,1,3
-0.0963075922902099,-0.4384193417166513,1,3
-0.3302909667584792,-0.4259729295194439,1,3
-1.3093069668638886,1.159480681982996,0,1
-0.5193702759050621,0.5217259815911608,2,0
1.7875072968353074,2.9006909955192164,0,2
0.346948534884227,-0.3901865232063923,2,3
-0.311547184629203,-0.4755604529888775,1,3
0.7862043814754196,-0.3594598419482762,2,3
0.1859034545272237,-0.34198830374092,1,3
1.7799876502091685,-0.2963770666541072,2,3
0.4740152206471723,-0.4187245063660519,2,3
