PC1,PC2
-1.0418122346801213,0.6224118263957549
-1.3341297868450304,1.0628202388851915
1.8305713091549647,2.887462883407098
-0.20458774670302737,-0.446326724620316
1.5160133904060105,-0.3204075051881141
0.9665530996639349,-0.3431032783328876
0.8798003593455647,-0.35884531394767666
0.6236829187408517,-0.28442755286519683
-0.07717965409881228,-0.4904868162809378
-0.2894695068076451,1.120233646447901
-0.5581063372089791,0.5165448284139394
-0.359460341166867,-0.3145735473769581
0.8446513764421228,-0.3586243296025275
-1.371605839633821,1.1817974354258567
1.1955021763829317,-0.34344223354637804
-0.45710630371591254,-0.3304605064088092
0.7665629394495858,-0.3521730666420508
-1.5925329814805371,-0.5681221364177571
-2.259634746715216,-0.644206571555088
-0.9709761541675579,0.48383330849216144
1.112544980660388,-0.365722319780551
0.9362336534990271,-0.35793334462997556
-0.6272973280560293,-0.5028315826577179
0.3778815808614826,-0.4298265324865401
-0.8204057891503078,0.49792366436435825
-0.5682670211131728,-0.5540972807229562
-2.027687047561135,1.5100141426477696
0.9278847560580655,-0.36007720064585713
1.2429886409567061,-0.2993652798888431
1.2363817326942579,-0.30281080664657534
-0.40698666246374005,-0.3427814696195403
-0.9563819533807593,1.11215995328373
0.4200167136662373,-0.40007468709079697
0.9801402826097605,-0.29762781468799343
0.7007144422497685,-0.2688227225216009
0.21493219664649715,-0.3366803739445691
-0.9463717266220317,1.054842445733892
0.9032802498146901,-0.3046421905355031
0.5982322878893025,-0.39896089262916645
0.6295294062568615,-0.3766945781254506
-1.662444313406615,1.0340075413136016
-0.06641609277330135,-0.34266338134792035
-1.0767584120486404,1.4707103355660711
-0.08373516692919278,0.5296367903205516
-0.11018745813807462,-0.42624400119324907
0.534142661982577,-0.3007650941771564
-0.7430525005794388,0.4844656882255656
1.1507993343969987,-0.3177427252250552
0.20103911347519757,-0.43887480430326425
0.07865614342266508,-0.31669574334007666
-0.1987320513523977,-0.2884231189426087
-0.4807504664777447,0.6379283356454069
-1.2278700487596155,1.8076901496241857
0.07001002302520812,-0.3821758126482995
-0.48632592793975216,-0.40861810026248135
1.433258588156461,-0.31036027376897657
-1.1174094112555313,-0.43789155777272926
1.0114292488329342,-0.2951074085303061
0.9887478900301808,-0.3073182254835126
1.107043341002405,-0.2632146008687026
0.4934916533231865,-0.3942665197952848
0.9309562743074943,-0.36424081865695873
1.6489668857143756,-0.290028630808813
-0.4935898446619609,-0.4263308586710205
-0.2897700325231656,0.48317452446241377
1.7548071371109752,-0.244199577345894
0.6915019378209548,-0.3640314857593971
0.7672872666443513,-0.3286401183430792
-0.5401388776385464,-0.48282098521922723
1.201996009664709,-0.2549976228946882
-1.0900007522559902,-0.4334321799215972
-0.6619968021689602,0.5054999061149219
-0.15137738050967708,-0.4612498768931969
0.7417181314995697,-0.32076728193606074
0.28520460370992534,-0.3724328870694079
-0.6644230279662505,-0.4896904298205083
0.0716247714116727,-0.2649115808534273
-0.7447275271659499,-0.37725636436705834
-0.3193982749187495,-0.4668399569272869
0.8980445846205831,-0.3065020476573332
-0.7451396739157804,-0.37732342047832745
1.1793543910988655,-0.32491402078139425
-2.5189402211204666,1.7674692997867532
-2.1112023257507238,0.9547996958845862
-0.8824307668117183,0.6073923098661609
-1.5986723361452733,-0.5637352699806651
1.4470572629230354,-0.28928613558366306
2.109765140112182,-0.25455685934297656
-0.10110841418098127,-0.39298931341937676
1.0255454292624424,-0.28092328856442295
-1.2980922893859228,-0.4672885897408733
-0.03325529671072916,0.6365841657647207
0.15231665725167853,-0.39646410801157117
-1.3838975793592467,1.179797574291302
-0.8193086734460845,0.5030017445867289
-2.9314770759124023,0.9280070094953067
-0.2826852861544853,-0.5100322293024151
0.2877382115399505,-0.38371763682645893
-0.9852140337772506,-0.4812889329834215
0.4894850923760356,-0.4274676957766182
0.4849743708297716,-0.3973437468139462
1.7633979762264742,-0.277121258986764
-2.120709931863617,1.663772781974551
-1.797090706340368,1.350033275671881
-0.6465175602138123,0.5683504082726607
1.4396675261505094,-0.30589106400629223
1.5476098095762052,-0.3163256613723792
1.1053189183641094,-0.31868320520390964
0.9383568343057114,-0.38454968047754656
-0.42620420251798763,-0.41931172838134295
-0.45710630371591254,-0.3304605064088092
0.8801397849647047,-0.3700934955119263
-1.8042812563784165,-0.5905961496817386
0.3628519236434045,-0.38769223369315337
0.8497247839417094,-0.3690908811372932
0.5800783762789906,-0.40044502647122404
-0.15002567341550538,-0.3280410376578903
0.5747793203344308,-0.2994819599471643
-0.7021914793107263,-0.4927230162654496
1.0690600610798824,-0.32455832357965336
-0.3539687174502856,-0.4187042289475871
-0.019489305561024437,-0.330093672489014
0.1035107633469949,-0.4437997964151885
-1.808081263869137,0.45019773506890964
-0.4364883567983847,-0.3680567922682634
0.04913386865944721,-0.3189287095042042
-0.27710930139082,-0.30117506615972117
1.0012423861006068,-0.34550157632822415
-2.177409691761686,1.8230361802435264
-1.2195710310541745,0.5934905413592405
1.427000850540711,-0.28318578153866064
0.36279520896035083,0.5964330027586537
1.80828348705787,-0.24595283767869053
0.3088056986448466,-0.3381064330365852
1.7568732840491623,-0.25952007251547615
1.400729961978643,-0.3041720196319465
-1.5044326655528673,1.4326415150217344
1.1696051285554743,-0.32877974127961507
-0.04052906809077897,0.6533982950539587
0.6868729453576985,0.6025621678540191
0.34281013500820623,-0.33514422097373625
0.6686466138494105,-0.3928467741449149
0.9269958449550377,-0.34479451286378276
1.710361321250496,-0.2994620980378537
-0.6983221583913907,-0.3697062294374235
0.41934675978710195,-0.3783606577816576
-0.7735025550242243,1.0660372990911988
-0.5605040654206623,-0.4477538716755393
0.2277505239657398,-0.4005324094716263
-0.9864255602719103,0.590472398585671
0.2829054812907343,-0.41942618731240766
-1.153106624246475,-0.598225229173475
-0.6100437355346939,0.4959842687072038
-0.6719546925787002,-0.36541625330113886
0.23626449000355343,-0.4122440727537638
-0.11453738310349593,-0.27472468011060114
-1.064174182242173,0.49327397113808813
0.2938815727297992,-0.302154060904469
-1.662444313406615,1.0340075413136016
0.8859218031104775,-0.2893038182329434
0.7508945400135444,-0.30394255782779256
1.4758153396527078,-0.3155029956560617
-3.0010602820040355,0.3036429531263126
1.5447906980963908,-0.28966495333888886
-1.2008136175624353,-0.5564855553148318
-0.5814836736314128,0.5931392177103163
1.2875216928590951,-0.2959159686637846
-0.06408755587619569,-0.28699192219530917
-0.3620550757243074,-0.3149957096511215
-1.3023432699838398,1.0614860299707098
-0.43441093123470853,-0.497802074290798
-0.5961764580702785,-0.35308716487071223
-0.1481032746995468,0.5693755061446238
0.03619850205294283,-0.4293914540352041
0.6965543414864214,-0.34246148101275437
1.2428354238772854,-0.32340855640905786
0.21693420557750392,-0.2822206116352392
-0.8893479475437265,-0.5049539302488104
0.7535364210358988,-0.37716453235604963
0.29397952476310873,-0.42010824087442067
0.7581691965261451,-0.38160405960857985
-0.03325529671072916,0.6365841657647207
-0.15153798953862377,0.5959552224469765
-0.07546118739477026,-0.42257511283427734
0.8149171379411271,-0.3181787833881584
1.5157670164346044,-0.226946910395393
1.2589707393141625,-0.24456111373177075
0.6561915278512358,-0.37054639395773104
-2.877049847596557,0.93686229776221
-0.5541135718342738,-0.49425656784114647
0.2966915908416929,-0.38242146822424256
1.0301954687447492,-0.25492749611154264
-0.5656414590833465,1.1691416660011595
0.4908880814276532,-0.2785992432345188
-0.033083139900426245,0.5524777569714604
1.09122034080554,-0.38192706009658794
1.2167163040077655,-0.323253350123659
0.9556711343219572,-0.33686124862897987
0.2083896619377773,-0.4295594030134187
-0.3520220335665319,1.0650442831426248
0.9571970142615109,-0.2951109463926151
0.973474794780335,-0.35292742969479085
0.6666820652629576,-0.27047304119793925
0.3076912675868957,-0.4357948311432044
1.0656466380630505,-0.3433838292833487
0.4637573563472143,-0.33982830068805137
1.5402025531848096,-0.29427812854625557
-1.3240057173509012,1.0394384364166085
-0.9966283165039292,0.4785788680574591
1.1834704172669808,-0.25103975231072906
-0.02510597644923074,-0.26017422603562085
-0.1816728030712394,-0.4723084553152163
-1.749451507762486,0.42189828082842634
0.8847640370812259,-0.36744933472564195
-1.928863029542637,2.0572340322714506
1.3219230436363263,-0.31355047380445983
1.582327766679704,-0.31587497674649756
-0.9044773517389841,-0.48694006947092444
-0.4681433814427104,-0.45220079007492414
-0.11827595234133698,1.160657803564529
0.8824735596588656,-0.3674444842907351
-0.3147660928800334,1.0986748734046665
1.5303254104243467,-0.2949683341338051
1.8795481533098082,-0.2858074082896213
0.18803292458018728,-0.42243698715109795
-0.09085355679915869,-0.41373398969738595
0.08834678805705345,-0.42191752978746067
0.6874600246219144,-0.32909008857069516
-0.1791634517538705,-0.28523931561867355
0.9949421234523491,-0.3264919044786525
0.20931385284395593,-0.42761324998640116
-1.1817778668118963,-0.5302659148780442
-1.9785625714291624,0.960193365331146
-0.35940628063502034,-0.31456475175005993
1.8276980612933507,-0.2425312004837671
0.5202162799942313,-0.31287192151949506
0.2294046368001548,-0.25121820622014507
-0.5572965239309422,-0.49099826438930905
1.1947805373874434,-0.3493947236673238
0.35522758584015646,-0.36794110503757865
0.3351675579401088,-0.4300220361502866
-1.9848932307260367,-0.6199816456327992
0.8391182390903724,-0.3176844676495735
-0.9000121373352844,0.49224845817013974
-2.2908659766490076,-0.6697632889536859
1.0618497165838103,-0.3655185287973842
0.13391040600485,-0.4552891174626238
1.256967692494491,-0.3132639307169973
0.6167685004140541,-0.4118842625443716
0.6304460502412773,-0.3510518286535455
-0.08204856369702995,-0.2694387621941846
0.7924652852886807,-0.3762114083652551
-0.7247445116164494,-0.4064578908467003
0.6518516253523086,-0.3870183423667068
0.7329157414171903,-0.35696951615841777
0.7803575284161758,-0.31334656390991755
-0.3989152443338605,-0.32099284433360226
2.226106225766439,2.9368242263142315
-0.689767442887288,-0.3683143806482372
0.7271551720570846,-0.3501257022527922
0.03728185064845856,-0.41264998281914156
0.4069201047489868,0.5791514190417346
0.8185504022571556,-0.2995265854570909
0.538419686502996,-0.30787220096019796
1.4748198947399005,-0.3081771450062378
0.09419821418361737,0.5679902672634337
1.5852577091256865,-0.28147758384677335
0.7527882553089779,-0.3249848352294608
-0.7687183939586029,0.5279929727372206
-1.120207856894676,0.45760108342632855
-1.623922901291108,1.0124305342674689
1.7913649934280849,-0.29816775296044945
-0.10681723880319932,-0.3144194332945792
-1.357085007073547,0.5711170724897067
0.33379732024775105,-0.36056529498226764
-0.32353898636702383,-0.4930078364008686
1.5497224720165435,-0.2955347657777114
0.42361587068203943,-0.3942770146985796
0.440426314631724,-0.37874082487658556
-1.6583659770816326,-0.5259049745586357
-2.126215285796693,1.766459979381693
0.17925804674880272,-0.4062524818031967
0.268090717022244,-0.4200040323064489
-0.38470078617464587,-0.4532006369257551
-0.7221845150181007,0.5571336156780301
-1.3741096755399544,1.466431448688748
0.8032523685823414,5.63051234306135
0.498635000994125,-0.36081328841644633
-0.2987669787166558,-0.4779090820838791
0.6389513835440134,-0.31402917647218
0.5747793203344308,-0.2994819599471643
-0.0012542934717652292,0.509722750448226
-0.47259482409968334,-0.43141303968640293
0.023689722166670448,-0.4101875158481765
-2.6978069355504877,0.3529821512417432
-2.390392097328442,0.40299842240260886
-2.458175463362538,1.407521094551998
0.244782828909731,-0.45258200745632265
0.42879765076938625,-0.4093224599182931
-2.5214962911148615,2.2757825652869417
-0.5341637504699576,-0.3429977221596977
0.609155351322966,-0.33213886555418204
-0.02619068298322569,-0.4663198973105819
-1.662444313406615,1.0340075413136016
1.4099361116463467,-0.32699947213032937
-1.5431150196865702,0.4538720115493583
2.3641012671381914,2.9621031901725794
-0.6230210422008627,-0.3574547679663903
2.4582480704539265,2.997160569827206
-0.3805493532332226,-0.4459335911048988
0.7176684354999054,-0.36330243836131637
0.37740394609912037,-0.4393636095352568
1.0278310251000424,-0.32449873913184185
-1.365634773006478,-0.47827772479753544
0.6839726122572273,-0.4142417961384397
-2.4969416072829724,2.185898621048993
1.391250831545794,-0.28152966473629515
-0.9955852809563832,-0.5017632930960344
0.6814326879393808,-0.3686818557573954
0.9471955153458477,-0.33552787258982764
0.3805340313992831,-0.43251553252310515
-0.4139097594576908,-0.38485867230232246
-0.42374489913564584,-0.3250326192337968
0.04913386865944721,-0.3189287095042042
-0.8421310763280143,-0.4904621481767462
-0.3620550757243074,-0.3149957096511215
0.9590553327755408,-0.3901961959749949
1.6621132157172596,-0.2725964214002949
-0.0871629305904581,-0.461279300211164
-4.085390348090521,1.1752266390805286
0.23584510477687884,-0.37622729069559274
0.152859350600433,-0.44756361422880153
0.7950138268497785,-0.4090122038346595
-0.27087592311491154,-0.45388606234907386
-0.7450678828791436,-0.5164301824319306
0.37555425286513194,-0.3904635337622506
0.2091752214087606,-0.4288181037303238
-1.1175782641839134,-0.4379190300766073
1.7540608386904308,-0.25705575850380546
1.8813692222259968,-0.23470610679442033
-0.038390846724088684,0.5671277182552419
-0.23344138946737447,-0.2940703143643174
-0.03325529671072916,0.6365841657647207
-0.1567506202192618,0.5561225017305234
0.19383244385506745,0.569817541242053
0.14716829834538583,-0.396632890373783
-0.27160850805635306,-0.4120641834170117
-0.012372797060194111,1.5673301632815584
-0.23384714334547407,-0.2941363303579141
0.194605592551395,-0.3798859032102072
-1.7287363530509694,0.4901741384363573
0.33379732024775105,-0.36056529498226764
1.0862403486201841,0.6620635743795853
1.236029513248064,-0.3139774794816567
1.2349168685142442,-0.3369530334818408
0.5776902188136209,-0.39052488772577104
0.02969864718141408,1.151620482817474
-0.23413371904750258,-0.29418295610995543
0.48464001274115365,-0.33800652888799837
-1.6270345931925478,1.4007571016587224
-0.9722088242068724,0.6337362734266314
-1.0676436145341779,-0.5097898645886896
-1.566932195629035,1.7239539549685394
0.7515272965504205,-0.361427990116715
0.7154983480383079,-0.3781278157956199
0.29341499351666633,-0.37583797413585535
1.19973572728132,-0.31074897977711036
1.0521461932713907,-0.3490059965405875
-0.452311705097334,-0.3296804271322158
-1.0768148796642385,-0.43128684372749543
-0.5568365014111069,0.5293932688160787
-0.7702611771390656,-0.3814106789999114
0.5748824085257822,-0.395983096384255
-0.37763345279886096,-0.3380057141533065
1.747995382322927,-0.27946275116893154
1.1585327120947388,-0.296471671177176
-0.08711391352889858,-0.32319105648393553
0.948499664957914,-0.38811112948764315
-1.1973688685905355,1.0687243125041688
0.5957456617400243,-0.35617735731251876
0.7446784217230171,-0.3401994431725108
-0.44599869558586647,-0.3286533030109702
-0.31282708350743055,0.5791206016020082
-0.35164734561359073,1.1146030504951674
0.302652221492342,-0.3019329522188397
0.8612105396374,-0.3251629314552655
-1.1061867895876911,0.6119381120729888
1.5399439463303484,-0.3077612972254649
0.2159592260737164,0.5552583840837909
1.4912065679832547,-0.30550352621363386
0.36000046055260043,0.5775589005508194
-1.0861717564741522,0.5014620725741471
2.853755608310898,3.007597685059319
0.8611801889004734,-0.370295750328837
-0.1972155291317525,-0.3700780165287239
0.6977088755049028,-0.37426644267641496
-0.9945426746227439,0.6301025649012817
0.15455699272002332,-0.4330113088941879
0.4519988646844533,0.5980312062528665
-0.9068814347957652,-0.40363874024947655
-0.23252987703185513,-0.29392201165581733
0.5704806548077048,-0.2993081908673174
1.7655616189314212,-0.2560993142816606
0.3641058110050712,-0.38933647337433286
1.0513826473939307,-0.3271100829065162
-0.19529673956802468,-0.45302066857006223
-0.37083674436654646,-0.42387794474283735
0.766257183987508,-0.29931139968440745
1.2249900446190922,-0.34036433881746586
2.028841314616575,-0.23194253372588863
-0.6408305327402856,0.5605102928412461
1.810291838277858,-0.24725313031710133
1.3995756677689,-0.31391775588859033
-1.7446460730625162,-0.6312513969935379
0.602933082302867,-0.35964710318418125
-1.1878553978088695,0.5781752534105038
-1.028118958009166,0.5376616646988586
0.6277977189033854,-0.3751495295649406
-1.189403547314367,0.598398778891618
-0.7068949177194617,0.6359519222694814
0.9263818480192867,0.632404841106669
-1.7824881822165353,-0.5460996076642367
-0.12357551341996181,-0.37128003412598276
-0.021914805290823295,-0.465262099785984
-0.015523125464919022,-0.4232152525196339
1.8110251257277803,-0.24998632134658347
0.5802787501222407,-0.3331607292354366
-0.4815236687484967,-0.33443320192854026
1.3133491446886982,-0.2816132179000632
0.5826082466027609,3.7872006519175327
0.6686780055170742,-0.31741248777640774
0.9641351457283917,-0.35555466575034267
1.7717861771452479,-0.25488811283886814
-1.04025218030982,-0.42533810717378717
-0.44599869558586647,-0.3286533030109702
-1.3358551631466966,1.0466891262192526
1.07078504285057,-0.32316841159520776
-1.2014524871784038,0.5964384211973504
-0.20969687419727764,0.6283526005002305
-0.9897752320738491,0.6308782258962046
-0.9991198733054528,0.6293578565072576
1.6204662719320102,-0.2768666228476408
-0.1095456343986585,-0.4324222257448165
0.06859705530107835,-0.39410036886952193
-0.6523642926951018,-0.44920695541118344
0.5950322328613086,-0.40098065497217666
-1.1739709980037814,0.6009096484888238
1.0037278359248003,-0.34054938444382055
-1.9705764172995468,1.031416998229946
0.4623545653885424,-0.42332546163230234
-0.25788137529328625,-0.4509489665696476
1.2724826610708737,-0.3149183497599526
-1.2756258972505201,-0.5825412827261108
-0.27450829024451134,-0.30075188268706055
-0.37763345279886096,-0.3380057141533065
-1.662444313406615,1.0340075413136016
-0.7344275577011605,-0.4330623030937687
0.028675452350740146,-0.3163295193174496
-1.8661702988157611,-0.6171963941848533
1.2557506010862018,-0.3573377519419111
-0.19171819762483838,-0.41235650308051125
-0.646220488168673,-0.48361655840448814
0.5652512982926687,-0.3988018106548368
-1.0956386645787812,-0.4343494660003981
-1.2932462968782366,0.5815036050922165
-0.6839514159057503,0.5867566569341947
0.07294443418892366,-0.5256762151919427
-0.6427229234493136,-0.3606602561614329
0.8276718022965464,-0.28702173040613455
-1.1647229688849192,0.5266462832082914
0.09484605999262288,-0.26113348649374446
0.30864309050694294,-0.3916701422309476
0.5835560048588537,-0.44138633920483716
1.0705156178986306,-0.3473450246458879
0.504461237563003,-0.37091662092039673
0.352591754857364,-0.39463076818686543
0.46628822317035,-0.350154263175865
-1.227294577950024,-0.4557698304212957
-1.109196066441549,-0.43655524985821964
-0.8903450334884764,-0.4009482743741344
-0.08204856369702995,-0.2694387621941846
1.1957294299826209,-0.32543928965902424
-0.4483943974328475,-0.4776410655414636
-0.15153798953862377,0.5959552224469765
-0.8888981359974472,1.0999521606260028
-0.272358731714524,-0.30040215037441814
0.980351460875052,-0.3965924880744493
0.10647170509888779,-0.40542723117716145
0.4592948139430916,-0.3129428091013988
1.826750277288267,-0.24496388960558643
0.6646348383847834,-0.36690718827898405
0.8696060929701918,-0.36968014826230683
1.1282978483042412,-0.34000114073820803
0.283837512349615,-0.2968872963692654
1.0374195684930685,-0.34192717718548604
0.0014257810394446519,-0.44496868584311755
0.8499321479042116,-0.3040917994143785
-1.3458088807264819,0.4280510014802909
-0.3130217392127229,-0.48768005653246216
-0.5525263620710703,0.4872345169778292
0.10405640992498354,-0.42297303368055184
-0.3191285817581554,-0.46787036982826735
-0.038703614416948036,-0.45714358015012974
0.7999905416455578,-0.35233439491921287
1.5388390706130828,-0.2885206992186779
-3.0547126823663087,1.5829410694026451
0.5732526189131486,-0.3731100171785399
1.0458743053949084,-0.3450120934410352
1.4384824454123137,-0.31866898458684617
-1.5702464583362772,0.4022279035066886
1.009170176621183,-0.2567218495327216
-0.5281264032553575,-0.342015448183841
-1.0600890845846564,-0.4285655635611907
-1.406419270805433,0.5101622436234661
0.6884961764625486,-0.35435993648214154
-0.36386902053311687,-0.4779170690322764
-0.8762345718060387,-0.48563056023660695
1.051609050008132,-0.31654763231183547
0.5040209029791979,-0.3932876939380787
-0.8727199691702829,-0.4185560922487044
-0.6369016243159846,-0.47699464592360197
-0.3387287953536493,-0.31120053316926766
-0.2976114545805004,-0.5070801513682456
-1.5539261397189543,0.3903006739956721
0.5343155659455254,-0.3966749611864164
0.22173929162570824,0.5454763197077934
0.4974236211986087,-0.3877030532946965
-3.041897576996109,0.2969987415729181
0.736174229249793,-0.3044061547810443
0.105573314144787,-0.39700541991685623
-0.008766180178930775,-0.3394173828656707
0.10914057221195586,-0.39038817289635
-1.4936143807776128,-0.519575364554576
0.27886219910563076,-0.4501922125382157
0.1623586219765329,-0.33469797744099317
1.3582029917664575,-0.2715081611277882
-0.3639755979181075,-0.3153081778435195
1.5880677086513304,-0.2933383741658482
-0.39657883088268475,-0.41569756462972735
-2.6003631687537623,1.894144076694614
-0.1791634517538705,-0.28523931561867355
-2.1078226287341058,0.42849695308125335
-2.109109711507878,0.4282875452290111
0.8297214756688192,-0.3958921728060179
-0.37561378982563,-0.3991033421541799
0.7147969809171165,-0.40518699526196933
1.0172775673819368,-0.32984678609861523
1.1735570588942479,-0.3356024695786086
0.8683886377005109,-0.37451047136326
-2.1087872941105514,0.4283400024105347
-0.7166418461298265,-0.3726868353014975
-3.043141762184756,1.2534913815864899
0.6371578466489322,-0.3787578181509554
-0.6827719563313572,-0.5137775102616481
0.739121944143444,0.6155890115154672
0.11893356302079001,-0.45664044886253247
-0.8403548075507609,0.48406457542674597
-0.057208719419512395,-0.2858727382565033
-1.284116990637944,1.04902026248181
-0.688568891227499,-0.5010427226997137
0.714871336038131,-0.42567436696397704
-0.45710630371591254,-0.3304605064088092
-0.19894464089015618,-0.4764200984129636
0.7090289722876392,-0.3758872072505213
0.3011391476692069,-0.4285436690552502
0.4379516908934443,-0.42152768634373183
0.6816034511362943,-0.32947156404583394
0.9854128441312909,-0.341640703221433
-1.5973595049139606,0.9553261618697736
-1.5254065919207327,-0.524747944585307
-2.201033908654637,1.8191925296087206
-0.3211876810845305,0.5574701298666271
1.1979135813901787,-0.32823324378006896
-2.595435795265958,0.3696378948002884
-1.592564890315347,1.1458474863009154
-1.3853810474760513,0.4445987145913332
-0.7342625727371466,-0.4892861978462619
-1.6018376033250208,0.9820750440400726
-0.5513825035030956,-0.398727370286881
-1.240272686457453,0.5576696351963218
-0.5658123778141412,1.0871696477045383
1.4662525136602194,-0.31569133572817804
0.3383653650533778,-0.2215129930092149
-1.7679184771475547,0.4334413547521609
0.13974618910487302,-0.37890278878746736
-2.0286332685844606,0.42940368396165374
-1.5769191817923425,-0.5126536135575437
-2.0263973256359407,0.42976747098462315
-2.1104037234282154,0.42807701000739556
-2.1094325619710133,0.4282350175878537
-2.1110533512119436,0.4279713158269438
-2.1097558466648954,0.4281824192975276
-2.109109711507878,0.4282875452290111
-1.2178557829388192,-0.5874838978043865
0.6249222017028159,-0.39457498151974973
-2.1087872941105514,0.4283400024105347
0.4449101106868013,-0.3891412342251263
-2.1097558466648954,0.4281824192975276
0.5482972651943389,-0.38608394752369896
1.134760228572783,-0.33852577406127626
-2.1084653086187752,0.4283923893211981
-2.1087872941105514,0.4283400024105347
-2.1078226287341058,0.42849695308125335
0.4901356125401512,-0.3604497110985979
-0.31980143299821373,-0.44264153813465307
1.176356760776781,-0.3178630334369379
0.7495293986926528,-0.37846589308359735
-0.6933063221484724,-0.47032934954982675
-0.7362419200563297,-0.49370943361102887
0.8330861059344976,-0.3793053217433595
0.020656745708927473,-0.34535042967299334
0.23460094144578253,-0.4190248517066316
0.2947062515874247,-0.33447264109730823
-2.057093057743299,0.4367506339810604
0.6081399302590695,0.6017589930272588
-2.0557973018631457,0.43696145294424016
-2.6716329201576294,0.35724065307213404
1.4170966830592469,-0.3234387558923012
-0.11682431226427703,-0.36897574404127825
0.5478670976459142,-0.41365640284859495
-0.16619132458880853,-0.4871822628228789
0.3063696459218274,-0.4116252849344179
1.3869622594005913,-0.3583423083354281
0.5447504957880549,-0.3597263539905536
-0.12792310019113706,-0.4511031040507886
0.926254637082129,-0.3833360076903545
-0.7721054306137115,-0.47906900364111554
-0.055477676727705656,-0.2651156895171185
-0.3291533558368314,1.1878324527573358
-1.4519857603420543,-0.6060594732590735
-1.592564890315347,1.1458474863009154
0.08537418309037306,-0.40283876420991166
1.467134133217693,-0.29558825737421435
4.229074797249785,12.743888835337637
0.9114720051471498,-0.3563163318886885
1.3014410259839926,-0.33297987880440244
0.5861855065130513,-0.3291071425145886
-0.34495341027436244,-0.4289321090156424
-0.3535203674539271,-0.46102335041762765
1.676204144653576,-0.2512340995665082
-1.240247145998936,0.45379694383776986
1.024537569160265,-0.33325757068905193
-1.7385926073080278,-0.571410570305231
1.0274893241448066,-0.29565176203022686
-0.30073807325557556,-0.4083054895588683
-1.7963059020478058,-0.5483477451513625
1.1493901499600003,-0.3125577574448336
0.15419924670005936,-0.42210150904374155
0.29677055620107606,-0.28120861566363636
-0.3992371927675189,-0.44568851535994614
0.7018334910455813,-0.3639191058764405
-1.3521621606493475,1.0635266428260672
0.48367027295821785,-0.3620763411002483
0.42677701918776617,-0.37556760475175965
-0.936151793362586,-0.40840101587521077
-1.3759506899814975,0.40805726937444325
1.0633573238277423,-0.36006480576231453
-0.007392375890525415,-0.2897449854261159
-1.592564890315347,1.1458474863009154
-1.9665766312096928,0.45147762035621825
1.184520203171031,-0.27438935673238996
-0.321890947070715,-0.48765246411135815
-1.0041765127518139,-0.5120903907181463
0.9811273601707177,-0.3360406258370912
-1.504860236232579,-0.6033066958814064
-1.4065257846719315,1.1761159743420326
-0.9450020809099338,-0.45738338103239
-0.758012949009081,1.8425335972408745
1.1576409770765004,-0.34600980590028124
1.5369722685150256,-0.30425479542733647
0.8094034144941727,-0.3405878623140389
0.3343402138577478,-0.20169247471186624
-0.30484947405273055,-0.3705938913769875
0.0045275108918357235,-0.43226541658513495
0.673956597575906,-0.34207113750641016
-1.6270345931925478,1.4007571016587224
0.6867519203519278,-0.32422422058920836
-1.0227159379522899,0.45439449248567226
0.2668223079084891,-0.3592789034679284
-0.7098727809387411,-0.47302470576562167
-0.9108034366801938,1.011158799804412
0.5570452211791319,-0.32226346982033094
1.453596041324146,-0.3326918097525236
-1.1907811340176804,0.4546169019389577
-1.0216021543679341,0.4449728099271586
0.7519026091799165,-0.3842067789203806
0.5696350184767002,-0.38840791514165557
-2.613617972196178,0.3091979222527796
1.108796668651156,3.8484159266230114
-2.710920849415615,0.3508485227036677
0.15256847175496502,-0.2841948283116902
-0.3630042735549086,-0.31515014375832084
0.9704753822794636,-0.35396420713725196
0.13571018976515098,-0.3672592557004727
0.9308077368714467,-0.32087457910346434
0.6744523236951236,-0.38997735994556987
-0.3839479442464103,-0.4554665022416211
0.3782665454009878,-0.38578292495800154
0.56740874576053,-0.396379072055581
1.6392922800881284,-0.2959918957821048
0.35060302723320297,-0.35372981643284707
0.047372755126217164,0.5559312299443968
0.6176165851078183,-0.3647210063404686
0.94477986914579,-0.34176741505317737
0.44738958251876587,-0.42630258039465907
-3.554954094425813,1.5989102571805174
0.08483791614377031,0.5898642741313407
0.5242505435819232,-0.4293153634830593
0.2989493089868705,-0.40995776484695584
0.972656160779351,-0.3418288707890108
-1.136555172394054,0.4744038991537839
0.729780530681333,-0.3736135594469124
0.971582507387485,-0.3170737600934105
-0.14168675057298463,-0.4612047774948626
0.8591804831240059,-0.30436525022276534
-0.6145253682610872,-0.45751171987803774
1.5524529311052242,-0.31706532489809214
0.4125357493377047,-0.264738108298097
0.11175109678387944,-0.395859965437381
1.159976200159598,-0.33097840373540777
0.19909057179504472,0.5944531689487883
0.3480850483245392,-0.3695728336202984
-1.278595748510886,0.508119227531493
0.9664699926388377,-0.3125624531520458
-2.4057679869854,2.2946115140579355
-0.6422081289631347,-0.36057649930453634
-1.129935188912331,0.4654469762617338
-0.45710630371591254,-0.3304605064088092
0.09418481459739461,-0.4542476950338218
2.1962116481781764,2.942165659732633
0.49053366597701864,-0.3985855419092231
0.2568616172198127,-0.40917638279367746
0.4931244624684373,0.5792054568945293
-0.8121934937178201,0.48565139543250097
0.30337976022965213,-0.44588986414074133
1.2917269283600894,-0.34102794408149484
-1.7372241399778674,0.4193340929361687
-2.304660946777846,0.4169468462902496
1.4639354609189639,-0.2791887373736819
0.8647824336627601,-0.2953256350923581
-0.9161233537550141,0.6428613570254871
-1.0397628933547725,-0.42525850038199836
-0.9069612697659366,-0.49358622411704406
1.0540154251698695,-0.3277938537260199
-0.99430578025769,-0.4178626462716265
0.6424485129976689,-0.3869559354408685
1.2079664938202488,-0.2566067361774105
-2.5012097151075907,-0.6630353134555979
0.9145983790163518,-0.3549361507380866
1.1659162404012582,-0.3449897282219013
0.5292332534019795,0.5821218876992226
-0.3127618454779604,-0.30697572081565916
1.2555730912144225,-0.32565653010634443
0.6907147919385025,-0.2375894549395304
-0.22823493794128955,0.5303107498176295
0.855867180915816,-0.37546410283690845
-0.5302284843805635,-0.5012783902405727
-0.32460268115465374,-0.4900813919416056
-1.7450999642834488,0.3860725907750971
0.9079980522836968,-0.37148340153366194
1.2956704254801568,-0.345807725285748
1.2653849959703987,-0.31062902103475865
-1.5563856790555894,0.4436060790824899
1.5630529104937978,-0.29181367040307565
1.279453549686344,-0.32057922105132275
-0.605172839454364,-0.3545508725218308
-0.40395471982876574,-0.4887859993394188
0.07467101131154044,-0.46069120960677384
0.1768805265702775,0.6210600888308262
-0.18085654554843367,1.5374308711514393
-0.29629494837935233,-0.43721990917415704
1.540799182604859,-0.29810498223295595
1.017436630554747,-0.3202947940638893
1.1758540015956895,-0.3538812279874366
0.9562006173871964,-0.3628300599876664
0.4841536266336558,-0.3406559598390031
-1.968080591551388,1.5197120891879048
-0.8507439148765987,-0.4986730695820026
-1.1875721894466078,-0.44930701370745485
1.0289870739156035,-0.3284396270801312
-0.8499922321226776,-0.3943828897398555
-0.5497737675810349,0.5031788206610207
-0.15153798953862377,0.5959552224469765
-1.4059320691440647,0.40115003119913406
0.3338904281477268,-0.3897789326883728
-0.29346969873543394,-0.42326770370536865
0.11011744428723254,-0.4069557866008677
1.208306128689874,-0.3349439793138912
0.7532586472154995,-0.3729724564995559
0.45838099271060145,-0.39783587355146643
1.2256432410758056,-0.32127302707417454
-0.051669220184596916,-0.44911889079819334
-1.4182138304646603,-0.5397604803045789
-0.3101519204727694,-0.39352913939336254
1.156059324259554,-0.30078509163014233
0.18849566208185745,-0.37624978351043503
-0.8229831849544303,0.6580152252175421
0.7946966737686784,-0.3595674799919144
-0.25165733788662725,-0.3678673184419608
0.760997453619913,-0.2992487468969621
-0.06244081224977774,0.5685318761176694
-0.26604333027119237,-0.41115873121837715
0.5238480189208286,-0.4206905632505671
0.7362849976219163,-0.39894536882903864
-1.8799336206369404,0.48604981229070315
-0.4329135747986431,-0.35897711420811157
0.22627243288559717,-0.4315297443761677
0.5422306250378549,-0.4257522847230311
0.4129056882416477,-0.28021858881449063
1.0566463704001747,-0.34157076664153013
0.0684762531822316,-0.39595538189399065
-1.0433070747266364,0.4711616693476655
1.4979995631851861,-0.2772974555535405
0.0499845393984096,-0.44941874884749516
-0.4632221422809699,-0.46234086321811824
0.22085348329814855,0.6277717920937927
-0.2212226976938257,1.0934583572366743
-0.008475379597897065,1.169438858557679
-1.11576973882095,0.6103789700675359
0.9211655744086898,-0.3036041792471363
1.4183957257003565,-0.3269696535008283
-0.42573217150841214,-0.44150117533931216
-2.1687338251614765,0.4390621345834246
-1.0243476441945196,2.1257890565340802
0.9717190734041399,-0.37993636283180116
-1.654096280366838,-0.5661611141840132
1.0154404773168504,-0.2667351775132484
0.43194584475735004,-0.39108090829896985
-1.2201599464817428,-0.5604653565346668
0.4946640138179287,-0.4122516504361041
0.2701133099390721,-0.40065954818327937
1.1835393979590458,-0.31827592357011913
0.19052356889255206,-0.4328334934988394
1.7682591194734956,-0.24964206337507402
0.14951049608650438,-0.23176419583014055
-1.320205156993686,1.3839854632617379
1.3690920380302196,-0.3280328438437934
1.1162239795023745,-0.2972598885098172
1.0158399450877065,-0.32891924597711764
-0.5727957607124399,1.106494684931676
-0.4585825875500962,-0.330700697197868
-0.8970872675094483,-0.48902328548295115
-0.9067524031413279,-0.4445685644232086
0.8340237318330542,-0.3872834832974974
-0.2917897851362403,-0.4903307025144177
0.7048617023976511,-0.2965597295994979
-0.6147787888654171,-0.5101617632251048
0.756724154504689,-0.3438512709434732
-0.03044829019345044,0.625937909365254
-0.12916162058208192,-0.2771040376962019
0.7799180674474059,-0.3770839614399427
-0.8486980515513183,-0.4926048842879648
0.5659944844659268,-0.4063584657190618
-1.063504232945613,-0.42912120683288213
-1.646927630309158,1.398089383967409
-0.44684867160038994,1.0715153404039741
0.9402735820176664,-0.3445862070069812
0.6747173144538118,-0.3654268810075558
0.09667401703057824,-0.24036066982902343
0.2417486986122995,-0.4060635483044177
-0.8715097418067352,-0.5109809689606366
-0.609103041555292,-0.5248373122196804
-1.2830084517002374,1.4318508933086471
1.4719074208304812,-0.30573668084914923
1.5245060096616894,-0.2904555865545586
0.7087621106013858,-0.31180827784637744
-0.8875065138775888,-0.5538852030823687
0.6258750781843763,0.6040285298951129
0.8019524240569019,-0.37832117933264503
1.7526606817210173,-0.27837817153465194
-1.127334080371453,-0.5152743133837432
0.48246695000933065,0.5935034560219402
0.840869928151476,-0.36840030713007
-1.793014888263418,0.3759857993579092
0.7743143657870852,-0.4061412972318358
-1.8562035422799317,-0.5785684760340931
0.5959133880788582,-0.3523124936456358
1.4241892263506324,-0.28639107624323856
0.9677796349138447,-0.3255709043886243
0.6974658381675026,-0.3842154827447211
0.6152198592483685,-0.39213314187435194
-0.10238541816598187,0.5160193510585517
-0.35954800892156225,-0.4671544043521405
-0.7656951763608559,0.5123400732582265
2.5341427456716055,3.0123052032515996
1.773515658742159,-0.29423719523131825
-0.8751505123096319,-0.3984761318587114
1.9226731902202105,-0.2469605708270564
-2.7931476523134506,0.33747025477680004
1.3666212518211598,-0.2812025481174809
-0.5500195534080373,0.5376023591220864
-0.8688572341230365,-0.39745221801612657
-0.1715541276930506,0.6689176183226403
-0.7572323240210113,1.067157296793701
-0.5852987059295558,-0.3717927677364922
1.5957803254250658,-0.25988782140307704
-1.09781966502311,-0.549058704157435
1.4193245559845726,-0.3059443530157424
-0.6083862787845499,0.47236251150246106
0.11451541964926178,-0.46009609387950834
1.8544547672362703,-0.30275062684606796
-0.8632583294499252,-0.5102737558433394
0.7882428134037529,-0.3527093881858382
0.540344059225565,0.59297284509764
-0.8857973124216831,-0.5068740491899951
0.05842654985231562,-0.4224409605445064
2.4120491701186983,2.934512858826886
0.8944112810177935,-0.36382494774279917
0.37173762804283017,-0.260513440615164
-0.8934883161852483,-0.5801674243711258
-1.052822999819804,-0.4598361295905745
0.633070500275254,-0.35947074795681616
0.8484634834182689,-0.3835503939496246
0.714258848569709,-0.37170097086592796
-2.760614440926112,0.85252026016141
0.7142706362443411,-0.38635866744179287
1.0945174559143709,-0.3322833428440275
1.5465498600327419,-0.28417870160859365
-0.8737989517029308,-0.39825623348885364
0.2435733018438846,-0.34938356090132655
-2.433791713717424,0.9765274636532558
0.15244435859617197,0.6219598723589334
0.30628698852192765,-0.30013570471935147
0.08409796115549512,-0.42326382289036585
-0.09027497085446892,0.5928902407740279
-0.6907780275009993,-0.45038043750503254
-0.15153798953862377,0.5959552224469765
0.3253816251883518,-0.40454718536427303
-0.7377203618623683,-0.3965917101623526
0.8991255883323376,-0.37279870554713584
0.9859836793898981,-0.33949955053340497
-0.38392578662314925,-0.4877238349511766
-0.08208186503326018,0.5298145493341254
-1.269211171732082,0.4345856517482989
0.5081027208226122,-0.3261562960668724
-2.4943498626807634,0.36560912679431473
1.0105559904050894,-0.3619379855482762
1.3425579646825663,-0.312038871920901
-0.9285702424042541,-0.4071675005681912
0.2649086249233151,-0.41937053774963967
-0.7142851847812005,-0.4502605558661799
-2.2116766164993624,-0.6688565580732855
0.47921844282538245,-0.35942789472929115
0.23179270039803268,-0.4508146438165788
1.1719167573195526,-0.2970433954940621
-1.595494049558587,0.5323280166812777
1.4714764609377946,-0.29262534108551613
1.0274591931353805,-0.2937340206047296
0.9893954356691776,-0.32655309655605996
1.091099395086722,-0.34515305822872744
0.48991714895669053,-0.3794118533840125
0.20554412329713187,-0.3911359736207971
1.2508980840050052,-0.3275307562857167
-1.0460771729214298,-0.4262858311407151
-0.48376817618608103,-0.3347983823904531
0.3297185924019179,-0.42866669588656564
-2.54741471200444,1.31648600634845
0.5944893295084341,0.5977617597144745
1.0561996131497848,-0.3592482715120792
1.560272097970272,-0.2738197249056733
0.1342893562722417,-0.36405168963875045
0.7594688863877372,-0.3841201438322698
1.611586040358503,-0.32492440128096095
-1.3589092431860395,0.5708202700042068
0.3856614003015845,-0.4044565497546482
-0.5790542173127576,-0.4032295470503534
-0.12308624460847215,3.8819465113480724
0.31743966892497094,-0.45430446113142264
0.4267704339451584,0.5901263286823426
0.11694587237491749,-0.4497833838550705
0.17718701950935742,-0.2952790722454996
-0.45796027799553407,-0.5099276482441367
0.49421854321872866,-0.3586013026322132
1.0493664539198069,-0.34621452578012135
-0.9423601769105658,-0.4851791333114625
0.580692569177641,-0.4144279719520144
-1.0112076836578836,0.5420102555880176
-0.470476080883535,0.5237232916040242
-0.11868313908634054,-0.3163500105222819
1.4699323208159822,-0.29607091765400567
0.10647170509888779,-0.40542723117716145
1.2912538674304428,-0.33376809366637167
0.6215871863753674,-0.3228491504034673
-2.2587700862062796,-0.6645413004224315
0.14675843824371335,-0.4172875158304134
-0.5275927078896312,-0.5139400567823379
-0.7757468133873362,-0.5121142102741802
-0.8565900692106534,-0.5004805217455596
0.34733064154957516,-0.3865047390210601
0.6944540856830511,-0.37031187084374284
-2.515745605862244,0.30919988404149773
-1.142865989852567,0.4421671505786708
-0.3240911461304675,-0.4092895843121252
1.1573891253586477,-0.3161479586788589
0.3626285098341374,-0.35983604852563883
-2.6874000229386623,0.35467535175916437
1.0894006379468588,-0.31066555185434724
1.2207544306527833,-0.28830880981999396
0.31248288346465264,-0.41636266516024956
1.1646605968781163,-0.3030665302368473
1.3250713779497443,-0.32069500224667424
-0.48428754675438657,-0.480432827892868
0.49500362992071395,-0.40839437662839345
0.7777291468105746,-0.3567090484702041
-1.0509862946424342,0.4279555532789751
-0.7735892905474107,-0.3819521617196416
1.2940309413502504,-0.31113043971408205
0.8540990050182365,-0.3320961566691146
0.9791160253721223,-0.3195986230969946
-1.303077481641751,1.012089938045235
1.0664653462005496,-0.33936008847913396
0.8272921822795125,-0.40922667694358367
-1.3700907717382225,1.0129705447813753
0.9040901334430652,-0.37193871815226387
0.3640869218487777,-0.42620822102662814
-0.3181219871959552,-0.40731696047873783
0.4923394677971823,-0.33700848540438305
0.30184035121225705,-0.45976308422931733
1.6503837266611021,-0.2712847153146765
0.00722165225235546,-0.45707733811321755
-3.1263603228424652,0.2832566866230811
0.765613633558403,-0.37267699355652323
1.6118995053329663,-0.24864555740863648
0.5936950819207221,-0.36657854667122625
1.0198184807422916,-0.28098953142599975
-0.6394540643781065,-0.36012841409864327
-0.3786179603433907,-0.505855898866647
-0.8333320580550566,0.542598990328347
0.6141430102046606,-0.39810166990914253
1.2863900280431582,-0.33395772861753653
-0.21881408300200222,-0.4646479395629606
-3.4954716738637313,0.8362453141017299
-1.228733473957419,0.4837790445350458
1.3570536763466061,-0.3236930129078009
0.21485877966266162,0.5548920702666027
0.43535205834718976,-0.3967187501831503
-1.1609642259000903,1.4776519138187791
1.8032404398795607,3.9020584401100984
0.5620047776262141,-0.3368372583508746
-0.021502605828746555,-0.4316866664406536
1.2983862925128469,-0.31276956256091587
-0.8126075646062383,-0.38830041929511255
0.29974332465036724,-0.4094526699803891
-1.3789265916349152,0.4642774237496438
-2.3816718374576813,0.40441720519400465
1.3380573799320838,-0.3285327145674621
1.6192597583821984,-0.28508568815047386
-1.5170843201648736,-0.5029185055148059
1.6123713390260739,-0.299151712154879
1.141431611043671,-0.3442745513334024
-0.2953765948400797,-0.4661667913326878
0.16495488864272898,0.5746706366431564
0.5842437633223351,-0.379573633640524
-0.09725056378078367,-0.27191212152444355
0.4914764574193862,0.6124404167365526
0.3788467588074739,-0.34206778244452746
0.23473152500277308,-0.21789876852827003
0.19568138848386837,-0.41355868122760814
0.3440113195490096,-0.40069690516195566
-0.5254309450300687,-0.49328720648294494
0.37443688266281316,-0.38538569626458746
0.7511859364294304,-0.37757012068157925
0.6290454314006371,-0.35820824948340063
0.5140414973578827,-0.40529692321472877
0.5108076565149946,-0.39854068552968785
-1.5656315163895849,0.4421017850481455
-0.15846420913279735,-0.4151213126817198
-0.2352892448516583,-0.4442904305414082
1.0928426081035165,-0.35632165640091007
-3.1263603228424652,0.2832566866230811
0.033690841061525915,-0.46218358720355074
-1.4116566514655267,-0.5676671011508467
-1.0110093126751003,-0.5024819394562539
-0.09401532254984965,0.5532181346946287
-2.098484531846255,0.3635136141625908
0.2955693897352329,-0.4035165042834374
-2.862732967396725,-0.7218550019326736
0.5114961884977337,-0.38089678736535065
0.10651843000866999,-0.41801888826035727
-1.0901913321526722,-0.49836869742045137
0.5569425673268954,-0.3848712956560665
-1.406267754839463,-0.585359285495643
1.8766826726178178,2.9200005653885914
-0.20409739321552572,-0.47579681960775866
0.38201347651686507,-0.37009882041135794
-0.6423042536130393,1.2053696577979447
-0.3519110544654833,-0.4817350775887164
0.042935298977435025,-0.4184655245074684
-0.4951867973506523,-0.49287038305590436
0.5971688043858443,-0.3940042407640921
-2.191313108695863,1.3155006048063027
-0.24339359535597122,-0.48165024855817407
1.110748384867914,-0.33484878991246747
0.4834963644726569,-0.38135993976428606
0.6118962624031966,-0.3877961936007676
0.9079338771513489,-0.3593380078915645
1.368705391570772,-0.31989287012094
0.3652922177289109,-0.4126085715585036
-0.7539390410948322,-0.5138909873937846
0.16704221604559322,-0.4315432434619988
0.4219780682893611,-0.4036022159008091
-0.3792774797324042,0.4710284815330125
-1.4875151525017136,0.5498961400226333
-0.5402637362694799,-0.5221352472563392
1.039922390328518,-0.297468672736981
0.06450771247528062,0.5567769404092182
2.022538744240096,-0.26690849191861943
-0.7637114331973456,-0.4603402203093972
-1.5758515408645248,0.5355238449854803
0.9192789970256484,-0.37297627016906
-1.354455943402815,-0.5875639227287739
1.524317854161362,2.886661492325531
-0.6065529440133487,0.5470431063200175
0.7344930236724121,-0.31394122005042674
-1.4824904542133397,0.5507136564234236
-1.573683503279353,0.5358765838330065
2.251924462039147,-0.2306261682346461
-1.56189868553541,0.5377939689640283
-0.09725056378078367,-0.27191212152444355
0.6350495571430783,-0.34317227045767873
-1.9511910942747566,0.4744562498448561
0.6084981069305686,0.6391557633007733
-2.1396230269372984,1.8291840554894059
1.2694229030409692,-0.3244577872444442
0.6520995382122253,-0.33644035887895585
-1.572892772625707,0.5360052353939289
0.9678637967758331,-0.30607235431867186
0.7046413209212142,-0.3246062520989011
-1.5003157117660868,0.5478134941527056
-1.4863970907719053,0.5500780482186596
-0.7402705806210487,1.841144068516877
1.417601575426237,-0.31151751137526884
1.454412949912198,-0.2958260152762291
-0.8701492750915556,-0.5498894846984872
0.10253243542611354,0.553327358620627
-0.30412188896552694,-0.4873203164265217
-1.613424443591506,0.41269191525763593
0.639788161631677,0.5982317790445019
-0.11988452401252725,-0.44457135610138426
-0.8934048576268941,0.4635763322795153
0.690357736670689,-0.346646955541234
0.28525544546485765,-0.43330770477096
-0.360396782698931,0.5014682829889721
-0.4079911450942978,0.6151243604998673
1.5937001598392344,-0.27299756255788443
-0.5644410600540215,0.6062009440069419
1.6088846966766888,-0.2914055064878326
1.870710829112392,-0.272688189353941
0.5669050798938111,-0.3037604803037665
0.17050783277220835,-0.33945292658819226
-0.05267392220388301,-0.46790448800340845
-0.3885431197297488,0.5219640797948497
-2.9658356640269647,3.0184243885409154
-0.4555246556055147,-0.4737609170414724
0.07083230180588435,-0.3264667416995792
1.1146506298065355,-0.29827393849061834
-1.4470569092783778,2.122440476549493
0.6536871858741785,-0.3902151241055838
1.8700215905095943,-0.2858110979246262
0.9474579563458059,-0.35497002048130094
0.9354853430970288,-0.3596827079980891
-2.6872825184172187,1.3127637287392184
-0.33122272331924785,-0.447456219917671
0.8837330141582067,-0.33581357849472926
-1.6819167570926343,-0.5297366770421357
-0.09725056378078367,-0.27191212152444355
0.2729921206707015,-0.4565226172773023
0.39914325967424513,-0.3958742714238821
-0.8302174197774932,1.0460093289883505
-0.4591896953525536,-0.4878955186523677
1.6859271244167895,-0.23662248026181876
1.1835016850898843,-0.2931892855705885
-0.09818316344467085,1.884969350707178
0.28836669707522294,-0.3970327014268419
-1.1125940120002342,1.0732896711735411
1.163907349721423,-0.3080927101350164
0.6899501167033916,-0.3817730191077197
-0.8342142176607197,0.509793945701173
0.6267361193588179,-0.3422851924105455
-2.158977688625003,1.8260350597779502
0.32209284144003736,-0.42611791797475246
0.7734130043469376,-0.37832263695175383
-1.064602243160591,0.4119425663016891
1.6775342518648497,-0.2991269109108346
0.8663664431035897,-0.2449430405657812
0.6768851926618918,-0.3748482762438653
-2.037332475942225,-0.5875626722726427
1.4235434499241741,-0.3203344103295277
-1.840007025183058,1.3843354116136197
0.03439877898538512,-0.43845521737599535
1.149381643956106,-0.3194817753264987
1.029689480210688,-0.32125593405662617
0.1813183063185952,-0.3348098488642377
-1.140512560535034,-0.44165043091534223
-0.6236363630615716,0.5991401880216849
-0.636719112547835,-0.4171651781672048
1.6080930187962919,-0.3222302824629875
1.7186764174602966,-0.31368287509482196
0.9608875388558171,-0.3778702407150006
0.14948870732830966,-0.35684227618502984
-1.7321826967332452,-0.6437712531049995
-1.3702619205102144,0.4113035428846053
-0.23192482357974187,-0.2938235697012821
-0.7852752160164207,-0.3838534571171054
1.0817773762799723,-0.36276505962702793
-1.632841031502189,1.719150433941229
-0.13003029991470283,-0.5162158888690667
1.2334685305991682,-0.31799685889638307
-0.25086711378255405,-0.4130507004228749
9.589163025881039,27.10695040252834
1.2871412115895955,-0.31364933009732077
-1.1826506934730068,0.9992305731762691
0.8383836575256368,-0.3697717682364674
0.2311221957833997,-0.39472461167925527
-2.0750314670398473,-0.5936962830382617
1.3332177882476728,-0.32020579684507977
0.14490672227487905,-0.2939394543454167
0.6909642295913607,-0.37947872226012064
-0.9254688001690532,-0.48665807918542453
0.4873914733616723,-0.38654863331494715
1.0931200458854584,-0.27461049002710197
0.13761885287530864,-0.35153263554696573
-0.641795788289809,-0.4474874639736292
1.4777881305061604,-0.2678174738847274
-0.8976757259155929,1.0570594845945054
0.5450245028690203,-0.3937339785162888
1.3145551368371184,-0.29232371899838505
-0.6578260912916079,-0.5207871865875024
0.2251303905226363,-0.41936663354250847
-1.3607663389024203,-0.538911858875413
-0.12401115382894759,0.559595115555544
-1.1322029185118205,-0.44029845548342583
0.6653457627408201,-0.40354705804082963
1.3054794512422994,-0.27308163954349673
-0.23333046031626103,-0.29405226623582165
0.6532146661267152,-0.32111559630457204
-3.597110448762454,0.8197087260983856
0.5794208582268692,-0.4047578564403424
-1.8085839445836924,1.0782485175026013
0.20306921668465602,-0.46555130163779973
1.5098175875393478,-0.32213804226685483
0.3665704015810966,-0.3376228482764474
-0.34271726648408063,-0.332324864612264
-2.6343899060611893,2.6373896235192746
1.7002256221428365,-0.2899478055082959
0.3187475129397955,-0.36103441159153643
1.8631025262692416,-0.3162879800724793
-1.360705456591942,0.44588473665683365
1.5449969206586818,-0.3034457880046504
0.6873516934061945,-0.37337388034178015
1.0368406835337671,2.8268325340996294
0.6053811332102009,-0.36214568807136455
0.3704017085700751,0.6266761860064248
0.8750316910873062,-0.33389869643991443
-1.378599270190307,2.0776564136934645
-3.1530947538160023,0.2789070054019748
0.3037677381367198,-0.4156843757492221
0.9648583525989696,-0.3669561467764793
1.3667448993865414,-0.28568062027051416
0.8632315969475127,-0.3792153386736321
-0.9509165243598621,4.635936088849371
-0.4034607797687711,1.138274765460143
-0.37541822354233634,-0.4866269188165158
-0.570327732648842,0.5426110860147207
-0.29205286759648685,0.5918307819232969
0.5725737038962888,-0.40757220902563923
-0.6236363630615716,0.5991401880216849
-1.5166396167379905,-0.5028461524452086
1.1360825309067129,-0.26688343308191964
1.4577715718117275,-0.31769596959457425
-0.8209363661588254,-0.44258367587389236
1.0754844128523384,-0.32140757845993706
-0.22562562650561102,-0.4156511455748875
-0.34894969953237104,0.5320780361907345
-0.9277470614142866,0.6409701844407699
-0.23234713899057957,-0.2938922802496279
-3.0754363161988936,1.6769276078099298
-1.1602555949464415,-0.44486261471352967
0.7526493503088036,-0.40637969506275684
1.0710783214997293,-0.34086552663871184
1.4765756882891958,-0.32527792488111856
-0.23286809622943117,-0.29397703978391815
-0.9806676626236115,1.445269240628702
-0.2328340400492659,-0.2939714988570335
0.9436860526860644,-0.39715544156232063
1.3839512791287663,-0.3366624857837447
0.20600472017107013,-0.43230578275794873
-0.4277195993923628,-0.3666301189472877
-0.23281062922414963,-0.2939676899251553
1.3299528009519046,-0.3093342331872598
-0.5003138122767066,-0.48011763150585585
-1.0406594208169764,-0.5521435531988768
-0.32920198718305793,-0.4171039864100193
0.4111474979497927,1.1652930226515064
0.48377320993172557,-0.388213354621525
1.6370948464806372,-0.27971395808174704
1.0092352250077419,-0.35798097137344187
0.08398289580182255,-0.3855216860134277
-0.2321433163051746,-0.293859118380276
-1.2324064868949733,1.06696819274851
-0.2888741574588828,0.5364767502334689
0.25341856491830045,-0.3604083387307736
-2.793637191719124,0.2759643805529835
-0.20144971465494144,-0.499129848306621
-0.6737574388436595,4.659305544287165
0.16910293839976803,-0.27611894022089456
0.940708433247374,-0.34253679972470447
-1.2851240687964043,0.4167997354459426
-0.10791534375577638,-0.3995658631618901
0.5230430063437762,-0.41438630732009407
0.5707702661144896,-0.35301455766772655
0.7196039540111071,-0.3968793858174993
-1.5824914980830853,-0.578465737414108
-1.224116189373969,-0.45525270787186384
1.0214181703505751,-0.35293787585130126
-3.6172847941769706,1.8644301219638935
-0.9184383211247451,-0.4055190410304949
0.8571630181165066,-0.37277217071259505
1.3560636054614024,-0.36418697981090065
-2.3096738240271835,1.3771569546274478
0.9092813784703838,-0.37200138546082656
0.13146692976290458,-0.40865598151379007
0.5828979299252363,-0.38374839054518833
0.8301277720818477,-0.27617899018946584
-0.7562228642037805,-0.4200774686753114
0.48647677156418634,-0.31684613388408783
0.538306937335502,-0.3889732035576179
0.27797713234277716,-0.47329570461097986
-0.7486812088881903,-0.4558567752241676
1.530329222156844,-0.2949677139664531
-2.183208103890383,0.34539848988096333
-2.558500670581032,1.423650978597542
-0.07635696597217934,-0.42239976802472357
-0.8059745053678635,-0.49966916035213693
-2.1708891724275445,1.3688815401120136
0.5040861468212166,0.6439404643036564
-0.7819078602345537,-0.38330558967890677
0.3800042534740954,-0.38176337563765117
0.5442266961076532,-0.4029774571035405
0.6764486711703627,-0.32529146609171417
-0.3183057673238167,1.1584119118342378
0.9279937776333127,-0.342090124694092
-0.21138905416939363,-0.46266812529585205
1.676204144653576,-0.2512340995665082
-1.8939008431384148,0.4308491868798601
0.873221772743988,-0.31853906292221157
-0.7036584564368621,-0.4181168699088368
-0.301323209475182,-0.45851341402843204
-0.9549538105325728,-0.45900252345962056
-0.17967269160819516,-0.3467483950976021
-0.4622415890486975,-0.33129601527747177
0.06010357732073853,-0.4184093730984899
0.7065671408268392,0.6283302677979601
1.173704947353369,-0.2733615401886897
-0.21769411032277913,-0.33245905592133784
0.2337334485806729,-0.39885333763188374
-2.6424913720243497,-0.6860217824994277
0.680210910940387,-0.3887292465954508
0.8142895814253491,-0.3761198503469729
-1.059823270752018,-0.42852231575699085
-0.04815100185655858,-0.38175731657251993
-0.16033970169650258,-0.47327687007915353
0.061556765808265794,-0.4408312564085747
-2.7652745088844117,-0.7059985497325655
-0.7031076450127036,-0.3704848261957081
0.20219546869470922,-0.4121069331464254
-0.013535742064926276,0.5413665666400954
-0.28904024947958995,-0.49671791668179655
-0.5060375700847903,-0.5260253117811111
-0.5300726978001224,-0.43621109099880356
-0.9243929611496069,-0.524863562053801
0.47265871130192094,-0.3573331703765457
0.11947842538242204,-0.44166298217116506
1.7633920965375374,-0.28516789704863765
0.4367706478345096,-0.27890606556469827
0.32494221068288137,0.5921415563860908
-0.4154408813335859,-0.3236815588604114
0.5699034491366145,-0.3723342193652852
-0.841810293978317,-0.3930516916779253
1.0413973548861328,-0.3050316735546735
-0.4555783937091279,-0.3831400799612288
-0.16460768538866752,0.612063957560255
1.0970400465357628,-0.3421281510673392
-0.8430582618150463,0.48586933076955524
-0.3122755883898066,-0.3068966069820015
1.0717151387114177,-0.328265746606975
-0.17967269160819516,-0.3467483950976021
-1.1079757449829326,-0.4363567040452374
0.2717966735054881,-0.44782795760761557
1.3633258264859303,-0.3300153596685252
-0.3183234878172391,0.5504299065772971
-0.18073453966311148,-0.4929751600797724
0.5611706239507438,-0.3724771755410987
0.214481547071789,-0.37324923844083846
1.3494979314868374,-0.2789553774816917
0.7263834572507123,-0.3715842288090297
-0.9897532483694473,-0.5165910979057142
-2.031026651144927,1.963592752765164
1.5670867229570387,-0.28679641992698285
0.4367706478345096,-0.27890606556469827
1.0680162115422793,-0.3581227097785132
-0.5816025547537239,-0.4679975094347907
0.2806601017601849,1.1693295498953777
0.7189134193679505,-0.3685657656239418
-0.37395697369253567,-0.3169321436877827
1.6275436482159664,2.9043161338424706
-0.8529222112127279,-0.49221786150421243
0.25355614790140496,-0.3902294680313866
0.9130711435344719,-0.38743186407207586
-0.4079161217841111,0.5677351414074938
0.5508111347104919,-0.35616599192940185
-1.7966660958348377,1.6390553796801954
-0.9621311820351148,-0.47405407837449937
-0.028462879582992377,-0.44118616567389246
-0.17777595072524963,0.5306316646453932
0.9298722739020724,-0.3578255757465764
-0.9465059321251938,1.0340952705521993
-2.812532138511632,0.9473593032123458
-0.1119598854439462,-0.4517316174463912
1.4551674049456766,-0.2485767559335917
1.2070175505631382,-0.3146624066801484
-0.2550495155700024,-0.29758594783431463
-0.5571794399084631,-0.508639182793528
0.15675566168466862,-0.4011643389293367
-0.3348704610125426,-0.37859061941692806
0.687499797342074,-0.30074463199053575
0.286863889194576,-0.328324819731331
-0.43560714427703673,-0.47517189776859386
0.37756608494986743,-0.4065993538454366
-0.16992564593466608,-0.38216888551775025
0.2696142845782625,-0.4312303399713104
-0.9562104595365084,-0.5608361414374894
-1.1806584583520356,1.1010804038176358
1.2565504186591514,-0.3249727406775224
-0.9001299292521032,-0.5533687315863524
-1.4062233973024845,1.1437124175330715
-0.1622757420854435,1.5420472852470366
0.4367706478345096,-0.27890606556469827
0.6698277585481822,-0.3833380484483909
-0.9505873786751449,1.1552121167156626
0.5181355352404683,-0.3838416371363586
0.7923626636181658,-0.37734008381769196
1.7342283413243138,-0.3005901553533934
1.0512691186160625,-0.3190916174062457
-1.4222787195410902,1.405057111590121
-0.9901815359032966,0.5103625992471308
0.09674060917602317,-0.4000764496642133
0.6379435659932073,-0.41377243885200854
0.10147980956114017,-0.4169322166741218
-0.8120888277541836,-0.5013132100226889
1.279453549686344,-0.32057922105132275
-0.648460126842079,-0.5501610192157059
0.5041339212290511,-0.40313271340193885
0.5118967919726053,-0.42378515006838685
0.2755683981462875,-0.39726979109349037
0.6624196583686925,-0.37093654314943664
-3.077430951172239,0.8837849636105973
-0.32295508557486163,-0.5170974112736337
-1.2219628197637973,-0.4873551106109646
-1.015183852366101,0.6267442535423952
-0.5406929798013398,-0.47423350133280084
-2.3141814213073926,0.362469704994989
0.5418129313096447,-0.38667542776754704
-0.7745257647210299,-0.46908257802457864
1.3253567352501587,-0.31493568016998075
0.9271146107232965,-0.36019195494898854
0.9019670579267461,-0.37023518541999956
0.5092874537841766,-0.38498683530832023
2.122731767062742,-0.22722726728134102
0.2840002187223841,-0.3752588728157541
0.4367706478345096,-0.27890606556469827
1.4645142798012665,-0.3291115034234087
0.32086171506174255,-0.4173459783760944
-1.4556525051784368,-0.5133989825857526
0.7870447513364082,-0.32104425180125373
1.0734665175510598,-0.30609846753768544
1.1860580282877748,-0.3491324899231049
-1.1955122410829322,0.4979357501094587
0.06252314089852914,-0.4223819699448529
0.14503693440412982,-0.25296745131181986
-0.615217848184268,-0.45242861612602076
-1.324890303763755,-0.4921240247425516
0.4685075267238212,-0.380771848010611
0.8999203711208543,-0.3582088865185235
-2.0537991637683763,0.45776195799880365
0.675405876642434,-0.37513989102003675
1.3912533524787458,-0.28152925458151273
-0.6294510270267075,-0.438496105952275
-0.19240122219189143,-0.44448914082958085
0.18501148670302137,-0.3039453472862673
1.857153856643323,-0.3031997920304804
1.673530821228584,-0.31310378919631454
0.23032894644472407,-0.43080253899433263
0.6922974255389248,-0.3557300347018951
-2.629066213415801,0.26908138539548543
-0.9829643922340323,-0.6247340057067681
-0.20324665993914015,-0.39059683861501004
0.4367706478345096,-0.27890606556469827
0.6732315784335375,-0.3519087411149338
0.010483048374979733,-0.25438390593834315
1.6674724214650152,-0.3179411932207531
-0.25086772091398374,0.5065403109944991
-0.9652914722999949,1.5108540369841437
-1.5060114093785484,1.475459752777103
-1.86882865867342,1.4624567662643735
-0.3691521462455447,-0.4944371378619614
-2.862732967396725,-0.7218550019326736
0.9854985829746061,-0.31193724887008434
1.6649313942810517,-0.26263581136482445
0.4786517206596799,-0.38548209156961183
1.1225710271816147,-0.34227837031582575
-0.8411682050185985,-0.49961291127469465
0.005685723506155432,1.1126767476709623
0.6867519203519278,-0.32422422058920836
-2.0626006577529963,1.4189527932288297
-0.17514870405037947,-0.42449233400463127
-0.36169135454251067,0.5710475775921368
0.37675722249029725,-0.30657533851288044
0.868615332939333,-0.37432055531055364
0.1648917288025,-0.4343028381447842
-2.4438793967460932,0.39429606019131136
-0.8058198688454922,0.6608076898802407
-0.20141168239238694,-0.4570506357386894
-1.0383774702682973,0.45448223467616256
-1.3173782945718921,1.4443379124203461
-1.8444279395343337,1.0109904875093725
0.46270840422767884,0.605035177191174
-0.36491421506959487,-0.5033723071206738
0.6177570557972138,-0.402061388358806
0.657238271887899,-0.3924747057024667
0.7473136288628055,-0.3734089050836116
0.4525315828947226,-0.4039285686493364
-1.521577201138458,-0.5036494954512968
-0.10113327419846796,-0.27254383695566076
0.5709385711920715,-0.40714992266923783
-1.549369360598915,1.4414422439192887
-1.4498528446596515,-0.6124294925326655
0.04838295181891319,-0.39700803179670685
1.054950956165953,-0.26594723017254834
0.720766277379299,-0.35906599664739736
2.417165799250507,2.978255485323033
0.6190827448377269,-0.3792669534010492
0.925422331944324,-0.3050875155971195
0.8185124770386532,-0.3685794438044385
0.3139158167424578,-0.401194514526205
-0.5581764701192194,-0.34690458203748875
0.4239486477843019,-0.4044537415750198
-1.2143158870884967,-0.5811958115544292
-1.6079571027810506,-0.5177034708819954
0.44117474450334143,-0.4324441699646637
-0.8554638529816692,-0.3952731202640409
-1.14970456515656,-0.5455230103195964
0.6186551526026314,-0.29346884031688575
0.5146913048965377,-0.3578155076756969
-0.9094329660387563,-0.43650662847463184
2.813968657729097,6.228215009317058
0.14271504239149957,-0.3254915936466746
-2.4005296347330423,0.9939165369203915
-0.22075110149042604,-0.34493377348782794
-2.7652745088844117,-0.7059985497325655
-0.2665632894529309,-0.42619842239515293
1.1535352719233987,-0.3608203217331949
-0.45493175704122774,0.46530774248278345
0.47722802152917326,-0.3952337583664772
0.20090619332623094,-0.41431854474396496
-2.140310117489912,-0.624792502130138
-0.18803095804130815,-0.48380974723010794
1.2087498857483385,-0.3389050688557232
1.8112378068009356,-0.1901234261630304
-1.8016532044910636,1.0793761461422053
0.26832283007465224,-0.39659654002195516
0.8596999979643857,-0.3340058852806928
1.2952158633016824,-0.2861383898507139
0.7834014665045823,-0.36483976620573144
-0.926934517765226,-0.532819955027216
1.0175907674029172,-0.2499883715558419
1.5033999206912305,-0.2525889357435995
-1.4999082911125072,-0.5001239724612988
-2.039393151342841,-0.6083733521218421
-0.9302405175544557,-0.5088784483286811
0.9622296487076759,-0.3523180097940791
0.4064213823884191,-0.4205969539459917
-0.9019755598050103,-0.4028405563516594
-0.1904208538000447,-0.4490905342654987
0.39207639054510185,-0.4388777277480837
-2.974883432842189,0.8799939950204304
-0.7566060936520119,0.48402132952080457
0.5377572071409554,-0.3861062020220547
0.10679802863616455,-0.37861971342284767
0.7308581869603131,-0.31698108899477934
0.04309629469035436,-0.3865546654783428
0.4802333271137974,-0.3241409560569799
-0.3626787255206974,0.5366890394718655
1.3024397623838238,-0.31863974928088384
-0.3404982716495878,-0.46537545275729914
0.8964110642280608,-0.3293751329125889
0.5708704006099159,-0.3657785010682037
-0.06897920752163567,-0.447514406311141
1.1816039704605135,-0.33115177467490864
0.07367691978011442,-0.3807229248207987
0.12837985073370223,-0.4590134586937081
-1.1084960698743636,-0.5588286105596876
-0.7567127920995266,-0.37920636217562087
0.9203726938644199,-0.3544522728911088
0.5729776646638886,-0.33698556519253464
0.25867193352441725,0.6000319064195612
-1.2896514934435628,-0.4659152756187954
-0.5860962661563692,-0.486886009740044
-0.4322245441162439,0.5122261975179857
-0.6632520275409328,-0.36400033318203007
-0.8542506775037395,-0.48205378943089394
1.0327065279975758,-0.37068692142743115
1.0968544902023105,-0.35065068258650667
-0.937066702050894,-0.4085498711526805
1.0582700680236825,-0.33119395043629013
-0.5843139924791034,-0.40408531036511935
0.1776640407514803,-0.3210626068506982
0.12570078573337173,-0.452732619674246
0.10948578774599546,0.6176809477051706
-1.2850306479589213,-0.46516346590756297
1.1536722692954935,-0.3185551555588624
0.10990714395848653,0.5859092244435301
2.4047278344404095,2.9867286042955388
-0.9837361668371702,-0.5258410417852832
0.2115970782969921,-0.3868192072296803
1.344643452646014,-0.3306200734016851
-0.14055060995453206,-0.3364387613464841
0.7313044909192231,-0.3196628206562811
1.0860616254394797,-0.31968667020468083
0.5335871851220847,-0.29303651267799086
0.729135910629079,-0.31692370161045774
0.7690927796146216,-0.3450355050662482
1.6131308966722697,-0.3191524971422488
0.47391979712815224,-0.4593938755941217
-2.9287704053143866,1.2876402250094645
1.9927704100551071,-0.2502455042742339
-0.17267274217765216,-0.3792681335976744
-0.4633704116559018,1.0837828465701747
-0.0842105768831545,3.7325083689849508
0.39301858771414294,0.5725271384624566
-1.605126794214867,0.38457554049044124
-2.5012097151075907,-0.6630353134555979
1.1441112659879653,-0.3497645715957969
0.3613327495143453,-0.3673241052514945
-0.13687513277788554,-0.3850247102573228
-0.7258081853413609,0.4815580108190798
0.1079070512953251,-0.3855446333146189
1.305019324208218,-0.3343232127183061
-1.2653484920698432,-0.4619611870205969
1.504398910900337,-0.2969677277100582
-0.39347236230950255,-0.39806443802935265
0.7546923203320399,-0.3442754780620015
-0.3198409630357282,-0.3980619851593333
0.29238181090998905,-0.4121561181904253
0.6239182735768705,-0.3709614609537767
-0.3028882419819182,-0.4705257629580283
-1.7988182377666224,-0.6016846650665566
-1.6801558544647754,-0.5294501788892415
0.5365563530424514,-0.2711690337178137
1.7252695628591732,2.8643945416278553
-1.9919058020071008,1.080874879772485
0.3045213713500892,-0.39872335791885827
-0.44882908446939984,0.5460172282058557
0.342405495111394,-0.3232327093961965
0.7851218682448609,-0.37095587818998155
-0.4290351222974046,-0.32589333642523205
0.3234775767633283,0.5968385188196345
0.001769345876804102,-0.46349153962872813
-0.05192288333369657,0.5956572249361467
1.5815339359163987,-0.3026274242627814
0.8080632814323099,-0.3886523423875601
1.599448850311857,-0.270240095879491
1.2134351952186104,-0.344016779653824
0.1076810303936325,0.5789946988877157
-1.9595386219090234,1.7935782058973977
-1.928107900750468,-0.6022446327101874
0.9404261081730422,-0.36708592611999874
0.10866223051098042,-0.42108853260456663
0.12486475453576748,-0.3862422611340633
-1.2445644376958698,-0.4585796296910838
-0.1776514971918366,-0.45837100629418204
0.1956187851840544,-0.4033164432347218
1.1300558239140297,-0.3215738830139679
-0.45740950417701487,-0.33050983700249914
0.24554802260004516,-0.39463691712517546
0.8187149129347308,-0.3604738978189216
0.5662514337964251,-0.3567517737619506
0.6189641535304112,-0.3956919008469291
-1.0394573744366256,0.4772450170962422
-2.4065764178515927,2.0614118903041794
-1.5790567863147256,0.4480243005017351
1.5848676474496064,-0.2462192918099213
0.6726650020638556,-0.36080830512004297
0.5709726847310498,-0.43007122027401434
1.4255590051936244,-0.3213728068159064
0.525743806972396,2.752162334745719
1.0729579892724297,-0.3226132366388222
-1.3774095919968954,1.0954722482268004
-1.0555258940809917,-0.4927286445182196
0.9269362715104413,-0.38402288119454836
-0.4429699916951314,-0.348635942886078
0.14535764908686788,-0.4337723049642914
1.7902774110011015,-0.2665935074647147
0.4386876068145223,-0.3843477577717943
-1.1478889320664387,-0.5265430361844541
-0.649593043572505,0.5706654692192284
-2.5648393563432097,1.3326851822107126
0.6673249716383244,-0.3619901606965503
-1.340779396517153,-0.5668555452087574
-0.10470483583750473,-0.45162291703265967
-2.159546266524515,1.8259425523812267
0.5916242076652491,-0.4285608372860721
1.0601786885190543,-0.2954025326618075
0.14271504239149957,-0.3254915936466746
0.08484547743586265,0.5898655043505383
-0.06454776156114206,-0.319519552589054
0.911546765721696,0.627286924153318
-0.587871521858145,-0.49663664732610335
0.3411146792106987,-0.42718674641435606
0.19877492344516595,-0.41965670510491604
-0.3659550993660464,-0.47813614812560795
0.38910923440736855,-0.398943928204033
-0.40909910708376296,-0.5099425148165064
1.5216755435447478,-0.31174440500427614
-0.2855251008751407,-0.30254431336807885
-1.7309875941768356,0.510283271192193
0.5042115367902218,-0.4112420835377402
-0.48887787105860625,-0.48181496019145653
0.5021607777863005,-0.2424059718182361
1.0935144819413862,-0.3308955259542029
1.0259553523567937,-0.3141065729609823
-0.9095516734247506,1.4769252904942252
0.9101659596434127,-0.32014843571933765
1.4171522965337184,0.6726130696621837
-1.341940021094967,-0.5881550755204562
1.1778241581124296,-0.3388273350552207
-0.011734793077704336,0.5048906851383379
-0.37224855965117065,-0.49319422098553484
0.2334931151623215,-0.29386827323113585
0.209789346306619,1.1736581070632905
1.351570461902402,-0.32584792572292137
1.3317513670907033,-0.3168982247218866
0.7101898702284943,-0.3305694613925519
0.6518531404493442,-0.39420625602433845
1.0476881809273406,-0.34545499992754813
0.30549617951345576,-0.43367598674520697
-0.16957238145416503,-0.4883751888995412
0.259163226240401,-0.39206880036179914
1.8890000935371645,2.997853342819689
0.4942164987896362,-0.42552414048296017
-1.2128634366301156,0.997842880970285
-0.6693445698122409,0.4883767890092883
0.7279371528005402,-0.3105271296868942
0.3212069212023103,-0.3819032214707786
-0.0012839199523630212,-0.4340862505651253
0.839457560971348,-0.3876639360025973
0.11235730652661974,-0.34891399393831674
0.215979640305019,-0.4064157759696153
-1.5132354353194224,0.4301511976848409
-2.3207951077427826,0.33242018961309494
1.5052098641502236,-0.32028362561909285
-0.5400966827692867,-0.3439630078706235
-1.0316008854004761,0.4627983045454323
1.3789889415963255,-0.3104905841472775
1.0284130131113534,-0.37552901485894463
0.3880431276183684,-0.34483859469081507
0.9571970142615109,-0.2951109463926151
-0.8841320171379297,-0.515497681715965
1.4027441590895111,-0.31634066935828753
-0.6057863785812471,1.0518666570129063
1.0758910328604945,-0.35132369706643457
1.2333085606658962,-0.29635517382282894
-1.2802295285981415,0.38532224108837
1.4997608665986415,-0.32057280663190124
0.8550000264668756,-0.3048416854838627
1.1505623041481299,-0.2710877470970185
1.1505623041481299,-0.2710877470970185
0.2830515511938922,-0.3951687868378384
-0.2888856641375838,0.5048834018033141
0.855805621862514,-0.3577917034243134
-1.3596994176375083,-0.5507156175393874
-0.5655700784021384,1.4993639113704134
0.3531389022696468,0.5794866989611167
-0.7497043549333279,1.0688194200587384
-1.4910773282512273,-0.6053528655512168
-1.5143353261536066,-0.522946654075372
0.57757598682398,-0.33439058300688634
-0.06510966986272693,-0.4222941331285581
-0.2980882191992196,-0.3045883276920371
-0.0019642667376965953,-0.41450174129323963
-2.2108119559904265,-0.689191286940629
1.0283049214335167,-0.3532922545010844
0.12392486967574531,0.5601869222730012
0.1162370778014043,-0.3550114417951683
1.6839347373007694,-0.29495614477294546
1.0652334345926513,-0.37640782075021934
-0.5503858865278362,-0.43694574255014457
-0.31817439443626216,-0.4504836211097481
0.6673145959559869,-0.3420716765706732
0.1711429441165458,-0.43872383400163784
1.4411421271538685,-0.3247306846370797
-0.7760311620680156,-0.5027989744174958
0.19705166904642046,-0.44083752669736315
1.9867340330561054,-0.26826883399043977
-0.45044396932589625,3.724517659176048
0.5431841150937702,-0.37390349841760784
-1.1157667923218948,0.610379449461753
0.5098024811717794,0.6247470997531634
1.1549746406700767,-0.35368239630335957
0.5232056178931817,-0.3908482675391279
-2.3646518872420623,0.33378277159799236
0.707110827057437,-0.3075985492627253
-1.645071636213344,1.7377234535457682
-1.7338109071891326,1.7600736115823796
-0.44130803752011505,-0.4680543419552498
-1.658710978313663,1.7562438896100574
0.7618393706163411,-0.3086034992143794
-1.7161385618720078,0.40373054953281967
0.808091718098008,-0.35148392202920253
-1.0671739551226673,-0.42971826916258016
0.15244435859617197,0.6219598723589334
0.6439626360189682,-0.4101358395482599
0.36250184503111943,-0.4233607546642743
0.6708828136097643,-0.3920887839139648
0.7805995514119561,-0.38347076739604463
-0.05559982385695995,-0.2651355628061687
1.933506323027687,-0.2515920698121522
0.43711223784108677,-0.4058916195284959
-0.11903121818747567,0.5314543500957798
-0.7901635353055627,0.4602316890646613
1.0430115471275774,-0.3099906211805864
1.620874611899263,-0.3232053595430604
0.707110827057437,-0.3075985492627253
0.8655549822474035,-0.3181424337943936
-0.32589742382422215,-0.30911287415614586
-2.3145603080495585,0.980836693840844
-1.7791835142729415,1.7289064856643608
-0.8998175426308195,2.2780432057289457
0.2000524380185376,-0.39102802455460867
1.20098402099519,-0.30033208415432583
-0.8687392072664504,0.46461002441916865
-2.0921637509417725,-0.637434516345572
-0.530395284452348,1.0828532239293012
0.3083054263378278,-0.3948428854997963
-3.0451347718233004,2.2486937072341973
1.000346767071683,-0.37471718919049735
-0.10803033076615198,-0.43543946295746483
0.7945080493462352,2.816679277843251
0.20446636192813225,-0.38616096588444343
-3.4434998261639045,0.844701112924974
0.837312917730158,-0.30290055585501385
0.9273551118887033,-0.32802010300763845
-0.6751543319326372,-0.49918658889792966
-1.673316588739646,-0.5858191727295285
0.7133508418166694,-0.38477976062526004
0.6339661910714449,-0.4148143776850234
0.6814658257650432,-0.31825727881614024
1.5470634885582477,-0.3202989291328807
1.086474280138925,-0.3357154966012908
2.5013401535294975,3.0234991567012854
-0.0461704775811685,-0.3250276382988405
-0.04179119488257472,-0.448188252900452
0.08032935943301653,0.5562452978369787
-0.8791792251751831,-0.4196070106159082
0.1285207485748114,0.5882513420943732
-1.3224425098868862,0.576753392919126
-0.6347782322935114,-0.5180150740387723
-0.07500471415041632,-0.35198520326442706
-0.5904845991972868,-0.42017893741075446
-0.26537093423598324,-0.4528276488920179
0.4595931325729341,-0.4056947215121143
1.9126251643308505,-0.30404743660162004
1.2129287317835653,-0.321407812907383
1.1000850444509847,-0.33389017702734625
1.0815122596924787,-0.3683786504581709
0.9372334988248796,-0.3731877632333103
-1.383190601708262,1.802894966600035
1.3546288157578192,2.951513953825912
0.7307748436270585,-0.37564233607650876
0.8011594961498261,-0.30437915189245784
-0.7279092281949813,-0.37452003385464216
-1.153296914794592,0.5837979047676963
1.5751096420238524,-0.2911791210879402
0.5052269400681463,-0.2608673250726267
-0.6404841708575061,-0.5396923550956105
-0.7991902387540654,0.5335713118469528
0.18447947562029962,-0.4415088269412356
0.3906898840004272,-0.42903066814492147
-0.8177176615681077,0.5309430538614863
-0.7787787002454142,0.5133237146328732
-1.042942644031768,-0.5170845298901326
0.9473438520625662,-0.36055292942639167
-1.097729119890751,-0.4346895822431203
-1.2783931537747586,0.5839202055313862
0.7498958583701689,-0.37488728618578293
-0.0461704775811685,-0.3250276382988405
0.8048483095918127,-0.37119005781367104
-0.5028395644961444,-0.4383718804506608
-0.3137186212304397,-0.4677710037683747
0.7609952538147888,-0.3365354355782345
0.9696774117300876,-0.3249060666987094
1.2306198477499308,-0.3043648713539042
0.6363921311050971,-0.3708712423872495
1.7514465078672612,-0.29181001695442216
-0.2717144811262712,1.109319272931081
0.8228639197101006,-0.368781766705998
0.5524655082846422,-0.19865633170853628
-0.5266151875316374,1.0724680164817428
0.9454359805896203,-0.3730281027272127
-0.12429190023795822,-0.4245210321421181
1.1870055712253378,-0.3525132424851344
0.16842823857567726,-0.44537923257959217
1.226645068820484,-0.29915225157499237
0.837312917730158,-0.30290055585501385
0.8011594961498261,-0.30437915189245784
1.0635270636001084,-0.2646784097722924
0.33694353081651424,-0.309489687114803
0.6938111785045193,-0.3785787934109004
0.2785747041722601,-0.4477503480688814
0.567409385019093,-0.3927871086989865
0.5052269400681463,-0.2608673250726267
-1.2896769024756716,0.38761194518141395
0.6886649817764712,-0.32750367904492045
-0.3674682416251048,0.5079400841116157
-0.48279035107811286,-0.4786515017589819
0.0029494949152212243,-0.43698039396662414
0.26546869429743336,-0.41024875878203
0.10165333669197577,-0.4231876553700098
0.38404159701618706,-0.34122258434678254
1.310096763827352,-0.32260387626298914
0.8060686783003798,-0.387862619435732
1.1050451977337796,-0.34087905770345384
0.8335885986011804,-0.342706875256832
0.43165983444467537,-0.4169199979184128
-1.9354027351549004,1.525028763346951
-1.1401827359333505,-0.4620721773707712
-0.39847391689266665,-0.3209210405355255
-0.9029293574120933,-0.43544849395361573
2.2285221117348866,2.9873564885790183
-1.3521400471709981,0.5514462067008948
-0.0461704775811685,-0.3250276382988405
0.6179432914881466,-0.44890136845201073
-0.09401532254984965,0.5532181346946287
1.4877590010574713,-0.299358014591268
0.09829339582577981,-0.24009719754706915
0.857667157820692,-0.29248146066365477
-0.2679992866133776,-0.47949480023351077
0.8509737041352394,-0.2822365650887813
-0.024443906272168584,-0.45416888359150503
0.4425854466672971,-0.4190098341654408
0.4563384544787197,-0.4213969383868251
0.6466198928026407,-0.3694612187296853
1.533602031412261,-0.2595595581215667
0.7652205542117471,-0.31672008299587856
0.4301428824000141,-0.41610610401238457
0.7179261630089869,-0.39661236721770843
-2.4226571973055546,0.3977489035478226
-0.3494776819430431,-0.33342478150212906
1.0993327474714385,-0.32160587893980247
-0.7376009831328311,-0.37609687850469126
0.13970604092170988,0.5058116300761581
0.15244435859617197,0.6219598723589334
-0.8566156973703085,1.0772693540029714
0.3843800651319972,-0.4051723534105972
-2.321607667177126,-0.6338141321284673
0.8197261563148762,-0.31755822018550195
-0.7597365782236782,0.481064807091807
-0.8293740955784121,-0.39102832717484076
0.31851047669805505,-0.3689802246438427
1.3522411039785716,-0.2898126770003411
0.9434515983524976,-0.33210843613240537
1.1512483418815842,-0.3710221357614903
1.0090451505752298,-0.3713716515601082
-1.0043957573920894,-0.5014059166582473
0.11336119029476568,-0.25812108220276536
0.6140854846381905,-0.40104912681773225
1.5998231863757817,-0.2730559118293473
-2.51638509581379,1.6428104823190175
0.6815796435952005,-0.35960858913834626
0.5543491564106559,-0.33755688032974723
-0.566483654829799,-0.40968238402403484
1.3116509184193887,-0.32234187756590543
0.13442835647056825,-0.4236216954106411
1.7924154973665676,-0.28745309971932864
-0.5743023154324985,-0.3495282506168973
-0.7956101911962808,0.5754907480165348
-1.7965117320254194,0.975471174492063
0.72077494063189,-0.37862967416880783
0.24263417356481057,-0.42266513883540624
-1.830649442238154,-0.5863881805100791
1.383551383664681,-0.31849845149711714
-0.07220198683201612,-0.4298563719173158
1.248969139307852,-0.3235102961011007
0.29535162217371874,-0.3550474766421942
-2.433742141773667,0.39594538751871083
0.847397146341617,-0.3764247598725839
-1.522352747858791,-0.6266281293091691
1.5337953296894868,-0.31942089337091445
-0.9821661802113993,0.5142825414642896
-1.4615096178702913,-0.5513582633276496
-0.04319620767368249,-0.46292110876459547
-0.5887359682051296,-0.4337782352916544
-0.1648637622714724,0.559149499838047
0.5623242315674492,-0.3743083580333353
-2.317001487059752,0.3673966184098484
-0.3053290425089026,0.5383022359745235
1.3282867394667572,-0.32335724750757366
-1.0766011294201234,-0.43125206664831417
0.3181746379053137,-0.43046109183944137
1.0411097859388132,-0.29873139498476026
-0.16737157879119274,-0.45190751127762524
-0.3175849854867314,-0.4716788789980962
1.0195232086224013,-0.3548770793919695
-0.2951676896638141,-0.4887929659521131
-3.104267688891831,2.382858656908673
0.9828925811794678,-0.3502823287216315
1.7978363375037985,-0.27848684371379706
0.0838437466944221,-0.45723207477286376
1.2049748844196324,-0.3239701014818242
0.27448140521686254,-0.43047405148058565
-0.6417506230717052,-0.47606232589488906
0.03535986977204344,-0.41960229082043726
-2.7451895220975966,0.31282026825860254
0.5719422560122233,-0.3640414702672527
1.6304839413313312,-0.28946390479496803
0.11682255204317603,-0.39654299973543544
0.05077694745458091,-0.37203376059024923
-0.918916447690862,-0.5612081542142666
0.47676849874917604,-0.38876006845706507
-0.2520936737035124,-0.29710503354547274
0.28579949451900655,-0.4034431241876441
1.1456656843998467,-0.32564489595817764
0.9473922739854741,-0.30032003535538354
-1.7537546289520307,1.119621980327849
0.7495899680635307,-0.3564053192351085
0.19342723161549955,-0.4203315319877431
-0.6128822593405903,-0.3882579471652138
0.5712786472384777,-0.3736931240283501
-0.14907055347418643,0.5310461640608191
-1.0308862369727432,-0.4238142719408041
0.8568011714199472,-0.3593736728439352
-0.43851329009693407,-0.5154995078291074
-0.013269986788002567,-0.3521274967255101
0.04106307371499304,0.5832214824966008
-0.5200756889895407,-0.34070560019443813
-1.3038033022336621,1.0810447869968334
1.69218607230626,-0.31453593041779454
-0.7803310663155889,-0.5354463565888994
0.2954035479209379,-0.3846423693104862
1.6520319445610683,-0.2762508485088341
1.270188510894361,-0.3392511594431512
0.8255104510583733,-0.37766768290894187
1.6039143404495695,2.8941891029795688
-0.5042408844415519,-0.43956847849302116
0.05818156538497873,-0.3379320616537045
0.8368503598438187,-0.3686532614960429
0.5861707467354363,-0.32370404128495306
1.4097465498675268,-0.2936417610626355
-0.8928407246293613,-0.46625983254998654
-0.5005415425322768,-0.5465701335270572
-0.12930015296936084,0.5845373953153933
-1.1067381711187707,-0.5356244980232998
1.329439594221414,-0.32154656985044594
-0.720128659839609,-0.45515577364131377
1.3078321804867994,-0.3055744989109998
-0.6701521984164431,0.49013288556169415
0.2265593778817981,3.820458010735808
-0.45508917099962276,-0.43598864752126537
-0.627042854747028,0.5781105444014959
0.7450716016491523,-0.3624517046929576
-1.4945340561151148,-0.6042737531295646
-2.1489148945398924,0.3714533901053492
-0.9940386110110981,-0.4935871938595164
-0.24529129950538014,-0.3574245163439472
1.4271638594767635,-0.2795944180773804
0.12290794779103788,-0.3676728176127718
1.3763634706784593,-0.3113015075550544
0.23068598547493668,-0.3399912475803574
-0.344233975599598,0.589100384628546
1.659743053324828,-0.3071741096146943
-0.27203533054980716,-0.46236917697310875
-1.3099157160166697,-0.5306384828807399
-0.42823865577407294,-0.4241963088497857
1.676205343123509,-0.2512339045759297
-0.5315928820762095,-0.5050853490894602
-0.4515135710224435,-0.4646864844342782
0.8842604318841684,-0.3859937544499706
-2.1797835348887253,1.8226499569166954
0.5057673614297385,2.7515771803647397
1.3577058236748485,-0.3260732270333214
-0.4969312649629152,-0.47735997598978275
-0.24230216409700822,-0.40924443622777273
0.0324828480820016,-0.4452360607790581
-0.8186071755970643,-0.4843614074321335
0.9573637592558288,-0.3745976056106499
-0.980404167399952,-0.41560085942266584
-0.8329769706580405,-0.4673825294259352
0.12885465849695316,-0.4591773499851942
1.06743615068376,-0.3178514882161659
1.6384347756982351,-0.28162610506763336
1.772082398511238,-0.27623519580855793
0.5597146060532636,-0.3943545775779375
-0.28619822242005505,1.1090169382087944
0.4582465727445727,-0.3696983742204047
-0.3122755883898066,-0.3068966069820015
1.6079502532743197,-0.277235221476323
-0.8481145865648799,0.5237528800586457
-0.5724748677850613,-0.49987981057576614
1.1946363254563181,-0.3044240002340549
0.2794928146133256,-0.40442746615150993
1.3200996461307115,-0.32407045722844996
-0.3223986549102047,-0.45163980169301166
-1.0153525678285757,1.0955228509425603
0.2207692768985367,-0.2850759309334998
-0.6903768715420384,0.5362623578418532
2.9783774531143425,2.9914451353688936
0.6765307684376514,-0.3986930759030608
-1.339701722253683,1.0470820063258308
0.9213134825710474,-0.32626580108824843
0.9821557070793937,-0.3690852630664792
0.41214991433707937,-0.42074993983540915
-1.6049285736652414,0.4103435022059153
-0.3940266742469889,-0.5051040771629138
-0.3874030521381565,-0.487011458443092
0.8718989721591707,-0.33215071826843406
-0.6738247370302133,-0.47750460291662816
-0.1625635280848522,-0.4384528115265802
-1.4624188664719606,0.5539792957169206
1.6944355486947993,2.981639808282719
0.022448803539107467,-0.42310760726584673
-1.911687770559718,0.4159779145793626
1.1915462960903105,-0.33452624722105745
0.2246596533711425,-0.4325433818020857
-1.430153219252182,1.4027393440969118
1.0633210399773743,-0.34767897928125396
1.158266754471676,-0.3330642506646292
0.73891276587757,-0.2947896166944473
-1.0556506464567166,-0.49586126715487283
-1.124357879486602,-0.5352654954768983
1.7524688957592929,-0.30123364850610823
-1.1389189499113836,-0.5797002340157547
0.8272016541066419,-0.3622329485046061
1.142531503636835,-0.34191778650415705
0.23770694316165902,-0.42933175307577603
-1.1004823347623038,1.0515466858843459
-0.587421304747983,-0.438640757260352
1.665113798922225,2.903912052038728
0.6510326506052238,-0.3787212674706514
0.0615889360238925,-0.449795767722873
-0.915615028151842,-0.40505969239359774
0.00443138769954751,0.6504844225822467
1.393172037610712,-0.3072182429405568
0.49138671633423103,-0.29608562714073067
-0.644894251612645,-0.4495067748718191
-1.9351634807355478,-0.5914152264235092
0.1333627716427966,-0.4450128993064507
1.6119183072749121,-0.2628228512353074
1.5951307940157369,-0.2668059094144594
1.0345978897559773,-0.310852188931454
0.08999173757785184,-0.4435160500688113
-0.29626657938037415,-0.4840938774550093
-0.3689265853321763,0.5006280753588035
0.2207692768985367,-0.2850759309334998
1.3044099704357281,-0.3227795930177019
0.3170954831510191,-0.2044981854970459
0.7960669460427116,-0.3674263020027268
1.192693190615122,-0.33006080394609477
-0.3377107296424353,-0.44524278044860915
-1.9743468193247289,-0.6097676862588419
-0.10853192520113242,-0.4396657249020428
-0.2803055202595731,-0.45760938653672245
0.6464952251335643,-0.3735903931179151
0.25065325846214626,-0.4433033769170275
-0.06426125554755738,0.5732256077862224
-0.2319513566177677,0.5707161648916798
-0.8796904754159125,-0.3992147820393511
-0.044470324146516534,-0.47693535774591445
0.07685846628591983,-0.3193526679230094
-1.1126040170098326,-0.5429660498501262
0.5784761008892415,-0.260404220796613
1.3397035063834821,-0.2997229585010773
0.7038779807424672,-0.39572126961706644
1.0061873616742498,-0.3678286218256862
-0.1740584809560809,-0.4229900797024579
0.22895747178666018,-0.4025342263857119
0.751649645074544,-0.2883221463791885
-0.775342972395378,0.5338443668732807
0.07943951498860133,-0.34645074808679244
-1.7922718990816617,0.4593615217359767
0.5872782129384045,-0.38478651006163656
0.2854602539837096,-0.36815492577408165
-1.3928412843238003,-0.6117767010187722
-2.4500984620692075,1.6367601462601165
0.8132606062415505,-0.39822900223094115
0.3332171052283945,-0.41972005426107484
0.5555819627835945,-0.43868974851136106
-0.8954820151391233,0.500034462068286
-1.9387548091262605,1.0895225250448228
0.8548555063217737,-0.33340751885775965
1.7620980911122273,-0.28797838694749667
0.6240149078670408,-0.3705144934058072
1.7152102496875417,-0.24450382688781544
0.2928817597715759,-0.4383031274503282
1.8793108171316686,-0.28459223952590834
1.6485782507266522,-0.27537518319587795
0.9986840125919273,-0.363298839542897
0.7837669522776952,-0.36282739729309627
0.7171673465205763,-0.37242624590555706
-1.0027644231596475,-0.480665090445301
0.5955927283106139,-0.45525219073976214
0.5392655555670826,-0.36581310138086626
-1.9526181253493513,1.0872669690429941
-1.5884883922373403,1.380661986975438
4.32243632686433,9.498047638069428
1.2372460382468793,-0.3564350379000608
-0.2650272100934478,0.5373105976946222
1.1500650891812545,-0.33587775921652935
1.0380610568771846,-0.3465025598306004
1.4780086982944607,-0.3097464035236242
-1.5206946181770271,0.5444978542346505
0.7523826311305257,-0.39791636459418084
0.9937469374914586,-0.3628163499887419
1.3111051536527942,-0.3291899776814259
0.6631143631405425,-0.38680698895007193
0.07685846628591983,-0.3193526679230094
0.897838504769576,-0.32697284510754665
0.1637329515903557,0.5488395082930636
0.38267153842790846,-0.3354955406635691
0.610648676809716,-0.3766731258689995
1.2608002321176404,-0.3178823006356313
2.1192094042777065,2.985866723798674
-0.19483245758316686,-0.381667638068227
-1.1471262790200973,-0.46320188905239484
-2.4398844999372473,2.008450251762867
-0.9357700666775186,-0.4612670729954068
-2.406417228768652,2.2060126381924965
-1.3656186961796748,-0.5907230462450119
2.114792283530632,2.9466622202530233
0.7037409932751234,-0.3947350128575691
-0.3024095125860793,-0.443872741186566
1.1801636088453709,-0.3166609364568881
-1.0203997126214202,1.04881612557409
0.6318225278818481,-0.3357259243942879
0.001599512204680102,0.5726556115474645
1.890931213656879,-0.2760246983853729
-0.07769303828932089,-0.4252412001413795
-0.5641944036890801,-0.501931703999213
0.5385086838902085,-0.38311412448001037
-1.3910835796363004,-0.5473237456783145
-0.9915897976285495,-0.4378961657708545
-3.120118170752863,1.669657887954288
0.7353100640194745,-0.36104277697582327
1.1562301657587661,-0.33588130814674605
0.6019423989146682,0.6294811373965833
-0.3610996625104883,-0.46872729080633146
-1.8108553892810897,1.089856300686123
-0.6009771357157222,-0.49479316316729416
1.4703579973590308,-0.2912922588738229
-0.5333411308159216,-0.4532737858071783
-0.9679869196904793,-0.41358057818933114
0.07685846628591983,-0.3193526679230094
1.5768520093623406,-0.2929633836060188
1.4344488567253657,-0.34105831360806677
-0.21982829747967592,-0.4886073325079709
0.963816188814344,-0.36476779428199707
1.3773779550748382,-0.3192195296724371
-1.4959573775903616,1.0497813958303854
-0.5365872051051148,1.075411888349923
-0.11178369141008826,-0.46468174113783073
0.8346283401626985,-0.31760962518599206
1.1010709499895786,-0.35950198157380486
-0.7253320901273519,-0.4150515520946039
0.451023733395267,-0.39858099914120787
-0.24986727488918226,-0.2967427993493168
-0.7762477597234514,-0.4906054646211082
-3.7471853730785742,1.5676343050686947
-0.7098537928738453,-0.48654590102692524
-0.24679537105184665,0.5725693098473016
-1.2045200644448522,1.0378579304406128
-0.4302150768676566,0.5233334964815336
0.6354451751681074,0.6242361305543358
0.2097030315957888,-0.4191359075335886
0.44003132272359724,-0.27443106834355663
-3.7491967834244355,1.567307049410327
-3.8416579281785164,1.5522636581589138
-3.7574150928083117,1.5659699337622823
-2.6946876629682923,4.848933595340014
1.4603278783743792,-0.27390934145463675
1.1184522512731436,-0.3521598048597018
0.64596073838909,-0.40017612937262664
-0.27827686229852017,0.4885174258854432
0.9758538900673642,-0.32569199357306683
1.9927704100551071,-0.2502455042742339
1.3990445907689764,-0.33241591353463623
-3.7512251678978896,1.5669770320681924
-3.7770029323999066,1.5627830000991743
-1.2535019205624647,1.079098292349168
0.47102384343788,0.6011957911436737
1.380077867257983,-0.3212602289459068
1.4680541907540057,-0.3086461614383201
-0.25300624207268446,-0.29725350805395556
0.16859251433551864,-0.421058883193527
-0.14146893258466042,-0.4611693385953263
1.3011364571946955,-0.3290731398508483
-3.745190655127154,1.5679588448811668
1.8314444126347575,-0.28104085850191024
-3.7725100514263223,1.5635139900356652
-3.7886168887284613,1.5608934140520625
-2.2655823262482753,1.329157853503158
-3.7983298115838435,1.5593131253903016
-3.3414682790830743,1.6336443139063945
-3.727946137077696,1.5707645210670935
-0.2847558187489278,0.5404578583547636
1.7149973441831876,-0.2713448297743239
-0.16388247408220746,-0.37899653137000094
0.11282989916110539,-0.4241256534465643
-0.4125735247577317,-0.32321504109294685
1.2871412115895955,-0.31364933009732077
1.4880279957481335,-0.29460530269937224
1.111029198669251,-0.3460830642533962
-3.4003452887744934,1.6240650479903496
1.563744351654588,-0.3164867762393667
-0.7825501661307335,-0.4995553202768953
-3.7188747913184543,1.5722404253920514
-3.7335579593035075,1.5698514798366308
-3.7298022245531013,1.5704625363775935
-3.7595143387603644,1.5656283872859362
-3.7242764149006415,1.5713615833967916
-1.3974746307235608,1.5163060259722911
-3.3512957728518398,1.632045384602874
0.11954602880687912,0.5324051287960548
1.8653666865305145,-0.2883670866174055
-3.7886168887284613,1.5608934140520625
0.2675443678625895,2.75008196750081
-3.6418454827899702,1.5847730630649013
0.5293240215540918,-0.3448907560188337
-0.5525083308190305,1.0833472000781577
-1.2045200644448522,1.0378579304406128
-1.995267515993589,1.5152887874605205
-3.050968922755351,0.29552283724796
-0.24328324445264127,-0.4106350595058239
-0.014852810128169639,-0.45864880082096154
1.4470514964420678,-0.30662839314494217
-1.3139749440211883,-0.5611813766397109
1.1770780295534555,-0.3081926187216479
-3.7680996133050866,1.56423156655307
-3.7354580651168567,1.569542333381162
-3.3834467859031494,1.6268144276452619
-3.761632080509715,1.5652838315507713
1.5070910103926878,-0.28776677411035423
-0.7107493759612831,1.0621087386396897
-3.745190655127154,1.5679588448811668
0.3191283222679418,-0.2954761287316261
0.29454001872983376,-0.3985261103186954
0.8554420829317289,-0.30404545920455645
0.4598613979530297,-0.3863113910116845
-0.6431906834650106,-0.41821810016570776
-3.7659243755301857,1.5645854768685836
-3.7747459943748423,1.5631502030126958
-3.7574150928083117,1.5659699337622823
-1.1506569729379215,0.6047028310374911
-3.348610134479974,1.6324823368912675
-3.316848312379649,1.6376499726368965
-2.013382703246983,-0.6041414626252186
0.3184430405060487,-0.3721705816275425
-3.361542267689493,1.6303782839931165
-1.1466658367345721,-0.5582118291064659
-2.56633855843172,2.156038809198206
-0.1835907293250112,-0.4692408456078904
0.07685846628591983,-0.3193526679230094
-1.612180529936271,-0.5388660295762028
1.0959050289180639,-0.2961814807180206
-0.23439707097177465,-0.29422580336264925
0.05858767494484487,-0.33786598779082666
0.4540287180332121,-0.3902983196791311
0.2706513908854706,-0.3514379955046219
0.10364430140251582,-0.4031450425840809
-2.156689943613712,1.8264072749758027
-0.5508663153365216,0.5502327244050553
1.1110556492468144,-0.3487548993187855
0.2340436349662053,-0.44113304244312346
0.7862043814753944,-0.3594598419484775
1.0641046799290985,-0.3607184093108726
0.056951412866472144,-0.42102409475734826
0.6101153429627861,-0.432521275886487
-0.5781322962956854,-0.5104031666325044
0.6867519203519278,-0.32422422058920836
1.264959271561036,-0.3303177320787432
0.3751865747065692,-0.4236270788088598
0.2495079478621915,-0.4106535821427894
-1.097871459978414,1.2263339094558028
1.1883244849365266,-0.23519479445601724
-1.8577420809440672,0.46918495813223204
0.272167761897747,-0.4245728680561313
0.39325203239114603,-0.40191374789081674
0.29471239095047813,-0.36877952156171534
-1.1589559735935788,0.9577576586726018
-0.3840552280469115,-0.31857512563023216
-3.386497955538793,1.8311457716973198
-0.844915227999634,1.8017633245019211
-0.5255911470947944,-0.4714139834729044
0.804372083541677,-0.36076401219638304
-1.2045200644448522,1.0378579304406128
-0.6274099831843392,-0.5019546985264546
0.5821787668430878,-0.3934431201288954
1.1367719609809335,-0.34398110481400596
0.9955666720004226,-0.34211834487303644
0.00996733847623174,0.579311931101487
-0.3713961642170891,-0.398417136155433
-0.48428754675438657,-0.480432827892868
0.6759321113169385,-0.398853067488015
-0.1258669292351806,-0.4437477997569427
-0.3595616959437651,-0.3470427928715644
0.6948113898657005,-0.3795797458512833
0.49823079056281583,-0.3706223482361712
-0.02987691347972832,-0.34285209072585127
1.447150830553828,-0.3031638366334203
-3.01174863362971,2.7352933220694107
0.9293055500992382,-0.37172478924430535
0.10496633047237931,-0.43175939375773725
-1.9721947609838486,0.3643732744627298
0.008377632606196807,-0.3446609509912703
0.6050816070780722,-0.3427746256118993
-0.23588840660482213,-0.29446844307335995
-2.084010982943192,0.4323710983227547
0.9043545246736933,-0.34808449649024115
0.6754247737169814,-0.407457820718219
0.29611928612597765,0.5835026019684691
1.299319014108143,-0.3343964100110208
1.592711191150404,-0.28075155501978954
0.5967389891101146,-0.39709747496378217
-2.862732967396725,-0.7218550019326736
-0.4337675812950399,-0.4905817408434451
-0.4631059185145589,0.4865664273205196
1.6149774309608955,-0.3322446060849054
0.4372090311331556,-0.3827846154588893
-0.719212462553573,-0.4930496291016206
-0.8518126036246987,-0.6169847428081767
1.7027726698627925,3.874248666441649
0.5185543149883383,0.5575846679027151
0.8175839179563172,-0.3795440948355124
1.2458888005280515,-0.33374132164453774
-0.7092944285319418,-0.39196682218466705
-1.534144976709408,-0.5056942675074573
0.6066692307743022,-0.3829440457585203
-2.7883399682171586,1.6382571497274594
0.6018655238370814,-0.3592383924420172
0.9940521141441773,-0.3154773183287381
-0.2370725760119735,-0.2946611069620357
0.48905058003809343,-0.39249287477448425
0.9745677906097698,-0.3378872314453857
0.798144062105681,-0.36287556802296744
0.9095886724828022,-0.3668212745102999
2.405457074813846,2.950600492688546
-0.10279538658400045,-0.369057686679196
0.008377632606196807,-0.3446609509912703
-1.3125404839432533,-0.5171817321284683
-1.186021160212688,0.598949091919535
-0.03379605228127938,0.5222805880188637
1.7096879732855927,-0.28632463290324744
-0.8525746649901047,0.458362859182282
-0.16405897693848598,-0.4497550579699886
-0.6088144309142044,-0.416569584353507
-0.686407720937656,-0.49241104537650976
-2.39560333710477,2.3226091324069436
-0.4210362642647646,-0.4184709068955918
0.6043786724529292,-0.406469798993516
-1.4834908414901657,-0.49745285997749683
0.08526651319313117,-0.4482135280127786
-1.8014244138651367,1.0794133702854887
-1.0303911939300168,-0.5415674027608829
0.43418218590680513,-0.39105530183396636
-0.19425556568688884,-0.4656260573316977
1.165079206723077,-0.32702751724641155
1.537619770512606,-0.3188483355949225
1.1108783723660394,-0.34320896995660355
-0.7686867027285925,0.5279981288876614
1.3983770398030262,-0.29948877133988755
-1.5516449499476708,0.4089307092563548
0.5116731405421064,-0.4169982905579265
0.7690383839371432,-0.316266604895274
-0.6130445869449822,-0.35583160268852576
0.5308761277396752,-0.3755187720309472
0.1775688051983312,-0.4360415809108933
0.9177655221773402,-0.37375362602553425
1.243408281962352,-0.2855508185213065
-0.2632395656731509,-0.41002345474302787
-1.2045200644448522,1.0378579304406128
0.3311452174170842,-0.3782990303231571
1.1444810205467388,-0.2497518791564685
-2.5986681736199047,-0.6788917656557061
0.6054795750009914,-0.38978905778181855
0.6570956604651665,-0.380395194281698
-0.749274167055117,1.0905637001095543
0.4547626667891596,-0.4092149982014317
-0.8182999426763533,0.4938419861074188
-2.4837886674142524,2.1609715809735377
-1.9297520109592774,-0.5700593736702747
1.3912533524787458,-0.28152925458151273
1.0941233134506427,-0.3317863469595228
0.07474303589961778,-0.4825988957434408
-0.2974561227717619,-0.46201277630184934
3.12821511830659,3.0469893854301477
-2.1989906256256018,1.3754774318334757
-0.2675446611343176,-0.3200943118035972
1.0541555885356788,-0.3049769658900939
-0.8810615081727977,-0.5231992889786402
0.9534150942148328,-0.302495386110066
0.030078276719818078,-0.424739876889406
0.7016286028605575,-0.32368511387649745
0.1697410729708256,-0.32794183581723246
0.16133178620040467,-0.398720564135308
0.9924459271742543,-0.3439757072922804
0.20471229294067297,-0.38129258672296
-0.14474893837411634,1.1365428858511166
-0.6816071110434717,1.068033573588653
1.4400449597307488,-0.273081866755309
1.5864320365543891,-0.29715496392485624
-1.0632430226070262,-0.5295492988292593
-1.9359526964389333,2.2073626192238254
1.1254317225552812,0.6803384636231832
0.7276437204252734,-0.34347690886993504
-0.17453308753787614,0.5758625807670599
3.0214705351134756,4.925044838771402
1.6102898677577582,-0.2923443230169386
0.7487430663565007,-0.353945265358637
0.3477260585318351,-0.38344506870510175
0.01061108358242865,-0.40709798636516326
-0.32914138892342537,-0.4623755776834886
0.9038683880230799,-0.3585397995649803
0.056207427182296536,-0.37368375596140785
1.4656133713749528,-0.3047023058168567
-4.102560386791248,1.7854759772377562
1.2794606741660381,-0.3205780619013275
0.3826190244841495,-0.3546053028517851
-1.1441637011239174,-0.44224447002808065
1.0887653044320225,-0.35581313416244303
-0.43253688279621705,-0.3469384802432305
-0.4882614284122626,-0.46745133459308014
-1.2045200644448522,1.0378579304406128
1.1219478520005768,-0.30830073895448723
-0.9142606720907789,0.47724628419791215
-2.133777632670302,-0.6357070157909116
0.917850915433815,-0.34804235878868034
0.7392256975971284,-0.40347502730696977
-0.6478186002724547,0.5116716657026953
-0.12036099708753051,1.15018712227002
1.6414110399802713,-0.278664908919437
0.051468292706142275,-0.3947271967520423
0.3053276983963924,-0.423259398499704
0.8499321479042116,-0.3040917994143785
0.3185352814708356,-0.4309840891895439
0.5585457753133957,-0.3728781075341654
0.9248182083326006,-0.3691321361536547
0.8354298078982895,-0.38002063731146685
-1.1075545711620955,0.4288550768099574
0.6347361971558702,-0.3971578108944345
-0.8921047564968707,-0.5155889708609269
-0.9490372451324267,-0.4104974737218066
-0.12955312399067775,-0.43869297797418555
0.8000429824808133,-0.3401258888076211
1.4207512914375455,-0.2796444497175061
0.8343553068584748,-0.2589215599608776
-0.18418963256002596,-0.4785875882281757
-1.3511068913973243,0.4548081967163132
0.7690073190693785,-0.35532345404660354
1.300687383272837,-0.3261222111944767
1.3208414698882616,-0.34357160888304783
1.3757479134107538,-0.3339247087581327
0.13649419825712003,0.5642783381610479
1.1649571340702398,-0.3442096825226441
0.895955139120044,-0.3215943332184449
1.188594154639776,-0.34957699067019143
-0.8583147997140166,0.5177463063882984
0.02606583882486629,-0.45720234797365494
0.8325296641829436,-0.38494954983058405
-2.1335403786529143,1.3247998999449009
-2.7931476523134506,0.33747025477680004
-2.2895023219117325,0.33403222947789035
-2.2051348260984116,-0.6558148650660451
-0.4219833990649394,-0.49119641678734194
0.20000510557936946,-0.33176951410238587
-0.3249557277768429,-0.3089596605860747
0.44534381368325165,-0.424590618160867
0.9326653361878287,-0.3517048940883879
-0.9423368012284457,0.5242420493538533
-0.5911229004351288,0.5173814781386459
-0.04728128663812454,-0.32126387976638815
-0.15228178221569733,-0.4643846383589385
0.4367269238993519,-0.36908119137142803
-0.33843795496275775,-0.4242504025598783
-0.4278070288201363,0.6079558374258662
0.8780294060341066,-0.3749128390139343
-0.3208762739353005,-0.5041648019803587
-0.09603152686833183,-0.44354991460102555
1.2871381866891987,-0.2998557412348802
-1.2045200644448522,1.0378579304406128
-1.4041156513311575,4.266091027299218
1.2502595249003043,-0.29738020938613907
0.5164219903198053,-0.387801811357971
-0.23474007493992555,-0.2942816099710079
-0.2441490143477349,-0.5074794749673159
1.0018180625776625,-0.34396032033329393
0.11730869653429815,-0.3796306964756325
1.0608572952993567,-0.3409050625568855
1.9449234398158042,-0.2504206773454983
-2.5007002817847646,1.3047400625285848
-0.030375885724854338,-0.4376465527978552
0.7144178200622905,-0.3600647183333451
1.0228596311637725,-0.3465931733423978
0.5177429644575796,-0.4058425465783485
0.7710982731769234,-0.3454776009192208
1.2650137941561421,-0.34456393545952635
1.1034080505386188,-0.2912670869982585
0.5936702134573653,-0.33497088437155953
0.8079276693849184,-0.38299718949648426
-0.3688844891359222,-0.3365822612664096
0.7611818960440496,-0.3643879469348862
-1.832157946182984,0.37598922128099266
1.6367970927049873,-0.2887438501821133
-0.23323338034933244,-0.47343281444903634
-1.4849732180531692,1.0141810197204932
1.0846622702325683,-0.3436924207395454
0.09210754951406674,-0.34695996006480423
0.06660691955150147,-0.44725749625263655
0.2976677542660375,0.6977174038345384
0.850148593937342,-0.3626046384675974
-1.3731930760356468,0.4346043463406129
0.7514130848653751,0.6328779752829624
-0.4693151209278925,-0.3324468760836093
0.24456822721207705,-0.3564625481496805
0.7240834660700318,-0.29523228992748773
0.20691845128295136,0.5607157043288383
-0.8489509550188965,-0.4650467509310443
-2.32118098387809,1.46226279665615
0.7340583021728424,-0.42053932271762046
-1.2045200644448522,1.0378579304406128
-1.5773751597384091,1.4098186934776447
-1.0600359136374808,-0.5170501571564728
1.1774186024193516,-0.29736573368412195
0.6073851058562629,-0.390901835904162
0.5465666149125513,-0.38552224181598904
1.5245060096616894,-0.2904555865545586
-0.587513992843293,-0.351677785244731
0.14979961511788867,-0.23171715627943076
0.40190320826735904,-0.42801243052792465
0.3247478569642959,-0.45425229801562184
1.0977282798286054,-0.3456973104010735
1.2424267944841687,-0.2835400440906951
-0.31975574518565203,0.5172834242667266
0.775045814880952,-0.34334279395877887
-1.3944396461491417,-0.576843247602408
0.7998687061334494,-0.37799273559682695
0.2187414891724621,-0.40317868127064066
0.8565394320959123,-0.3791310826052272
-0.37602012488656034,-0.41673696431196455
0.36618678451819825,-0.3919085279882602
-0.26204898926603787,-0.4171004628778108
0.4072175003770602,-0.395970203322493
-0.6809213132120038,-0.3993278740029786
-1.04790701949639,-0.5376885354805478
-1.0244510612491387,-0.5286235992239336
0.06788623407479391,-0.24504443059595377
-2.5079173743571315,0.9969200034429244
0.6151375732582831,-0.3828228567571035
1.3096488352501112,-0.3240426371693868
1.5408404512921676,-0.32073262259965435
0.46082601081703944,-0.4344972772636694
0.8219961803953723,-0.3623278363627684
0.9890858290789751,-0.285193200493071
1.0634859045871443,-0.32156564579038044
0.54812929516386,-0.4268757783175057
0.1980941029684106,-0.3702536574214694
-0.4408182301620722,0.509102567715812
0.20660937103715318,-0.3462356721832532
0.4727931909721288,-0.38101242142114305
0.02210120976802257,-0.426037742490289
-0.8504365245480079,-0.3944551759396647
1.5122099020976858,-0.3155710144546582
0.6669387416773249,-0.296560448907992
0.47859814972219683,-0.3761598268794337
1.1194914471872528,-0.30549154757660585
0.8702877159499531,-0.3247825257548633
-0.073884106297057,-0.44442466103480405
0.12304726736956925,5.65132534095511
0.6720182067574225,-0.3691534719867849
1.3527326077717652,-0.32495340384954574
-0.054208273866314556,-0.41024426665528
-2.32118098387809,1.46226279665615
-0.050919425784071055,-0.40529899387740964
-0.8560493673214363,1.065367379679715
0.6455333536079796,-0.34306369428770034
0.6967628144127705,-0.38808315455534415
1.6512530438276682,-0.31225252318420593
2.119939773036448,-0.25796472928469794
0.24747242407828168,-0.44769305520723873
0.8360133513300381,2.827481971825478
-0.1614442384024345,-0.41718620574072374
-1.2670726491010451,-0.4622417066796194
0.16449692916399383,-0.3912227263378865
-0.2718552315925822,-0.4322421329695504
0.33015101475075137,-0.45878907064495095
-0.8443120025129911,-0.5789248019603528
0.16147869381353297,-0.42457399870776685
1.1482269317731024,-0.32504410116528104
0.8089395455874904,-0.3886181491025902
-0.07230901254442307,-0.4607747688159704
0.3342564414804122,-0.3750002257582994
-0.8923207904685948,-0.5295847454403544
0.5144246405103534,-0.37659364849526755
-2.2594910614406505,0.36681422892212345
-0.5445041515130493,1.075281402190715
0.5120854396652837,-0.4291683310937951
-2.1963076263386965,-0.6134278656252358
-0.08454835973090524,-0.2698454780085555
0.17896569095409895,-0.42975787677328825
0.5264059137798001,-0.39339493138175485
-1.2045200644448522,1.0378579304406128
-0.8668253193511539,-0.3971216262958504
-0.9019755598050103,-0.4028405563516594
0.23101191206980232,-0.4055875761591367
-2.163828418631392,0.3869320783637768
-1.1580543836845332,-0.5612233120117455
1.4100891959915196,-0.30138566080456075
0.0820314978069987,-0.45205890642028396
-1.1344830487437014,1.1106791512269656
-0.7279106861562527,1.0610383900683595
0.8230939663690905,-0.3414805749215114
-0.21715552169644764,-0.5108869524202546
0.015530821445080025,-0.36178340631016126
-1.413206104883694,-0.5389457253564918
-1.1105888410722575,-0.4692346088462549
0.8453140317392625,-0.3642837721069653
-0.7276643367101262,1.0716186525282951
-0.9751397520928142,-0.4927014895818912
-0.09579549022737127,-0.4868470536785434
0.934718929295578,0.6295693621065362
-3.3015390449370527,0.8473226664361542
0.6719433123395899,-0.32742663679729356
0.2627772984794898,0.6040119488001514
0.8057412728741356,-0.3597996224860747
0.4194534142638914,-0.3881554785471378
-0.13161483077367797,-0.44457987527549814
-0.363016998638958,-0.49221246036719546
1.229318940198808,-0.309784572212405
-1.4189675855285078,0.40636550678927347
-0.1620410742559654,0.5271006251524022
0.9267292627477646,-0.386304213865001
0.7903055442825424,-0.3875093788701261
-1.8248286858624805,-0.60591655456318
0.10290797394535164,-0.41272409261133974
0.5112641572423126,-0.3618708552237067
-0.7290378538955518,0.5465609048292805
0.480811499927875,-0.25581880350455294
1.232809665709404,-0.32577112046683265
-0.40103605100906803,-0.47322146128854287
-2.4505594757299294,0.9487703709598182
-0.40028262397580244,0.49054923664538413
0.6345611802603268,-0.3244178410567636
-0.822660118140349,-0.5719366173486028
0.300534848466826,4.734369503715364
0.19265471613571789,-0.4425153247410149
3.1841882769083414,4.879631961209973
0.6727367199597682,-0.39162504968096196
-1.0436823434937432,0.6221075604401379
-1.2045200644448522,1.0378579304406128
0.40476569840560506,-0.38276479156168136
1.3787011787975094,-0.29679739545579387
1.2028927415772221,-0.26269917362685813
0.3851418881569031,-0.34531062519020966
-0.0932748648301282,-0.3830493710276848
1.12365170168713,-0.3226476936913021
-0.08454835973090524,-0.2698454780085555
-0.4897704674583677,-0.46803445569622293
-0.7011804985617431,0.46914111170768513
-1.633357143453254,1.0522325507075323
-0.04981563860554939,-0.46021881791859454
-0.29276034016064234,-0.5024482745637106
-0.6074357399927794,-0.4475408257535747
1.175577158039885,-0.3085835245411509
-1.3112429156051169,1.0375704524318634
0.26418046758277686,-0.4018736814798059
0.8866248295399881,-0.2714298398601721
-0.11548785324284691,0.5417685294333001
0.6036475477108246,-0.36032116312283236
0.07136358814822985,-0.4204891657399973
-1.7489616980898997,0.39300450142070176
0.47931000239123134,-0.3925801209553067
1.4574251520911023,-0.3294827132142639
0.444178992118329,-0.3852189013037787
-0.03481966238315543,-0.4556077327138068
1.0393450913183278,-0.2718385290326529
0.19401270410764346,-0.49919486833401455
1.8432214430275922,2.9312850701920734
-1.5987347773570475,0.38188128071978455
0.5897952219501997,-0.40909546996657364
0.2328858964391078,-0.4220747861832851
2.3625043816927653,2.958676187912617
-0.44062774472590893,-0.4977091282330105
-1.7658043107602772,0.3782868687522945
-0.5858534693858434,-0.35140761874269383
-0.3880469622706234,-0.4890603297505944
0.3423238318035431,-0.40474098086175025
-1.277604594773532,1.1766159915621126
0.19067087915554198,-0.4218570795544841
0.29093632082065674,0.598529186430265
-0.4139097594576908,-0.38485867230232246
-1.2391094132418776,1.0397829663536602
-1.1842303437640331,-0.5537874633039424
-0.9759121702942799,-0.4148700132911306
0.19190984292513608,1.1595854473165907
1.0178906310561937,-0.2905881157507167
-1.4606335380552424,1.1673126645188088
-0.26885905148708517,-0.48479578249645155
-2.1426723662308285,-0.6047014302688493
-1.2045200644448522,1.0378579304406128
-0.890180069052602,0.48374425162976675
1.6229010794382324,-0.3013094246674092
0.5198515431263384,-0.37514688378514044
-1.7076082662220777,-0.5988221855224811
-1.5955723700027913,0.38430225624757425
-0.8864823571467111,-0.5528864119456275
-0.1064019910219342,-0.45527680261148673
-0.1021282157090802,-0.429216793729376
0.6070882528259685,-0.34267150932156365
0.030340013406676827,-0.43020723326347493
-1.5343451315349463,-0.5911077516295421
0.7188340082158203,-0.37918223853913774
-0.8302174197774932,1.0460093289883505
-0.36736108076653995,-0.4702263531092402
0.16070475807119555,-0.46374967709810705
0.6531182819077893,-0.2958023947292113
0.15264996598240327,-0.42539712472591645
-0.438481362629924,-0.32743023594724124
-1.083799439305224,0.44871112122972134
0.7449943493415749,-0.3791507983494116
0.24463608219400687,0.6092044781660986
-0.30864217571257957,-0.3063054521933955
-2.5508857844535306,1.3254207707727228
-1.8204265776544555,0.9395086471855402
0.5775284349216845,-0.3778200062563723
-0.8058198688454922,0.6608076898802407
-0.602347046218164,-0.474035672629756
1.0214600775413567,-0.33222206791918646
-0.2490156091802008,0.5752367536552566
0.9966614952586145,-0.3444520835416956
-0.2511060171402585,-0.3983835368798051
0.9588670967283729,-0.35355503336910726
-0.37411478377225893,-0.47195370735721304
-0.5241098968107109,1.1516927380881992
-0.7321506522620043,-0.46514460660292883
1.676205343123509,-0.2512339045759297
0.9864331243927943,-0.34189472471690424
-0.4682299404434035,-0.48163065942643335
0.4403241428731886,-0.4006564943280343
0.4396884187559242,-0.3522423696618242
0.958634355061224,-0.36547769765619265
-1.4118886166350575,1.1752434437276706
0.7227493216741774,-0.31942021137409055
-0.30029448539934633,-0.47253595482954125
0.5163523768317354,-0.40467468458735056
-1.3208243780887112,0.4292012357626863
0.8871867848985455,-0.366332642737369
-0.11142739076470881,1.1319582692680765
-0.2925816190071623,-0.45190170204155405
-1.5300322773956905,1.1560215173993358
0.258340457043536,-0.41766465844012496
2.4640467880917254,3.0124960677753965
0.5607556969678353,-0.3904711584285363
1.374799276504333,0.7183925394544463
1.2993724355138125,-0.3379005892456242
0.08628550782775843,-0.394277928252981
0.205726922541038,-0.3985518760574401
-0.08454835973090524,-0.2698454780085555
-0.24641438971960344,-0.4459152842285865
0.7628721516977077,-0.3747834197025583
0.5015417080991502,0.6859111873688175
0.42253956651349234,-0.406650615488599
-1.7467999677111339,1.040758318900904
-0.4823536810074681,0.523935015905957
0.9384739076654882,-0.2590114866676655
0.9597475835059246,-0.37409161560376175
0.46645335800557436,-0.34768470147808395
-1.2786602336608057,1.1354934219653126
0.8837070745631272,-0.3799370783113463
-0.35448671784227925,-0.5023815193753994
-1.2045200644448522,1.0378579304406128
-0.32862730114697625,-0.4873448876928443
0.9277617767775321,0.6544124726044596
-2.035501971906094,0.9626768113414165
-0.282535991286854,-0.30205798643421333
0.04534268907693844,-0.35616571746365333
0.6276870987123733,-0.39678592628285614
-1.80052947604825,0.498968834840213
1.501734629361652,2.88248703330071
0.4845746387697114,-0.40712709896056754
0.6933627230268506,-0.3618561789572338
0.6479845497297152,-0.3110442917930854
1.1250849485251033,-0.2999501546635673
-0.0638588044896744,-0.4548463476091707
0.2668673084844193,-0.34390518890313027
0.8366726856683548,-0.3705800735058408
0.7029805904934346,-0.3991702444137512
-0.9370356127632656,1.0340702064883924
-1.5885289228367476,1.1465041365946147
1.6427071339381336,2.877277075815109
0.9741178216697409,-0.3432697380564151
0.1843652719074661,-0.3130713900835049
-1.485424473477097,0.4702411106355138
-0.7876398919228397,0.48145494427557994
1.363566337723658,-0.3166986501282631
0.2786005743233467,-0.41323735216118956
-0.26134207574143326,2.6707750630137945
-1.9031533855031892,-0.6271580143109241
0.8759132347100718,0.6393081913012264
-0.9072981762901535,-0.4512489708386822
1.2817234365742718,-0.2853977806810755
0.5650889475602371,-0.3996647506014176
0.8111753731892285,-0.3868823978416077
0.7656209916195712,-0.34957113825814173
0.1482132921725968,-0.3378315781860354
1.4839100548114876,-0.25268971309302274
1.0544399296284686,-0.35473836224606
1.4760011808780056,-0.3022977751463734
1.9927716986562862,-0.25024529461933775
0.16005866153213189,-0.39081578484234014
0.6975237262093257,-0.390429140941985
0.6751380219031117,-0.3768528286127672
-1.8393533253700225,1.3563196462124336
0.47645235093576727,-0.3849524581806363
0.24256773316718802,-0.4223706970228544
-0.04535211424464498,-0.3547769498984844
0.6882150754349535,-0.3861809902319126
-0.5227152141967438,0.5213472508137169
1.043961195046806,0.6443802547374379
-2.4186286873583587,0.3984043405041469
-1.0609113051973036,-0.49012556488425313
-1.2045200644448522,1.0378579304406128
0.31113068790100673,-0.4240993298636642
0.9277617767775321,0.6544124726044596
-0.38991155237009745,-0.3195279472540956
-0.06424228977739332,-0.4061876408030416
2.1365338264543134,7.727047095978845
-2.696126632132218,-0.6947482178558142
-0.6044725705378287,-0.3544369390493364
0.11211074392227546,-0.42064902386654607
1.1791956970694653,-0.2972765702207027
1.2403558291578485,-0.34183131894114366
0.9790076512260734,-0.3309660262167307
-1.3402623195133714,-0.5611276890991111
0.6902364125911928,-0.37078147666276823
-0.4483245142014062,-0.3290317127689982
0.1592144990998641,-0.4383930768540611
1.3887424656953224,-0.3346095692424698
-0.9321358215408291,-0.407747618866878
-1.2525150862765615,-0.517354936670464
-0.8376105612255313,-0.3923683968396496
1.0055831032727027,-0.30681002786457834
1.1710205976140973,-0.3381342092651525
0.33054079925758345,0.6161500373133538
-1.4669759883284623,0.992819737279343
0.6880262927421706,-0.3858422992353965
1.1666526636086747,-0.36490864153570635
-1.4013472520720143,-0.4840881308504743
0.8562308499085779,-0.38222755958291155
1.3715493699663381,-0.30778274551582274
-0.037935258713666105,-0.4446337710846508
-1.2790034321390122,-0.5604262650091029
0.08485303849010037,0.5898667345310371
1.9574189570987133,2.9086314630719805
1.1613003844301106,-0.30219957956452104
1.0774538745089128,-0.3290874108050502
0.6843704112427763,-0.35390991580659276
0.07573451089585606,-0.4691409019076167
0.7377554284357841,-0.33764741422718075
-2.2843369132041804,-0.6752926222865018
-0.5972862772392047,-0.4868403297973421
-0.5861631542318791,-0.4465428581728889
-0.06729670769518137,-0.4459546521526296
0.5758256050855003,-0.33826034130508403
-1.2045200644448522,1.0378579304406128
0.7920037090500257,-0.3699561072630616
-1.978690717174239,0.3416670560074132
0.9486167807601369,-0.34176171508547987
1.2599754357046171,-0.34481719284145657
2.0588955012503556,-0.25169891385869275
2.049643884256773,-0.2645396630012515
-3.5700271645497508,0.21107226901898293
0.9509061456976132,-0.3815311195722214
0.7267578379951743,-0.3001100598628609
1.0655226521151966,-0.335990780744205
0.037221565897472074,-0.43669442907872835
1.713286669135677,-0.23618037037977913
1.2350214715316679,-0.32050962440798303
0.16092492386395213,-0.4487354589678544
-0.4719155678549606,-0.5094100033366532
1.6820863662057681,2.9026312742658362
0.4194534142638914,-0.3881554785471378
0.1299359881430517,-0.4536336876662884
1.6814283491904498,-0.28775222175445336
1.1118710903584768,-0.2936382935940155
0.048335949314178304,-0.24822525410308974
-1.711387084398567,-0.5550068962878394
0.7091980096078475,-0.3721994962020923
-0.28782206669039123,-0.34386884635932036
-0.1985397310171817,-0.4897566434448894
0.22657103253185243,-0.39235275864400315
-0.011496979952127288,-0.4444608094425015
0.7568033259190123,-0.3657662106603951
1.6764586441184754,-0.24928260583705372
-1.8736439211434592,1.685480245320496
-1.1857884136080414,0.5989869596989731
1.100150361510004,-0.37244154559244763
1.0105093826116764,-0.3298424376134822
-1.683067565274158,0.4856270856055886
-0.36749151110913353,0.510772664845419
-0.021894522361729955,-0.4068663206843861
0.10259525902648815,-0.4263230878220747
1.062544712517764,-0.3404016232170805
0.7403111578958588,-0.30859864668098236
1.0030374640368396,-0.34745173321412437
-0.2255635484336488,-0.505487493175499
0.34836418316769663,-0.438543902563217
-1.8501459089604444,0.3741774275706808
-1.0053449097392086,-0.4876765439217262
2.433311417208579,-0.23657051103976853
-0.22642657972961933,-0.2929290076270934
1.1847598640190196,-0.3415160318445877
-0.004218216800767316,-0.4829980811127131
0.7993874304430968,-0.3253516375593357
1.1078383588446803,-0.32140495103233524
-1.4813439898191232,1.1639430823045043
-0.4368536417385186,-0.4108578789823198
1.1191964781334849,-0.30913249705345935
-0.04179900535178544,-0.46140393770133414
0.1924855562753361,-0.43698206451056243
1.4519825459952564,-0.27284465148488696
-0.2914347194685635,-0.4039763967623201
-0.489331109149697,-0.49351479824844496
0.9021942470177613,-0.3593898108611129
0.8106840500312802,-0.3518563869174126
-0.7219636138147991,0.5048040716282949
-0.5348694444688479,1.0841597130545761
-1.1014433125994518,1.2257527704637043
-0.46331602657854987,3.8265912619709224
1.3549609533807745,-0.3171399041858122
-0.9141107890295136,3.7532471345142
0.5963919899826614,-0.3936092632160184
-0.44939822652284245,3.828855682470515
-0.6065331944439964,0.547046319567048
-0.11157865037464115,-0.4450051335037402
-0.37982831064852574,-0.31788740786099573
-1.5618798328640273,0.5377970362861181
0.28154668694105295,-0.4209034355860205
0.4695192709696711,-0.39402739886420124
-1.5758315614676748,0.5355270956253526
-1.487501317515457,0.5498983909693609
-0.6299110798005717,0.5142692757291883
-1.5736637032765686,0.5358798052855361
-1.7188093520306322,1.1253075628989473
-1.572873037650232,0.5360084462665413
-1.482476905433219,0.5507158608045275
0.5524911210479251,-0.3790960479441012
-0.6297648667624928,0.49597658707236875
-2.0823944320341177,1.7735896147531205
1.4150881058547002,-0.29744110232475673
-0.7152544956249277,-0.5113122261897852
0.49186417900954404,-0.4093367323250553
-1.141291984874046,1.5240567884655296
-0.15524897275884544,6.966296573575633
-0.17351665778448463,0.5294905200164643
0.38247340177780265,-0.3857298795601652
0.19120139394419375,-0.4274571638344428
0.6780113983991006,-0.3269564824131948
0.6178613165752311,-0.3625398752332621
-0.8154071506282605,-0.4667130592436296
-1.102520028425685,-0.43546906114458145
0.5712064442126631,-0.38262077604479217
1.3062017478104875,-0.32095166202177844
-0.37059239253002274,-0.31638472767904263
1.0832621329275174,-0.38302570189578333
-0.5369727007456799,1.0826838783182542
-0.5716095208335101,1.082651208926718
-0.9164741545865294,0.6428042818705791
-0.43983805966337575,-0.4627868834083345
1.2794677984345646,-0.3205769027856892
0.3870748277084524,-0.3851591803667465
1.2888952102278832,-0.3440670860988204
0.7689090693597633,-0.3193553477816809
0.6896681132629099,-0.3969066965603306
1.1524529898565166,-0.3103132852469053
-2.7020992305709584,0.35228379655955566
1.3802660871537125,-0.2964526449905843
-0.6411717166413151,0.49658744578675923
0.10526743551542415,-0.3657017122378981
-2.5986681736199047,-0.6788917656557061
-1.2045200644448522,1.0378579304406128
0.6134716360555779,-0.3579004285217529
1.0627580158718135,-0.3357113114419962
0.9053951871223016,-0.35346711204342324
1.171069494238663,-0.3921473760956907
-0.727781953872105,0.4877076715849681
-0.990367518431273,1.4387476003277129
0.02651734145082382,-0.3275431487887264
0.938801111593485,-0.31108903673880745
0.10256909698842812,-0.38295928682620745
0.28948037620432054,-0.20899115234656643
0.8909456207432408,-0.3731910859368847
1.278598490659924,-0.2509711428560653
0.1885550224298693,-0.41710129281854247
0.3464567341014008,-0.38798752700031186
0.7620008722271824,-0.3558478095825236
-0.9913404805715611,-0.41738019319931413
-0.19819306886842042,-0.4425435408365568
-1.2748484949242802,0.4598536299628753
-0.03310194381233917,-0.4586028586128297
0.4194534142638914,-0.3881554785471378
0.4917933020736523,-0.41286536226644033
1.7815056566083873,-0.28384302186172133
-1.5676451055072482,-0.6062295788868273
-2.146182974940179,0.38130492253186865
-0.4908729929614932,-0.3359543332366859
1.0832204952026143,-0.37652138667339163
-0.8424361243781676,1.53780794924701
-0.8777167935900636,-0.5183244722406928
0.5747380811372279,-0.3621780714266924
-0.9275924109664833,-0.49550165227167386
-0.27082169787904753,-0.36816991128543225
-0.22769017265981523,-0.43737144293571156
0.38315566083375796,-0.40589280044253084
1.0138860470708386,-0.3552618427659898
1.2605935995812434,-0.2552509846457587
-0.8292506459468069,0.5065272988060481
1.005960330066454,-0.3306104826348744
0.5478720890809883,0.5923393672809586
1.2602399514803269,-0.3337643149757041
-0.9356725340721899,-0.5107000845111344
-0.5086373702276739,-0.4122481629943806
-1.7472722619426078,-0.5608454003141224
-1.3107168595436127,0.5786611515377359
-1.2938722845657793,-0.5790499337861146
-0.4512498515173711,0.5269865851227926
0.7893488684339218,-0.3888968479149803
0.7929320733081484,-0.35258204652551167
-3.1989499482769275,1.2375485022597612
1.0265525164609537,-0.3609514907832959
-1.877234100655804,1.0237639037768935
0.7152614039810435,-0.3967967226699728
-0.22538722937108313,-0.4616395932158615
1.338693888280383,-0.31462790907039956
2.335404176048877,2.9570452322672263
0.3094853558692646,-0.3965141822563985
-0.34010312546971844,-0.34387689124215204
-1.150916508979567,0.4153541335130107
0.18008518176640056,-0.41449634075441766
-2.620099175229812,2.4616326803322965
1.3912558733852578,-0.28152884443103204
-1.3734162185787793,-0.5575009113012975
-3.2175752580198584,0.26841605317110057
0.5537030658020561,-0.31023907572724685
0.5988403013644727,-0.3805471321597914
0.5523593514673306,-0.39118957035566815
0.9763193871460314,-0.37562787789520413
0.13043262582688556,-0.43384155490070275
-0.08426055438872981,-0.45846560287887106
0.27034123480811195,0.6064179782900073
-0.00935628571163347,-0.44706386474593096
1.7202309542381442,2.9299739935446047
0.15458398443357724,-0.44193622500013313
0.4616712387289546,0.6166748720231976
0.654449352740086,-0.3563452160987755
0.19803537419764053,-0.44331802357943645
1.1021734509397412,-0.36315398604665117
-0.3748115976166878,-0.496467533743234
-0.24808088939650655,0.6433308276164288
0.8362981184014003,-0.37039571804143245
0.3626354560307981,-0.4093211479834759
1.3522104701809345,-0.31247474291021105
-2.45297607858191,-0.6551877200944715
-0.9623129675396139,0.48433937817567035
1.50400695493985,2.8806039088507647
1.0708540347795856,-0.3437454145435136
0.20508784082800627,-0.436074728257731
-0.9000032686000772,-0.518079927977675
0.6444179991140472,-0.3920058964711113
0.6424402414263571,-0.3907608397682466
-2.559177284243325,1.2821194854392353
-2.1873923119722476,1.0490693028287794
-0.5652693762138747,-0.47439033160506866
-0.6138675399743702,-0.46774959094864876
1.7722057309210675,-0.28408392600006366
1.302184323001344,-0.30447917656773954
1.2016972813730933,-0.3376767768640446
-0.8152775779408746,0.48614264313881345
0.9647960609847076,-0.37321511880969205
2.0236797058816847,12.209182414544953
1.1845284919183334,-0.34986381659526544
0.2639524395973368,-0.3846268933738831
0.35738072554988104,-0.38922659041755275
1.2900444445148576,-0.3670351082641096
0.13716456673991648,-0.3956696907667222
0.7078743684911767,-0.3853788611116657
0.4238367834622223,-0.38951385054159504
-0.11888858951977949,-0.4962189159211446
0.9099366194267152,-0.3385548522406352
0.6617855219845604,-0.3556067090599147
1.5204014413260687,-0.31515133866120626
-0.032093176932237184,-0.46646625679106424
1.625413062883045,-0.28223474705408064
0.759062056809909,-0.38380578502851453
0.6299341639528456,-0.34084007305040576
-0.7803940118215242,0.5202634019494741
-1.3598388649038122,1.4128980174252666
0.8967043972900396,-0.3667062627911384
-1.8886286001955326,0.35632012639978944
0.7277935164934858,-0.3924627430457743
0.5170882370665324,-0.3908772636574404
0.06635333292176823,0.6162627217090131
-0.5966606399520572,-0.4581901076208628
0.6867519203519278,-0.32422422058920836
-1.2380411132480638,-0.555950844623036
-0.9355010994937203,-0.4816987209283724
1.72565281664395,-0.2975341100185274
-3.4967190925004554,1.5608426417751
0.8736988126188955,-0.3590023917437096
-1.3944808208172546,1.011730980253296
-1.117609079547848,-0.5461448147543496
0.02417991527602228,-0.4344043176189706
-0.12435041518986206,-0.35208927242158006
-0.023904617494591968,0.5550719519212057
-0.232062979484817,0.5309116894739644
1.1439123805323146,-0.29369578417100484
-1.3154212199100053,1.077206173194563
0.202478971626985,-0.4721697355227582
0.4940851205555227,-0.40746539702636364
-0.4502155019130091,-0.41927387046282955
1.231652037658731,-0.3217504147569641
-2.645557134532684,0.25731529159970973
1.4199469521733787,-0.29292363570158664
-1.27752132774701,-0.4639417025140815
0.4398670132344356,-0.36839533549055553
0.9459813959873883,-0.3666862591478539
-1.163851345418763,-0.5029293815133729
-0.16618364046280837,-0.303602914301872
-1.3301967750301036,0.497534628660299
-1.2007551865501154,0.4154368470237384
-0.2265624298314075,-0.5046409641496025
1.0849187486927074,-0.33947798182871436
1.25998731043302,-0.25350373689401956
0.929521918864193,-0.3512035940406576
0.8492009550586616,-0.3186022700726202
0.15154928308133112,-0.43393969007687916
0.540401892505681,-0.38837704011104107
0.9149634387684078,-0.28254072212819936
-0.47862295978471914,0.5112564666893454
-0.33097917371728713,0.5197233696625398
-0.9769578013500484,-0.47646636340388693
-1.3107168595436127,0.5786611515377359
0.13279754376283723,-0.42441582563425184
0.8894612219147494,-0.3481063789053013
0.7151183884312019,-0.38366895680341706
0.3816496591146154,-0.38643836606890675
1.4499735330211994,-0.28246873290444097
0.5897526003455748,-0.35865074418169235
-0.15366789208640874,-0.37497017973468383
0.8162562973932622,-0.354298910947152
0.9727637657650583,-0.334873806240247
-0.24691241830368982,-0.4797810049822162
1.0725136795296564,-0.3294854700431983
-1.0567788480448699,-0.5150050417324582
-2.6595902221927927,1.6737523243367562
1.1812758433589483,-0.33179277989618144
-0.7520670867295386,-0.39892591655712795
0.6070305947414008,-0.3486086566022089
-1.2218113484560962,1.4941182227403993
-3.145262587094466,0.25970588700724173
-1.5520671163831705,1.4093946158903625
1.0186368093419897,-0.310379766927447
0.06043597894057653,-0.43344496328983073
1.3853384068323982,-0.3180338001891642
-0.5827118261638354,-0.5315585257578195
0.06367317918825188,-0.39619810595613797
1.835345617048638,-0.25428677506427644
-0.5517327930755195,-0.43579069311090607
-0.5925778478902252,-0.4629115759704749
1.0027116965294902,-0.3483581191369285
-0.9777682424203875,0.3997568167917467
-1.1344784058780282,-0.4816194939396031
-2.5649525932329267,1.4226012533639378
0.7787405260722563,-0.39390391280233433
-0.37735411433753535,0.5523029129786101
0.25996669802209305,-0.4005070621370694
1.432361813949705,-0.26845981307718436
0.1883691275712353,-0.3994797311947874
0.9149634387684078,-0.28254072212819936
-1.532539183143484,-0.5812010214542677
0.5502074378920414,-0.40281016443659595
-1.352061026456013,0.39607702901471153
-1.1795127410003423,1.4886852418658238
0.725750414268987,-0.3866705093036224
0.5931191291119411,-0.37032874154531153
2.129049965813976,2.85548502969454
-1.4461554818563214,-0.5118538206916577
0.4839081960556938,-0.36818192028987384
-0.5808029888171438,-0.49100587189800926
0.5286390008215558,0.6347078190146765
0.06572085096601327,4.302277702061668
0.8463956693339375,-0.3438406363064121
1.2893787325844712,-0.3100698223633099
0.6062394201733272,-0.3548425385175734
0.5140415892818955,-0.3930733024701774
0.019828671856466834,0.6063246110886958
-1.0146196923060575,-0.46211852920517443
2.4064947846057136,2.953107380944257
1.0347907346965994,-0.33015811246342697
1.5376769679768634,-0.30361893151423447
0.48286572948426226,0.584298624748846
0.6298537598170172,-0.3925649338734031
0.6759520551931993,-0.3876161662926982
-0.8037730137151411,-0.40733845018658094
0.8514065228189928,-0.36346497978821923
-2.9177617628516592,0.8727567458049437
0.5579227012634658,-0.40857069185061007
-1.3864040564860551,0.49832903918189064
-1.787920326036674,-0.5469834152899982
0.9602359143231883,-0.36763656267557976
1.3948683243156357,-0.3108288932078094
-0.7232313140113965,-0.5530188395723701
-0.7635653875016645,-0.4877747378231274
1.1613931562904194,-0.3365365821420134
0.5597111796370492,-0.38971564823648813
0.8568540921449421,-0.3476818050068592
1.0482102589930464,-0.33960629323188957
1.543701573576835,-0.3022806381348587
1.1239239701228467,-0.30479366503645705
-1.0957132436307,-0.5461456941138627
0.5367434943351995,-0.34922731481542213
1.3502717315916335,-0.2557441927873112
1.1162239795023745,-0.2972598885098172
0.8245117654952392,-0.3832652506161079
-0.9019755598050103,-0.4028405563516594
-0.12172780893785323,-0.47375986202890474
-0.6440788555702608,-0.4535026459945952
-0.047841268268011834,-0.440036015373352
-1.6797521210617128,1.4221632239879436
-0.8276170171564609,1.0372182002665964
-2.6424913720243497,-0.6860217824994277
-2.7931476523134506,0.33747025477680004
-0.911523842292628,-0.4368468132044331
-0.24568987139922255,-0.3779647726177165
0.7686558701194061,-0.30029532500618367
0.27361102425943135,-0.3751446741827938
0.09910155128686102,-0.43232117497521294
-1.5870573069582403,0.996094682949334
1.1162689577836193,-0.31337094133015225
0.29428834100538687,-0.359744930232226
-0.0945725200491982,-0.37892986599875883
-0.6560242270389415,-0.4103667998475328
0.6298307012858143,-0.3728891594404004
-0.2494771596723071,-0.4376042577243934
-2.289288497694202,0.31707089367389585
-0.2546335327049569,-0.42343685379186374
-1.5713400946082126,1.020604572252464
0.21582156541527023,-0.42455246024489923
-0.9058251611139874,0.470417560615627
-2.0643546466291025,0.4150937675890651
0.8848748644507566,-0.3835560554056629
0.8749058991324862,-0.35698981588182066
0.9223228667317058,-0.3547859667799371
1.300424045461493,-0.3057493840297447
0.841323998539305,-0.3609997846456484
-1.4773151118038244,0.48353784686146767
-0.575014265431564,-0.4787165723139535
-0.1446233964179704,-0.43268836041260855
1.3165296797136,-0.3122596336829436
-0.31838727354119056,-0.4840537421671977
-1.9823622610796845,0.43693195836646215
1.2489888269291773,-0.3396324343763487
-2.409342416944452,2.2940299557339734
0.4199410461492149,-0.4450311043384445
0.6360124082126637,-0.38461568441129435
0.6369343149377956,-0.3865892228332609
1.0261798465249776,-0.33781685034179765
-0.5255911470947944,-0.4714139834729044
0.14914713963430742,1.1507001422545449
0.5684772461860893,-0.3178065873748136
1.4947417392010174,-0.3216491067318657
-1.56812684654194,-0.6085813694696146
0.032149722002191634,4.358596616582152
-1.3137080879188903,-0.5107800914855045
-1.7694318817140873,0.4630775834218162
1.2884781114525035,-0.3241739292923693
-2.1420723916930884,-0.6455546322239247
-0.8108139889160942,0.44747313353147117
-0.15073149035291328,-0.4362247690591207
-1.8340676498239126,1.4205699415790776
-0.7427347175812414,0.4256857517381354
0.591521427170023,-0.36188576002420214
-1.6267130412737092,1.0313229425317707
0.3347533493737282,-0.3194589318537697
1.400729961978643,-0.3041720196319465
0.2806110674412004,-0.29042936736090424
1.030224451039755,-0.3176517795610346
0.47077480732856125,-0.38000600538377954
-0.13207596290845558,-0.2775782000264737
0.8656858754785549,-0.3456093311211945
-0.8257386367260408,0.5329236241719257
1.3253932331654492,-0.26901595594261574
-1.1320238595737635,0.607734431125447
-0.05620905792116338,-0.39156642152895804
-0.5554368837027378,-0.38740966999609905
0.23195996908067262,4.769503190208924
1.2640369129362725,-0.24216567879723094
0.7170890235988022,-0.3794748799558299
0.30982342302819926,-0.34532729901904086
2.0790032726586456,-0.24427256094596353
-0.021170595330682555,-0.31246210500155164
-0.5007122563406028,0.5109535686805283
-1.793626463374031,1.0312332136783091
-1.6088772966258784,1.0365277771083383
-1.4102819685081271,1.0250366317189141
-3.4034208292852437,0.23817905309584234
-0.7788531428028016,-0.4303510152899993
0.6219792942352872,-0.40130409903389513
-1.4813439898191232,1.1639430823045043
-0.12551150833123093,-0.2765101658936499
-1.5666275582764668,0.990606991354183
-0.7076319562728726,0.5112975184718478
-1.589218100329439,-0.5146546426818844
1.039208806719917,-0.29770297902769133
1.40749846857739,-0.3223971458093051
-1.3107168595436127,0.5786611515377359
-1.809932754342231,0.4325334149987537
-1.409154956250162,0.5151028856806106
1.0143567025177964,-0.32434937049134627
-1.134494550958038,-0.5115045797246726
1.3666729924946943,-0.33004451037542926
-1.4021066521260586,1.0405053635449504
-1.338881015160727,0.4220230480826418
1.6655863837645597,-0.261987169860944
0.16000278314821323,-0.41199537051750923
0.5676226455345375,-0.3602996561854998
1.7586912413559266,2.9097891438689243
0.23465669942437198,-0.3621477918644589
0.9714970487721835,-0.3322306087978516
-0.6278846511506324,-0.46153210686850404
1.171301588855574,-0.37847629521496895
0.8308913807965358,-0.38910483284758535
0.2204333564476319,-0.42557883063626895
-0.5194842554533511,-0.4786436665595859
1.4429859222126489,-0.3172120352879355
-0.5705871538475544,-0.5464594503426482
0.5705190855341804,-0.33973123303681674
-0.23255963823851333,-0.2939268537922311
0.5125268832720145,-0.36680395101168284
-0.44503313144894924,1.0960835946879521
1.7659047881108085,-0.3054388879633608
-1.6569714773629018,1.4249943090944415
-0.7221458239991922,3.695986513019112
-0.2837664413186768,-0.48172250894032587
-1.8025352036227666,1.0792326452364258
0.4603093994396,1.173284292034022
-0.28662341977720485,-0.4620495304603291
0.45578136033535427,-0.39539460608072535
1.5317159222410717,-0.2485660724167896
-0.8796904754159125,-0.3992147820393511
0.34844714394999854,-0.41775620046034334
0.9360656221228416,-0.3440302765844693
1.6852675516938895,-0.30448436521491024
-0.1663083154947675,-0.3770267715649193
-0.542762561517715,-0.4581292226532115
1.023741188274051,-0.3312463913726733
1.4507006733130543,-0.3181739425119255
0.07673794989919999,-0.4130612903364217
0.14683889093373861,-0.3985435698072747
-0.9019183689908525,-0.49132449591619215
0.05174981079673504,-0.4821696816283376
0.7569293492169165,-0.3011289333941433
-2.289201707816658,1.804847663967072
0.01264836159187865,-0.4273257316586085
-0.941163172446588,0.4831760663617291
-1.7601399959480943,0.43213661440465534
1.1792394031613849,-0.36288481379784715
0.9581273483871456,-0.32060072213474383
2.077921744873821,-0.2738748057894997
-0.783913009788775,-0.40410723549511735
-0.9506775637534478,2.0230787606126666
0.3183697055191704,-0.37440750800357553
1.5854621147416175,-0.2802472036123155
-0.16583778384851575,0.5818909802191652
-0.2848446170420504,1.1850689446921154
-1.7150247001196712,-0.535123326123865
0.17679577808506494,-0.4462605647578813
-1.7335846096711311,0.44184290210954286
0.8198608005862894,-0.293642091343592
0.1988495794244665,-0.4420956643443528
0.4529754416507903,-0.3921724505245684
1.5245093702653187,-0.290455039785693
0.4506690068559373,-0.3975292023301062
2.2745503492446093,2.9694865835161797
0.15283055141075466,-0.4695997916795099
0.38408251885552386,-0.40131544611169206
-1.3813785013665603,0.4275185784396699
1.165741265490087,-0.29008345188094564
-1.1766236148593932,0.48674559141089
1.3909520790862662,-0.2822512413210139
0.2952093594094318,-0.4029372204850007
-0.13924789565087464,-0.41536570708552895
0.14422064383195163,-0.4153640370260795
0.8714724620389951,-0.2897725696951518
-2.0175608781697076,2.5206148971616726
-0.06192877991866486,-0.2661652814247566
0.4592733432898199,-0.4056724371727201
-2.1111713300747947,1.0614704260822279
-0.06434392087019697,-0.31948638779020794
0.6400199883945172,-0.41681128982506793
0.18822637556183217,3.7502247241136626
1.7150362954228964,-0.2501156298825097
0.8873926844013942,-0.34927156150656763
-2.1197634080528958,-0.6009741519407524
-0.6493730262491174,-0.3617422252257966
0.16910293839976803,-0.27611894022089456
-2.3593344898551276,0.4080514827102281
-0.8763288090368598,0.5656434409538442
1.2201599581430225,-0.309242594544093
0.9708241134465407,7.965713948848434
0.5325030190126204,-0.42197786303230855
1.7829570686597704,-0.2658166371634038
1.0127358834876112,-0.3585918166882044
-0.5193702759046185,0.5217259815909057
-1.4012386205132268,1.5590088871441776
0.4630506148825062,-0.3800388114042967
0.5420928171869932,-0.36430068838785445
-0.6769901602240388,0.5307612847485972
0.618404859472625,-0.39428228325383646
0.6153399198320216,-0.3505686520148742
0.5396195199314052,-0.3718706626189991
0.32738714479113645,-0.3954413893001644
-1.2222813550161922,-0.4549541810560972
-1.341591804558796,0.48665975800732153
-0.2985481760237535,-0.4329781786795196
-0.09401532254984965,0.5532181346946287
0.3604992667997347,-0.3982460084061097
0.7565321866861686,-0.3396011861714915
0.04155309548448324,0.5486066306395447
0.20259399365254388,-0.3917142606897498
-0.9206928798373274,1.2022326296442967
0.11445402597106188,0.5708759698539457
-3.2175752580198584,0.26841605317110057
-2.6827732807624525,1.9003295435482694
-1.1322168426500312,0.5297458844331228
-1.407883956551817,-0.5465778764119642
0.6073836746870982,-0.4077445068196682
0.9163481806932208,0.6158456397521127
0.894379774896844,-0.35364060789410035
-3.4153443555158796,2.5103286471066886
-0.46798478235245344,-0.4800458570822221
1.9927716986562862,-0.25024529461933775
0.5258960662493664,-0.4020109801542329
-0.862740117270135,-0.506155032939584
0.8316184072095556,-0.3239392607464321
1.7817440176259158,-0.28649171855657923
-1.4767838067802068,0.466261206665106
-0.4502155019130091,-0.41927387046282955
-0.7488265037376532,-0.3779232662149915
-1.6797521210617128,1.4221632239879436
0.5402136518089116,-0.34885899985152
0.7089099841970556,-0.37695950056799066
0.5652664700674062,-0.39387507609419903
-3.0603960970528066,0.29398903976222607
-0.06192877991866486,-0.2661652814247566
1.44122034402233,-0.32817772801004025
-0.06603091383003928,-0.43532112348550084
0.5423483879641482,-0.4066930533977995
-0.26997829749680397,1.04526140670903
0.012898067356519185,-0.4375099429333795
1.676206541587467,-0.25123370958632335
2.294435636550352,2.936842583856656
1.2829751877734035,-0.33716591251788763
0.8053355175253358,-0.3452553456155099
-2.696126632132218,-0.6947482178558142
1.0082449015914448,-0.3890557935450447
1.3267849567131655,-0.32565573170333395
-1.5226325981874007,1.422920465685321
-1.0030838394217765,0.4250459486794991
1.2774384847823617,-0.35075686578969784
-0.4564905792876949,-0.429829475041255
-1.5749481523573723,1.3628212998217917
-0.5575208342216567,-0.49690143019591054
1.883946686448198,-0.26072010815840124
-0.9571396724758534,0.5279672473527006
0.8452731538415355,-0.3533156016283504
1.3832078012856184,-0.3194343473762621
1.3768648193315842,-0.3193648430751566
-0.0580672843807677,-0.47407650372788845
-2.713837505147016,1.307069052429204
-0.10989648055152604,0.4563552018673174
-0.35410451441709767,0.5909737357803378
0.2209466834897047,-0.45891211183083425
0.5469227700374836,-0.3708918234691465
-0.17777595072524963,0.5306316646453932
-1.8467930619878306,1.4046157226687463
0.2220722590340619,0.6232624065385542
0.2220722590340619,0.6232624065385542
0.2220722590340619,0.6232624065385542
0.2220722590340619,0.6232624065385542
0.4848851291037377,-0.41620560643604537
0.15561271115507588,-0.36880566024521316
0.2220722590340619,0.6232624065385542
-0.5397642538901879,-0.4505746090385933
0.2220722590340619,0.6232624065385542
0.2220722590340619,0.6232624065385542
0.9713431632038929,-0.36943331898852355
0.2220722590340619,0.6232624065385542
0.2220722590340619,0.6232624065385542
0.2220722590340619,0.6232624065385542
-0.4290179536715677,-0.5162017024423483
0.2220722590340619,0.6232624065385542
0.2220722590340619,0.6232624065385542
0.2220722590340619,0.6232624065385542
-1.2975296495292845,-0.5876465696399621
-0.022126737801315664,-0.3277073408007768
-0.06256567521513456,-0.45809290354956506
0.2220722590340619,0.6232624065385542
0.2220722590340619,0.6232624065385542
0.07841815782264566,-0.4192649611321127
-0.2270678786059597,0.5592186841816286
-1.3108640786642567,0.5137316888197914
0.2220722590340619,0.6232624065385542
0.2220722590340619,0.6232624065385542
0.2220722590340619,0.6232624065385542
0.4237768706315489,-0.40198665412612555
-0.5016339478615675,-0.33770513629272836
1.1762327726132884,-0.34380684245315735
-0.4577971581894388,0.5702162486924338
-0.16355879941085832,-0.40984154092667097
1.1760057671521524,-0.31209986226199504
0.6366506137982338,-0.3745243339204229
1.3599952212197242,-0.31845302279897664
0.9543777567209057,-0.2736853340435408
0.9750195170404762,-0.3688442477803203
1.2012541283979574,-0.32604801733917654
-0.3977975557352549,-0.4643687409931718
-0.9321358215408291,-0.407747618866878
0.012298495423711638,-0.3895274214899453
-1.693180544572208,0.34381750078617396
-0.34540267983584694,-0.474183188676189
0.7493409332198187,0.6231300526648538
0.19857318651176287,-0.40255904213373267
-0.7434501059846378,-0.5403865958871498
1.6009433536577287,-0.28831808043217755
1.2364462322932321,-0.3345639370508639
-2.0896588463873114,1.064970498569554
1.14093293752617,-0.2190581441430213
-1.998075316975988,-0.5811755482183305
-0.49662459683853966,-0.5282638062976807
0.0029562727803088503,-0.4434177121163415
0.2000524380185376,-0.39102802455460867
-0.8523001844410906,0.5327958399542014
1.3551049959651855,-0.2918684331320764
0.053636318344240756,-0.4563306749511486
0.9009203441326091,-0.35070468342643507
-0.17968221273204588,1.5375933827526984
1.0410030610607701,-0.36679364172661266
0.836526165939933,-0.38770937960586704
-0.36131293599247016,-0.31487496381373287
0.8065482546952715,-0.3661596312887269
1.4758022077067283,-0.245004646138722
-1.1994998034758886,-0.5382256840685955
1.0524051084281902,3.8337963276661173
0.6686269432707954,-0.3920637683355326
-0.37678427476381626,-0.41976918837136845
0.5552584780523904,0.5573393940996548
-0.9623110526741957,0.45315961386663045
-0.7696038806970043,0.5577313633862396
0.46836193083739014,-0.3657933575069704
-1.4970789458215519,-0.5796588211424761
0.8697713455220037,-0.36057716539534385
1.116153414483465,-0.3515423653342297
-2.297148120698678,0.3772183625146562
-0.026997285132703858,0.5575088575600755
0.7669747915544569,-0.3953413006219488
-0.9010379895357387,0.4544916433181126
0.5480786255012117,-0.39615973736047655
-0.16618364046280837,-0.303602914301872
-1.5928579565539838,0.43539864261935185
0.6184710462963784,-0.3456342096337698
-0.8798338471572219,0.4784632219172052
-0.8972657822194647,-0.4839759125677468
1.2666847995067825,-0.2736295416058553
0.47907416185560375,-0.38210907388598686
-2.4116679026495738,2.155070259350603
-0.7503322586930213,-0.44900152850296077
0.31099992993142606,-0.41825488985647813
-0.80206378811296,0.6614188027123571
-0.2553788422437272,-0.423558115355572
-1.9918562181870318,0.32144605546788135
0.9550603405999483,-0.3196372318739927
-1.090151402297692,-0.4334566906230966
0.8511095526527386,-0.31440397166351536
0.9721534492302811,-0.37797290861845684
0.8663664431035897,-0.2449430405657812
0.7735034381912496,-0.34729736962165486
0.13653452541106822,-0.4372112876008106
-1.1524865931102461,-0.538683455053365
-0.5237747260254876,0.6093380564124655
1.1156858001854217,-0.27570532038286244
0.5497984628649806,0.5964348423518615
-1.3142432179993229,1.078682373870288
0.16727216975664977,-0.4396609467634843
-1.1640397189393215,0.5410992372600105
2.3994427100816647,4.828447659156777
1.0522196046684706,-0.2586033812057428
-1.871942406995236,0.3594211096484615
-1.2169793938350655,0.43263729540584056
-0.02376332628984443,-0.3979900697567881
1.2722363604010363,-0.35724023826283136
1.1149819284892866,-0.2918907341173699
-0.9193898118786918,-0.49829562841509123
0.4603386657466827,-0.41115642185278484
0.7775823999998083,-0.389981157002802
-2.133777632670302,-0.6357070157909116
-2.829081940988319,1.9926704107634092
-2.0385100878372118,0.934173938790977
-1.1915093657974463,0.4921998352689013
-0.8625163101193478,-0.4978597468801114
-1.9685345048514187,-0.596844678693115
0.4684346266332309,-0.39742239764154247
-1.356989518935374,0.5506571995854387
1.641067121348312,-0.26027838094755174
0.9967407944663471,-0.335055865188064
-0.1356186910316654,-0.4599676973607893
-0.7887196381398514,-0.48679090714892337
-0.3087011594590945,-0.3797186215105886
-0.9896517478169993,-0.4580562546281998
1.2114737227994083,-0.27299711593776327
0.4985540325614437,-0.3955086982275994
-2.7652745088844117,-0.7059985497325655
-0.07933516491213036,0.5539505575134474
-1.3107168595436127,0.5786611515377359
0.8501308878093227,-0.2854635441931524
0.48049233520035023,-0.3713464739482634
-0.29300145976904707,1.153202904292326
0.9918395527713559,-0.3474436829829975
0.7556457376910236,-0.39537794072659
0.8190558323596698,-0.36593518533024383
0.1436011791927023,0.5651476632609611
1.2794677984345646,-0.3205769027856892
-1.4030030253269241,-0.4843575244964592
-0.34703501842138745,1.114796000456086
0.9902141353123266,-0.3635944107024218
1.4704171168615325,-0.31484226949439154
0.7287298943096993,-0.36542841382121016
-0.1980322821981302,0.5564191748984286
1.0709535280096223,-0.31766469558032434
0.341737036505853,-0.3233414673438217
-1.9716680963660502,-0.6298072678915437
0.5736516079739957,-0.3756751346088338
0.7493111663133959,-0.3850491464030021
1.6483794914777397,-0.26413206254154603
-0.7169843111297024,-0.43022429385683747
-1.0408942731534556,0.4674102255669105
-0.6951475239981982,-0.38966512647817836
-0.44994990056869455,-0.3822243263796283
-1.1076352537051528,1.6272534462190487
0.07569084696551695,-0.4032351116919409
0.35376101891393136,-0.44770408293779335
0.7650545390795273,-0.40884268119539385
1.18928449775456,-0.29506499390867175
-0.5314738048250819,1.1124897194201857
-1.3977567865760387,1.3972104755037094
1.4715914948929143,-0.32058946095490737
1.5437684888266803,-0.3043302042107761
0.6760067792374508,-0.2995022159619646
-0.3504068584766925,-0.47996995314169216
0.5552863996144617,-0.3782000276666911
-0.07262819897080003,-0.4319392255563999
1.1095799309855179,-0.2641286053201325
-0.9561797654434501,-0.41165955891819556
0.3670652494693086,-0.3943787644443203
1.6339546634858146,-0.2743436049226614
0.5611236860867732,-0.39727779208697445
-0.6407545242630145,0.4961994531133194
0.11564159257463076,-0.4587895454485799
-3.008691466872071,0.3024013624020462
0.8183862916384863,-0.3936928596403125
-1.6408058866616753,0.39741818997435824
-0.10190660404895208,-0.40390455690045457
0.5816223064432944,-0.4056099886472554
1.048522864182206,-0.3379758070850473
-1.3449393178526818,-0.5363368088841024
0.797269678045924,-0.3406398881377529
-1.2291779098733067,-0.548698027991249
-1.8109973532033952,1.1103086119989107
0.3897711283480883,-0.3206027570099282
1.137676558930662,-0.30123509272160887
-0.7296968775124099,-0.5031258998794172
1.055133825854539,-0.36114146116146234
-0.16298746392791036,-0.42639334049088773
0.9808467606225262,-0.3764274532303983
1.4740742731790129,-0.28119385201447394
0.6627683476861306,-0.3256107961314092
-0.9269532354249497,-0.5388263160432214
1.3804871298129582,-0.27876252630584064
1.7126177901764232,-0.29042138379337656
0.28097792963985146,-0.30773276233908303
0.8227034967151163,-0.3671515361863957
-0.9642534003662034,0.5239256286676606
-2.1842820615445944,0.35653726071801234
-0.5780703045553791,-0.37061670972549515
1.2782366685464888,-0.31757141658444565
-1.1895487795278739,-0.482081359235671
1.0738207103183017,-0.3694449991957286
0.18449246472259617,-0.42225164210863464
0.8082172895944005,-0.37124868742430817
2.795959156564371,3.0124789032487196
1.4832980587847555,-0.32476644798869125
-2.1416599081158276,0.9336574939187092
-0.43766593943747467,-0.40070113960537546
0.40301686269039566,-0.4184349664216312
2.924232544567028,6.236402262211439
1.8596561659653967,-0.2629708955960445
0.17937038236298358,-0.42990709272603994
0.5748415316412305,-0.4151523093231415
0.1255144817386053,-0.44237571866211567
0.6718036392891589,0.5995161570838362
-1.1415312328642073,-0.4992979081325618
0.15070674683905633,-0.4276326467380408
0.08979331496981496,-0.3029063836592784
-1.0105938638991345,0.6274910428292
-0.3177175335898569,-0.4618300158664504
0.8357074342935152,-0.3311643785865048
-1.6587368984304809,1.1350813270605635
-0.3638529408820167,-0.38330605729380407
1.2967166691876364,-0.32177539852759324
-1.5188714074579002,-0.5032092639022446
-2.862732967396725,-0.7218550019326736
2.0603450545744595,2.9798949814414906
-1.6413557722053267,-0.5231374210322159
0.4326010478248721,-0.4170261921397113
0.5901993095020711,-0.35237584091794516
-1.9330568454082409,1.0904495814615967
-0.72402216842103,-0.4638221055347688
-2.5333896865847465,1.4277365256451027
-1.3838405671138734,-0.5136925553263799
-0.8081407807563787,-0.428524492922483
-0.5981045975884346,-0.35340087239873474
-0.4705089543752321,0.7153626414835484
1.5606477585159175,-0.2813905107953661
-0.3903730026315434,0.505778265992023
-2.340509931429127,-0.6573649317443067
0.3116864252467048,-0.40001361446403155
-0.2483202773867428,0.5496664596353651
0.8492315896759415,-0.3280885121112492
1.2076854978133347,-0.34502376891053455
-0.16904660940031158,-0.4077989653239868
-1.069398189205227,1.1490648640719334
0.46205756407804477,-0.419223910382376
-0.04425113007899977,1.0935422398769201
1.5111589614967171,-0.292287893471953
0.004247039745326859,-0.3975493245474395
0.25116571645586117,-0.44123726786562384
0.4925235615401083,-0.33607746838020613
-0.15105683777637102,-0.4562153117239695
0.549670703697313,-0.3641570895985572
-0.09028767149744815,-0.46577808588665043
-1.3067189510108093,0.5793116096561842
0.46697871064147817,-0.3806236287956881
1.3478181430810163,-0.31908997993773147
0.4968796522110669,-0.33319970358585244
0.8762988454330917,-0.3150743298131588
0.8454965599962915,-0.4010776177968368
-1.2420640553564226,1.028999668390019
-0.7319251591761573,-0.4889059015952492
-0.93457039677517,-0.495121775614901
0.02981874540409726,-0.42494759187501724
-0.18385605451100073,-0.4936404351966329
-1.1333694765335796,0.4593062037873645
-0.4783038725583699,-0.3814517692917047
-2.696126632132218,-0.6947482178558142
0.5283954945321436,-0.3514268080957284
-0.6868183034277628,-0.4752880179561007
-1.1844805762931236,0.5667469891937902
-3.3663688429757777,0.2442073964413394
-0.28601037620949665,-0.4985699730756711
-1.0939581591277987,-0.4915577880729133
1.1586043758075346,-0.3257015881072216
0.41271217403698096,-0.33615598509640454
-0.8504365245480079,-0.3944551759396647
-0.09785354189735834,-0.4734396792403245
2.62340207280736,4.895832592065461
-1.7832839613310392,1.1148175697665053
1.2212463676288237,-0.33491175536622275
0.5447885719228628,-0.36420447383207827
-1.2175654951567942,0.4246470718583989
-0.9000656546842845,-0.5933076476487494
0.8091659057437495,-0.34371139343946794
0.07040115632278987,2.70104842328419
0.6430968569652036,-0.39086897460941517
-1.1158643873891132,1.0759902329795201
0.8284175028567526,-0.39057873709317015
-1.011753265480882,0.5183337553825584
0.4220547666430761,0.5776678740041794
1.4113574484801201,-0.30304489032550286
-1.4813439898191232,1.1639430823045043
0.8488907340237304,-0.360039124876922
0.4591013490134821,-0.4019783171151043
1.6282070067874008,-0.2927247238943943
-0.227845745623954,-0.3545861317086074
1.1321841446718182,-0.3359645025683655
-0.3065399655764274,-0.39589791819535075
1.4600464830197026,-0.23385376805305222
1.7666710780049106,2.90929733687269
0.4129281053463926,0.5586894328685076
-0.3764451075776697,-0.5034064785786534
3.302599378845467,6.282050631493893
-1.1872384346240408,0.446867479302358
-2.5642098374907754,0.3747183456346531
-2.2319131398024936,0.3205621143433672
-0.46506008606509386,-0.48515333832720303
-1.7843621201056472,1.39399168879091
1.0577126895092794,-0.3477304695495691
-0.44611255184015935,0.5189875281274494
-1.4426634901084032,0.40530992498821866
0.845144069194196,-0.3231363543324417
-0.6408457048322242,-0.4912401457657796
0.5183874628120873,-0.40144033056634576
1.424305752631515,-0.28261387159506673
-0.5437864423094331,1.0855405673479792
-2.131405937011135,0.35815731471638773
-1.1043722069527158,0.5196115637218736
2.1684226518579264,2.9391886373550054
0.9994118111213894,-0.31918727714100925
0.20610459238010076,-0.3044579941549194
-1.2443916750704465,-0.5422439938538085
-0.285207659883585,-0.5062791114245758
-1.6007115599756512,1.1445220264072278
-0.5043564200568937,-0.35862349021559653
0.8186209855367551,-0.2718818085305811
-0.9032097717294535,0.44992345918635296
-2.481562166651857,-0.6922914202971522
0.28097792963985146,-0.30773276233908303
1.2925285203153873,-0.2986408776351438
-0.050152658057266236,0.549065492464714
0.41516838799523736,-0.40909241324821694
-0.6628823670392362,-0.3639401895663307
-0.9035257452592438,-0.5072606522636113
0.18864055526852416,0.5667840844177499
-0.11680693815362803,-0.3689729172804282
-0.6577784101397446,-0.3631097778212283
-1.8943261857434737,-0.5847710148701147
-0.9869381265137753,0.6313398218355072
-2.1455102380111915,1.4908443567107232
-1.737677806232044,1.0172135063992067
0.24395607084358137,0.5555449718185491
1.3244148147448203,-0.30238254416770927
1.7147215551140085,-0.2907388846993857
1.1957908133308461,-0.30113270951414567
0.20093674249422955,-0.3761320778226251
-0.6189235802740082,-0.46345379976413936
-0.9448178729468962,0.45545358588466467
0.2775570633304001,-0.33138059175842705
0.9304359399964984,-0.3225898060940958
-0.5314723960038968,-0.34255983986506605
-0.24277430446449166,-0.4479860865492303
2.1307365333854054,-0.26203468273511876
1.2118823209036333,-0.24302181046845414
-0.9860675310687248,1.4438077444070183
0.8773982265858976,-0.35458208874114555
-1.88314252900063,1.07809521198082
-0.5347983358383774,-0.3431009689451983
1.8660118479407406,-0.27854243445836036
-1.413206104883694,-0.5389457253564918
-0.3227382020118102,1.10848822252716
-0.20510341280794805,0.5343119856171731
-1.3525250714331334,-0.5803126629565314
1.0880532858387153,-0.3394676681176083
0.39847285087029843,-0.358127524109315
-1.1082054800840866,0.5791569168240783
0.6967499783439781,0.6017821034332405
0.3273005582999904,-0.43508281592952885
-1.644765721618383,-0.6175711999085405
1.1181051731345935,-0.2864512845631027
-0.17032245342680322,0.7437274562764151
1.231492798106841,2.8239656428191093
-0.8011307367150411,-0.47181406300194995
0.4141130648483385,-0.40357944384415223
-1.6778738178788706,0.3538788170393333
1.1476476211765083,-0.24307728110721055
0.3267530792914974,-0.35515395060347704
-0.7750913780031485,-0.521842502997666
-0.2277317922104934,1.1394799237596809
-0.5702812180183194,-0.45125106360741496
-1.9438023517965572,0.44320564017635
-0.32603054819062693,-0.4305688048270952
-0.05559982385695995,-0.2651355628061687
0.6761656765961929,-0.28675113485557024
2.006047279231133,-0.2325291943304969
-0.218783383542152,1.5222250064897613
-0.6397385574600851,-0.3926274561222
-2.1742969643914365,1.3633083151313867
-0.8356220815652198,-0.41252028078078196
0.015530821445080025,-0.36178340631016126
1.0521676388773664,-0.3336212263605659
-2.315007932461943,0.3213844143886131
-1.31845038185152,1.4304882205719625
0.3026575067782809,-0.42324991241101345
0.021898499934280998,-0.35095917374693225
0.2475953417346711,-0.4072248612820417
-0.07310984524400838,-0.40090778220577644
-1.4904459903371248,0.3547027632018575
-0.010145467078282237,-0.4501832763162619
0.16750748036899651,0.53782492397131
-1.552344335874531,1.0874858441874924
1.0443617603634912,-0.3569637817768124
-2.1875207965750674,0.9022412530648392
0.6105155031488184,-0.39541062183696807
-2.7785751782393264,1.2927600904388423
1.1045016347243974,-0.35665556431605183
0.3321623967783069,0.6294184598993328
-0.4312170919362741,-0.3791765059114211
-0.8788306473788223,0.49331754324671584
-0.960777071850057,0.48962123083643905
-0.9869381265137753,0.6313398218355072
-0.7819225743662361,-0.40378339244838063
0.5215259323494914,-0.4130719380608292
1.1827875361377274,-0.35578669872796487
-0.19380649758370755,-0.3200744884284604
0.27764898207959393,0.5859141757786342
0.14632141968572154,-0.40814050039540567
-0.46282609420315823,-0.428749379371094
1.2267140928343452,-0.3170519524072927
-0.8404738692257339,-0.4577397661314039
0.9440347919690041,-0.31400221353659347
0.24201691007052387,-0.38801730666635587
-2.2860966454844616,2.0810139010560524
0.26569981715480223,-0.35144158057741676
-0.9457974336042222,0.5129588607760149
-0.1414161057376368,-0.43378113247644173
1.4174855669714086,-0.3072895501503745
-1.0494970297451864,1.0295949124891481
0.32842129279884374,0.5777253348538656
-1.6295548766589252,1.1073764752120936
1.057907083771634,-0.3434460484553863
1.2866290040609458,-0.32164762366358224
0.9484531078339281,-0.3875743464987377
1.665571756477498,-0.2629208107117905
-0.16427658697727016,-0.4769196047855334
-0.7019185677643096,-0.5205777930412198
-0.47135591663763626,0.49758441913261864
-0.15360305321412193,-0.4130025508682204
0.28097792963985146,-0.30773276233908303
1.26728766140703,-0.3299366480910887
-1.2793353901967528,-0.46423684974872326
1.385848565031645,-0.3096278061516076
-0.7971372722307162,-0.46947588148909203
0.3707336975486879,-0.3831680429522863
-1.0128673797710805,-0.4738107749837815
0.3588821600447025,-0.4053894276690572
-0.45369502474609746,-0.37085631025778265
-0.4494683593084897,-0.4904927202020456
-1.2341165843208004,0.4660494503307884
0.3037641623838344,-0.41213379689656254
1.032248957509809,-0.3188949435081342
-1.378634740068665,-0.5959530768521792
0.5145461131761905,-0.3717644668184031
1.0105364363039764,-0.3680445464147054
-0.09103079170468631,-0.2709001670966219
0.6527924945886443,-0.39218795882442853
1.5079935398881052,2.9230801790556042
-1.1494088675410312,-0.4430978565051925
0.19434010132882618,-0.40634618453365384
-2.3754722359380804,0.40542587788035594
-2.3982143338985056,0.4017257476428754
0.7161869215797719,-0.339164401690119
1.4136232005233764,-0.29359951347085744
-0.2801573585002445,0.5181935732224431
0.6699423819630719,-0.24096911773006027
-1.589218100329439,-0.5146546426818844
-0.7694493637404426,1.1390945269460822
-0.35618240007068314,-0.42582432180390084
-1.0803963758763515,-0.4728203693002774
1.2205881007156243,-0.29449483217455824
-0.9040856820357568,-0.4031838723941965
-0.5954912320892685,-0.5261859993677817
-0.6881918051564146,0.5962532561986126
0.28181699256894704,-0.4020619813123323
-1.771588604044118,1.3696806053091428
0.5524657063558901,-0.1986562994824235
0.6771472250014413,-0.3881930727059924
-0.39145766896547224,1.1354645387086626
-0.4082737899409713,-0.32251547595888014
0.8049934932013298,-0.2717186669801607
-0.2731038054019985,0.5805071458666531
-0.7348188029261814,-0.37564421889841143
1.8027714310944343,-0.28323696577668095
1.0924914298513597,-0.34198566611388725
0.032910024128167396,-0.4625160016326092
0.3920540528073577,-0.3575689475853171
0.604064954492955,-0.38991654819711735
-0.6290771739428901,1.0998822569663793
0.5949952541055369,-0.3667642330565606
-1.3800437242576842,-0.4806220554000924
0.14987905870903268,1.1297491226029945
-1.3600201860576728,-0.5957399372218709
0.7136522026942095,-0.22367103848978653
-0.08924238969801479,-0.426067856335048
-1.4890655302602638,-0.5597860859679864
1.149590183821368,-0.30243462489494816
0.200927088945163,-0.3893168671363174
-1.1418168543832932,-0.44186263900251616
-3.2204529097693597,2.114520176217728
0.33415596600913433,-0.3250328945953386
-0.010662453974479763,0.5515918940054186
-0.05836226057998601,-0.3336028458565367
-0.5549519518708166,-0.34637995420882556
-2.0252303253244306,0.9526005404473701
0.5535953781491274,-0.3359494239984271
0.047609412381268555,-0.39431844549535094
-0.9105007966998683,2.5267341274556925
1.423256163692729,-0.2794910151254435
0.34450317949934584,-0.3501424841254713
2.4290125519259753,4.8975828411883136
-0.737564614296873,-0.49752523269944215
-2.0826364573840053,1.9480914393366295
1.0869461354941694,-0.3601122460200061
-1.240586722957515,-0.45793245709491126
2.7445452409290896,2.9819334956950687
-1.7832839613310392,1.1148175697665053
-1.6782513237834555,1.8157558024788134
-0.04326684910595486,-0.43574595499693913
0.5396105266299397,-0.24625222538966957
-0.22302104186905858,-0.29237492797997056
0.5683068877906375,-0.2535606852390424
1.098982404519779,-0.33647212042472724
-0.2386722649030419,-0.5085746541966958
0.22639342243960345,3.7504396613668494
0.9383591887098556,-0.3654395804213451
1.5413089551016028,-0.3007979219465416
-1.0243538467462643,0.4633554819539403
-0.21594837171468467,-0.44345125950993386
-0.6387733311312446,-0.3600176590717871
0.5475443465684282,0.6998844814470041
1.3670336817084316,-0.31978715407113906
-2.0238471476211886,-0.6502741249771475
-0.5751054502252791,-0.34965892032629314
0.24472162215701537,-0.37804686137723054
-0.2788069112958397,-0.4860170205482449
-1.1549683126217751,-0.44400237599511244
0.8212763118740001,-0.36742075121213613
2.7478503065257325,2.984136679651514
-1.7244349336475155,0.9579418901109118
0.28097792963985146,-0.30773276233908303
0.6955265750017012,-0.34042639770431854
0.5746543363979568,-0.3894640906174179
-0.17411392316175062,-0.5155382845690173
0.7282667333227987,-0.3607386282319105
1.1957908133308461,-0.30113270951414567
0.21595337719498886,-0.38235430441305296
0.9046884904050755,-0.3482545255271938
0.02522665454708178,-0.491485318771895
-1.207739420514065,1.8238502589561902
0.1792508331247532,-0.4396243552900775
-0.10145995857304746,-0.4470400233588356
-2.074419008858362,1.8397927231382278
0.8108175131146808,-0.37938647836576317
-2.8758969119525175,2.2928733949301052
1.3332766906045785,-0.32505821313327693
1.0888428665088825,-0.35298306475041413
1.051271856715613,-0.36838714174801723
1.133906318103075,-0.33440251836342183
0.6039278119438484,-0.3144890914045889
-1.1060254938773262,-0.4684921540837493
-0.17032245342680322,0.7437274562764151
0.8941152754604448,-0.3813594271251616
-0.48446731844912166,1.0729458040301891
-1.1534193801467028,1.06756201715835
0.6419154747687811,-0.37918184435627256
1.496760728821857,-0.30999186492922753
-1.063643081365586,0.45106895987875983
0.2607416595051334,-0.32611486719394706
-0.21388645540339019,-0.5031434193628826
-1.8031479573629392,0.37022779278195656
-2.740439995203325,2.007092419870877
-2.3950098520459315,-0.6457566382333495
1.9927729872505573,-0.25024508496556547
-0.09238965465963533,-0.42048159532901236
-1.3796130905575483,-0.646362508731278
1.1164081950087288,-0.3597237880330018
0.9690451531965465,-0.3309316906800387
-1.3270080455131055,-0.4924685804777166
0.6780558555673876,-0.36126437125213545
0.2064594317221081,0.5842769708089368
0.4203600376529677,-0.3982712195877007
-0.30772389327791144,1.0954582670633153
1.5744426256234794,-0.23503317231769158
-0.6352165813949695,-0.35943897731299584
1.213728407270668,-0.3511911685982244
0.7905862015949091,-0.36185572180089964
0.8623049609466885,-0.3200817066429551
0.49383539495651974,-0.4218842577169358
0.5291966333605495,-0.3730516606457544
0.019930812811603554,0.5496111784134348
1.40335298055622,-0.299072833430754
0.6668754237402961,-0.3576615664991157
0.06766913796847063,-0.42427119416531783
-0.43514761747468045,2.707402481151298
1.2446874373901862,-0.31766026186340723
-2.7931476523134506,0.33747025477680004
0.14197549532418338,-0.42490338104200553
0.10141500887167508,-0.3104225889129617
-1.0876798828943248,-0.4655073305181581
-0.7870834983302859,-0.3841476639259529
0.06938451769300938,-0.36474521598749693
-1.0661076451743798,0.39205593063096844
0.138349569281896,-0.4348151862748188
0.5875741171143962,-0.3979662860522353
0.00578848153675412,-0.4441115453853501
0.5131787853125266,-0.3947895083693774
-0.7960931000341629,-0.5456038865734107
-1.151789212252096,0.4628520630355874
0.8179363851024701,-0.4008720557107417
-0.3528210971601262,-0.4733521286014708
1.3326716517876298,-0.30579951059290733
1.3599719505786958,-0.30110730307661104
-0.36140538953235424,-0.4666003142413948
0.4817859504695792,0.6498685230692098
0.3440851357051153,-0.4316498441612499
-0.23238749939402115,-0.29389884687111684
-0.35503185662525516,-0.39181018313722094
0.7726500654619789,-0.3749450049858839
0.8457403031851038,-0.29598684859758123
-1.171379890093234,0.601331220708989
-0.4896010597266527,-0.3832898171232012
0.4093511088625512,-0.2674453805346542
-0.9897473537208115,-0.41712099209821696
-0.11838302415437435,1.129331500263816
0.4392058786145308,-0.40789231116710595
0.9579265620126682,-0.36340001479772366
-3.4187942480375044,1.8967244543910389
1.0114084061832571,-0.3408139420025892
1.4735999113127978,-0.30221657818699554
-1.7392594488382767,-0.5595417188285264
-0.6278801371411175,-0.4865603569649023
0.08523818755651622,0.6080998597176358
-0.17032245342680322,0.7437274562764151
0.39679692561571805,-0.3730919497182584
0.19656003519869156,0.5455786022941013
1.3590486685208187,-0.31960647339527265
-0.06959185782685043,0.5280996637930592
-0.49483091121191525,-0.4015037951781219
-0.365784969573122,0.5374425306019609
-0.6552390659426174,-0.5858963315531635
-1.2655047235564403,-0.46198660582094725
1.5347826767647512,-0.3259267163700275
0.6655645156105591,-0.38834287606504825
-2.331734832744005,0.3715911183054085
-0.17503075164533793,1.2522740675016408
0.40448372458174653,-0.37529950216586344
-0.9321358215408291,-0.407747618866878
1.1114467995196993,-0.3197779046531671
0.03361260340008961,-0.3556449031432264
0.5309961899850449,-0.36870508535176494
-0.46391323767035464,-0.5529024131579775
-0.5026062166443759,-0.33786332403461955
0.2151738814256799,-0.49566797567353216
1.373175946288122,-0.2897051797264921
-0.16246501695513776,-0.44144342125796254
1.5478950272487966,-0.30315463962100614
0.02419976313048724,-0.41583985653717154
-0.5251801396616884,-0.39446425617525543
1.2348093001860958,-0.3257457746403023
-1.1859422378059548,0.5989619325635283
-0.868647271554539,-0.3974180571902525
0.44445051665663904,-0.34628347869785037
-1.3463052061696135,-0.5677545922279554
-0.31366539521224923,-0.34807354556813
-0.1156152965989915,-0.4163214645911824
0.5790100081223599,-0.358370705140659
-0.6447053046257326,-0.4918681011076916
0.778994536255617,-0.3765840746019563
1.3285025100546841,-0.2215038239696483
1.6773213264325606,-0.29112852710751935
1.1410110930904689,-0.35206301367855164
-1.7832839613310392,1.1148175697665053
-1.333924387271354,-0.4731184577279413
-1.452611945588553,1.4012901259390347
0.7493619973987041,-0.36448665423397064
-1.2975658961961682,-0.5556961902666566
-1.1843171773513086,-0.4487774245421043
-1.044025032712474,0.4605265622113114
-0.8735234298994703,-0.3982114062016859
1.1771675201169358,-0.3462124359733863
-0.36807822429306086,1.138634853796762
1.2486477479907607,-0.34221311368784724
0.5128597121032552,-0.3285617206313581
0.28097792963985146,-0.30773276233908303
1.0028048034976662,-0.3234090277558673
-0.08879417906905596,-0.3029890262287918
1.075702377163207,-0.36835855755996777
-0.7795678892364528,-0.5038708769339737
0.867774447828605,-0.3686242144994086
-1.1079304421164258,1.059540843607174
0.9269191154534399,-0.293947075238218
-0.9020469925651117,1.1932889617151548
-0.3854369875987452,0.5157217834699056
1.3961210768632608,-0.3283547204135019
1.2794677984345646,-0.3205769027856892
0.608371550742172,-0.41554467033373665
0.8090325199618256,-0.33180864020370543
1.48467533842826,2.8582124957707484
-0.1273873054206452,-0.4667001132224549
1.5493790281968118,-0.25282265555374045
-0.17032245342680322,0.7437274562764151
0.32963592150197046,-0.43408215042697734
1.141881793888528,-0.3148936284755752
-1.5169320434736848,-0.5737270067173732
0.18601793974066103,-0.32206787406028803
-0.9928436883081413,-0.4176247644965187
1.19593463824826,-0.34311200231024347
-0.12011913206848623,-0.4039478446297539
-1.132922027899857,-0.44041545429309414
0.18393118356085766,5.294966780440551
-0.0002507679746814365,-0.33612547559089323
0.21863753265196925,-0.411155857397344
-0.9252420530964517,0.46007069839695924
-1.6897434681634318,0.5169936739899568
-1.8741508448705655,2.0661356828234814
-0.4555246556055147,-0.4737609170414724
0.13773601691679083,-0.42715508007430986
1.526334279166265,-0.2706756944027541
-2.917954801645876,1.5746209173045878
0.10139255873260176,-0.33467781881198927
1.5556633506876687,-0.293962340524547
0.6136983412566249,-0.3195790866096135
-0.13344049748178793,-0.43310541708529837
0.5436327594649989,-0.3683180932168169
0.07523731241804951,-0.39573197564874435
0.4869221401674499,-0.37816749107878067
0.34385831837042324,-0.414346951107461
0.8223016274326768,-0.3258783968491335
0.45139527056156403,-0.38916542610805166
-1.4060637555436966,-0.5173082591908831
-1.810966673263027,-0.5507330467612941
0.7897837944160665,-0.23937608054095155
-3.1179419273915694,2.2285780571701617
0.9623842385981788,-0.3470667316731923
0.2755337933579973,-0.34669914385461964
-0.7420204766143442,-0.49825019971539714
-0.14954159129064937,-0.3717285361204797
1.2033544134864609,-0.30355137403131355
-1.6394711285353687,0.41850727631644363
0.6700988061470599,-0.35532368887454036
0.2667317336607859,-0.3578110463162587
-0.5001990620741251,-0.3374716809493082
1.1061139439104055,-0.34271731001870664
1.0494609447561756,-0.3391900740709169
-0.49993380095464046,-0.33742852307131727
-0.5470652909388862,-0.4250919796589968
-1.090151402297692,-0.4334566906230966
-0.956417805335466,0.4443922222748259
-0.13405890150382627,-0.27790082334243016
0.6486764283974819,-0.3656608845904602
-2.276534621166011,0.42152298821201406
-0.6415196758161825,0.5006662605865482
-1.3134259985909007,-0.46978337809244947
1.0432672392775268,-0.368040648705177
-1.0640060727309077,-0.5506371273549364
0.5871193013789384,-0.3667277695452316
-0.9096064116297808,-0.4820392413129612
0.6838953490564346,-0.3791189398903114
-1.4751229601452303,-0.49609140903124177
0.8642398588759647,-0.3323820281873652
1.4953753806809003,-0.24746051770328897
-1.4362091354509623,-0.48976014532558726
-1.1020366674209194,-0.48831858240163345
1.246890589387531,-0.33603908382172104
-0.5625466030872918,0.5899782493326966
-0.9217673004381726,-0.4986824448523217
-1.4659547192863054,-0.49459973991233963
-0.3138263972155093,-0.4518299876512866
0.48784843368794784,-0.4098690051210435
-1.207739420514065,1.8238502589561902
-0.8397388381388596,0.5520030554772757
0.267473515718093,4.360924096053221
0.3053109182324953,-0.3899936278102548
0.29135664549901646,-0.36460018092922664
-1.0227771993831256,0.6255088190213467
-0.7741531048381783,0.5455103385335633
-0.38989664185408934,-0.4326227103249312
-1.1863767271089949,-0.5902867246731629
-1.9406574367142235,1.0317312286607296
0.1720015016632056,-0.38702585252186084
-1.3279740177764043,-0.4721503349922659
-1.4433075935238793,-0.4909150616134686
-1.4038352089637371,-0.48449292044115466
-1.4449505400003084,-0.4911823683477275
0.4313443868434518,-0.3449666841610179
1.1347035905651663,-0.3357398410547011
-0.2438539145536121,-0.4464133129888985
0.030666258146179983,-0.4520740911596676
-0.17707145011614212,-0.41749223697846144
-0.3028882419819182,-0.4705257629580283
1.8562569576155772,-0.26940560515815315
-0.3671030372665929,-0.3158170109740141
-0.7417925935592483,1.0831629612446139
-0.5778707242446456,-0.4505794201166044
0.9662620785409444,-0.22352233034841643
1.1149667244644483,-0.380626748427554
-1.0062810120512562,-0.41981101169232427
-1.3026088096024635,-0.4680234257727335
-1.3825738753430943,-0.4810337099692008
-1.7463972612964904,-0.5402276292730099
-1.4367477565294613,1.138746116501742
0.28097792963985146,-0.30773276233908303
-1.1741371684662885,0.4437865673630846
0.6258539341599962,-0.3875366527806112
-1.5938164905739796,0.9563860856466898
1.1048408224469053,-0.3291889153998093
0.20682181001049843,-0.38433648516126173
1.1843717163577834,-0.2915188125608595
0.3183318067758827,-0.32524303573809316
0.24857562655853685,-0.4358912265799165
0.7868116761177317,-0.2838387468123767
-0.9020469925651117,1.1932889617151548
-0.41531928989298583,-0.5025085260840129
-0.8013331810589001,0.641062263401549
1.2805886106075506,-0.3014099935705437
-1.8604074768405567,1.5372304618639239
0.7162773799652944,-0.3868291868099628
-0.7424290767240891,-0.444900243100909
0.009031517783152782,0.5825501158340732
-0.7762849685854325,-0.47863417216123594
1.2572699454614018,-0.31776293084586693
-1.6162728671902564,-0.6103651277690874
-0.5000890402282825,-0.3374537804390169
1.1794593506898232,-0.34442189998876904
0.6019379585500251,-0.3713993663168323
1.3532702154625291,-0.27672703141433197
0.47279448695497384,-0.39570450909681876
0.640646445648405,-0.4149853995627539
-0.5424388727711227,-0.5200476710374032
-1.7832839613310392,1.1148175697665053
-0.9912358991671124,5.32834198764687
0.5898704404142026,-0.38320916697326135
-0.532323031222158,-0.5179354005425999
-0.3695075574388095,-0.3162082254438195
-0.42388730761594645,0.5443798938015207
-1.789692402584081,1.548735776147478
1.4518101042003868,3.8570249747794976
-0.23902118082967316,-0.45470475853671
-0.4094253469894662,-0.46387704603950386
0.8890631622901257,-0.3365821003161999
0.561941190583678,3.8357305498652057
-0.43621225188018664,-0.511911118298875
1.0313548478904886,-0.26747991479806726
0.09244284878176942,-0.46003825053935876
0.26039902438574203,-0.41566420825544137
1.1310601679098515,-0.3337742176794058
-1.176030702267693,-0.5658049218361128
0.07180517574182843,-0.33434131510483395
-0.8622832400291796,-0.5368025961305617
0.8449737612637551,-0.39659666776783925
0.9742597294277829,-0.3707480313659887
-0.49972051053067934,-0.337393820804691
-1.3465850512543034,1.4248824592861618
-1.7203235089453597,-0.5564608489855233
0.5843896338916568,-0.3021837463440044
0.5568034458899576,-0.23890136856833377
0.4846496194282877,-0.3066812566340754
-1.599975930016287,-0.5573557548392601
-0.3065399655764274,-0.39589791819535075
1.2222316113377565,-0.3310644816878349
-1.3067189510108093,0.5793116096561842
-0.9721012445706829,-0.4142499772009154
-2.830931326678742,0.263305030376446
-1.4377359991834224,-0.5679657138668964
-1.2624016938864984,0.4814978431041813
0.6607984889174916,-0.3756524292749429
0.6035549522965791,-0.3796829963837345
-0.5027108555636314,-0.3378803487449092
-1.591768519018098,1.1459770555922948
-0.9754199837888929,0.4369193554219188
0.738557216926996,-0.39353657506827583
0.15135722876316768,0.5698493009583382
-0.541830052616079,-0.3442450264510559
-0.14391427555483774,0.6115485786471624
-0.5037137725033992,-0.33804352292967327
1.232667299977387,-0.3323500651563105
-0.18835904033257078,1.5229408569355345
0.03049110263871496,-0.4649309117984447
0.44064578255873477,-0.3815616143680266
0.06774965707464681,-0.3320447039508609
-0.8012848937464434,-0.5425228520696955
-0.48765298880832764,-0.5138581790864898
0.24667116619961232,-0.2634986205982532
-0.9421415602750431,-0.40937554855494906
-1.3583910577409009,-0.5095519303354997
0.4969806509284314,0.6091680404667538
1.118249066825632,-0.3264069187677933
1.323459844917717,-0.3099020953488013
-1.5563856790555894,0.4436060790824899
1.438097598311416,-0.3256311878076662
-0.5497250836936665,-0.3455295448480334
-3.1530947538160023,0.2789070054019748
-1.027814855117372,1.0733574340557677
1.5595815885404092,-0.33081404124264574
0.6391212495165391,-0.37071735718524684
1.0222128734250633,-0.35643901532398903
1.5743146505071048,-0.30680402216672503
0.22380811856875513,-0.38461120313855546
-0.8639104721825266,-0.464665217528919
-0.8738295847410995,-0.3982612174719053
0.009816478566799926,-0.2869451116923576
-0.5936899145113739,-0.35268260522871586
-0.4998626831148284,-0.337416952227239
-1.7388681136178552,-0.603908150184555
2.0103521473963424,-0.25839829065734415
-0.30294124590152166,1.2002100756505059
-2.193333503724482,1.4830635305165552
0.2517447552515759,-0.40221435087010143
-0.8796904754159125,-0.3992147820393511
-0.08593921295785747,0.5275111682805761
0.6073678673721202,-0.3528657895125626
1.1636833635746033,-0.3347976262260086
0.9864191195330673,-0.3685038222883429
1.7605928382208458,-0.2765448236967616
0.3847882425919918,-0.4218321916702073
0.622057382831723,-0.40308098880638604
0.06986244240193046,-0.3497470688436855
-0.7858216719177407,-0.5401565608449281
1.2811659796428576,-0.305703956621751
-0.4999661342028724,-0.33743378367786586
-2.454463087149661,0.3925740979979148
-1.6418009903259632,-0.5436852666284183
1.661356472023759,-0.31431566152690754
-0.5237747260254876,0.6093380564124655
1.2918916647476373,-0.2855503004146523
-0.5037991808692968,-0.338057418836627
-1.405788249233869,-0.4848106793115591
-1.9663947106693394,-0.6169719438221072
1.5245093702653187,-0.290455039785693
-1.5297273186906433,1.156071134058612
-1.4439332909813916,0.9944034264467743
-1.5567388540895202,0.43446559011658625
0.9190955714202835,-0.3117934799929854
-1.8780296125558338,0.48635959364357434
-0.5023970753668761,-0.33782929683246216
1.7339713506474996,-0.27539685355740456
1.1406365811464438,-0.3481421672226538
-0.5649122391743873,-0.42595763739036047
-0.5500911444508461,-0.4368977881321649
1.0236188845450254,-0.26797485005592
1.890014985989707,2.9299539634004623
-0.7702577976508862,0.4713151791990697
0.6527370265740099,-0.3982018800409962
0.1319030519072364,-0.4012895612282775
-0.452417003321706,-0.4096927411389838
-2.862732967396725,-0.7218550019326736
0.24361134255787031,-0.43345348304323567
-0.1858735987115075,-0.4534077551063109
-0.47943051647575763,-0.3340926468913801
-1.1124749051606877,0.445212527518305
-0.5036874991106128,-0.3380392482591807
0.42840409301203675,-0.2953569724881511
-0.17032245342680322,0.7437274562764151
0.8295227795099909,0.6797160219616435
0.1469935395895915,-0.4069369560835433
-1.2437337493680687,0.4144792409012673
1.5138915147686214,-0.2944174654296275
-2.691508877414728,0.3540068427801442
-0.40727635803605167,-0.4417840016316922
0.7268385347109253,-0.4091868972100098
-0.3797930045240322,-0.3178816635686691
0.5916318279075756,0.6430502736570516
0.3286049506135608,-0.39284253326848645
-0.4161575869380555,0.5788704787401152
-0.6876543244057881,-0.36797057711690145
0.8917769800630752,-0.35935635693685025
-1.7832839613310392,1.1148175697665053
1.706134598805512,-0.2996183638238525
0.7754967455069836,-0.40548548480690655
-0.40089902041377135,-0.4564515173046168
-0.7540682774731591,-0.48699687173452494
0.6650517106995484,-0.3713163912807301
-0.4797454104927982,-0.3341438800219418
1.88974658416553,-0.2880873985765497
0.5575796135808456,-0.3256232933721917
-1.3260958561509013,1.16872648274071
1.5474762835212,-0.27735185645961447
-1.6126627634061563,1.5161122012415567
-1.0123684549441159,-0.5454447263600085
1.5796479932358907,-0.3179824086791399
-0.07287116476151739,-0.4354325855113825
0.9667381605456185,5.649525803168828
0.9618302498441653,-0.3618318031079057
1.5418572802990467,-0.2969605530807347
-1.2397385742490992,1.1383466765088428
1.6120526999720695,-0.2764688425659646
0.4520722196305226,-0.4012402473086667
1.0206383729120827,-0.2799644780179679
0.2965254931700596,-0.40567377078830674
-1.2090860643224568,-0.5142335388989834
-1.1832650475783961,-0.5658877562507398
-0.34885215290501803,-0.3128475993918224
1.5592750125284347,-0.308551177956464
0.4989255361195428,-0.3503858054605488
-0.5237747260254876,0.6093380564124655
-0.3961990445308782,0.5764458869079994
-1.4349051775813952,1.1714986584722136
-0.289416245761716,-0.45119041881278216
-0.5054674303428015,-0.3383288423583846
-0.033988059983801173,-0.26161933747236177
-2.2369133509749197,0.9013662973497606
1.2741258560196793,-0.31379300202244986
-0.6485145687019599,-0.5015087707571405
1.0166054122870996,-0.3247527864336652
0.14250120300020203,-0.4163049308505134
-1.4484947911597648,-0.5122344253792092
-0.37072193674432047,0.5128233535401864
-1.5736439049046893,0.5358830264727182
1.1078201646913979,-0.33121544470258213
-0.46418412171400014,-0.3316120645647753
-0.49895938033872667,-0.33726998522704094
-0.23732510456100525,-0.3356530108281836
0.550632783978021,-0.39028279375303043
-1.171184544173113,-0.4995689142783848
-2.297551393533618,-0.6299001860332414
-0.8504365245480079,-0.3944551759396647
-3.246469493003743,2.022090928666142
0.6615060731914748,-0.3494367056942803
0.19971857466478854,-0.35412689992173835
-1.042235901769784,-0.446136266647637
-0.22187023957521407,-0.4110956589025932
-0.4997721999228121,-0.33740223064810654
-0.05664299186785696,0.5570536173974707
1.54004479398152,-0.2848375397534063
-0.5003674282503973,-0.33749907405881274
0.03875264785585008,-0.4236586169145961
-0.48111456972529765,-0.49146268693916
-0.8521004710207607,-0.41520130815105927
-0.7686550156764518,0.5280032843583645
-0.49997906872010434,-0.3374358881186435
-0.6508042378128593,-0.5350170850272037
-0.6370250780268006,0.5157393194072679
-0.04312648163326716,-0.43698031851699337
-0.04931556152503716,0.6030984554826363
-1.7841674497851883,1.1146738265485598
-0.8201988898608529,1.1018641281092263
-0.5039240630974487,-0.3380777371251733
-1.10239866051531,-0.5062825911934182
1.1065971366316594,-0.34856937040870334
1.0762511579145095,-0.3113140574294759
-0.7160365519298215,0.5418428018219675
0.6091346888308244,0.6051723641705731
1.4155246243968542,-0.29765696411703213
0.16912567851500288,-0.4131385674347178
0.21078064000030744,-0.3713434644370174
-0.12068618620747229,-0.2757250879150583
0.5233146600251208,-0.4098171133901749
0.19909057179504472,0.5944531689487883
-0.5416376921102164,-0.34421372947372875
1.1552946503167827,-0.29764165635081974
-0.4213537029447376,-0.5036286825075054
-0.13628200011924224,-0.3733473744272148
-0.5028482633123272,-0.3379027049306357
-2.1928623236854934,1.342975984185825
-0.17032245342680322,0.7437274562764151
-0.4043448639795473,-0.3218762412771905
-1.4957044369206498,1.1616066433076904
1.7154925349652288,-0.26674849471137235
1.1190342913412403,-0.3140086083988763
0.01374416514769447,0.6473432848764075
1.3571399690963846,-0.3250912309748834
-0.12318315347977338,-0.27613134349105295
-0.6927487168732539,-0.3687994327327407
1.6353283189252112,2.9068561598199483
0.8562576429108754,-0.321674691883728
0.11319834405492021,0.5474436393068126
0.28097792963985146,-0.30773276233908303
-0.28108233356680856,-0.43089396462197904
-1.7689077073267456,1.5521174377484577
-2.4197568545163737,1.7221801674847272
0.9704823102926233,-0.28700817615107815
1.2155156496857578,-0.33708526796234034
1.3206854925392155,-0.19477690294616715
0.19136252175375607,-0.4424644787181678
0.6894012202914411,-0.24128245638837306
-0.3150307531162232,-0.4389252690009299
0.5490182909188599,-0.3860549472189786
1.1367337142119756,-0.36061388153066526
-0.06603227347318374,-0.4419129540414575
-0.6357651304360837,1.4724371061209844
1.056478529775893,-0.374113870835199
-1.3260958561509013,1.16872648274071
0.42793131150654656,-0.3459257290667987
1.2196115729829549,2.974442006749927
-0.5006007455176726,-0.33753703468483215
0.8366555990722935,-0.39019065892059673
-0.9107569886355217,1.0755341789706043
-1.0485513642277922,-0.5688392035766744
1.1983281363959117,-0.3540750555652117
-0.3122504507392864,0.5799623017655207
-0.4987919972305235,-0.3372427520623178
-0.2866056028079222,1.091188325112006
0.6572097323609293,-0.320732930693242
1.1998124320253216,-0.3350991592142173
-1.337891829873395,0.4186284725568626
-0.5051103880738099,-0.33827075172409693
-0.4723099324245369,-0.3858622946147842
-0.2560692332396667,-0.4343724919629579
-0.49785423559221686,-0.3370901786190284
0.10571294323064491,-0.3556088736430419
-1.811347151518035,1.5452125571614812
1.014766891696877,-0.3768036755339199
-0.5056858842173244,-0.33836438471635105
0.020002775639447964,-0.46309961675412586
-1.0383009802805012,-0.4250206477098266
1.1336432926324589,-0.29973305128599753
-0.24353829706255203,-0.29571307718958423
-0.7224959775177427,-0.4265674640347714
0.2079586091527652,-0.41652211441338327
-2.8398357391698306,1.6110918460536476
1.4729481872042278,-0.30703283205140186
-1.7007890123399578,0.437239419949478
0.6436015428957969,-0.4018395991621757
0.5211460505146502,-0.37093180197908915
1.2665538198026698,-0.25562877008836
-0.4995461408517933,-0.3373654509277136
-0.5027893646583169,-0.3378931221431976
1.8097460452790688,-0.28052980767429236
1.0731411668655697,-0.33464496297617463
-0.08879417906905596,-0.3029890262287918
-0.7808443553704838,-0.38313255786310413
0.256607713637501,-0.4410459625962132
-0.6934394759816437,-0.38938722774939266
-0.3222823534293036,1.1362361849628553
-1.9834961159686622,0.352481402253051
-0.4601554853027603,-0.4391773780631632
1.2771687475517899,-0.32729595468304545
0.198269628775553,-0.2647819220257959
1.2395048263968076,-0.3172903382297713
-0.11638287057097851,-0.27502494018305385
-0.17032245342680322,0.7437274562764151
1.3690978772350317,-0.3409269388656988
-0.6070109238758956,-0.5353812720685015
0.8350126753435584,-0.37799713886538266
1.1005293644473768,-0.3415184615578961
0.6431524042401982,-0.40598885018474956
-1.545508455156733,-0.5912355734762732
1.0032517939269388,-0.35961960207243787
1.175756678925173,-0.3262789162319412
1.1210017753847534,-0.35674001063176214
-0.7997334302636958,-0.4271566203616838
-0.3982731714034774,-0.35334113443773063
0.6290736323152591,-0.4279801002739766
1.2447711683566085,-0.3283745259883389
1.6752361726551124,2.8838596887591237
0.11742712820475258,-0.39334715779764684
1.3406074807741908,-0.32700611598587564
-0.2906288235508653,-0.4918920689105229
-0.8555677989580641,0.4684927937640561
1.0274591931353805,-0.2937340206047296
-0.5045560410259422,-0.3381805596812413
-0.34906607497657693,-0.31288240442726006
1.501337446869108,-0.32644792611725876
0.9397143575472783,-0.28418465469074994
1.0888115206237268,-0.36806954697662647
0.67946336114723,-0.3754064556044479
-0.9091475643323411,1.1414789491401742
-0.0389949674158085,-0.41849858610043145
0.16486124711694525,0.570490778978502
-0.87806507120578,-0.46696816512577183
1.172647475939853,-0.33545880583271276
0.2667753866668004,2.758254646628214
-0.07185259167222385,-0.43495968865030826
-0.541476228169049,-0.34418745935511363
0.25628847998002907,0.5837688198594179
-0.5176297980138084,0.5927326198060408
-1.0699805717240178,1.0245721915117567
-2.876795449370392,1.6478201709946156
-0.5415838587440548,-0.34420497080659673
-0.20940324120695342,-0.4295426920431196
0.28097792963985146,-0.30773276233908303
-1.6514424882954641,-0.5956118022629784
-0.5868446930480271,-0.3515688904358742
0.8354951834296396,-0.2953919243770787
-1.3423001532003898,0.44802298696055337
-2.26545550309089,-0.624678197501987
0.8061683673807715,-0.3894681071372177
1.0078790701524394,-0.38301332984897457
-0.0745933201143052,-0.4144110295366166
0.5704793663472638,-0.38741511001039547
-2.755876898340505,0.29599176461876553
1.0253988942698182,-0.355473855468282
-0.6429802111409498,-0.39315487187886766
-0.3791818856326157,-0.4645893801400637
0.33654896011544183,-0.40841611778706166
0.44456156407541575,-0.34626541132725314
0.9792618616240237,-0.30637503947386246
0.650177241402274,-0.3598924916383883
-0.2015876716223273,1.8537920949975326
-0.8816130045343129,-0.3995275767575785
1.232606248509733,-0.31383629110889866
0.8976570376494096,-0.35645144049808
-0.46418412171400014,-0.3316120645647753
-1.6759947792510608,0.3694963122595787
-0.3323446634957816,-0.49409230303583435
0.4672054868276148,0.5902335061207314
-0.6335300643393468,1.5791732748577252
0.2144520318147279,0.6098251266257609
1.754181233859072,-0.2730684613723791
-0.5003415180842401,-0.33749485848514743
5.13265485777603,11.066069621746788
-1.6539832964328274,1.4293941850255103
-0.9032433110863268,0.6040061172412153
1.2531068093556916,-0.3181508763032929
1.1197821924721194,-0.2775084328080962
-1.7451331464169146,1.0800738745139886
1.2718584594303908,3.8827649720926165
-0.17032245342680322,0.7437274562764151
1.1927045979328845,-0.3058045985984957
0.5639026469606088,0.6645651176611665
-2.270257294480337,0.9946363857624289
-1.6198916464351627,0.4008209284899831
0.7430324999891779,-0.37676034576656975
-0.24714342826365995,0.5228291370857084
-0.5917905387055225,-0.45903926475874646
-2.0930284114507085,-0.6170997874782285
0.11319834405492021,0.5474436393068126
0.5165391447796186,-0.391863679697293
0.5861442475284002,-0.31260762175536244
0.9057939167319661,-0.3484742852974749
-0.9321358215408291,-0.407747618866878
-0.5046087809348028,-0.33818914044330806
0.17344427323478723,-0.427157647298926
-0.5047076994652191,-0.33820523444862266
-0.31031685379746465,-0.425485887642968
-0.2617907603199945,-0.4550457565094135
0.39350302168520523,-0.40526833368099885
-1.390920650460519,0.565612026850619
-0.9641647867057566,-0.41295871868221556
0.962416059646808,-0.3593063731825484
1.0261744404996247,-0.34986236749975436
0.6276645050038017,-0.40335734751771074
0.8112310801145547,-0.3261706976556525
1.677147935878734,-0.27369735912377186
-2.457468407857405,0.9181499777726848
-0.3927470974938939,-0.3199892893110403
-1.25779211168189,0.5872719868359993
0.25005904133819884,-0.41880136466927054
0.5569425673268954,-0.3848712956560665
1.645057218039367,-0.29245193809271486
0.4380168216469998,-0.4209340813856665
1.1622784851863668,-0.29231753978539093
0.9559998114102786,-0.40888369171998207
-0.0018841159074686248,-0.3778303100079504
-0.5049320656286846,-0.33824173873363417
-0.07520387726218025,-0.39424372065349395
3.8879648152901174,8.203789883052398
-0.4996946700024024,-0.3373896165610809
-0.4414252641679093,-0.4614818053413743
-2.633326923446965,1.293101073725272
1.0716459565401983,-0.34750313323908105
-0.03398577342414944,-0.39823960192186963
1.4728133519410114,-0.24864001639437094
-0.5021163280275747,-0.33778361935270423
-0.47440770623084294,-0.48888675985730085
0.8941316605455664,-0.383160682588591
2.891005110939459,3.0144030534791244
0.7412736654557576,-0.3578697592410051
-0.4856009258531052,-0.3350965700278685
0.9620143106803519,-0.26325780493503537
0.8424303638688624,-0.3559433614738006
-2.6803501287785556,0.29834062708096115
-0.8920549220567267,-0.5130105666915062
-1.8812746030052316,-0.6521066135451712
0.0252580123469375,-0.41387684238493583
0.0699976940198217,-0.4161832528646854
-0.5379967259059552,-0.430599398060934
0.0930479957013754,-0.43045111534268166
-0.4935845202484759,-0.3363954976412091
-0.5035627396989888,-0.33801894995283427
-1.2946623965919355,0.5812732062354767
-0.3496190131860706,-0.31297236725267596
0.3803786380627441,-0.3936280309892604
-0.5042859304716675,-0.3381366128021506
-0.5503871839023302,-0.42359441671007236
-0.39157649155251456,1.0970216884974924
-0.1537483894934348,0.5297889306133596
0.928046014782545,-0.3641460081014544
0.4762075447672422,-0.4190995965974338
0.8333008370644337,-0.3624611628572283
-0.5005488776602885,-0.3375285958051916
0.8438532881253632,-0.34729782904105144
0.23531233397035156,-0.386877662726479
-0.34947028600903307,-0.312948169400488
0.9730008713606539,-0.3031363971140436
1.3673594458193312,-0.27436655709550906
-0.48517487045410146,-0.33502725098494474
-1.0335414576946815,0.49149797558387887
-0.857773573163086,-0.46055442103920735
1.1823639210351677,-0.3104936600445026
-0.8025286049453462,-0.49251690438977447
-0.26471529639961516,-0.4339883655509981
-0.34925600404782264,-0.312913305811148
-0.040414245388921806,-0.31559303916531667
-0.9543341977191436,1.0546484321191574
0.4773446121111029,-0.40730070245421296
0.28097792963985146,-0.30773276233908303
0.8737699325031377,-0.34231397718725787
0.7768924892986506,-0.372763626877394
0.4598424744993184,-0.39589243530524343
-1.5668560414401616,-0.5110163446491998
-1.1510741846943575,1.775754704536495
0.999598492531587,-0.3379680715575931
0.7925092274246374,-0.3798689604111329
-1.6298116991489913,0.5267445488257755
0.4412603694285482,-0.39598646195193044
-0.17032245342680322,0.7437274562764151
0.0900857058682081,-0.40798828956594163
1.676207740045449,-0.2512335145976893
-0.20556232022149395,4.309734453538699
-0.5006137142310492,-0.33753914468930885
-2.212615653062096,1.817308184428281
-0.6181841093919894,-0.48216737627185374
1.024760415195648,-0.33672787976878743
-0.28384474310334884,-0.3597526594679393
1.3194630850762787,-0.3202365907639818
-0.5386566314435418,-0.3437287120961886
1.9927742758379203,-0.25024487531291717
0.36713190907668763,-0.36702780392634565
-0.9552284644870446,1.4597530874551625
-0.4985925772845561,-0.3372103065169106
-1.4815247740463051,1.163913668783086
-0.18085654554843367,1.5374308711514393
-0.3927636573474057,-0.3199919835925799
-0.5410999002424248,-0.34412623095204664
0.3278281639848428,-0.35340086758008704
-1.3910932012227948,1.0544211935857757
0.7127391492870837,-0.3772183466267887
-0.8484934515098898,0.600936551158283
0.4408773654000019,-0.4113792568645053
2.473539226457033,2.9658844537214137
-0.2685978971918355,-0.36780809980351875
0.7927392540221707,-0.3940004513165636
-0.5027043142964375,-0.33787928448335436
2.172630663867477,-0.250858107025582
1.0621665239992395,-0.3497678012035584
-0.4517549202330991,0.5236164537266108
0.3406293518212126,-0.4225094582119249
-0.31762477709084846,-0.307766917843082
2.4125623927794324,2.9957165273193196
-0.8520008872548797,-0.4766113322706126
0.3367766184875779,-0.3962145164258632
0.9222975938312774,-0.36397278862691057
-0.3993391216046869,-0.47712643578843394
-0.5704737820180058,-0.3489053497624194
-0.503490540152554,-0.33800720311552135
1.229316740946637,-0.328398592410673
0.7238979734114954,-0.3789977099632294
0.7351251175162327,-0.36570215412399726
-1.2075515264813652,0.5954461099434044
-1.2502705323767858,-0.4799834177984044
-0.5040029695271117,-0.3380905751697036
-0.5041411181400698,-0.3381130518937491
-0.7845246551693874,-0.5015650152926737
1.8821988643381278,-0.2444570272230708
-0.3212777767595144,-0.48823024892709327
-0.485418238199964,-0.33506684681980836
-1.2932576434403342,1.0878789683804533
0.2661631681125776,-0.39344690388242975
-0.34920419032466654,-0.3129048757391248
-0.5725604219700884,-0.39678727216245047
-0.3494045986532366,-0.3129374820939859
-0.5004710968542813,-0.33751594089917974
1.233191166336177,-0.28913765166862165
-2.400018048987262,0.3400060575613136
1.0251465250354144,-0.35146011941496297
-1.8335193623664037,1.541605147329081
1.385575240759867,-0.3207534750738543
0.2497379203264817,-0.3778423229762776
-0.5426692018100938,0.5413584225373637
-2.3279179629584736,-0.6757916322991829
0.729278709807363,-0.388943320973153
-0.5997268400247995,-0.4065929744930617
-0.41327788261181997,-0.3762578037330463
1.4263994419015587,-0.32164799265751165
-0.13371250848889954,-0.5104399812932602
-1.618595972240031,1.141612239688599
0.7545797212500515,-0.3919668081505356
-1.268579500342531,0.45758801311377895
-0.5573640458268349,-0.3997005648293261
0.5972088758594671,-0.35796732833542
-0.0041298732043201555,-0.3671713259676637
-0.3553048942031436,-0.38191529351981396
-2.093893071959645,-0.5967650586108848
-0.5003868627081005,-0.337502236037304
1.1874324273586532,-0.2943909478085827
-0.34985093444308346,-0.3130101007483843
0.4774209893964059,-0.4111321920930293
0.8108364089728779,-0.378653205928305
0.4122233689495791,-0.34107672315145166
-0.3317645012717422,-0.31006744530903535
-1.8561426599694535,0.4062281194981535
-0.5416146191912002,-0.3442099755190379
-0.34554080865701864,-0.459725079394542
0.53657003916467,-0.3925859414241274
-0.5414147466151473,-0.34417745633089686
0.11310455358985665,-0.4063721328891505
-0.5000502210092804,-0.33744746456761954
0.8421124163502864,-0.33069948303763835
0.9060442127460429,-0.3304519063760045
0.7534313492107749,3.819428829144818
0.7390166733371671,-0.34999192735116263
1.8489878216503401,-0.25476348380715785
-1.905217903681272,1.0374972265033915
-0.2781583804306764,-0.4648008076786704
-0.9601314066071094,1.043081085417089
-0.5414916010150564,-0.34418996051100736
-0.4580550778761543,-0.33061487158501063
1.5356446468787306,-0.3025424862069967
1.532799103420821,-0.32098366999927946
1.404871928526529,-0.2658931606508086
-0.5237747260254876,0.6093380564124655
1.2754458531015396,-0.30226323466508215
-1.6195406340228575,1.1414585435945575
-0.5027959082405308,-0.3378941867814053
0.31710835681290644,-0.3826411508054923
1.2635253712952912,-0.3105655541535829
-0.5479340486276285,-0.34523814415950554
-1.4332243748512623,-0.5368169528852601
-0.5036480944054234,-0.3380328371294149
-1.5651656799993658,-0.5815746000784996
-0.8638234675248612,1.0754988628925137
-0.3925981101303192,-0.3199650491266068
-0.43668912594731013,0.45650291967684364
-0.7569154763081167,-0.5108197366357221
2.0100386026192876,-0.26273092856368385
0.43157357856085155,-0.35788408580537323
0.9081589438062319,-0.3463641884558824
0.801563356200417,-0.36523786516053763
0.7711078221663639,3.8569444807058955
1.147977170508956,-0.3293918125905722
-1.3067189510108093,0.5793116096561842
0.05346392783466924,-0.3488301287118078
-1.9888319773903853,1.5163358470159594
0.9329841939476016,-0.3343185585397485
0.08334588854139008,-0.43044056764292443
2.204790383021652,2.945528200847994
-0.4853512875020308,-0.3350559539680462
0.7321407724899788,-0.4265816181505642
1.2049961710754766,-0.3468958575152988
-0.07719910888590853,-0.3523422304097631
-0.34927327777122485,-0.31291611623903315
-2.173426306209622,0.38081693015777235
0.8111553956953745,-0.3644224626556498
1.027129478306594,-0.35661260979764886
-0.8912279766746435,0.4899609385266803
0.8588487367816441,-0.37059415311658583
1.4299964637479854,-0.3346993410126987
-0.7596476531486175,-0.3796838628938678
0.05859450219191328,-0.41925865257499073
-0.34935275289179935,-0.31292904680934713
-0.2343049720444279,-0.29421081890402506
-0.23568586754838705,-0.2944354900499278
1.2112473108818784,-0.2930096669339946
-0.4935845202484759,-0.3363954976412091
0.1458033313015766,0.5811365423118099
-0.5039437872765424,-0.33808094624121887
0.8086990133851237,-0.3894576617861051
-0.48529043940954186,-0.3350460540077478
-0.5003026580711676,-0.3374885359765711
1.1817634441059364,-0.31471959072101496
-0.5040161231174874,-0.3380927152535941
-0.34862463842703295,-0.31281058287729846
1.4284858269786893,-0.3191648972300614
-0.5036743634910963,-0.3380371110991418
0.9595415436586603,-0.33567019187769803
0.6711205450348057,-0.331748515360966
1.0930706893507547,-0.37062225210085187
-0.3313152201263211,-0.3099943474464637
-1.3161116369627666,-0.47022033038084304
-0.5416992307244785,-0.34422374178164333
1.7498096295288317,-0.28502283456742383
-1.515758296224126,0.5453009918410249
1.8096821345692222,-0.2639016033236893
0.20907134051040033,-0.40926204944167127
-0.9824142955817563,1.5767935694369035
-0.8828165325731889,-0.4572051299247931
0.9132279925393813,-0.34232200507823474
-0.49854756986308457,-0.33720298382744773
-0.5000049398428769,-0.33744009733996577
-0.17032245342680322,0.7437274562764151
2.069796545441792,-0.2558761509110965
0.31391319557428743,-0.39882728394312783
0.05302232164090855,-0.35991072034163507
1.7545200208366387,-0.30121457066430907
-0.5035430467627062,-0.3380157459199816
0.15304804212140086,-0.4183770176707791
1.4216992639033337,-0.3047145119889969
-0.49691373281117246,-0.33693715919291245
-0.1276684795779251,-0.36224202326439964
1.212838672394526,-0.299051433977909
0.1532134436241883,-0.40930678759564776
-0.503057797712579,-0.33793679609370747
-0.007730936405101007,-0.27782272275952913
0.6214830968725686,-0.39960719288392704
-1.059421956512991,0.6195467317004101
-0.44194810477927304,-0.43909926254199233
-1.180336848671254,-0.4481298266586632
1.279474922491936,-0.32057574370440567
-0.34960171459926725,-0.31296955277952543
1.0814144110292665,-0.30809943966103165
0.9829384651822155,-0.3484680824695551
0.5114664788865707,-0.3769571343856902
1.193223833742291,-0.2913455835895398
-1.9609404139049036,0.9946042506799024
-1.6276435914430747,1.1076874405518757
-0.4135810305874321,-0.39678253457350526
4.498171405385612,13.118697958047749
-0.541476228169049,-0.34418745935511363
-0.9746598530785882,-0.5370535116441081
-0.5049848881179594,-0.33825033293150125
0.2289076913896465,-0.3007479390711577
0.6671088099836925,-0.3759246945524976
-0.3928216258209224,-0.3200014150400239
-0.3491144063213907,-0.31289026791772057
0.9422745832256644,-0.3679347917045735
0.5168140117713311,-0.2929500604117417
-1.030650818605572,-0.4237759694666725
-1.9470592782355718,4.531751387803607
0.6279446784828386,-0.3481905489987486
1.820760694925951,-0.2422133949979875
-0.5739857745299256,-0.40695848917562255
0.8878951095804544,-0.3447925995148637
-1.198550080171112,0.5493682147411479
-0.33127674936126417,-0.30998808826838375
1.0621102672742433,-0.34248947348139025
0.28097792963985146,-0.30773276233908303
0.07025295086134822,-0.40593427101372404
2.653939381914421,4.846688113133172
-0.2807290329579667,-0.3017639950371919
-0.4999014720552569,-0.33742326317232463
-0.5050575380002316,-0.33826215303827467
1.5094749213105927,-0.30464505588514895
-0.9839726186191124,-0.484199280709013
1.0737375215488967,-0.3185419203278778
-0.6425943427659042,-0.38111474492183345
-0.7354276949859392,0.6014271918391432
0.4054636966460561,-0.2967863997371866
-0.5039109145438682,-0.3380755978607674
-0.14620342671552,-0.43408484686291837
0.4968261914272641,0.5897147015631407
-0.5441973867714163,0.6419473366620971
1.1467364591629934,-0.32975284875610245
-0.3489556398109924,-0.3128644366700122
0.5681441090233684,-0.3163875862333064
-1.1654562123546586,0.5373894904806554
0.2479543307177466,3.8428455177242222
-0.34849029920911034,-0.31278872594030077
-0.5260585297536918,0.48148728138733116
1.0925729414752687,-0.28704491207778077
1.202756375401929,-0.33519415637665917
-0.02004945252405183,-0.34473245062852337
-0.14391427555483774,0.6115485786471624
-1.6684597613369283,0.4795057070012764
0.6138353343601991,-0.35595403972095424
0.13138748660435,-0.4096348710133266
1.0617562906323463,-0.3592399743299586
-0.4849742773992526,-0.334994614575192
-1.6743681860652944,0.4665670623355124
1.338819737206522,-0.31898961084654376
-0.45138496466685146,0.5148071348293872
0.6298217106751789,-0.4128956201772926
-0.2332984710341789,-0.294047061592428
1.1637657179207987,-0.3394131669378907
-0.11220659414085832,-0.4174416375181672
0.40999231140279435,-0.3636655237872806
-0.21785026461306767,-0.4198486607857964
-0.7013316670400246,-0.4896266827348456
-0.5043649558046899,-0.3381494701922099
0.7313625221047696,-0.36150762389200913
-1.8900702898187474,0.43147241637210165
-0.5416146191912002,-0.3442099755190379
-0.5002897061294859,-0.33748642870084244
1.2583340105472693,-0.3447588831777352
0.35628563433297195,-0.4219484081071988
-0.17032245342680322,0.7437274562764151
-1.3987800480074577,-0.5365986116755875
-0.2168310305683514,-0.4882329300367527
-0.3494529981222584,-0.3129453566682278
-0.5044110659169367,-0.33815697228902064
0.5726388023000935,0.589704063401518
-0.456750310568291,0.5130787651276665
-1.5958660489414276,0.3810831287861893
-0.868647271554539,-0.3974180571902525
-0.5741431590740724,-0.4314039910856199
0.049411821553723895,0.5304610916311524
1.2033587679123827,-0.30355066556795857
-0.5813385838560169,1.1481098261356975
-0.48481635220719377,-0.3349689202096407
-0.5055336075227208,-0.3383396093590755
1.8357791284124623,2.9053784723872695
-1.189895149946161,1.553700768911768
1.1137054321030155,-0.31647689062587997
0.8597863631408441,-0.3259601337687336
0.7916847590312965,-0.37154671598879163
-1.1175029152667695,-0.5490117598722747
1.3010847355358155,-0.3284581243900929
0.2450526579881081,1.154764325938811
-1.334427623143666,1.7531861100674815
-0.5416453835754309,-0.3442149808720413
0.5159328368738765,0.7222939158053814
-0.3496570744598624,-0.312978559806691
-0.5001149231910671,-0.3374579915867044
-0.5037400487683795,-0.3380477980674706
0.9353068187436442,5.684059043410197
-0.3491731074511597,-0.3128998185680436
-1.7694318817140873,0.4630775834218162
-0.7354276949859392,0.6014271918391432
-0.7966199582327864,-0.49315270325366933
-1.496077788392614,0.5485030025896844
-0.3315846880263129,-0.3100381897659597
-0.5035167920238849,-0.33801147428448175
0.6719821113872866,-0.3399787995197203
-0.08572069445283365,-0.44196013170901466
-0.018696943575289813,-0.4842453599106849
0.8714386230200277,-0.32925458620912545
-0.503490540152554,-0.33800720311552135
-0.5040161231174874,-0.3380927152535941
1.564819384293211,-0.29254732364775643
-0.3172340991894669,-0.47056877572522054
0.36192278378047205,-0.41044973920522726
0.03394479706065076,0.5989589569575691
-0.8541242734030061,-0.4155305799887878
-0.34900049797768995,-0.31287173507578303
1.0453365220552062,-0.3701331595285306
1.3003608881003723,-0.32624998380320647
0.4892591296333372,-0.3609384876665463
-0.2921720109549255,0.49393873718440945
-0.5033199728407393,-0.33797945188214484
2.921843430382955,3.017956781789293
-0.48501681345467007,-0.33500153517438674
1.7543071676014532,-0.29012715097657743
-1.1254314524116322,0.6088070131326493
-0.5026781510076703,-0.33787502772674166
0.8141247668199701,-0.38928449175016555
0.20916165272442483,-0.4232940886355137
1.3044931109605364,-0.2996350403065346
0.41941155120973994,-0.3739751698721714
0.5622215930864353,-0.39158224855869994
1.2696642698015908,-0.19485073357314675
-0.34852473800529327,-0.3127943291186584
-2.862732967396725,-0.7218550019326736
-0.5417149171206882,-0.385177111524304
-0.39270984199437464,-0.319983227856177
-0.5044967224574798,-0.33817090857388993
-0.3316135775129698,-0.3100428900738781
-0.49997906872010434,-0.3374358881186435
-0.5415915484867946,-0.34420622192466327
0.661912552270872,-0.3446141234323274
1.2185101760371937,-0.3297230292404308
1.4191474260983215,-0.3187905409805381
0.07379776884258438,-0.39999692310092927
0.17143101595625973,-0.4093769079189247
1.5313318841515808,-0.2524446890021808
0.7957106414046248,-0.3537699502422501
-0.28842045627551566,1.1289150317529104
0.6298978193878639,-0.3878405843588789
-0.500276754885684,-0.3374843215386586
-0.5037991808692968,-0.338057418836627
-0.5250962783888472,-0.3739752031935856
0.356600736277557,-0.34925506036649506
-0.5041213777619703,-0.3381098401421318
-0.15453159530534655,-0.43479413280246093
-0.5001666974796176,-0.33746641524273313
-0.5029988476978953,-0.3379272049499084
0.9842241903157786,-0.3418054034014589
-1.8959650340564822,1.5314452615339218
-0.39291689010233344,-0.3200169145004877
0.7796455879000374,-0.3651609932591167
1.4483638214777128,-0.3160774544167332
-0.3498613242130677,-0.3130117911598031
0.2381458528925343,-0.44676143319877415
0.00804930248465249,-0.4111428862727017
-0.06618649600124685,0.5612098161543561
1.2909386383259334,-0.31033969167469516
-0.4845129412433171,-0.3349195553672336
-2.387464229870994,0.38299937648015686
1.314408771175062,-0.31751199046725614
-0.4009868609590791,-0.48881687798102474
0.7878501665722838,-0.3628042258591985
1.37042741077265,-0.3129339348451745
-2.4697539325214906,2.127542615303644
-0.5416223099181167,-0.3442112267972296
1.1821288446900553,-0.33888509306175973
2.538922246662067,2.980975569370065
-0.9914903790071437,-0.4174045816147987
2.0362272903861305,-0.2561364734952078
0.8079311662456955,-0.3577696033105674
-1.2776697200102847,0.5840379079153705
-0.3493734898544266,-0.3129324207048683
0.1933027483618978,-0.4362834111419365
0.9951487994788406,-0.3717958373519176
-0.04155836042459144,-0.43745459993815217
1.2483032905473892,-0.3498545320884758
-0.3717049018728098,-0.31656573250392245
0.9357854984970869,-0.3460478599717283
-0.37194396813536,-0.3166046284891724
0.9115598200949633,-0.3573137572326383
-0.5035430467627062,-0.3380157459199816
-0.5017186202576811,-0.3377189124576928
-0.6437413067609288,-0.5371401995111402
-2.2005170713809226,0.3929401955699132
-0.3926519004704043,-0.3199738007934134
-0.19351293172483364,-0.4239035721616297
0.27405086022441877,0.557964788130646
0.7500223610555644,-0.3139970529821355
-2.6454435813009445,0.34102623923782016
-0.5703004105926688,-0.3488771423008949
-0.5005488776602885,-0.3375285958051916
-0.3076659449178374,-0.32662202861988543
0.0009907108711990859,-0.4227977092271731
0.7028832948410558,-0.3429982541706401
1.7230947546561868,-0.29099992140981834
-1.9078706758552593,1.0620946060561804
-0.5041674411663702,-0.33811733463959454
1.3159963544968647,-0.2478911816891797
1.2773474346631586,-0.32772127800002315
-0.4844219925885145,-0.33490475805749204
-0.17885913025746525,-0.5413781105968166
0.40043253653924715,-0.40209977453271384
-1.1749866849561965,0.4940787094145407
-0.3490039489526817,-0.3128722965480332
-0.6194224065694741,0.461442212792716
-0.38890080218545503,0.47538444365293664
-0.20624338425015265,-0.4415287723568368
-0.7081245207690209,0.47250184598205025
0.1120367523043033,-0.43137856998652735
-0.33097240626831825,-0.30993857176895007
-0.7827664844483457,-0.5028760949394971
-0.6605383939869512,-0.38403423487484634
-0.5054409645716155,-0.33832453638800347
0.2821784768045906,3.8188104316305265
0.04024246038105455,-0.46250431970695316
0.45338755076171755,-0.3206326035478004
0.26656850964818396,-0.3584821324550696
0.1973403371367482,-0.3947441378554122
-2.2175476479752256,1.34081481602554
1.1638545803410258,-0.33847542418589166
-0.7563930740231753,-0.37915434417253974
-1.107371237403746,-0.5336166162429011
0.027671775319502292,-0.2720627157290008
-2.9936639404704284,0.3048463349340445
-0.5303166107244931,-0.39529995796171774
1.098972606110663,-0.27033661919348545
-0.17032245342680322,0.7437274562764151
-0.5003415180842401,-0.33749485848514743
2.0157718949607744,4.9073226399418335
-0.9400892220476111,-0.42951704273276514
0.1308196402511009,-0.440299947960738
1.429792880646081,2.831331899809488
-0.5036152620850747,-0.33802749532403265
-0.49984975485892646,-0.33741484880517725
0.47719842274861785,-0.336681831666669
1.987607737615406,-0.25243820329448374
-0.5618667197173858,-0.4804283300972884
-1.1073057839102127,-0.527556386992228
1.0655826487959488,-0.29418048531582663
-0.7878990661637801,-0.511817965428733
1.0505846552643427,-0.3514373049248986
-0.1218824595671747,-0.27591972111197044
0.10819863355374687,-0.38467085182248173
-0.5031036577215946,-0.33794425749882256
0.5161768823183076,-0.3312996647892192
2.0349535827309544,2.9510224900334063
1.945713956659759,-0.26299344877178027
-0.3924574845878033,-0.3199421694071134
1.0750223720599101,-0.3406251805519467
-0.4553129189724877,-0.4956540289209189
-1.1823786514819694,1.5562367950782845
-0.34957058027997334,-0.31296448723823533
0.341624471514365,-0.35859999107316065
2.031746836056291,2.9585912178521028
1.1172671980546331,-0.32711615491080476
-0.37161768292914044,-0.3165515420166897
0.6398290986272401,-0.43073038978879125
0.09846781331859036,-0.4393215550793409
0.6544814053158561,-0.3986033271425962
-0.2386865031479043,-0.3524054318981122
0.3757386978409848,-0.43957474763334303
-0.3492940078780671,-0.3129194890191208
0.7209857793068593,-0.351263023606345
-0.37166318451634084,-0.3165589451067189
0.6735111001991816,-0.40129977334868056
-2.696126632132218,-0.6947482178558142
-0.504813257453869,-0.33822240869113496
-0.6887171109561149,-0.4771121453365931
0.9038893113736264,-0.295847178135885
0.31161073631276254,-0.42631066360535497
-0.34947028600903307,-0.312948169400488
-0.016480931899061777,-0.41281894131688107
-0.5000696298351035,-0.33745062237581414
-0.18311725508139506,0.5260413608193102
-0.5417300059408922,-0.3442287488970386
-1.428562710232754,0.5594876787888583
-0.37193637507463795,-0.3166033931012315
-1.1272238872776288,0.42966863459489835
-0.5280031169576609,-0.43192988430240914
0.0875066697330146,-0.26232760235198693
-0.54146085630618,-0.34418495835917623
-0.4842886634471347,-0.33488306545954377
1.0841301997015445,-0.3164338141198627
-0.5018489437535226,-0.3377401160383148
1.329098508233766,-0.3219574598023975
1.7795987584396622,-0.27162957607752214
0.9805715104137982,-0.29702896399869216
-0.48437350070684115,-0.33489686844774874
-1.0953305079549487,-0.4342993290410152
-0.5042464275461377,-0.3381301856919748
-1.6126627634061563,1.5161122012415567
-0.9348658535318644,-0.5448124304511937
-1.673773307726713,0.41721496877156267
0.45944972938205825,-0.41735700218020294
-0.042463026140215916,-0.449552438428605
1.276518420026605,-0.3174970065327434
1.5863719108130168,-0.31105016830356275
-0.3296896788105481,-0.46296405984450795
-0.2137844329702167,-0.4702003359700998
-0.5050707494292432,-0.33826430253248807
0.7308040586420015,-0.3893862361326619
1.7999339885773293,-0.23564714521036326
1.1752567102488038,-0.3246190515586549
-1.5392355032280391,0.9369584240350389
-1.1700734783413285,1.4180046628352079
-0.21474309165260586,-0.291028108792332
0.11487874794928174,0.5375888717525988
0.760970426974547,-0.3969700729270099
1.100390711402439,-0.34167438297535135
-0.5034314839230764,-0.3379975946906178
0.8796449460574814,-0.3869198543671568
-0.34830286055830917,-0.44758802879047305
-0.5029726523314233,-0.337922942974266
-0.6203597440129126,-0.3570217758161796
0.42951599372008636,-0.3978058834389746
0.48218778273306784,-0.28509119553762674
-1.3600817713965376,-0.5098270087707009
-0.7354276949859392,0.6014271918391432
-0.8796904754159125,-0.3992147820393511
0.7999497970057248,-0.38350461792809304
1.328007585882829,-0.3178350703125806
-1.6418545439078782,0.3637627567206032
0.9140225953405011,-0.35453964560823664
0.99959546999859,-0.27339160802850465
0.43860136000260236,-0.42551774578690016
1.1985876268681706,-0.35186778766745863
-0.5037203413003515,-0.33804459167030876
-0.5037269102768258,-0.33804566044015244
0.5170231898665798,0.5933163089416698
-0.3192830254592995,0.5069585293824775
0.6342746628779671,-0.3821608489391072
0.224647252509873,-0.4071431835423097
0.8748769278460161,-0.37828925184455225
1.2562502179524835,-0.3278568370733887
-3.9244611427180285,1.168957001282804
-0.4193442230503628,-0.324316630995735
1.0037653309877217,-0.35580998575152
-0.4171151391775434,0.5252523338488309
0.2830754968873683,-0.38565958523643135
-0.5416453835754309,-0.3442149808720413
0.06820453315082364,1.559250857116542
0.5364716793316112,-0.4039003031297922
1.2179565163474717,-0.2632822116983223
-0.37919359251132234,-0.31778413947406725
0.30152186084456184,-0.39260872689387516
-0.12871686046036787,3.742449071612432
-0.39254433182521387,-0.31995629941788656
0.2809664449717309,-0.3442683153260066
1.4470572629230354,-0.28928613558366306
0.3052646030395248,-0.44124783045010446
-0.4325739641228935,-0.3913746148000328
-0.484798136744818,-0.33496595656120143
1.1580818593185007,-0.33931291633035165
-0.37180732972825714,-0.31658239747501526
0.0875066697330146,-0.26232760235198693
-0.42621465530462616,4.245662969665149
1.264454016173657,-0.3174211465378415
-0.2035291015168093,-0.4613893141445853
1.3334786465554285,-0.3241922422045034
0.39362573610724294,-0.41222325267147364
-0.5037860391452001,-0.33805528068337537
-0.6535844313281814,-0.4828769403254997
0.9560014218572243,-0.3586792174228826
-0.5568039033051819,0.529398572514868
0.9723336847626062,-0.370244764360316
-0.5005488776602885,-0.3375285958051916
-0.49992733482689344,-0.3374274710349204
0.38337691307032856,-0.35634045465958775
0.9465628018686103,-0.3366471302382632
0.8783286773041085,-0.2837646980391421
-0.5044769528540196,-0.3381676920673181
-1.3147096439750066,1.0213128989557294
-0.499907937487282,-0.33742431509552784
-0.3623941660521677,-0.31505087951177096
0.43872980882279233,-0.3551032090161835
-0.1410415330787106,-0.3439424049313599
-0.5414992878067763,-0.34419121114894413
1.716400109350923,2.896997188234736
-0.34950140733899093,-0.3129532328284183
0.6457228811171838,-0.3919720812749969
0.3428884269931334,-0.42491908639296516
-0.39038083002132273,-0.3605551161124342
-0.5249214400357527,-0.42339563709508704
-0.5415531022329872,-0.34419996673455383
0.048678463953390004,-0.3907968078528608
-0.7813127547210619,-0.4956567033907682
-0.6203597440129126,-0.3570217758161796
-0.3494080554349842,-0.312938044510993
-1.3469139288868817,0.5727719028405278
-0.5048198563676133,-0.33822348233176047
1.290280419834855,-0.32600335229196287
1.044037101108873,-0.3614774910395489
-0.3791231716246243,-0.31777268202398173
0.9994797638304487,-0.3305754153280757
0.07072424365427576,-0.38422863982311983
-0.4821293644944781,-0.3345317483840308
-0.2638212607384631,-0.42140035712587565
-0.5032281790135144,-0.3379645170631884
-1.3963972851269728,1.1777638771648868
0.6405633217605439,-0.39557609359209805
-0.09841061272742996,-0.413522269410059
-0.5038254664732452,-0.3380616954938707
-0.28307153665827245,-0.3821403014796343
-0.503556175207621,-0.33801788191271565
0.25947376350491774,-0.3578854273473457
-0.5049584754222743,-0.3382460355964828
-1.6680829017929626,-0.5599386694337221
1.0526653868308578,-0.3301121989581749
0.9427748763897408,-0.3281024747244568
-0.34918001440902435,-0.31290094232732424
0.07303327691935599,-0.33551569413025456
-0.5048330547386277,-0.338225629701443
-2.7931476523134506,0.33747025477680004
-0.48127822715013413,-0.3343932686787048
0.5320770665559277,-0.4178859804156155
0.9946985148182712,-0.33379708919866413
-3.4472440276896887,0.23104903625212073
-0.02779264760085121,-0.4141737567279263
-2.5986681736199047,-0.6788917656557061
0.3233034772511307,-0.3960622634903699
-0.39248643018046947,-0.31994687884345707
-1.1960074147547404,0.5358981059433199
-0.5031102098657885,-0.33794532353006096
-0.3717276598466629,-0.3165694352171613
0.1120404427613361,-0.4427872258555668
-1.2452453865617996,0.5893133339922287
-0.5023709454977195,-0.33782504551320675
0.9396939437317149,-0.3077531275811078
-0.4848892278641357,-0.3349807770498626
-0.16405971325751734,-0.474291448098199
1.2093451221587337,-0.32463891585139804
0.7525241203349012,-0.351013476811388
-0.17032245342680322,0.7437274562764151
0.7897837944160665,-0.23937608054095155
-0.1827366518605968,-0.3982686109869182
-1.462383150843821,-0.4940186471559781
-0.5001925888065846,-0.33747062775126974
1.443864625104959,-0.25899864705797093
-0.2589180960023649,-0.35114352822167577
0.9787283808861843,-0.26752130270483504
0.8249998546833845,-0.37472458945780857
1.4191247747279918,-0.30948252779051566
-0.3336348072985468,-0.31037174335115814
1.3793904126806045,-0.3343396288478412
-2.1278005155217516,0.3382685065637956
0.32107281085511225,-0.4136572783508489
1.0463330861510474,-0.3501292264841165
0.7158169286890087,-0.3758755008993999
0.6738664942824928,-0.3333246897063542
0.7282995149899384,-0.39607926761134893
-0.5007888603817817,-0.33756764089794494
0.9043989437627395,0.7034734113324341
-0.5055733225780804,-0.33834607098268976
1.334930335660394,-0.32714592266646153
0.059966401107851224,-0.4307842428080389
1.1421569316878093,-0.2848801461617097
1.0814346721154613,-0.363447371023896
0.12826903194895778,-0.27617099111742033
1.0674341309516224,-0.2998717300879931
-0.6203597440129126,-0.3570217758161796
-0.5026323721038719,-0.337867579517413
0.7706326038674227,-0.363134304386096
-0.3479605639127652,-0.31270253821956906
-0.3791231716246243,-0.31777268202398173
-0.3315975273694871,-0.3100402787219562
-0.5044110659169367,-0.33815697228902064
0.2642746582015973,-0.4175854258813275
-0.1497108113135491,0.49742616164652276
1.16346256238499,-0.3339153555318064
-0.4994880457243368,-0.33735599887372425
-0.5045692249183111,-0.33818270469525397
-0.5043649558046899,-0.3381494701922099
0.7359467807340765,-0.4116248744530483
0.1821404768258024,-0.3543841809252723
0.08512736610793792,-0.4435717479026765
-1.0440208787699055,1.5603581672899378
-0.9689097999732158,2.437041854081065
0.8412702817804603,-0.37484185396737424
0.7252599423175105,-0.39239375307436697
0.0720240377564392,-0.43750636289558825
-0.5052293432439816,-0.3382901056826817
-0.37132970606588356,-0.3165046882962772
4.4885001972823435,6.330057560234788
-0.5035627396989888,-0.33801894995283427
3.344199432996982,9.513161251277978
-3.217064480488203,0.8240603134171207
0.5082960565176519,-0.38473562592675403
-1.216465848492611,0.4402705889789705
-0.5037531879781386,-0.3380499358116405
0.7350467913338293,-0.3938073785559804
-0.3496328529519397,-0.31297461897704465
1.385004688913856,-0.3300190122694503
-0.4852174420257398,-0.3350341773626145
0.05473486723880638,-0.4173938294181609
-0.8840695895200665,0.46847665908826985
0.43898791773520346,3.839187866473625
-0.5025866019173743,-0.3378601327263856
-1.3607077046301042,-0.47747609274435904
-1.031365899827778,-0.47682047679447354
2.3067699911724566,2.9608903794796055
-0.3566830072943602,-0.31412167626730386
-1.1776096054143455,-0.4801388603850863
-0.48215338389428464,-0.33453565633076754
-0.34946337070511213,-0.31294704428330733
-1.3285273816908267,1.526408875164014
-0.4263287811035784,-0.34592842458212747
-0.3927305387812018,-0.3199865952151115
0.7912028440118767,-0.3729648740849406
0.7027916728242786,-0.3965888125472294
-2.297551393533618,-0.6299001860332414
-1.1360901316187213,-0.505836413726305
1.5388603391615225,-0.29210884265643683
0.9799924372514219,-0.3348912013697061
0.32631407068169244,-0.40775241285617025
1.402780202057227,-0.29047433746567125
-0.13992260730528197,0.5846403461418775
-0.48244180406828496,-0.3345825821776606
0.2508134994073103,-0.41222261274955935
0.07826507382158662,-0.37128466742635124
-0.5000566904437531,-0.33744851714201934
-0.3924285424804882,-0.319937460537835
1.0643462365284049,-0.3440823225770564
1.0874830154811743,-0.35572898681782067
1.4343952293745195,-0.3196246291221732
-0.6509984110014878,-0.5249909681721153
1.2250163293973908,-0.32629161359463504
-0.17032245342680322,0.7437274562764151
-0.5001019813612797,-0.3374558859561769
0.8994612921808575,-0.3416032040539437
-0.3792601200761979,-0.3177949634822502
-0.3501662907720835,-0.3130614090969168
1.280839121508337,-0.32605877423608964
0.3775462757557896,-0.40345504600302895
-1.9610627113112764,1.5208538954946333
1.1188595335923295,-0.363479356323299
0.8951833254464396,-0.3734641980228776
-1.505550869578506,0.4584684915844621
0.145380319511857,-0.35751070923871764
-0.5042727621084543,-0.33813447031472543
1.3134924701183375,-0.3064618387888628
1.306057478695328,-0.28455284929425273
-0.60924455952148,-0.3552133397473748
0.9046276402826253,-0.36021792089524224
-1.716041032008816,-0.5352886829155246
-0.6517790342427761,1.4670373622405124
-0.5037597578523696,-0.33805100472754884
-0.9657834218793078,-0.5683730227791179
0.7046907982577673,-0.3487056240982147
-1.4824651019330615,1.0547920245389533
-0.37889640012376635,-0.31773578639153904
0.622492363063095,-0.3913066493298694
-0.9542456833022055,-0.41134488452777457
-0.3792053313319017,-0.317786049375478
-0.09053492918930395,-0.3891951939379209
-0.07133034549385825,-0.36716405913214933
-1.0541258913848635,-0.4480707632000062
-0.4998562188999568,-0.33741590050206616
-0.3493907720233621,-0.31293523250683836
-0.5048660538371935,-0.3382309986415744
-0.5042661781973766,-0.33813339911502777
-0.9019916021697648,1.0556030453681777
0.1922265755600073,0.5463291505516993
-0.48465246271995466,-0.33494225545565043
-1.6724136446762752,0.9726043462575756
-0.33105566187411395,-0.30995211742269674
1.2992437124390483,-0.3474893230344545
0.9304160174267504,-0.2834189191622657
-0.3497401381651051,-0.31299207423829445
-1.3983409781241276,-0.48359901128217053
-0.5037926099174336,-0.33805634974538834
-0.5416915375360171,-0.34422249010295924
0.5875072390142861,-0.3793306869978758
-2.48844331109472,0.38704552915988294
-2.100572605107369,1.8355375434943706
-3.070208158756229,0.2923926212495613
0.18770706035481896,0.5819996825045713
-1.5198814792646742,1.1576730481932183
-0.39249470099008654,-0.31994822450087207
-0.32969517209410004,-0.3097307662799142
-0.24067932396331035,0.547402074575135
-0.08600836760709565,0.5472406639353737
-0.43121758455944204,0.5436813663299846
0.4522123734054572,-0.3981091164036142
0.7752622447477459,-0.3564821735812755
1.3711712372449916,-0.3049385959594858
-0.4144744495664815,1.5754677424192047
0.8798872536102217,-0.3660592629991696
0.8480995836794832,-0.37622059353209086
-1.8170908805698496,-0.5517294528393968
-0.5441973867714163,0.6419473366620971
-0.4820513180177597,-0.33451905025350054
-0.9134868172432196,-0.5555418919174956
-0.5038517549520584,-0.3380659726188538
-0.48513838653584496,-0.33502131506604416
0.8980692805448202,-0.32633773574984254
-0.503097105756004,-0.33794319149664287
-1.8432786195707893,-0.5559901874953307
-0.6472550615507516,-0.46186822403085315
-0.48397381552689145,-0.3348318398289125
0.8681973362792702,-0.3728605428487595
0.6687841116449524,-0.31153984678044633
-0.34932510639098036,-0.3129245487347272
-0.44252563748061224,-0.4816506482181142
-0.6647082724098425,0.5409038315028776
0.2656444923108358,-0.390657104706355
-1.6659429461388984,0.4474624367138806
-0.5040884807341129,-0.33810448780886376
-0.3791701165899275,-0.3177803199510506
0.5375696089711892,-0.3137458323841539
0.7936681319991343,-0.3341228846921992
0.9393147621369964,-0.3467913328892
0.4324448518026848,-0.36871220435143215
-0.20159672565073766,-0.3364316272194307
1.6383117304073616,-0.2977807998436793
-0.4846767355938627,-0.334946204642522
-0.4821714000194416,-0.33453858754712107
-0.5023186942796302,-0.33781654426093294
-0.541745395026861,-0.34423125269516747
-0.33085717686280347,-0.30991982399078405
-0.15602174106957142,0.5589443257468794
1.01851662619602,-0.35715369469798636
-0.3494184260785217,-0.3129397318105465
-2.169754655417675,0.9811056659328796
-1.3606417102260264,-0.5349470951181284
-0.39262293494533074,-0.31996908811407504
1.3625580579523797,-0.30530728809681895
-0.16449859515931034,0.5152505634710249
0.6265628426482963,-0.4281100686935728
2.307151155692229,-0.23976181002256633
0.15764557720081654,-0.2628933765012126
0.8969877567499638,-0.3715201524752883
-1.4856108105213435,1.1018226459252902
-0.34871079281831574,-0.3128246001622838
-0.3290813255624784,-0.30963089369486163
-0.37920141832800824,-0.3177854127313104
0.5869685046919103,2.8919866414891997
-0.18401203371324665,1.1578290481074043
1.9927742758379203,-0.25024487531291717
-1.9728606658452388,1.0634981070186111
0.2876620305505629,-0.408574463890045
-0.5002702795254639,-0.337483268000142
-0.4727206664453676,-0.333000956976509
-0.5004451755112168,-0.33751172350703607
0.40183740171987303,-0.2973763964705461
-1.3267901614238669,-0.5333839483958623
-0.8312558754479713,-0.41180990079272556
-0.5040950597794994,-0.3381055582169154
-0.4998885417129184,-0.3374211594108005
-1.006445165458585,-0.4847432296119358
-0.3488418066645701,-0.3128459160626417
-1.4924806758424018,-0.5313682575421175
1.2103559817465348,-0.3044633149977808
0.38409538840414553,-0.39353706528810145
-1.0859331322466879,1.564804570599612
1.1945882875617768,-0.34012038577680664
-0.04001360550150857,-0.3035505088891313
0.1319232367836148,-0.4205863501591916
-0.34959133604473436,-0.3129678641928561
-0.5028220843509479,-0.33789844562409527
-1.0272392639679933,-0.4846471372507484
0.05388332216642277,-0.3087489251183276
-0.46504383483288747,-0.33175193954518784
-0.5040884807341129,-0.33810448780886376
-0.5000566904437531,-0.33744851714201934
-0.3309147846604511,-0.30992919675640845
1.1817090229217153,-0.26366360882627055
-1.207739420514065,1.8238502589561902
0.27942284474475754,-0.23110291747646322
0.7331456465541561,-0.31720704626256735
0.18325450277414332,-0.32574320619588715
0.8903612003888794,-0.3428291305740067
-0.37182250793826865,-0.3165848669637103
-0.5004905396962468,-0.3375191042417871
-0.34923527721823266,-0.31290993356426794
0.8734952277970444,-0.26057346217370253
-0.4998820768025867,-0.33742010757247654
0.8119458379433222,-0.316560346945232
-0.3755025932047612,-0.4879454533880438
-0.15602174106957142,0.5589443257468794
0.6839259109674792,-0.2667296251335225
-1.397883758815767,0.4105921054048678
0.229533446223322,-0.45512247225889907
1.025050187234272,-0.29577759965784806
-0.48627197105186803,-0.33520574881317583
0.9544006997212098,-0.3812064575953332
-1.3382196530984927,1.1163960780557536
-0.005575296717004569,1.1464882491978516
-0.3791309951488143,-0.3177739549082367
-0.5413686457678369,-0.3441699557414876
-0.4845129412433171,-0.3349195553672336
-1.0915783118192919,-0.5779256974757819
0.38342259352941527,0.6127433190024638
-0.4141885863472595,-0.4429086184118668
2.194920696886809,2.937783555499721
1.5226299739249018,-0.2969418974401446
2.0903855733772896,3.0104956382636607
-2.7652745088844117,-0.7059985497325655
-2.6378736173068607,0.3627332781365306
-0.4999984718011218,-0.33743904499216054
-0.3490729788594361,-0.3128835276862385
-1.2757536332283173,-0.5686782658750063
1.1509481263256296,-0.2988926778404356
0.7181479329630394,-0.30026953848342586
0.9044183474366945,-0.35272405351778846
-0.48439774542480296,-0.33490081305365915
-0.48413118793500465,-0.334857444256737
-0.4869081413703378,-0.33530925346941526
0.5766133842049604,-0.2664426082054498
1.3154323078972288,-0.3404596623039025
-0.541753089939341,-0.34423250465434874
-0.34926291338821835,-0.3129144299580655
1.3613645082880468,-0.3269471758734061
0.762995789818764,-0.32933833990528666
-1.8124911101534142,1.5450264355492815
1.0382377274779107,-0.3390818840100831
-2.6277453874128818,1.9136436933299414
1.3206854925392155,-0.19477690294616715
2.464384936365418,3.005848274684139
1.4185904478978253,-0.322290197296234
-0.783648786479969,-0.3835888376823713
1.545738653684074,-0.3118060918881761
-0.483731905146501,-0.334792481106828
0.16990910092050746,-0.44310576466457696
-1.0439768754918821,-0.4464195223755388
-0.7345315424697965,0.4982869638226559
-0.34935275289179935,-0.31292904680934713
0.22778523557592098,-0.4250810551041152
0.20192019142851209,-0.28466338572913846
1.4173116292386607,-0.2924846917155501
1.4421582407294082,-0.3012110324431398
-0.3925981101303192,-0.3199650491266068
-1.1259268165030525,1.7651098200403215
-1.2718387431349751,-0.46301714827169715
-0.7230868960373869,-0.5476096058415246
-0.17032245342680322,0.7437274562764151
0.32504140908416945,-0.4120478472726188
0.4148872355824761,-0.3930517022435633
0.3532415383099037,-0.41649910427324927
-0.38992215701385613,-0.43131376675695327
0.19693867680763008,0.5704278808529288
-1.1279852916494477,0.43772097960623985
0.5372457009591954,-0.3306994769957036
0.9386100271014337,-0.37807351778533216
-0.3503605620565865,-0.3130930169571641
0.1106139270083994,-0.45577034814729284
-1.5212352582928075,0.5444098923041604
-0.4637254405582184,-0.42415921754396574
1.0214181703505751,-0.35293787585130126
1.0595316009042581,-0.3509085931437791
-0.9481847269735091,1.0666408876043714
-1.7952035017413794,0.4793599599425141
0.8094034144941727,-0.3405878623140389
1.2706517910742396,-0.3289781251022652
-0.8054260471050714,0.5477745755139887
-0.5000890402282825,-0.3374537804390169
-0.48583252972221347,-0.33513425188469176
-2.0119214128885656,0.9463834484041135
-0.18084108703466673,-0.2855122662075216
-1.2225533404152462,1.5652410586935288
1.4344130371132875,-0.323509305032813
-0.20577044376939368,-0.49917932134828363
-1.2248872305373557,1.5467503701506335
0.22298660993418928,-0.30171129665452784
-0.33709758438004556,-0.31093513579662224
-0.37132970606588356,-0.3165046882962772
-0.33392309483448857,-0.3104186476178922
3.051528809481434,4.915920711401995
-0.34931819526260754,-0.3129234242969065
-0.32938964315046726,-0.3096810568430483
0.9285302812117444,-0.3120209039347436
-0.35679705136679984,-0.31414023119225293
0.2493558551933051,-0.351848997752369
1.6762089384974557,-0.2512333196100273
0.2913413605384276,-0.2767062066410883
-1.9228136609150461,-0.616472933809426
0.1215060636723377,-0.33367877111631444
-0.3717011090866502,-0.316565115419132
-2.5302151601709695,1.7656348717151165
-0.5016886846509069,-0.5371400314188508
-0.42576098766357817,-0.39619391258980263
1.2184041245499886,-0.3280583066324404
0.15622732042522416,-0.43854355345762763
1.1397941216969818,-0.31702765373536573
-0.334085205944476,-0.3104450230306153
-0.49987561206613407,-0.3374190557624427
-0.34914548160428904,-0.31289532385381275
-0.5413686457678369,-0.3441699557414876
0.4507774170900478,-0.3828909491832988
-0.34915584092478025,-0.3128970093111112
-0.4812363475234981,-0.33438645488021
0.9307251870104721,-0.3424391078963335
-0.3494841172137707,-0.31295041973196397
0.37159304069820503,0.6016639442486698
-0.4718367209458793,0.56654863159516
-0.33007763022136194,-0.3097929920641718
-0.3494253400894718,-0.3129408567173613
0.15764557720081654,-0.2628933765012126
-0.5414839144691524,-0.34418870991306466
-1.3860078946331071,-0.5789506888723903
1.7695966612894052,-0.3107772349880269
1.0634569687934665,-0.3170979543047197
0.11096858813069303,-0.36224060473906916
1.0531294527093398,-0.285290421872767
-1.05095618169299,-0.42707964391542036
-0.4843856227601341,-0.33489884070096865
-0.48197929760212943,-0.3345073325606978
0.32902226327262635,-0.38168052787929435
0.16910293839976803,-0.27611894022089456
1.101181554700962,-0.3475180302291871
-0.34923527721823266,-0.31290993356426794
-0.34933892924390153,-0.312926797707366
-0.34925600404782264,-0.312913305811148
0.5724648941411208,-0.373877030220961
1.0415554925388446,-0.3179612814414228
-2.154834665323732,0.3323548690537665
0.854662428932899,-0.3564473407122358
-0.4816794446020807,-0.33445854659758173
0.2534339890613847,-0.3604058292288661
1.2693621175878025,-0.33066915621889775
1.0208699285833223,-0.35241096480941303
1.3206854925392155,-0.19477690294616715
1.6436754282912032,-0.30426110794612193
1.681588959253762,-0.29419554300063555
1.220954989885999,-0.3207726466158914
-0.3311934171541817,-0.3099745301516384
-0.4997334318366531,-0.33739592309600225
-0.3714433399304585,-0.3165231764805708
0.9358874366832819,-0.3409025544668765
-0.5412995110714299,-0.34415870755404776
-1.4702329936140752,1.1657508369407903
-1.3512816496337194,0.4360256050208973
-0.07809945450620931,-0.418715714554671
1.1220203083578228,-0.26318241671671955
0.35592015798885146,-0.40469918871746013
-0.48643085584842316,-0.33523159930599455
-0.5032019586432839,-0.3379602510194445
-2.0186904132514214,-0.584529616132823
-1.0614676877280484,0.4425989774184141
0.5104000423707037,-0.3925839942745881
0.39195849903763935,-0.3672400715628488
-0.2755153230033748,-0.30091572651394444
-0.37170869471881807,-0.3165663495984502
-0.27148726370304904,-0.30026036287768554
0.2890258547678563,0.6224776940272484
0.6568314878342172,-0.36792599631021905
1.982865339664459,2.9383155915851593
-0.8257941397129944,0.6370824752170431
-0.39250710773815567,-0.31995024307381814
-1.3374446601119616,0.5743125490809003
-0.2356156817341999,-0.46491111832382226
0.5623357551582471,-0.3597566230796843
-0.5721669124908833,0.5329048019895278
1.1375659649209304,-0.35349997496626984
0.0239676207538321,-0.3955178329113715
0.6280215155566368,-0.3838867744933885
-1.9228136609150461,-0.616472933809426
-0.3791075253401447,-0.31777013637975804
-0.48456146126743627,-0.3349274495557416
-0.35054457069003375,-0.31312295508819143
0.902061677598417,-0.2782041072219258
-1.3963972851269728,1.1777638771648868
0.5001174327975674,-0.40050732007547235
0.47019606614073833,0.596152241903698
-0.3873153930964732,-0.31910555317917916
-0.5259566189566762,-0.469977441342917
-3.0010602820040355,0.3036429531263126
0.9250523949159946,-0.33068323636728736
-1.089365658336051,0.4251744101019188
1.0649612118737508,-0.36779224923794573
0.19976540084229183,4.392677236474845
0.9733720084185354,-0.35126154624665046
-1.6999598932922562,1.1283743622927136
-0.6076088248080651,-0.5123314467930085
5.972363521994078,14.729364352945943
-0.32951689968333553,-0.30970176143002187
-0.35643372437170195,-0.3140811180355427
0.7013730652174629,-0.347216844626406
-1.2824822254407233,-0.566188033245596
-3.035191250185163,2.572179405218542
-1.1330542492496178,0.4527267821617191
0.2383378084095574,-0.3821359673776032
-0.15602174106957142,0.5589443257468794
0.9061774588511496,-0.3108805056470585
-0.8903708561289361,-0.5360883891040623
-1.6322868293126231,0.3433605311638416
0.08123888350781924,-0.34524900380720214
-3.667485623062064,0.19521581681887476
0.5091506308240445,-0.32615316611672096
-0.7122374832745377,1.0551834352751042
0.027204246613646618,-0.4075776705222983
-0.17032245342680322,0.7437274562764151
0.7143403377915885,-0.26779547651597807
-0.7634809459989373,-0.5365217336780028
-0.483731905146501,-0.334792481106828
-0.48236966657264546,-0.33457084543598725
-0.3494045986532366,-0.3129374820939859
0.31216136784848597,-0.3523125377476472
0.8011431870858566,-0.3086647858967322
-0.4650941730383559,-0.33176012955107376
-0.32994370064237644,-0.30977120177526535
-0.9998821658458794,-0.4187699219753288
-0.2592126723023808,-0.2982632917687067
-0.33415332522788255,-0.3104561060107663
-0.4836956395794546,-0.3347865807135819
-0.33135049040419096,-0.31000008590655903
-0.37171628059038986,-0.3165675838167193
-0.4852113599109942,-0.33503318780497926
-0.392742957708775,-0.31998861576965804
-0.5002443798289069,-0.33747905412987644
1.0022557757929835,-0.31252426353972584
-1.2560054298004246,-0.4604410745281655
0.9960407065879511,-0.3792943019172125
-0.3492180062254414,-0.31290712358065215
-1.5723945844983762,-0.5119174633884185
-0.3556625862219248,-0.3139556541671594
-0.4812662607979219,-0.3343913217579884
-0.28309664592850625,-0.40261979553399063
-0.4853817173256756,-0.3350609048881762
0.39302803563699373,1.5729049762055123
-0.34931819526260754,-0.3129234242969065
-0.3498613242130677,-0.3130117911598031
-0.48433107833401057,-0.33488996634466534
0.7856432202937502,-0.3604195111943657
-0.5038517549520584,-0.3380659726188538
-0.8869108856672785,-0.525032830042886
0.4996782771629876,-0.42009760406205554
1.4234664553821477,-0.314783720113763
3.0701562222823453,4.875049346890352
0.33028240193000497,-0.3658077358676732
-0.3066953247698586,-0.305988700324084
-0.34930091831100574,-0.3129206133437946
-0.4819072987597248,-0.3344956183778503
-0.5036349609391102,-0.33803070031970134
-1.7838347523135603,-0.5463186940801671
0.1615575944643663,-0.4241126540532224
-0.4856740398106778,-0.3351084656395077
1.072713652828453,-0.3223479294961603
-1.3512323066767886,-0.49640985807525156
0.8767784522527203,-0.3787956202869487
0.8553418407887151,-0.39435817154884617
-1.1411638227626384,-0.4417563910191586
-0.3718338922248017,-0.3165867191825736
-1.3665848222025059,-0.4784322974215491
0.9462206133528475,-0.2799276421582254
-0.3310809598933861,1.0603635953452155
-0.3494910331146104,-0.31295154494626304
1.316813438416817,-0.2832650181125178
-0.37147365136953103,-0.3165281081395782
-0.3791896796985261,-0.3177835028609911
0.46155530711817633,-0.3936494081956269
0.9156160592207656,-0.3455687442671207
-1.014947512691405,1.1783993761374014
0.152386662951466,-0.3791116711846405
2.066773166444238,-0.2519219810343892
-0.11326440487709849,-0.4556967389622554
1.6081771327116197,-0.2966544619534189
-0.1640985400976685,-0.44277862457631834
0.6839259109674792,-0.2667296251335225
-2.1560343052990585,1.3530964237724459
-0.556640657093475,-0.3466547058727848
-0.378003127832348,-0.31759045134718505
-0.3715115460445476,-0.31653427358803915
1.5379528358508805,-0.2882511312422394
-0.4845978577141542,-0.3349333712430579
-0.3722060757262362,-0.3166472732893207
-0.9047950437079569,0.5080838320650576
-0.7686550156764518,0.5280032843583645
0.7555836967761939,2.9194202657667545
1.0704720873843518,-0.3318364660179809
-0.29035406817648224,-0.45909318236080177
-0.48733281146101093,0.4948733030524809
1.482310761045958,-0.2545160286772726
1.6461367090459378,-0.27875712652663354
-0.25126308163863265,-0.48958754958245654
-0.3312254645841203,-0.309979744255665
0.6184127276516047,-0.38048633509104396
0.37756452441498484,0.5777984824203181
0.7663597103852355,-0.3747597599346359
0.9435985570629667,-0.3164535178813334
-1.3748155483754707,-0.4797714332762097
-0.9867740418999341,1.1470511495805462
-0.15388960902358823,-0.4044377143524959
0.8315625017457519,-0.3061496388499308
-3.0603960970528066,0.29398903976222607
-1.0833174078767271,-0.43234480246555773
0.21664619607551588,-0.42194608159344305
-1.084808187219023,0.5159472553727961
-0.34971590828575394,-0.31298813204662007
1.8588037963565507,-0.2633345990949771
0.7869744796661606,-0.3206231769441649
-0.48236966657264546,-0.33457084543598725
-0.10286832403768814,-0.38954496235986097
0.8014438300020209,-0.30178163425447185
-0.3495429087146912,-0.3129599850856372
0.3191483117660423,-0.43149511762916876
-0.4838528299031225,-0.33481215551633997
-0.5000049398428769,-0.33744009733996577
1.5456614654422398,-0.2969249412534482
-0.4845493303431544,-0.33492547585921534
-0.480919495477656,-0.3343349031791458
-0.327872775076482,0.6230092281610817
-0.32978754372681496,-0.30974579510759265
0.061737174297967594,-0.32794651530552993
0.15194311239006011,-0.44594619502589894
-1.8133750582361865,0.36706784330678194
5.143362266532747,11.473179554133875
-0.8119097964918953,-0.5638132542901644
-0.11078972726485237,-0.2741149380053492
-0.9466554221189338,-0.4858779679880404
-0.48358083470190505,-0.3347679020059459
-0.48587521794457056,-0.3351411972413868
-0.3321888797729532,-0.3101364915213593
1.1383599132484872,-0.3612929363542779
-0.3494149691476256,-0.3129391693692731
-0.48576546354372907,-0.3351233402442902
-0.09065197664097774,-0.4545345557471235
-0.33409169266359706,-0.3104460784172205
0.6035951118362592,-0.36518033301834896
0.9587669290493683,-0.37601186861106156
0.5197491347756172,-0.4047558868208441
-0.5023774776987083,-0.3378261082996937
-1.384360962636121,-0.48132446835663945
-0.377652966841463,-0.3175334802940916
1.6610892047549255,-0.26828348527035545
-0.010347633984890029,-0.3989472618321534
-0.54157616924732,-0.34420371972855507
1.5543962787484344,-0.29418717685459245
1.5884569131698492,-0.27940455570821415
-0.46971394884210727,-0.33251176522565346
-0.8185700436875889,-0.38927051225564957
-0.4839193644599684,-0.33482298066211374
0.6003330787418386,-0.3425206274451835
-0.5607418486538294,-0.4744630640981938
-1.6023095043347073,-0.6422841842126458
-0.331071675874164,-0.30995472289409653
1.7880025028607518,4.902717406106353
-0.54157616924732,-0.34420371972855507
-0.39256915108628865,-0.31996033750173153
-0.48124831238654353,-0.3343884015586395
0.541302575045161,-0.40317622496298267
1.1991813062171885,-0.302578289650922
-0.3709135075784773,-0.3164369729689259
-0.37183768710680354,-0.3165873366083567
-0.4755409386121888,-0.435836858060152
-0.48469494185801976,-0.3349491667944148
-0.48023117784288466,0.5204327113939939
-0.3338971672001755,-0.31041442920216483
-0.3180795032890543,-0.3078409016135628
1.1738297610052324,-0.32185226382032106
0.8362827963193019,-0.3511589561845404
1.1434581484557682,-0.32921765229414174
-0.26831118214987476,5.106509835532926
0.5808000027345925,-0.3852683683454636
-0.5411843307480056,-0.3441399677615182
-0.8814711379257993,-0.5607793994090001
-0.503556175207621,-0.33801788191271565
-1.5946880183100587,-0.5155445961484402
-0.3313088079045341,-0.3099933041805449
-0.23106736409577217,-0.460553465161872
0.2958282028360161,-0.3724459834022297
0.5459092919367237,-0.34491403723222963
-0.5015297766118011,-0.3376881876720775
-0.33487137264767697,-0.3105729320386266
-1.2161004893524567,0.5160980486822657
1.549338094358107,-0.3244578341061326
-1.298629812085525,-0.4673760444689987
-2.1124797132571476,1.3858085063344117
-0.33194444913492605,-0.31009672275436584
0.04933319689672735,-0.4392089360109977
-0.33111652075117426,-0.3099620191376406
-0.15805004150910795,-0.4545066331407356
0.5248324784063438,-0.34173355540159
-0.12061092119957126,0.5595699746845085
0.061737174297967594,-0.32794651530552993
0.9446361533888424,-0.3490952635710214
0.8150369208805881,-0.35423525494620417
0.6235264267588398,-0.4187577329561329
-1.5946233503248748,0.4105550756500942
0.1261607430575696,0.58521729811457
0.9233894399611671,-0.3861313973742995
1.1965561056798963,2.8290069055909774
-1.37547184058026,0.45256527942019487
0.42309114017458804,-0.345900150464648
-2.3092633214529736,0.4161980417723336
-0.4852417720238542,-0.3350381358435716
-0.13506514302039038,0.5399876608288117
0.8637845360576664,-0.2892616914628643
-0.3715987264764018,-0.31654845780941493
-0.39300390352017267,-0.32003107154875005
-0.33199267233970753,-0.31010456865048636
0.0667766628937155,-0.4441983545967921
1.7978363375037985,-0.27848684371379706
-0.48412513324443274,-0.3348564591610038
1.1066661688312045,-0.3252323584991774
-0.3494045986532366,-0.3129374820939859
0.6127173614482546,-0.39015341402869463
-0.4813620083005239,-0.3344068998383466
-1.9181610741436586,-0.6091243504609808
-0.3726207130153203,-0.31671473461032973
-0.31811591857570265,-0.3078468263661282
-1.2416290944995898,0.5574489481506586
-0.5000890402282825,-0.3374537804390169
0.8428341622507338,-0.35156746700931396
-1.137287260122169,-0.5425648704907784
0.773598530651146,-0.35481325877670433
-0.3587970839009938,1.11277423147573
0.2975969193857486,-0.3612330043899954
1.2411819163040778,-0.33930957526937316
0.1811461492852647,0.571076716497371
1.295697523856788,-0.35844216717339195
-1.207739420514065,1.8238502589561902
0.9759425460555198,-0.3267222064644561
-0.3299086361762039,-0.3097654968006508
-0.5015297766118011,-0.3376881876720775
-0.33448771393307386,-0.310510510919289
-0.4853512875020308,-0.3350559539680462
1.2003401247579963,-0.3390554858241748
-1.3309429814325549,4.976935327826278
-0.28073928503865375,-0.3427164806188917
-0.5702830803259846,-0.34887432267344043
1.2696642698015908,-0.19485073357314675
-1.8791560921041062,0.4861763158718525
-0.4846828041953567,-0.3349471920015566
-0.34923873156571483,-0.312910495585221
-0.37198573425746806,-0.31661142382052593
0.5015821404606499,-0.3747260317888539
-0.4817873485944656,-0.3344761025339629
0.8973234152251156,-0.30615841356440854
-1.2108197404378764,0.5949143728405177
1.5278939066623134,-0.2889479167258173
-0.8714269350570831,-0.4891789926752061
-0.3311838037583519,-0.30997296605598385
0.9377791551473765,-0.2972408598463683
-0.5412150401045911,-0.3441449641615457
0.2879780422701138,-0.4081387294995902
-0.4514243515027647,-0.4970230375089667
-1.9596733210868418,0.31777098710706553
-0.5088927603363403,-0.33888614217762286
-0.29771166015332917,-0.39840604315733386
-0.3790997025798214,-0.31776886361978385
-0.4825019351905224,-0.334592365487186
0.4576688109718297,-0.23455512521277697
-0.4478606705661743,-0.32895624559516173
-0.4812423298805715,-0.33438742820731193
0.5735368915472054,-0.38455071447596256
0.793846326561339,-0.3592328243259865
-0.3345299514143453,-0.3105173829405897
0.3869901940333952,-0.44627584694183786
-0.10515320411094309,-0.3904793907454283
1.2757361982255637,-0.35106649163343595
-2.862732967396725,-0.7218550019326736
0.7325657779557544,-0.314832595606128
-0.3318383921277299,-0.31007946732173575
-2.6457584818341346,0.8891123914040765
0.42724355764630734,-0.424137640292245
0.6541538839189959,-0.3750609947022986
0.07067855430241396,-0.4601845160937062
-0.3321534862657062,-0.3101307330118936
-1.0946056215709499,0.44019539615227415
1.0609778655366167,-0.2796478181384024
-0.33128636647528975,-0.30998965296898723
-0.4840403835867939,-0.33484267042562016
1.5095685426235073,-0.3185583613509287
-0.39266845376634896,-0.3199764940080395
-2.0121494099161286,2.7779831602224165
-2.8831236457133076,2.50067731890985
0.2803507403863375,0.5608609680518366
1.0020787972929561,-0.3113376992775523
-2.481562166651857,-0.6922914202971522
-0.3791896796985261,-0.3177835028609911
-0.5041345378338983,-0.33811198128056824
0.9896143018946789,-0.2872148241252135
0.2602362143542218,-0.40231648813509363
-0.9303292753128725,-0.5699596007071568
-0.09397615648594285,0.5532245069975532
-0.48214737881930514,-0.33453467930747144
-2.0245768533449433,0.375538363879199
0.6319510929337717,3.8384460791358532
0.5935001472406145,-0.37561713122851326
0.6153340032801256,-0.3919446003060749
-0.37913881892765966,-0.317775227833924
-0.22184883141474693,-0.37916226213977333
1.5260915604896135,-0.2990264486665802
-0.418386424162688,-0.4770630737915686
0.2959855067935647,-0.3885295400251866
-0.5094900479001786,-0.42267579319799026
-0.5807516406445318,-0.38303030836103974
-0.25777704348294006,0.6248995029243769
-0.7822500324268008,1.5673111381492166
-0.48625545465498965,0.5139327315088906
-1.2320063920504285,-0.45653644068990995
-0.483405711856309,-0.3347394095890462
0.1940545579935766,-0.32498748559694574
-0.48496820143434705,-0.3349936260181332
-2.321705437220997,1.0272166110987453
-0.3491938289202092,-0.31290318994276584
-0.48333328453545144,-0.3347276256929258
-0.48239370999905984,-0.33457475729184344
1.4075925948604724,-0.307230663842689
-1.5477704139827824,1.0375752670590581
2.3898591405630776,4.945346633084945
0.45725499076828485,-0.4013876605396611
0.6614630045876814,-0.3726270691112571
0.9181648525879156,-0.34396892118856887
-1.6698530430106897,-0.5277739155885266
-1.6999598932922562,1.1283743622927136
-0.3494772015119155,-0.31294929455003956
-0.3338582809919317,-0.31040810243164463
-1.5979844177786764,0.4277549534095529
-0.9193243132107908,0.5298926250621928
-1.3849533068684072,1.5292057460443493
0.19587249905855725,-0.3838149676118926
-0.05333385653144939,1.5499497237437114
-0.46330526261398486,-0.33146907454089497
1.0461395551247699,-0.3571700882561222
-0.37234674398831835,-0.3166701599592704
-0.481889302418426,-0.33449269038032253
-0.3319123057058394,-0.3100914930313162
0.5748824085257822,-0.395983096384255
-0.31577234731120274,-0.30746552825921847
1.7799876502093948,-0.2963770666547519
-0.3717504199754913,-0.3165731382810138
-0.481691431542721,-0.3344604968680271
-0.5416069287103515,-0.3442087242808813
-0.4831402516415415,-0.33469621931833243
-0.5415838587440548,-0.34420497080659673
-0.4848649335233781,-0.33497682437034315
-0.3339717166883345,-0.3104265583740559
0.4685349814127209,-0.39614480149308534
0.6452384951380278,-0.4183139156647235
0.5671742485726639,-0.321621799327616
0.08123888350781924,-0.34524900380720214
-2.133335442362351,0.44482143729951
-0.5457959666389789,-0.4672775289383784
0.9325799479621262,-0.34068759910926116
-0.3791505550734431,-0.3177771373001465
3.0727398043025262,6.260353657150269
1.2310704206036545,-0.32370482863222605
-2.4233475897056813,0.3242330042953569
0.21672790027977734,-0.4032616541971794
-0.17032245342680322,0.7437274562764151
-0.35723948394391536,-0.3142122147955018
-2.584797009410436,2.0119400625897583
-0.3578975012654657,-0.3143192739504
2.625052802117287,2.985437019585106
-0.48434925843413645,-0.3348929242396807
-0.2683928771826415,0.516241691361073
-0.3021833399335052,-0.49436576833048496
-0.3315975273694871,-0.3100402787219562
-0.48184731619461363,-0.3344858592385099
-0.25777704348294006,0.6248995029243769
-0.46493200988324823,-0.3317337456706304
-0.3318962356030951,-0.3100888784320305
-0.48095534456176625,-0.3343407358107849
-0.20643506021403552,-0.37505731441395795
-2.669519904394304,2.5764788750330716
0.19802933195936137,-0.39863345308791925
-3.838440154714987,2.0615163256791935
0.4982993803540814,-0.23992189416020213
0.32709172421679966,-0.36769574079232276
-0.5090332813906884,1.632892846777885
-0.8840300032227155,-0.3999208214769739
-0.07025591551340676,-0.39583511924995163
0.5639026469606088,0.6645651176611665
1.3868806194809444,-0.24834493064682536
0.9140318464091355,-0.3649386869879407
-0.6784804167296835,-0.5039549076738156
-0.2551177734883775,0.585919080512548
0.8488839523593822,-0.3779475657103348
-1.1503749545878534,-0.44325503848111253
0.7334679184801358,-0.3673625777814966
1.3470445807462443,-0.3136401261191045
-1.0403998307109092,-0.4458375386210966
0.6798240837676786,-0.385353930890651
0.57805638287325,-0.37296729724178357
0.6822622232235838,-0.2986481133866756
0.8326364514272271,-0.30923705478503744
-1.6443516220251246,-0.5711672715138868
-0.2486980929665401,-0.2965525739183732
0.9772350095730042,-0.3388211805222443
-1.0900190874958247,1.571263659179404
-0.6548169629079685,-0.5086029356657117
-1.5136555268386376,0.4406189450268411
0.815289881494499,-0.33692418921349265
0.5369768443998835,-0.33170786950907716
0.7537583029435044,3.9135037793145164
-0.802062989210681,0.6614189326934381
0.6805310117395678,-0.36802132549945266
-0.3485208034924024,1.1450079931738997
-0.7206909911224803,0.5420648350307522
-0.68752399564761,-0.5088743026448495
0.2982244756613568,-0.4183079836540491
-0.48333328453545144,-0.3347276256929258
-0.48433107833401057,-0.33488996634466534
-0.33463720298172095,-0.310534832727683
-0.11988452401252725,-0.44457135610138426
-0.3348583572349938,-0.3105708144361914
-1.0474795834736572,-0.5150072472634717
0.42011152524314654,-0.43460210247577713
0.775307992337339,-0.39731837571804374
-0.3524904663334233,-0.313439551530684
1.1360825309067129,-0.26688343308191964
-0.48335138931974775,-0.33473057133408585
-0.7925695826440664,-0.38504024764844463
1.5643147916142834,-0.28972077348085784
0.7093279790126079,-0.3027017592183913
-1.475194655061456,-0.5165784825515589
0.08123888350781924,-0.34524900380720214
-0.3319508783365973,-0.31009776878290496
-1.2566070875204973,-0.4605389639984566
-2.3281601116086255,-0.6824226391302234
0.04972434702782355,0.5677480269797631
-0.7822500324268008,1.5673111381492166
1.251720981410197,-0.34382659806918675
-0.1476544663753377,-0.47290397803694934
-2.3629660626777964,0.3460344009068106
1.4346957639776876,-0.3091163492258858
0.36278600840612635,-0.420310372027556
-1.4823324675196696,-0.49726439299604236
-0.3313376642497764,-0.30999799909636844
0.3930616610546847,-0.37376286246702245
-0.03482871756935819,-0.5081735405428772
-0.08343116532443229,-0.33108993728410063
1.3798970649021771,2.9790083938164322
-0.3476692149442302,-0.4480940239189225
-0.46329258944662943,-0.49025150431894177
0.44633033417573503,-0.4159207550921218
-0.541745395026861,-0.34423125269516747
0.8600150508171724,-0.3632166079794381
-1.3963972851269728,1.1777638771648868
-0.3173039552167771,-0.30771472025255353
-2.1267344069814436,0.4134426680014904
-0.6439508902195243,-0.4997111581238123
1.4570958976370294,-0.28509974951596406
1.31815953680927,-0.30445692148200754
-0.37922881069310455,-0.31778986945814997
-0.6958842982930685,-0.3693095905749823
0.01061108358242865,-0.40709798636516326
-1.5965152506682323,0.5321618676693913
0.40889078258424283,-0.23710555392772115
-0.9628055994802412,0.6352661743267761
0.07719995608430538,-0.480172885573227
-2.173776822118459,0.9363210583056872
-2.34033549588691,0.4111426114260504
-0.4686499824459729,-0.3323386583187687
-1.6103446335212297,0.3907933902867622
-0.5703610763679519,-0.3488870125982569
-1.1380169497259138,-0.44124439603536425
-1.0995010671331171,-0.5234711218374853
-1.2927821588344457,-0.4664246336250971
-0.8840300032227155,-0.3999208214769739
0.8672924506601334,-0.3635043277244418
-0.17919418244685265,1.1098391726153773
-0.33422795421939466,-0.31046824811782114
0.8362070636853643,-0.37211539573100394
-0.35923172702117934,0.553001629002629
-0.2530121343384689,-0.37724964875104056
-1.6999598932922562,1.1283743622927136
-0.06081730753089137,4.337228895902514
1.3406074807741908,-0.32700611598587564
-0.48156559847100466,-0.33444002387761335
-1.0764437148275545,1.4607866838224592
1.701090628418108,-0.23065756269467697
0.7842316365262108,-0.29331925999276276
0.9935010853320112,-0.3453013752923116
-0.3313761447664819,-0.3100042598610377
-0.3724266193687523,-0.31668315565170335
-0.4817154072175287,-0.334464397700724
0.20444997140500806,3.767244574530206
-0.3337319442453386,-0.31038754749353
0.2988175685406076,-0.38191502987606624
0.6339082169499328,-0.3125467315992423
0.2687138618857207,0.6109723512138631
-2.584797009410436,2.0119400625897583
-0.46454103174813366,-0.33167013368450454
0.263886113930728,0.6596112625469324
0.9041450823018522,-0.3628274318510101
0.814925304228946,-0.3172291322285051
0.8455861329358301,-0.3238101344519659
1.1349001289863125,-0.2690876436510645
0.3122498768925351,-0.26276830333314427
0.14780326010464045,1.1607632711727338
1.7411284080046612,-0.2024263667336553
0.7132186291189743,-0.38697603610262765
0.21669871984552905,-0.39883539794293715
1.221525219835426,-0.30215951868366847
1.1301994545831024,-0.24897060043423908
0.43496810281538506,-0.38422350546972706
-0.4852965235256663,-0.3350470438910066
-1.0300046044877902,-0.4236708306883042
-0.6108738525937975,-0.4685756140840718
0.8497024909623058,-0.3319413695209898
0.16169414498429385,-0.421917102346625
1.8292595385440584,-0.25449310838908396
-0.48333931931202856,-0.33472860754866
0.3493804053390371,-0.3961858165978788
-0.35263757107403315,-0.3134634854131145
-0.1864350769122266,-0.5075089397982623
-0.3353860459950532,-0.3106566691862884
-0.4833574245509047,-0.33473155326377996
0.3628421672457658,-0.2965243650517544
-0.5815636323342878,0.5077935965258217
-0.8878849768412195,0.46973982656072333
-0.33187052567327424,-0.31008469543673695
-0.7865631028080384,-0.4165157508956935
0.34470492146859333,-0.37104023683391363
-0.33150124900874134,-0.3100246142711905
1.2794820463381649,-0.32057458465747496
-0.8172473457225735,0.585544871280022
-0.6728956532538687,-0.3655693472264455
-0.042433923385069745,-0.38973266422551645
-2.265507604165483,0.3618908531069187
0.20223322267469654,-0.4099002754729488
-0.1768474129795159,-0.28486249703689276
-0.4848102802330193,-0.33496793230187233
-1.0409985059608386,1.819764410900945
-0.33154938336851136,-0.3100324457122632
0.4380714096437607,-0.40629761218658794
-0.3719477647556726,-0.316605246197778
0.9851735193433675,-0.35738378629772116
-0.33202482651867404,-0.3101098001225371
1.4340770618029355,-0.30478904234731613
-0.8840300032227155,-0.3999208214769739
-2.0465555771235477,2.3055128024819838
-0.35173185609421476,-0.313316125948337
-1.6999598932922562,1.1283743622927136
-0.4843128996088557,-0.3348870086733572
1.5090126397597101,-0.30865968335875893
-0.9486669312201769,1.5286193973987108
1.0690600610798824,-0.32455832357965336
-0.48637584537880607,-0.33522264912460137
0.5449145357135688,-0.4099974394008223
-0.48526610448495544,-0.3350420947252557
-0.4849864297898546,-0.33499659176427987
1.0035591870373957,-0.31883719443897895
2.0077268036997387,2.947828034432537
-0.48430078122252307,-0.33488503701675026
-0.4187001809293496,-0.395045122159659
-0.31713765962037954,-0.30768766402556597
-1.7601231336532834,0.42554774855071215
-0.2803513848419848,1.1548799028004848
-2.561212419073922,0.9882489209945226
0.6916874952338744,-0.39031260400440826
-1.3963972851269728,1.1777638771648868
-0.02620104353197578,-0.4909724341577115
-0.6326621121758645,-0.4065657931081023
-0.33417603594640255,-0.3104598010355814
-0.48539389033389113,-0.33506288543174156
1.8121221381296693,-0.2548935984795311
-0.331854458363518,-0.31008208129186926
0.9209223512279676,-0.3659363089452586
-0.4842765462826286,-0.33488109400172755
1.2334815921082896,-0.33225277947487386
0.19108541795469544,-0.3699006649329051
-0.5953544574792012,0.5054532995090719
-1.6936882533316466,-0.5316518947696361
1.3243455404725546,-0.29391946308562356
0.7562376132859605,-0.3838798045139221
-0.17032245342680322,0.7437274562764151
1.2709064663468657,-0.27295790086323407
-0.33170668948592674,-0.3100580393546177
-1.014110989187782,-0.4620357634113982
-0.4818533137775781,-0.33448683504285814
-0.4867611833179686,-0.33528534345310285
-0.03496552925031716,-0.45616894261057395
1.317483250879947,-0.31646071261263736
0.814966891616909,-0.43063395059071624
-0.12472039929773387,-0.29685686155661445
-0.3318640986204864,-0.31008364975782027
-0.4808717050144967,-0.33432712768991407
-1.7906831396006193,-0.54743292395126
-0.05905299660608244,-0.3880846424934307
-0.07151119933276823,-0.4559402902870062
0.37952931067745327,-0.36213122323986785
0.5949170840611787,-0.2984151645310661
1.0977282798286054,-0.3456973104010735
-0.26196223707570326,-0.2987106448570359
0.8098107975380792,-0.34697181413259237
-0.4846888729500731,-0.3349481793855204
-1.176547736873157,0.42417616131347413
-0.3523959465193721,-0.31342417319476173
-1.4422411579413448,0.5367867920342229
-0.048580334917320174,-0.2964462498776346
1.7132874705685261,-0.2361802399869753
-0.48398591743932085,-0.334833808805222
1.3337631837443928,-0.32840608272564886
-0.3315108751095841,-0.31002618043394553
-0.75091169170563,-0.3782625254629539
-1.265991655813794,0.9836675680086788
-2.0366314696620984,1.8134879855310975
0.5243293777541109,-0.3678342213910504
0.3356728467981379,-0.3290132648083785
-0.48305584847351846,-0.33468248695667063
-0.8099992812813221,1.273170597732323
-0.2921437888702214,-0.5331143515141216
0.9246324972019186,-0.3620068860758711
1.2696642698015908,-0.19485073357314675
0.8175096360616156,-0.34852606698795835
-0.25777704348294006,0.6248995029243769
-0.37162905751843645,-0.3165533926578164
-0.37292548974247597,-0.3167643216618758
0.6607139652320476,-0.40500159180683193
-0.1417755555328667,-0.4010709233130716
-2.26545550309089,-0.624678197501987
0.4355037727636499,-0.38774040823532496
-0.36033907405186316,-0.4598352157968641
1.3731965878280015,-0.30429884660250267
-1.2549390264174753,-0.5402627531523009
-0.3384016663433036,-0.3111473094101913
-0.0051222674341119875,-0.4522410607090404
-0.17493121661187994,-0.2845507326546806
1.1394203377383527,-0.3183644591968342
-1.0242760581144794,-0.44321420727189004
-0.48412513324443274,-0.3348564591610038
0.5001565751637268,-0.39752513398121864
0.5965906616237869,-0.30303664292710786
-2.7431423103806742,0.8591798537310776
0.5546291250022808,-0.3388090391285905
0.569671339742588,-0.37839283143207414
-0.4570702514424957,1.5835522152480483
0.5639026469606088,0.6645651176611665
0.47150190124360974,-0.36318979928327366
0.2963362518275709,0.6008601041502959
0.9932721726843767,-0.35739663134188154
-0.3303457134638006,-0.30983660910043803
0.8660226242371334,-0.3344784690433746
-1.4466682656730177,1.4111127750620094
0.3053390635581728,1.1745787991891985
-0.37914664296117695,-0.31777650080104636
-2.5964849135896437,0.8820395094378334
-1.2991996955970178,0.4514625017859273
-0.13764149319069288,0.5191977555497451
0.07033336631713161,-0.44067062289757086
-0.346148891197084,0.5721409172186286
-0.47339827103088067,4.992901921481301
0.03454828383381372,-0.28292125687231406
0.39552969651970027,-0.37153890020143004
-1.062943251736285,-0.44950534420074895
0.6058772247101138,-0.30852045887756613
-0.06017179089667125,-0.466787761426438
-1.0143231808288677,-0.44159487812035303
1.5797073888477915,6.773552584254382
1.0039923158304218,-0.40722484863794567
1.1293413979413078,-0.3067086407850751
0.8846454954974659,3.7997127766724916
-1.5096340313448395,-0.5017063465051603
-0.26475091084319186,-0.29916436096306576
-0.5699870965427145,-0.4937268584840738
-1.3918587334504535,1.5605349910157515
-0.1562184439186345,-0.40571182793355093
-0.3175369625092116,-0.3077526304457903
-0.17597054956211067,-0.28471983170977444
0.8762139924580009,-0.375872609022768
1.4353528859522975,-0.2839919470596835
-0.42425309389654237,1.1856449188182012
-0.10265849826909254,0.5114226485895113
-0.46173909155555937,-0.33121425913642205
-0.46146344055437793,-0.33116941082883683
-2.19560677742381,0.43468991600406304
-0.31723439942494214,-0.30770340355305603
-0.9226599798564221,1.7937567157713166
-0.9131129331096126,-0.4046526025314876
1.3142174774478816,-0.3011549601609392
-0.37240759901330767,-0.31668006104748386
-0.5409464661727627,-0.34410126729031215
-0.3165731136391736,-0.3075958126203375
-2.277447497023804,-0.6471046989021862
-0.3398623153280308,-0.31138495641550007
0.6814491882223026,-0.28035389688163226
1.0913510034015264,-0.33349712261036285
-0.46951445216414645,-0.3324793071959816
-0.0020833459219775133,-0.3383300884063269
0.9457179863830735,-0.2915766520386971
-0.26189497469002104,-0.29869970129380174
-0.317047001401198,-0.30767291396958374
-0.3712842675578558,-0.3164972954692042
1.745038571812226,-0.26231062836011293
-0.3338356002753716,-0.3104044122881364
0.7854476828229192,-0.35282638591947396
-0.4809433942729694,-0.33433879150357976
-2.6484705918701397,0.9535766424124488
-1.1144481848859733,1.5553117084829653
-0.25996918702588373,-0.29838637641148696
-2.5629928114291003,0.37491635528787165
-0.48214737881930514,-0.33453467930747144
-0.4852843554474162,-0.33504506414954455
-0.48197329687479684,-0.3345063562447621
-0.3480121102169421,-0.3127109247826314
-0.48167345135592543,-0.3344575714988306
-0.4826282595332162,-0.33461291840719126
1.4696219497462106,-0.33469998837722775
4.121449165496705,6.286028504942807
-1.2534650541035022,-0.4600277564188556
1.1808453795588176,-0.355425532100517
0.5607198182045677,-0.39306508169971277
-3.4072872856649496,1.5819847703019692
0.8175839179563172,-0.3795440948355124
-0.3727387681402633,-0.31673394213191597
-0.6987256894254683,-0.4952714591130643
-0.48410091600719696,-0.33485251902619656
1.9740889222357534,-0.26740697914862527
1.9927742758379203,-0.25024487531291717
-1.8515636824646664,-0.589790919025704
-2.3436095431902526,0.9086893425490816
0.37530992922017914,-0.3799897471117796
-1.7775589803682106,1.5182571239736178
-0.48395566380063637,-0.33482888655031456
-0.3303489067326162,-0.3098371286439965
-0.4682585823754629,-0.33227497768392283
0.738547621346599,-0.3429042617418678
-0.503143652674136,1.1758812887689518
-1.5414218836399778,-0.5068782173530691
-1.797697289122616,1.0287800545298347
-0.9186966361777282,-0.40556106878624565
1.2274105890015439,-0.32873214824125535
-0.17774044933922148,0.5306374407066935
-0.3790801467928048,-0.31776568190106186
0.17873913313264211,-0.3484429796689334
0.5279278804380648,-0.4024294541371891
1.0392243689147713,-0.34667513465904254
-1.014947512691405,1.1783993761374014
-0.35260954418147494,-0.31345892544891074
1.8737853187816145,-0.2789255184463925
-1.317628901666607,1.0262048046567789
0.7579382159112447,-0.28500030142233096
0.7466667155073344,-0.39569591123795633
-0.3789823917163945,-0.31774977718924846
-1.4919861784339357,-0.5807366830432275
-1.2896769024756716,0.38761194518141395
0.5285814581068378,0.5983781394021522
0.311270800363234,-0.4217120903899696
-2.120535177374054,1.4949077890821427
1.0995121317430991,0.6620825373162926
0.10319929128148683,0.5946697540882003
-0.30251323531347746,1.849262571613632
1.8377645382392707,-0.2891250087820529
1.8217591699280284,-0.2911104808250592
-2.1156890192184443,0.3862662769250618
0.04052826077592719,-0.3689263693484701
0.5528080197889721,-0.4002551859096643
1.0076712250615074,-0.2923182514447541
0.04649703202344632,0.6491928793428969
-2.76121224533275,0.9232562741829601
1.2181043779442609,-0.2969020792724688
0.5161365299887188,-0.39505017185712205
-1.2915585392318394,0.9964860411676075
-0.4303316592901789,0.5906645718285995
-0.4833453542401247,-0.33472958942904624
-2.145943532684314,1.3585143569230982
-1.2557156275846917,0.5876098299676692
1.0465116799015057,-0.32643156219210806
-0.10378980553175682,-0.33440227989893745
0.24838548994444393,-0.314109831105331
-0.25203635385252465,-0.41652651507325583
-0.17964245629928433,-0.4057667706451425
-0.3142235608879398,-0.3072135413279297
-0.87217610176918,0.49002119328165866
0.5871632550447997,-0.35386392258592625
-0.4859972260859008,-0.33516104791715734
-0.2150093460817732,-0.4608129530171386
0.22232772105519563,-0.43573029271512
-0.4836231248563585,-0.3347747825971523
-1.5317674881499272,-0.5053074510702268
-0.482159389119296,-0.3345366333784738
-0.3381244510498782,-0.3111022065928839
-0.1150153530159842,-0.2748024456240943
-0.33465670840935224,-0.31053800625295314
-0.35238194674456114,-0.3134218954370023
-0.4810330359245347,-0.3343533761644177
-1.553543551220375,-0.5088504078176852
1.1414559741141033,-0.35996661642622624
-0.46896810968121283,-0.3323904174926376
-0.37157218995395636,-0.3165441403278322
-0.0020833459219775133,-0.3383300884063269
-0.32966014386234777,-0.3097250672006253
1.0960447258319443,-0.31361258745227283
-1.6263202442757687,1.1198800949332608
0.8304135518706711,-0.33790466820868453
-0.28307153665827245,-0.3821403014796343
-0.1885356744470379,-0.4448568346674723
-0.3308667772036492,-0.3099213859623979
-0.4677546724118208,-0.33219299173448735
-0.3573788046414823,-0.31423488221724416
0.30385742347269257,0.5582739536264193
-0.48336949546785235,-0.33473351719713695
-0.909461248689774,-0.40405847493767044
-0.33158147829767837,-0.31003766754439527
-0.37136757805198095,-0.3165108500532601
-0.15991998392258397,3.6958844168025737
-0.47868166422883157,0.5084539084915783
-0.4853817173256756,-0.3350609048881762
-0.3316328390999609,-0.31004602392637365
-0.4843553187730969,-0.3348939102544044
-0.3790957912951316,-0.31776822725533
-0.22318589479758885,0.5690477769518189
-0.4841554082225773,-0.33486138488783285
-0.3726702129440137,-0.3167227882289198
-0.5413609631528531,-0.34416870578310405
-0.4823576457612768,-0.3345688896547879
-1.4180480884854179,1.4364996964108754
0.9027867183073386,3.8402654337449245
-0.9287495928144576,-0.5351255507120724
0.6939082430947712,-0.3377449008231439
-1.3963972851269728,1.1777638771648868
-0.03239352675414722,0.6394292492936475
0.6118058210397267,-0.38510345694360004
0.6907880518791047,0.5944339557936541
1.2033587679123827,-0.30355066556795857
0.024704750934298882,-0.45986424719966673
-0.9448009461069495,0.5624275083083106
-0.7399413973447683,-0.37647766296041246
1.444660273340706,-0.3051554855338636
-0.2127181627380138,-0.366466669585639
-1.7775589803682106,1.5182571239736178
-0.31695335715009765,-0.30765767808740324
1.8558299505944553,-0.3070940353174786
-0.2735508369848691,-0.30059610542485976
-1.5819859750324279,0.5140503662150351
0.08390164216283746,-0.4043355472812464
-0.9242241631380321,-0.4064603952107426
-0.15739582059186774,-0.28169773073934495
-1.4204201691924734,-0.5982962758679189
0.7943405643327907,-0.30088842092461265
-2.3760679405276712,1.9750669220108126
0.6447583041117867,-0.34000334161207924
-1.114140268197704,-0.4373596695054302
0.12439472047693599,-0.4611808129747988
-0.0725058793146848,0.5428723013294434
-0.16932185399499594,-0.33656625550070746
-0.794632036244419,-0.3853758080238922
-1.564286032044609,0.5374055486423235
0.030288578753629527,-0.41542281447580215
0.47954822474075287,-0.4090455823900658
-1.3482097263631363,0.48886860453693215
-0.9219617783404284,-0.4470431236817831
-0.17032245342680322,0.7437274562764151
1.0073031789359428,-0.3055330440196441
0.03568379963991283,0.5406449341871157
0.22066029288848252,-0.4130656877529654
-0.4841432977737189,-0.33485941452264983
0.7537583029435044,3.9135037793145164
-0.42686518669663015,0.5566529477581064
1.0126214693395728,-0.34599379321381574
-0.8268025151909753,-0.48054442682473947
-1.6131124652266706,0.39928803132874086
-0.5267850325329667,-0.34179720770408284
-0.3498128424616703,-0.3130039031982516
0.0023666397730508445,-0.4874562332620007
-0.18414176420065215,1.2164876641616769
-0.415980912565943,0.6175686448519212
-0.30753896093582533,-0.30612595959068983
-0.2758841853934684,-0.3009757402772054
0.674188650402797,-0.32382556525633
0.24838548994444393,-0.314109831105331
-0.8499903093383573,0.6536211768876887
-0.48081198029467986,-0.3343174105018999
-1.9460677986675319,0.44283705287700387
1.1040279667289177,-0.35495214234530986
0.2394942090575823,-0.3338427152281027
1.0205040094855196,-0.33761744105423896
-0.3392650595809148,-0.3112877831444475
-0.38739635309375775,-0.3191187253383397
1.1616060229745455,-0.3390199320823421
-1.2160046469850916,1.5663065284940314
1.1424060550919573,-0.3242534868908846
-0.35311096295673666,0.5636103779612422
-0.27420472600402696,-0.3007024929066107
0.9356533813203125,-0.36222566437235587
0.9543269270862705,-0.382572993927104
0.6945182568870737,-0.3582633232820152
0.06740718500634002,-0.43097388151369315
1.500883952882145,-0.30508585625482704
-0.9132211799629022,-0.4046702142512008
-0.5407701379908867,-0.344072578765682
-0.3243729514817826,-0.3564072700309131
-0.24902571064606616,-0.29660587718372966
-0.31776716544233397,-0.3077900843708893
-0.3515155493478169,-0.3132809329272573
-0.3170288738599044,-0.3076699646258694
-0.33875524947360425,-0.3112048372439982
1.0605054798656328,-0.33525953393189745
-0.33158789779781017,-0.31003871199449784
-0.707687425742657,0.6238456352044177
0.9498821564332395,-0.34162571427317695
-0.2625723435636676,-0.4721040302526458
0.0898807940593219,0.58463296709955
1.0594188490571301,-0.35853396657561964
0.4576688109718297,-0.23455512521277697
0.3078663367400944,-0.328387013787718
-0.443645321805808,1.0779753712837123
0.5788581805341709,-0.46912345133281413
-0.8253092643407973,-0.3903669807590999
0.568507397764807,0.5851339016253082
1.6183835397273094,-0.29222195800282075
-0.37260167729524696,-0.31671163750629133
0.2263173062160178,1.1799664320558263
-0.21201574967708292,-0.3110597801304492
-0.5413148726189309,-0.3441612068716789
-0.3524904663334233,-0.313439551530684
0.5327394870591553,-0.39382351221116685
-0.46412283113865194,-0.33160209261269274
0.07404058676146061,-0.45152334896357954
-1.4391309264373056,-0.5582533552508283
-0.5413148726189309,-0.3441612068716789
-0.7407459549293226,-0.4949842676315835
-0.10020449949932353,-0.4691067412012486
-0.5410154993838066,-0.34411249896612406
-0.0973711139936348,-0.45968969793858583
0.8592220793278745,-0.35441955890840976
1.5249717380094039,-0.32472769698931175
0.8390672557057032,-0.38079062844412237
0.4675282689148763,-0.3802665830620505
-1.6999598932922562,1.1283743622927136
1.1949430573924604,-0.3401864317132117
-0.37144712865130636,-0.3165237929039366
-3.1419724638328623,1.5511387239417729
-0.9005333826764677,-0.40260591470995993
-0.9087275970531127,1.0338306887221347
-2.5003041906818066,0.38511576879741916
-0.48496212562302854,-0.33499263748606306
0.3026390772529084,-0.38872598448868895
-0.4843371382146008,-0.33489095228481236
-1.7775589803682106,1.5182571239736178
0.5418851221107424,0.5754141829674917
1.3429587035743125,-0.30015026045084464
-1.437715360833681,0.4196894632875269
-0.6018193407018654,-0.44531394496218973
1.140971894332183,-0.3636419589256738
-0.415980912565943,0.6175686448519212
0.5310853645229052,0.64564754221184
1.382961510227381,-0.3229884384965435
0.25890768485977483,0.5529994095839539
0.20123354123866807,0.6306353611619624
-0.307504113217944,-0.3061202898809355
-0.2759249221490546,-0.30098236813103774
0.05271759958252977,-0.27996511647079325
-1.1870069549382931,-0.5623122392849648
0.34964211164503417,-0.3885093331795815
1.4800589758962273,3.8859489439792108
-0.5848864612717449,-0.4696259903836195
-0.4840403835867939,-0.33484267042562016
-0.6523804831412119,-0.5064683865031754
-1.5070586981331713,-0.5012873408221902
-0.1151200256974946,0.5423010212424864
0.9304359399964984,-0.3225898060940958
-0.7251283933917146,-0.41501841071722884
-0.8839980422980405,-0.399915621447319
0.22041121374383438,-0.4181667380447281
-0.31423550553504576,-0.30721548471723403
-0.54140706252654,-0.3441762061327554
-0.24602612221325526,-0.4769100278151906
-1.2617829129332685,-0.4613810687219101
0.2589110176315217,-0.21396477475345388
0.1348927888766118,-0.37506742090838824
-0.4193442230503628,-0.324316630995735
-0.5401960517658734,-0.3439791751666038
-0.4811884940263552,-0.33437866913537434
0.3556334572379612,-0.4150363332181011
1.6991087356582244,-0.25719811072612614
0.5949170840611787,-0.2984151645310661
-0.21298373406093096,-0.3891744192253853
-0.3712009859294826,-0.3164837455815946
-0.3313248387797524,-0.3099959123975279
0.3069513462160168,-0.4265977131283287
-0.17032245342680322,0.7437274562764151
1.2519020348850505,-0.36485953226614126
-0.3346404537764067,-0.31053536163067746
-0.7402048079285736,-0.37652051975698886
-0.33165531290248784,-0.31004968040505143
-0.24929222920953065,-0.2966492396473529
0.11103970827489915,0.6333654615470852
-0.3514039832717615,-0.31326278117132833
0.8520202448149071,-0.3903790796937229
-0.3523364531070302,-0.31341449364038115
-0.5410154993838066,-0.34411249896612406
0.13563255006908562,-0.3194030511057175
-0.7624485774057799,-0.5106711105342377
0.15514719576709932,-0.44065330952739584
-0.31789750956457397,-0.3078112913074181
-0.48146976985071144,-0.33442443259943927
-1.045180190960261,0.6218638612567275
-0.46777729739206253,-0.3321966728097189
-0.540892787379269,-0.34409253377209137
-0.3091357476211767,-0.3063857561454121
-0.37118963157919127,-0.3164818982333458
-0.5239732480169615,-0.47257463097610014
-0.3813356089739842,-0.31813264469537395
-0.5413379167811334,-0.3441649561476477
-0.46425100198906266,-0.3316229459587646
-0.33111331726818805,-0.3099614979322407
0.7571427693935598,-0.26679461789353653
-0.35054457069003375,-0.31312295508819143
1.725588213568086,-0.26350564326295917
-0.18803307778370282,-0.2866824002243787
-0.6016120566107342,-0.4015139614929225
1.135062505170257,-0.35281192114371474
-2.728559764664395,2.589615470095419
-2.644675579669492,0.3041448619451604
0.11481342378300197,-0.45237762489698086
-0.33875524947360425,-0.3112048372439982
-1.3970402939740556,1.008974555099447
-0.044575950077417,-0.4504256110487944
0.49530857161357417,-0.41640202967675155
-0.18469420591807081,0.6040532577924274
1.5379696060431411,-0.31358530262761203
-0.3344357395276675,-0.3105020547043279
-0.46300008309189633,-0.3314194219547745
-1.4152154235313248,-0.4863444767972931
-0.31694127667797456,-0.30765571259942304
-0.27380056914111134,-0.30063673674674535
-0.5415146621277274,-0.34419371254481057
-0.4664066804248742,-0.33197367397763566
-0.2631882555793134,-0.4100151066112932
-0.4856862276327867,-0.3351104485932876
1.1126481000574204,-0.32795827580239495
-0.27502523095516274,-0.30083598873381995
0.9759752469913313,-0.25496836264537165
-2.6161350106464942,2.0068413823291458
0.5958956960284258,0.6104763229501847
0.7098753313945362,-0.37405256921204316
-0.7912204697103975,0.5283532072336445
-1.89519084625241,-0.5644362860027711
-0.2973436299259873,-0.41691512045600754
-0.28589211864338115,-0.44091310992326926
0.9450211055687785,-0.3703738881017185
-0.5352139545692511,-0.4556165270871576
-0.33965642630745174,-0.31135145835424227
-0.3514737060005866,-0.31327412503140734
1.6762089384974557,-0.2512333196100273
0.7571427693935598,-0.26679461789353653
-0.6116305361758579,-0.3556015371942484
0.3126128302831267,-0.3176754484655975
0.6867519203519278,-0.32422422058920836
-0.48078504385312315,-0.47421924418437617
-1.4072542865229605,2.598686821484456
-1.0209993357283866,1.1090299528575915
-0.5577437987029279,-0.5158108848758429
1.7609150806207106,-0.18224409301015096
-0.5312898808975054,-0.3900725716451287
-0.35150857495073917,-0.31327979819564367
0.9206193183671155,2.83626625254288
-0.3396962620339191,-0.31135793961099745
0.18296695730742718,-0.3922389733666907
-0.33142104649020676,-0.3100115653535195
0.09828175278404733,-0.28764151878013555
-1.7515095757710788,0.36946743133436477
-1.7339545488169266,1.4354170527880057
-0.3718414820487206,-0.31658795404388795
-0.5819251637403722,-0.43926172947327163
-0.3298034734588533,-0.3097483868686207
0.44950948731548795,-0.38968885019279476
0.7667917048008522,-0.36379311245017565
-0.9846088638908712,-0.46921312575825097
-0.48379840623399706,-0.3348033008071519
1.0565987839236874,-0.28998390624767156
0.22607127709149774,-0.3743036754304826
0.5949170840611787,-0.2984151645310661
-0.4935845202484759,-0.3363954976412091
0.46553825731587445,1.1692670185036405
0.7012565482616893,-0.3379420395377398
-0.23375884844477268,-0.47051167044512276
0.4658987676800202,-0.33039147050721596
0.7328418043486724,-0.35053103995695234
0.22520042420085748,-0.4198607808771104
0.8383203820113388,-0.3186333965315184
-0.4688203553859577,-0.3323663779279262
-0.331071675874164,-0.30995472289409653
0.8685114728852754,-0.3805420613103205
-0.22639429626140958,0.5359663743172349
-3.35309466907456,0.8184591782338024
-0.481439831240264,-0.3344195615995
0.6477991539559506,-0.3815164712092983
-0.4949300759398789,-0.4870826320298282
0.5478913797817428,0.5923408242734213
0.7643989253156686,-0.3518129060560804
-2.2136617001902215,0.9258873178825919
-0.48371981601617475,-0.33479051421016165
-0.3711404355916199,-0.3164738940658547
1.1141985072002913,-0.27725472632051795
-0.37123126681940544,-0.31648867227026756
0.3193421229476606,-0.38992941393426295
0.9414189848391658,-0.31627394578394785
-0.467308264879048,-0.33212036140754364
-0.4844219925885145,-0.33490475805749204
-0.29889672707664505,0.5304749639010463
0.6557780198911409,-0.3475859841743049
-0.2494244591640431,-0.2966707534080378
-0.4640894065018445,-0.3315966544376597
-0.3873153930964732,-0.31910555317917916
-0.17032245342680322,0.7437274562764151
1.8266519507217336,-0.25669197550304523
-1.9219800327423295,0.3661116888609998
-0.35017300879370405,-0.4793011394909199
-0.2557921062006107,-0.4897089859161297
-1.0379975310119853,-0.42497127663527
0.41524088830403866,-0.3993400450532625
-0.35268312174565153,-0.3134708964891588
-1.3247530364623374,-0.4716262826214038
-0.4863081379807757,1.1052843670925918
-0.406007122696199,-0.4440612935532871
0.006319690805763495,-0.45821503164643995
0.3403948096669348,-0.40245793543981534
1.809867116290809,-0.2264889431159107
-0.46782821138552155,-0.33220495649608045
-1.5053570122031563,-0.5010104772023386
0.032223839815869425,-0.4100386311414036
-0.3172767353358692,-0.30771029158882235
-0.35755396314076326,-0.3142633804349842
-0.09676082891552545,-0.4741835981810047
-1.5545610278432114,1.4316863488957636
-0.5114846692613547,-0.4565893575241801
-0.4800899726202331,-0.490114236988275
-0.26216654183704874,-0.29874388515995043
-0.3523749471629223,-0.31342075660787067
0.14875415607551876,0.567606647290483
-2.2843369132041804,-0.6752926222865018
-0.3184400861285747,0.5149324401273272
0.004622728384796155,-0.39498332990569274
-0.6398472287371366,-0.36019238178252533
0.8385049684828493,-0.26787436688261784
-0.23196723381596218,-0.29383046982974387
-0.5412227180568259,-0.34414621336130186
-1.513142862982781,0.5457265217827767
0.8731620729360168,-0.3265927096159352
0.9805540613553504,-0.3850121767197247
0.7571427693935598,-0.26679461789353653
-0.4692581994949726,-0.3324376149892514
0.7690383839371432,-0.316266604895274
0.36186141363775653,-0.3515821450818331
-1.6247724984069247,-0.5204393290213265
0.33718668606085894,-0.39698107773551994
-1.4133885900632424,-0.554065087424051
0.7529792663424539,-0.37779103003594
1.1692241150772948,-0.3184064856746252
-0.6671357653635029,-0.3646322157716111
-1.874008428642317,1.5350175924484555
1.4236567315749455,-0.25536818270630784
0.23768996842026707,-0.43584906191592976
-0.17136467216026424,-0.35973847321702046
0.1475806228540726,-0.3633130849203645
-1.684071142126131,1.759065315605955
-0.7385259371854442,1.1218149887177757
0.07612708447773767,-0.24370364753312695
-0.24498977529243476,-0.46281863589225286
-0.4808298961524471,-0.33432032540478923
-0.47934864949023576,1.1359588906386002
-0.3705508677983579,-0.31637797162181763
-0.415980912565943,0.6175686448519212
-0.4861131912123753,-0.3351799153968291
-0.3953605371284766,1.0934297322300752
-0.3712842675578558,-0.3164972954692042
0.7409874059200511,-0.35128499351072917
-0.48352043309992176,-0.3347580746894741
-1.426067145680876,-0.5085854564346405
-0.4097221992534791,-0.3227511315744168
0.9186898981267733,-0.3468051862322958
1.161990776814816,-0.3374280744453952
0.6552631966546726,-0.41633957411267597
-0.3729712396015106,-0.31677176514563304
0.13270245528208421,-0.3958991960938517
0.7739773247452681,-0.3223871843083353
-1.250556836855184,-0.5768361034379912
0.08017396602891819,-0.453855299224059
-0.48543650071820155,-0.33506981812421754
-0.3167541069588039,-0.3076252601610135
-0.4841432977737189,-0.33485941452264983
-1.0669332509915508,-0.4976969423977428
1.3336827267307847,-0.3236503648216934
-0.4018037951029214,-0.32146281038782026
-0.37290261807800695,-0.31676060045121923
-0.03327210502614914,-0.4460114136068277
1.1982916965853136,-0.3028223222224684
-1.2667373623867437,-0.5759196330423944
1.8733520371812704,-0.27047937319956794
-0.17032245342680322,0.7437274562764151
0.8894900110628267,-0.3213457269408453
-0.19185924259430465,-0.450992570308498
-0.48291816087937456,-0.5140564283251873
-0.3489901453499865,-0.3128700507073985
-1.7201952710598833,-0.5684173310596999
-0.8855187816542818,1.1874800325569603
-0.5504995289430404,-0.48079146017685626
0.31003189792675645,-0.26707365434481806
1.0812066522513935,-0.3280711268600291
-1.6247724984069247,-0.5204393290213265
-0.372008518837901,-0.3166151308626447
-0.5412995110714299,-0.34415870755404776
-0.7258645709994188,-0.3741873689471324
0.491353398511067,-0.4050724311269462
-1.4807966020149492,-0.49701450829302996
0.029579918129079143,-0.4283370991141167
-0.22384118389233015,-0.47846907903730684
1.7236885514005877,2.9441953443237168
0.17407391692243954,-0.43986535490094497
-1.5364315525196663,-0.5768995690360571
-0.46886012645448305,-0.33237284866486017
-0.35258852615648195,-0.31345550582465515
1.3567676246372107,2.8833407004797156
-0.5040555988164179,0.6894292070711544
1.0017962878923286,-0.3712312497942536
-0.3572966313844288,-0.31422151266120474
0.8894900110628267,-0.3213457269408453
-0.9876722720528512,-0.41678337714122304
0.16764194064379334,-0.4429333653876559
1.1974315919586433,-0.3193180127245739
-1.3228165666677156,0.48281355255919495
-1.7010842729444815,-0.5533306329871246
-0.2696121213657871,0.55029264756921
0.6128220706882552,-0.3894253325878079
0.8045967855491997,-0.38897103357991686
0.16469454098298758,-0.3177870022887757
0.20184657251429625,0.6116615548329953
0.25059168799391124,1.1799217751658442
0.9075821644739719,-0.2967430102263281
0.9683440964453438,-0.3393543569429619
-0.37161768292914044,-0.3165515420166897
-0.4856618526065347,-0.33510648278627053
-0.4810031516592671,-0.33434851400641735
-0.46717281143299083,-0.3320983231860744
-0.04593962952819775,-0.3732619204421331
0.19144942558868613,-0.4379466725725906
-0.9641205565216133,0.6350522313423498
-0.09188798183185304,-0.46365728462085376
-0.3513656443899478,-0.3132565434505993
-0.8052636617819229,-0.5196988584334903
-0.4836533366657053,-0.3347796980464432
-0.3353534390447672,-0.3106513640485252
0.8552519080580768,-0.34920808298788913
1.024609024506727,-0.31831195416977576
-1.6247724984069247,-0.5204393290213265
0.47534966035032994,-0.3703049322322555
-0.36932679570427995,-0.4631903892473055
-0.46886012645448305,-0.33237284866486017
-0.31466890024172267,-0.30728599786257926
-3.070880718868924,0.86437527499901
-1.1943943357511273,0.5975867796101154
-1.4132621763639852,1.0017258447952664
0.9787908074818495,-0.3580235173896757
-1.5701638294270819,-0.5115545204309978
-1.1080569072776991,-0.4363699091181173
0.7707712488123344,-0.3733866785864046
-0.37029231720945055,-0.49295082017641056
3.042377397949599,8.148477239495266
-0.5774652091796556,-0.5058060501090652
-0.3498440081792533,-0.31300897384803084
-0.5411920077193301,-0.3441412168016806
2.8403660799226502,5.8605186759109795
-2.525343020712997,0.3102086846118186
-0.3575325083020574,-0.3142598897413123
-0.4835929168439438,-0.33476986776562073
1.2246979891053478,-0.31512296174935256
-0.3526901303075236,-0.3134720367793708
-2.45297607858191,-0.6551877200944715
-1.2195551012110315,-0.4545106206529596
0.11734506631150739,-0.43434841378086914
-0.2081018444690061,1.1161923802543734
-0.31697449943739764,-0.30766111792908646
-1.2836918457021056,-0.4973983984290902
1.075863482322208,-0.2975660608867368
0.08308641888258314,-0.4496010027505176
0.7927364331595176,-0.3602969226950411
-0.17032245342680322,0.7437274562764151
0.13961748536606122,-0.3133689667432811
0.9176123303342897,-0.3041822906361434
0.511480701937414,-0.42081883720249824
-0.2703266682256885,-0.3410223520302278
-0.06155722488556293,-0.3623482542730905
0.40294676642515764,-0.38907959014890353
0.3087428131397938,-0.46543414484792967
2.517360884062015,2.9575134009235433
-1.3173487953727232,0.4922012192201686
-1.868777612822038,0.3394606116078513
1.053353321453349,-0.300423399843592
-0.6982039405174653,-0.45506791444870837
1.3692764126448416,-0.3144131403957122
-1.1881052308606952,1.5287800941253598
1.0331716735993537,-0.35204667884393825
1.0598609409711681,-0.3324215816614048
0.7460093120376433,-0.32338102785948897
-0.3342733919093629,-0.3104756408117962
-0.557384698928736,1.5784699083768394
0.9327163819304949,-0.2952533199057379
0.6124823226205334,-0.3458425064203771
-0.3290224448209238,-0.367103053458677
-1.6656872171824566,-0.5270961373933071
0.03360659134518528,-0.40162866192112345
0.8888130455629598,-0.3569677203588047
1.4411795819424722,-0.3061509871819143
-0.2625226874273882,-0.2988018299049803
0.2632272490579479,-0.24571528074056004
1.6008533281545518,2.9722762136777803
-0.816559068579884,0.5453279490039287
-0.019715092711123733,0.5467245003895288
0.2435733018438846,-0.34938356090132655
-0.7249848355321846,1.0573225482772037
-0.4673195561125749,-0.3321221984867201
0.7232742733586016,-0.4000073261507648
1.2063179489072804,-0.3458491039847274
1.6904484615306743,-0.27581276320352127
-2.2343761152201647,0.4283821602588798
-0.3714281856442375,-0.3165207108842669
-1.1210276622798774,-0.47093300087944295
0.2304773961689354,-0.37198966830020375
-2.862732967396725,-0.7218550019326736
-1.1583943409954878,0.6034439643507793
0.8086167614239471,-0.39640955091670294
1.5352116315593112,-0.26523620137666243
-2.695689193801137,0.3533267069769082
-0.5410231709646015,-0.34411374712924947
-0.33531757650771754,-0.3106455292280983
0.766032881786437,-0.3199236072694394
-0.5412227180568259,-0.34414621336130186
0.04511936816853964,-0.46892509927368675
-2.7931476523134506,0.33747025477680004
-0.35184706653123654,-0.3133348706403368
-0.46680634121156706,-0.33203869862769875
0.9482494630312207,-0.3483885914177653
0.5948636663045263,-0.39410932468828785
0.2257173767608945,-0.4268455959270076
1.8509175783154548,-0.2903837565383785
-0.48378631375858716,-0.3348013333662418
-0.338821397514219,-0.31121559950373584
-0.37200472125783857,-0.3166145129978882
-0.5412687909213845,-0.3441537093979286
-0.8798788962254047,-0.39924543802965534
-0.31654899149063276,-0.30759188795642284
-0.4687805908969883,-0.3323599082614834
-0.6505779164987093,0.6023730208313124
-1.0491857024198388,-0.5429368153318803
1.4210646908192883,-0.30821392574573125
-1.700964108136794,0.9758136662897386
0.48584307548694483,-0.27440128509042333
-2.368886560041944,0.4064973647132746
0.8520511083741692,-0.3877580516506884
1.227524206607192,-0.31698117082061766
0.2612917658250769,0.6371496309867823
0.06638538655284168,-0.3577365550279467
-1.4200564780554015,1.173914535943105
-0.4810748801389598,-0.3343601842013599
-1.7120012371895006,-0.5346314099150222
0.9469836029635172,-0.38552375896491303
-0.14819596336044188,-0.4165305195431851
-0.33393605970051654,-0.31042075699640675
-0.44100327410058215,-0.32784054993432676
-0.33840827060580325,-0.31114838392105715
-0.31108191527483897,-0.30670239684386713
-0.48477992266276737,-0.3349629931373405
-1.7526528803574326,-0.573698171103885
0.8332068014632333,-0.36510743547147884
-0.5412995110714299,-0.34415870755404776
-0.31586853905942947,-0.307481178618162
-1.6247724984069247,-0.5204393290213265
0.4355860080584076,-0.4039585056718111
-1.1881052308606952,1.5287800941253598
-0.15122997229767626,-0.4359997575190486
-1.014947512691405,1.1783993761374014
1.9926933038713066,2.9308127478953314
-0.3190515721779682,-0.3284744656189346
1.0317734373033616,-0.33507108245818507
0.8071826511569326,2.8680156218314488
0.9087537229128987,-0.38370474248765946
0.14422064383195163,-0.4153640370260795
1.615580593810424,-0.29196664493370145
-1.008364188916899,0.48145981506719704
1.6864828557653049,2.948423028778002
-3.682118431071976,2.288842572393866
-0.4402099837840211,-0.4625412809609229
0.24106074841092104,-0.4457184832220544
0.8437499919595974,-0.36420486394376855
-0.1770777018151227,0.5543116085807619
0.3609631736393518,-0.4250390728278438
0.8493192733315958,-0.39053871814983554
-0.3456845378355827,0.47115251826830024
-0.8675180978086882,0.650769412717642
-1.554259536092978,-0.6122529299421942
-0.42494411921551734,-0.372770158775737
-1.4155069482895193,-0.4863919077587922
0.20411152895049628,-0.40437846450101556
0.29546930673107236,-0.39851546982196806
1.2152698414056597,-0.31736426790571054
1.5097113383686125,-0.2970236915060799
0.869712910478646,-0.30914155179134983
-1.3469182398986552,1.7830767712673101
-1.2315910163759607,-0.5093970231329958
-0.48350835460073993,-0.3347561095224907
-0.6391851832057777,-0.3805600760256405
-1.82962867477063,0.383129417818342
0.4520753973911958,-0.3982510774757719
0.9288392391453281,-0.30380045257065097
-0.28534347200692123,-0.3349675175368658
-0.541238074697111,-0.344148711880531
0.5652306666506329,-0.36057440872990093
0.702473426526408,-0.39930116978057734
-0.46714460157043114,-0.33209373345272464
-0.3168808834230513,-0.3076458866410145
-0.06795902489033856,-0.46828385976482717
0.7524676931596469,-0.3813619743098347
0.4232899390469634,3.742912375968776
0.03079033051007682,0.6339395410324624
-0.3171588181258813,-0.3076911065059441
0.570711128237888,-0.331723448045419
1.1300794842200892,-0.34586493542703933
1.5206158148162845,-0.31947129414091446
-2.2577436534888684,1.3991804522395903
-0.7106105590610691,-0.48605993756645743
0.3020644211395445,0.606079317110193
1.5576260144225116,-0.28774638341223213
1.4315433918820397,-0.3203549877739107
-0.357910713871221,-0.5173531073917605
0.5326939412910994,-0.3645793343341368
0.5854575241716388,-0.40307042382660124
-3.0864694548483547,0.9027898114655588
1.6540825385684954,-0.26145212351593433
0.9876366170315012,-0.34851165131122036
-0.7896597060983829,1.1791215731364295
1.2205791704891473,-0.3440074477315234
-0.22966059069929834,-0.3139305887038468
0.5421786029966487,-0.3011270075237305
-0.5690646460769311,0.6993276698826059
-0.9625431213057873,-0.4835281509298679
0.3748751855212871,-0.3918493138055597
-1.6321977242489218,-0.554100165407439
1.1636834247551044,-0.29458248870024284
-0.3651141103914938,-0.42590331690334754
-0.3159737928808649,-0.3074983033727902
-1.6838470011694087,0.4650248629112001
-0.5415915484867946,-0.34420622192466327
-1.1000937602122434,-0.5150694903049713
-0.42168636605599974,-0.43714563386626315
0.6346236113914612,-0.30330469911328883
0.996194125244815,-0.36747101818721056
-1.04683105372867,-0.4264084872463735
-1.0072376337906879,-0.5310716427008539
-1.5466358145228676,1.0109301163187445
-0.5434930830951565,0.5820538815569885
-0.4647699560596722,-0.3317073795783835
-0.3283124623919021,0.6094254661095122
1.445469515390534,-0.2197096419927218
0.951101628160352,-0.29760166481563877
1.3189162752006467,-0.2853392340686673
-0.015444683684374825,-0.40002374595513945
-0.5407164985569934,-0.3440638516512524
-0.7632543231251141,0.5764244017901137
-0.3329249386855097,0.5592495173518649
0.922278840831396,-0.34694262251792524
-0.46881467434189683,-0.3323654536243309
-0.14735819062419775,-0.3276070392751882
-0.24046604181846973,0.5167007480781405
-0.1229715874301398,-0.42763295361423476
-0.34442353077886856,-0.31212706434409476
-0.4294485757066785,-0.3908661153553979
1.064339090302416,-0.36516588975570774
-1.0393325659072241,0.48450618460165196
-1.3353034360423897,-0.4938182371972737
-0.4690249624497421,-0.33239966741532656
-0.35276373254793725,-0.31348401183443275
1.0231917516477225,-0.3248245387061459
-0.3872870635385798,-0.3191009439714465
-0.06921716578011194,-0.4165226874904648
-2.8977810671160475,0.2999710312733199
-0.6618545195815196,-0.4588578130259442
-0.46860457005017986,-0.33233126974014576
0.744501190810178,-0.37647987275324996
-0.4862414283203801,-0.335200779522985
0.43939820741745755,-0.39138785609203025
-0.17810367922629255,-0.37768867127221073
1.4686701010551422,-0.3243469128054712
0.43611126872396067,-0.36197278444879466
0.19678400291594417,-0.3916614836960011
-2.0465555771235477,2.3055128024819838
1.2124992364055094,-0.3429594186305501
0.8624291723211256,-0.34695215826682096
1.1739768432414155,-0.351171704127384
-0.7957411965811154,0.6049657461875796
-3.142213107792925,1.2757530347476365
-0.3343285777972569,-0.3104846195336729
0.07991228280202459,-0.24308779728048416
-0.30262072705873755,-0.4704822383870779
-1.0428772809166353,-0.5208500638217037
0.5320995102563754,-0.3688045837581895
-0.30335864454941674,-0.3054458237874538
0.21532285132824408,-0.40947379896194946
-0.6382697987763515,-0.427953570260117
-0.2479492097753814,0.6781694501832147
-1.50449235169422,-0.5213452060696822
-0.31445359967590336,-0.30725096854667705
1.314334724898063,-0.2813988940309394
0.03079033051007682,0.6339395410324624
-0.4669077693452459,-0.3320552009444599
1.5278168271894361,-0.28985229991916756
-0.9058874459048087,1.4797435414612363
0.3475114273383124,-0.35721917461123515
-0.46711075410506364,-0.33208822648365405
-0.16288750560723858,-0.3799494910326364
4.103883778423931,11.937366401435169
0.659000870765772,-0.3075177317012025
-3.3182443325503157,1.5461141553683484
-0.33394902526589254,-0.31042286648870504
1.0498780385181783,-0.3286782556290904
-0.17032245342680322,0.7437274562764151
-0.33855361030928977,-0.311172030632654
-0.3172071874193154,-0.30769897617062997
-0.48326691199118477,-0.33471682690653387
1.892620267311718,4.5350213620959
-0.6110456969046305,0.651546552140176
1.7460773267536451,-0.24878321793490174
0.870878376522674,-0.37667082414133074
-0.2859304717449038,-0.38260544907417227
-0.24912362756946238,-0.29662180822798295
-0.16218865573238728,-0.38485456702945026
-0.26266481163176997,-0.2988249534561595
0.28307991061189036,-0.4125085659395346
-0.35069743966417266,-0.31314782680911046
-1.7046575600798257,1.0092343503121133
0.10824397672941584,-0.4325392168975911
-0.47038204219962354,-0.33262046374757115
0.7947824233168427,-0.32585717023716
0.6457450491122503,-0.3552572487591727
0.7159254889631521,-0.3797078134785343
0.38740688340265483,-0.3993307134317738
-0.935055410698316,1.025305619284441
-0.8329293037795764,-0.4120821669126237
1.110748384867914,-0.33484878991246747
-1.2116819978467126,-0.4532296698861561
-0.769703563433281,1.095913218679862
-0.32549964689853605,-0.3090481560095147
-0.5687977304550594,-0.4690821780224446
-0.42738014957899956,0.5000740014116901
-1.9955699529383957,-0.6012433352781203
1.4106569812675285,-0.31755326124919964
0.34096554666865314,0.6411444685596883
-0.2255635484336488,-0.505487493175499
0.31374153890368156,-0.44466836593829784
-0.7911647905962553,-0.4556449651037071
-0.3386163978142306,-0.31118224613458223
-0.31666057672667747,-0.30761004282967436
0.45008022904129225,-0.3994387997173644
-2.346187061321142,-0.6907413536188907
-0.33530779674436884,-0.310643938064515
-2.862732967396725,-0.7218550019326736
0.791126176095891,-0.3780209918345954
1.1267730290109939,-0.31447489732354494
-0.46837763668079213,-0.3322943477717581
-2.6424046930625416,0.9340881529349235
-0.9293956052014789,0.4601706230794579
-0.3164585549880732,-0.30757717397364626
-0.4682925918744465,-0.3322805110157979
-0.5409387970397064,-0.34410001952543284
-0.5412687909213845,-0.3441537093979286
-0.5411459495688955,-0.34413372315903595
0.6474540405137653,-0.38689862134762465
0.3265684041236659,-0.3024260917960877
-1.242044327307947,-0.5195958350978505
-0.4687521917176759,-0.3323552877263738
-0.23873983951711408,-0.294932370067135
-0.4185885137779028,0.5373628773096275
-0.6303744732522174,0.4550006345759639
-0.314941292429776,-0.30733031596257265
1.0630072995279423,-0.34714977772861927
1.2794891699732638,-0.32057342564489505
-0.34752904868046697,-0.4746519747027281
-1.6984391310806368,-0.5648776157912074
-0.4665585858102099,-0.33199838892304195
1.2033631222594208,-0.30354995711743793
-2.207114055827848,1.3227287780367933
-0.9441645214375204,0.4906825654789008
-0.35047511691979916,-0.31311165498756754
-0.38856039766233985,-0.39726526334687484
-0.31727068689203697,-0.30770930750943126
-1.5607851814139189,-0.595409537164365
0.8265000061012412,-0.32027422530745314
0.01785322499362615,-0.3240180577110922
-0.16618364046280837,-0.303602914301872
-0.4739420890316616,-0.3331996819425237
0.9672560390426881,-0.323231465537509
-0.01565463440310411,-0.3710844336076132
0.9978505531927153,-0.34836504014056374
-0.3519937779093417,-0.3133587405228452
-1.9746816624531902,0.4706343438024201
1.5278061642678291,-0.2922979877350309
0.6992204510621072,-0.38145071803034547
-0.4693321999866743,-0.33244965483963856
-0.35184008250829124,-0.31333373434259837
-0.48367750884761573,-0.33478363085076707
-3.734349289066248,2.078451867866315
-0.24914412685832077,-0.29662514345407703
0.05455906107025041,0.7327731617796591
1.7866142805750682,-0.26641223412655796
0.7968272988160632,-0.30183946917779686
1.4102707210892114,-0.321898981037841
-1.5954200881543303,-0.6140962608283301
-0.3159587537985096,-0.3074958565201092
0.6359921809267971,-0.38501762881107976
1.351094345215292,-0.3281777412379525
0.7278097383973378,-0.3556309036596553
1.4342632690700108,-0.2698966961765896
0.444178992118329,-0.3852189013037787
0.9087109904067833,-0.3048427611761062
-1.0374522858624857,-0.42488256546763664
0.18460681293158396,-0.36267467559574923
0.820172670627573,-0.3620498848363858
0.40351964959415404,-0.4005575951620791
0.9775600074295911,-0.3405066741319394
1.058411707834361,-0.2610201521996658
-0.4660020681151713,-0.33190784371676024
-0.4980201947280725,1.1425586883751333
1.153326472086702,4.455685920689535
0.7306674409538702,-0.31449061292733305
-0.24921702738090024,-0.2966370043399282
-0.3518296068543516,-0.31333202995789444
-1.6938810154672999,1.0764352293831547
0.6563679746147331,-0.3342052881283951
-0.2915804756927959,-0.4870484800446559
-1.2299757226898,-0.45620605159754646
-0.2773397074414381,-0.30121255313195544
0.4268098344749425,-0.38107921789032756
-0.8800674648545843,-0.3992761180701636
-0.07995748947781262,1.1419109276581054
-0.46876355098675493,-0.33235713587490734
-2.1089528722347164,1.6762217469354324
-0.5334403629922544,-0.5084741350238485
0.8149239065884317,-0.3558262072033242
-0.5410154993838066,-0.34411249896612406
-0.35056889486874143,-0.421347683652695
-1.7555663964379313,-0.5741721990042836
-2.5295202968677106,-0.6676414337789547
-2.0930284114507085,-0.6170997874782285
0.25693083257880334,-0.2552377676413972
-0.07780652535110866,-0.4554626304135461
1.128606897137186,-0.3450726370326343
-0.6728735051385213,0.46236436774678125
-0.383631266073003,-0.47021645546045354
-0.5415838587440548,-0.34420497080659673
-0.25800257488813394,-0.37146998208889076
-0.2387921964896207,-0.29494088852561023
1.892620267311718,4.5350213620959
-1.3660215709760868,0.36590647463271003
1.3302267244619816,-0.3185393606348221
-1.6617828433476187,1.4312375273386546
1.1247174674043876,-0.3197681986420174
0.6295505474957179,-0.394167955709887
-1.7273251063145572,-0.5780754148618075
-0.4683379453598713,-0.33228789000972747
-0.11397720279827622,-0.4140169137805618
-0.3663849476346561,-0.4380874279410873
-0.7782468514923984,-0.49942877851125206
0.014823203560181016,-0.3012201913413418
0.7097104625104869,3.8741143408340144
-0.8864823571467111,-0.5528864119456275
0.04001325658558399,-0.42604431911481316
2.5764914585599206,2.9646743293190014
2.106733659630024,-0.24976974277597985
0.7175447407133531,-0.3833659524981967
0.04225253422860014,-0.31064124966153156
0.627299922234149,-0.405830039440525
-0.3165821600690355,-0.30759728447085594
-1.1386364200435137,-0.4942733475072464
0.19597907014579607,-0.42321223668617447
-0.31716184092157373,-0.30769159831359366
-1.9953888279650631,1.3719411885483461
0.4664000662146204,-0.3646002335988684
-0.3511984189774946,-0.3132293359429116
-2.5397138112994937,1.7640894449775704
-1.248499000369469,0.5887839723277161
-0.8302158166498759,-0.39116527485633734
1.0872570594574453,-0.33783103008884724
0.37137577455240617,-0.3203100939523468
-0.4694233088015499,-0.33246447820735986
0.03079033051007682,0.6339395410324624
0.6184051776066758,-0.4034890394610163
-0.4685818670693451,-0.332327575974249
-0.24924209204294434,-0.29664108235041264
0.8213936427855415,-0.36867581140393707
1.512918976109684,-0.29011207199270217
0.431454882370999,-0.3879285228093483
-1.2950121254177624,1.1618064469654221
-0.31600989051814743,-0.30750417644393097
-0.46867836955094666,-0.3323432768893883
-0.2479492097753814,0.6781694501832147
0.16434445958520325,0.584184809275187
-0.12975036332013506,-0.4806866769197489
-0.32437876980821534,-0.30886578975545964
0.9177937338229707,3.8123720771797895
0.8157183061819419,-0.3244119355074696
0.4802190557697311,-0.37938749892657125
0.613817909805878,-0.3796674356165777
1.4884058892174445,-0.28884007695214553
1.104896542359859,-0.3717565392758512
-1.0089535116051211,-0.42024582630028684
1.2368773734533396,-0.3387070849735692
-0.24930590479747639,-0.2966514646600391
-0.3034242981559192,-0.3054565056029592
-1.098898388291933,-0.43487982174408774
-0.3153459602443024,-0.3073961552540606
0.4139034978221228,-0.3259418025254245
-0.4485137885002478,-0.4613220105393771
-2.5928771162733697,0.8904753072117139
0.1485282345234954,-0.3766050740873003
-0.7980943761530532,-0.3859391293415062
-0.3517981826316038,-0.3133269172494284
-0.8075989061829802,1.0728837058773877
-1.716041032008816,-0.5352886829155246
-0.9274500033048048,-0.4479360556872702
2.1007738972039367,-0.25526937628564494
1.008335642731705,-0.3449976356160736
1.4361189718557195,-0.28433780067643527
0.4757806053953734,-0.40174050830184654
1.0496413790345636,-0.3746638726830442
1.2082910293828693,-0.28311495402595577
0.7486546508358033,-0.3233458190686696
-0.3173432782653173,-0.3077211180968151
-0.26511821209196035,-0.29922412072925786
-1.9797660883001202,0.9889710248632989
0.15609541029777524,-0.45460989031247995
-0.8472638812547038,-0.4852476734908619
-0.6167760075039914,0.644022623556191
-0.46838330740457657,-0.33229527039624857
-2.5616161873104386,-0.672863422310209
-1.1344784058780282,-0.4816194939396031
-0.15819027052468915,-0.4258391985478008
-2.18944711667433,1.3354865481372091
0.2567771960310741,-0.37546088160342056
1.3440325749239515,2.8621394182443565
-0.46580562732296593,-0.3318758828784779
-0.3714016679421692,-0.316516396464752
-0.2386874939468009,-0.29492385346379213
-0.5414147466151473,-0.34417745633089686
-0.45667922380283277,-0.33039102067785525
-1.6443603379985197,-0.5236262626844346
2.0594200912659972,-0.2535621805721329
1.5866202080220224,-0.29283548396243686
0.25542944391359174,-0.4297838838426112
-0.3032330962918396,-0.3054253971361865
-0.6742806458332602,-0.36579468496488154
0.7393720291429848,-0.3404324326189201
-0.4695942309669493,-0.3324922871752726
-1.232477247448493,-0.5749887521488763
1.3208616885916216,-0.3234151083281806
0.17838744820533248,-0.4325888043684884
-0.46493200988324823,-0.3317337456706304
-0.35056889486874143,-0.421347683652695
-1.248499000369469,0.5887839723277161
-0.46933789327595965,-0.332450581135527
-0.3172555664483073,-0.30770684741928717
0.6155740406283553,-0.2378374787818719
-1.7609415352372273,1.6992858779636115
-0.67639761845658,-0.47435988659391065
0.4772779183869452,-0.39712129461104917
0.25360557635347275,-0.42884188005546336
-0.8971864169244952,-0.480018513144507
-0.9192948466627702,-0.5174424915243385
-0.3517702534376941,-0.3133223731807557
-0.28307153665827245,-0.3821403014796343
-0.17586768355613133,3.753928184908178
-1.605703031268473,0.5306670194423964
-2.1961338875773087,0.4346041553930219
-0.3023873564984454,-0.30528779561024005
-0.10350135022335955,-0.4627661175191804
0.16371808198979762,-0.4342643537457755
-0.35209513091052147,-0.3133752306155788
1.119318544706614,-0.3151881818670151
0.2351395349973741,2.790786753885874
-2.321607667177126,-0.6338141321284673
0.42672581886174626,-0.39931615199726966
-0.9423609612493012,0.42411833596020554
-0.45982708498180014,-0.330903176431997
0.7174670720466851,-0.34584846247014434
-0.3508330184910933,-0.313169885429996
-0.24922158439777675,-0.2966377457647504
-0.5225153776593369,-0.39403070046382777
0.5673782093989985,-0.41815641817333904
-0.46980520250063207,-0.33252661215937857
-0.348270007681974,-0.3127528845969895
0.8378163370477699,-0.2967635999185624
-0.54146085630618,-0.34418495835917623
-0.07824175791940649,0.5546849960351732
0.6479845497297152,-0.3110442917930854
-0.4524046981130935,0.5036890685549801
-0.8855337272469194,1.0710920157541821
-0.11768438120495028,-0.275236695442377
1.373104386175331,-0.341695190513649
-2.445431788373179,1.0070863832777244
0.7016345392335663,-0.3068690357076694
-0.27007638436993076,-0.48184391026113627
-0.6339673997302331,-0.4531147174274028
-2.388622552155819,0.4032863266940776
0.5075218722439337,-0.3791509772762778
1.4645498222890174,-0.31118755706913004
0.8651135726789031,-0.2854524996065853
1.2801028899805216,-0.3112206973977309
-0.9021106874287677,-0.47088037726294385
2.9111874122760177,8.171562782764118
-0.8500182450438778,-0.49941128858346495
0.5881439930024106,-0.40545467550328657
0.8828831045502225,-0.33664694394616995
0.13701396298794816,-0.43866662956990676
-0.4473665422487597,-0.3288758511156532
-0.4657831871657627,-0.3318722318738808
-4.146431679440712,1.95847806395585
-0.8414662110720421,-0.45442193588517754
-1.4313000963826885,1.0437701875444105
-1.6633502489222325,0.4803370226264794
-0.35723204373321266,1.1240090809887286
-0.24916690589658386,-0.29662884959448693
-0.11174463905266849,0.5290708031313781
0.5643100231410808,-0.37924470805598637
-0.35175629005762077,-0.31332010134440547
-0.43917338460602484,-0.3275428276458272
-0.30341287884913304,-0.30545464768631475
1.4385266585826504,-0.3079266838647004
-2.575010104986195,1.7258939970062595
1.0225877265462013,-0.3615846661042781
0.6638699164297571,-0.3197378965014428
1.8236993204470646,-0.2858343190731641
0.8056132827177268,-0.3378034824638705
0.7237764094812539,-0.3009575928108262
0.46217951362404086,-0.32987469337398384
1.8883946037858041,-0.2694098497710537
1.3735393273205911,-0.28449920927756617
-0.28307153665827245,-0.3821403014796343
0.241811607405099,-0.40470923319227375
0.9760214792057805,-0.3323029820745399
0.7596535206577582,-0.3298079983168539
-0.554842529723553,-0.4939786560550991
-0.5418679447469229,0.5516967556991149
-2.0466035970969148,1.4045593836774268
-0.26511821209196035,-0.29922412072925786
-0.7772693205854091,-0.40302630992032756
-0.46013921874976915,-0.33095396047113934
-0.4589040111060315,-0.330752992681795
-0.46826991834045495,-0.33227682204089076
1.5696937850407455,-0.31394675685344375
-3.653929359832857,0.8104643120043928
0.8816634556180691,-0.3690230657614578
1.37854913197151,-0.3137029514761953
0.39653546024263464,-0.4271899866044223
0.6035788832823782,-0.3294586483769238
-0.10178109954738651,-0.4894383106641837
-1.8675846854531961,2.101563202562828
0.8269160811821665,2.828517391745908
0.2919498031594517,-0.3836694134266257
1.8077111871127467,-0.27791039511696286
0.648515740352973,-0.3871611723682158
-2.433742141773667,0.39594538751871083
0.44695219043718054,-0.41044513646304903
1.3643023795659577,-0.3170530271285198
-0.002581911456973928,-0.4405565630861637
-0.14041183093127996,-0.4528086059172077
0.44986677711732836,-0.3845509297854916
1.1351132681251406,-0.3281712670475135
1.9408744048395827,2.9829282156150696
1.5000575231567546,-0.3033130921433582
-0.7990043820409443,0.4860591237449678
1.1357432332564827,-0.35023565794971306
0.47392534315586055,-0.27522545473622734
1.2166995512848395,-0.33269029399173494
0.2847097892994977,-0.4002660390024609
-0.2642714268048791,-0.45114215570851585
-2.145894856845384,0.38529628595210375
-3.486118165833266,1.272727983323687
-0.32644465882335294,-0.4124879407437693
-0.12617652566828194,0.544802690004558
0.3269605092148993,-0.3885250319703326
1.0881067402946352,-0.25035882986773944
-1.8096175252692894,0.4325847026427764
-0.4895861856806748,0.6798060284713037
1.318636600707055,-0.24512489531521825
0.7320347180690178,-0.3181027627284659
0.9231990981568842,-0.38332767608851254
0.05916178577020264,-0.42307880947580195
0.2711021200476649,-0.4106017559030687
-0.1918196061765665,0.535824003775273
-0.9991586499542062,-0.4186522062292821
-0.747070641040363,0.5689269710725764
-0.4650941730383559,-0.33176012955107376
-2.3950098520459315,-0.6457566382333495
-0.31631693951144757,-0.30755413319226943
-1.2121352608868072,0.4285681505547309
1.24501092183409,2.951507452515279
-1.5237512981847205,1.9958055310839236
0.6877376673041213,-0.4012600991279964
1.0861863087367658,-0.3531125957961104
-1.7690873018338036,1.1171273605856438
-0.4018037951029214,-0.32146281038782026
0.25672790523402406,-0.37682587245555677
1.1332327483842177,-0.3480512414138958
0.10244310139298417,-0.4158117477440881
0.511351194183242,-0.3658994832260832
-0.3628176394162227,-0.42552968199464725
-2.250237136171309,0.3577837427962431
-0.9108752508717821,-0.5117419936446178
3.6549271816287603,13.683245041845769
-0.31723137571662163,-0.3077029115969223
-0.24925804364339266,-0.29664367766942223
-0.34853162635669144,-0.3127954498506744
-0.46879195150829456,-0.3323617566283968
-1.5188294373899753,-0.5901804877206255
-0.08512069644565659,0.5193343810690815
-0.46945748351255556,-0.33247003841916484
-0.050812882836148106,-0.42202638047961416
0.139510929867975,-0.37872622972811404
-0.30355851566435,-0.3054783427378712
-1.2136804929837965,-0.5010972511600598
-0.948810309479212,1.0308405837906602
-0.2293656497043584,-0.3138826019219963
-1.158847611894744,-0.44463353643444953
-0.45959735077197095,-0.3308657987679903
-0.46513892696180426,-0.3317674109965097
0.012025134402184414,-0.34675478937849796
-0.348924589060567,-0.31285938472534347
0.6545483932893097,-0.39766851845467477
-0.31897631557367434,-0.3079868126133941
-0.6464402041350116,1.0778283457253879
-0.007137956798704164,-0.4711591361081636
1.1394923832468642,-0.3407584270779999
-0.42831154643147307,-0.4127536632530347
0.7696702809680391,-0.3478448402093826
-0.31708023877807545,-0.30767832167750114
-0.4704049158592576,-0.3326241852828403
-0.351170559383002,-0.31322480319803614
-0.30335579045154193,-0.3054453594268717
0.4724022365976066,-0.38148696930861387
1.7832016826814334,-0.2830278134173195
0.29219053811494106,-0.4122171822151196
0.5541670097865538,-0.39291991404833815
0.6429110832535168,-0.3770046892502259
-0.5410845524272306,-0.3441237338686563
1.798202462586345,-0.27507857413506365
0.6287800859114754,0.6086928485820526
-0.3019956209842175,-0.49928503528046597
-0.05416701435264499,-0.4316676522185478
1.5245160913316225,-0.2904539462708949
0.09466398426198705,0.7146942722154981
-2.4941204409867344,0.353669107285299
-1.2942471354021292,-0.5876089843264954
1.3476745122265237,-0.2866731316105253
-0.4686499824459729,-0.3323386583187687
-0.35020097055884747,-0.31306705148434555
0.8336659120098174,-0.33486421412748457
-0.11337239257038847,0.545082115338254
0.9130796258065071,-0.36956085637577346
0.8838490970204378,-0.33674257331400914
0.5847999819409435,-0.4132335153971839
-1.7704197910969617,1.1169105651157487
-0.7977721122873114,1.0519448035859758
1.0242082820742888,0.6211180985347248
0.4537367672574779,-0.39642784131476716
0.5566055038209232,-0.3930617424910908
0.47392534315586055,-0.27522545473622734
-0.4547513554607753,-0.4694607320515286
0.2317771820550587,-0.42967894415892094
0.040521160440046965,-0.3952599457141118
-0.4359416604554144,-0.5015404427839936
-0.8318968131870048,-0.5250113701122063
-1.4767838067802068,0.466261206665106
-1.4934637534241242,-0.5315282038712666
0.46161625070495815,-0.38960023601847477
-0.12324344840648646,0.527282245407678
-0.020991448674838962,-0.47604328322600886
-0.15472380124069693,0.5563329115959443
1.0295169885333517,-0.38272702301971523
-2.4861687950529947,1.6948440492707837
-0.6705790899452327,0.5865678857846229
0.4447470733585083,-0.4004415191561131
1.2557861544458504,-0.3226913231068914
0.21744516593952612,-0.4391065488923014
-1.2310802499587845,1.204660892632013
1.156863911627739,-0.2768109638988247
-1.1366713897131238,0.6069782798315702
0.09162588179266035,-0.3590156735371554
-0.41147457585584535,-0.32303624254637514
-0.49571417938257856,-0.4613852824751256
-0.1863703145868395,-0.4852093293184717
0.6614136220288703,-0.3691464702581598
0.44880906965798384,-0.4202271624311411
-0.3829785423259264,1.1048119359546484
0.6780109830947005,-0.37220813113937246
-0.4683436151473078,-0.33228881248187453
-0.5414378003549865,-0.34418120716514333
1.2206149038546616,-0.356874364626402
0.6118299176543956,-0.35329687370942026
-0.45946070839471254,-0.3308435671078904
-1.0658342410187518,0.4649410452062607
-2.3841037081395435,-0.6764349680970441
-0.24893466093337224,-0.29659106343190966
-0.33838185464449866,-0.3111440860547237
-0.4601501781758913,-0.3309557435653838
-0.4682642502911304,-0.33227589985153383
-1.6411341487957145,-0.5555541181051229
-0.23849347858266012,-0.29489228724168537
-0.5411996849358587,-0.3441424658817376
-0.3513760998421699,-0.3132582445484919
-0.5412150401045911,-0.3441449641615457
-0.46516690239610137,-0.33177196258847497
-0.3033757698483921,-0.30544861006674406
-0.4686215986931598,-0.3323340402935443
-0.35206017677192025,-0.31336954359121594
1.1493849747695004,-0.3141925516297701
1.479863938903856,-0.3030222100934236
0.7226858550435505,-0.36459127910175443
-1.0458375718606305,-0.5386947852847679
-0.8033302383640322,-0.4900770337002545
0.9848121739829976,-0.3183412775799667
0.5759884873247901,-0.32708865534956816
0.2740705320294821,0.6469083973852829
0.6302658684468192,-0.3565771728861629
0.8689575921218108,-0.352375274295304
-0.31654597639227344,-0.30759139740112634
1.2760227460129836,-0.31612463886823805
-0.1567506202192618,0.5561225017305234
-1.123733319586419,-0.5660615511272419
-0.8023061161034325,1.4663799371114863
0.6266380918083573,-0.37586249187538506
0.09388271549592983,0.5495307378730806
0.17421246702013374,-0.4762025343359869
-0.4391030885981847,-0.3275313905134819
-0.3714168205565489,-0.316518861789048
-0.25436876345867315,-0.3179505985243545
-0.4655084651282365,-0.33182753470831056
-0.3515678637774581,-0.3132894444640253
-0.6266293797763803,0.48955060468290335
0.2839923803462385,-0.4171795695366981
-0.15504488240520498,-0.45591881165062
-1.5358757856407055,0.521552475577204
1.2095287708089215,-0.3127669345315919
-0.6506406664476178,-0.3619484697788224
-1.0571775101891765,-0.5740668356961819
0.47392534315586055,-0.27522545473622734
1.0178946891832195,-0.3365915824505495
0.07759642143612605,-0.46218529446158324
-1.504710550613937,5.40659046769971
0.7830335061753637,-0.386497249151945
0.33266155129317615,-0.424698131673904
0.6582253022240497,-0.38884167313184187
1.166787700236994,-0.347073766257283
1.3286206453837173,-0.3111558752207771
0.4755363518831128,-0.3798573794537401
0.5880747874706649,-0.3655367050842872
0.9534391976577893,-0.37787079360545933
0.6966252461759532,-0.3439188914481553
1.3519191855591706,-0.30059833721274326
-1.2437302667897947,0.5895598433728301
-0.6699120854930184,-0.5491309153570386
-1.2403922164079093,-0.5661215819874874
0.2798931543237138,0.6336067626929585
1.0035616641660223,-0.29584209630402086
-0.4196811754949791,-0.40436663505143594
0.9739399359579141,-0.34457753532069935
-0.6095671401470306,1.4751146198025413
-0.5822145648231674,-0.383268325539487
-1.661012504613121,0.5216681902623539
-2.862732967396725,-0.7218550019326736
0.20776122028083113,-0.4467861876524534
2.4153134688817923,4.813226011210494
0.5275155235071074,-0.40928774759213554
0.6355937929537236,-0.3626545400258231
-1.2108743033135845,0.4563241546927402
-0.40177541145774776,-0.42092733913063174
-2.696126632132218,-0.6947482178558142
3.293504453167153,7.305420817305562
0.777527643946799,-0.37375146789557867
-0.9680322496545302,-0.4135879533563426
0.7471493633309617,-0.36800992386189896
0.9109928778869886,-0.3711278139584508
1.3539173530132507,-0.3397731527518901
-0.4677433607202722,-0.332191151326799
0.9382677341299815,-0.3561199662491446
-0.4655420876961227,-0.3318330050866509
0.43915310013724246,4.342513618314055
-1.1872246041421326,0.41379026337922065
0.6895873084435555,-0.3956371794320255
0.2740705320294821,0.6469083973852829
-0.4687976320153119,-0.33236268084461534
0.31269410307909645,-0.38167925450871626
-0.8526910416708495,-0.4152973937595007
-0.46777164094734325,-0.3321957525084266
0.08715514373652603,-0.4340003136750177
1.7485085381826277,-0.26668536607753207
-0.8039392667434169,0.499216845917341
0.6152198592483685,-0.39213314187435194
-0.23918523773038236,-0.2950048361781993
1.1569748851588186,-0.3412528125321781
-0.5411920077193301,-0.3441412168016806
0.5899670906272059,0.5897924720358444
-0.9712084497885451,-0.461647146761966
-0.5700665573551528,-0.34883909447273187
-0.30333581271528276,-0.3054421090571768
0.22494927749825086,-0.38317799088325105
-0.31611821596830325,-0.3075218009513228
0.5302352292976933,-0.3993510459533672
-0.45893672233820837,-0.3307583147861801
-0.5411459495688955,-0.34413372315903595
-0.33782449483725885,-0.3110534038371239
0.5477004782334605,-0.36879318694680957
0.03360659134518528,-0.40162866192112345
0.14159068693374277,-0.43659975911230836
-0.8929514152907594,-0.40137233165037284
-1.6899216586463046,0.4111083546714968
-0.7623751585197925,-0.47748589226518734
-0.7260974940232591,-0.4151760830021772
1.6762089384974557,-0.2512333196100273
-0.4685534913584891,-0.3323229592574478
0.027505544475755258,-0.3478577773381555
-0.3512889849671369,-0.3132440709931847
-0.46499909860984856,-0.3317446609796015
-0.3301573856534403,-0.30980596824105533
0.47392534315586055,-0.27522545473622734
-0.4018037951029214,-0.32146281038782026
1.114640036077294,-0.3395870260779143
-1.7807632144338308,0.35226532684951345
-0.43604511283233227,-0.32703385908008453
-0.4593350659770079,-0.33082312513680806
-0.470079171527634,-0.3325711868104379
0.4471635679869305,-0.32164524305461384
-0.09630759229048147,-0.4384193417164411
1.3912634359461635,-0.281527614005399
-0.4651557118316566,-0.3317701418881179
-0.3031190183904735,-0.3054068367072847
-1.3425965730152163,0.47723091020964137
-0.27712977298744024,-0.3011783968802992
-1.438882674475245,1.002363094804345
1.0193485902561095,-0.3006259019193902
0.7324605506187037,-0.33263102669029837
-0.277552388962677,-0.30124715633035243
0.49138671633423103,-0.29608562714073067
-0.9832697407695024,1.5732747333058599
1.1325057831249394,-0.3073767905830917
0.8793852950444335,-0.3410089261641041
-0.2677758112654555,0.5853629492424713
-0.4651501167448032,-0.3317692315697258
0.546490339285786,-0.4067736368114129
0.5225846585237509,-0.4046118890787183
0.6403386707060871,-0.29283157819846106
1.6939442677964724,2.8975333579145275
0.340407658875411,-0.4027102255311803
-1.2437302667897947,0.5895598433728301
0.746500663378251,2.917942459867657
0.03553279809528153,-0.44416141554683264
1.3042122391687865,-0.3060066205114371
-0.3606383929260094,-0.4954272670369094
1.207245123745183,-0.306549646168364
1.4644147773521428,-0.3127059762642117
0.44359597336983736,-0.39898673216382075
0.6867519203519278,-0.32422422058920836
-0.541238074697111,-0.344148711880531
0.36096475246804094,-0.40721546057409663
-1.2430988554219642,0.589662573749705
-0.46847405718475377,-0.33231003534916814
0.7798913845261215,-0.34259751402283545
-0.09923079001503488,-0.478036915400439
-1.0921766811691895,1.0367617336136699
-1.033715904280233,-0.5367225948201517
-2.1490784402309973,0.44226005784613964
0.8609387581731994,-0.35360409509529295
-0.3184864541596625,-0.3079071123573617
-0.6506406664476178,-0.3619484697788224
-0.47434733366347903,-0.47184695587168823
-0.3518784971459865,-0.3133399843887791
-0.3448375450584342,-0.38021226000267744
-0.4570089275941689,-0.3304446633527684
-0.24953633257867194,0.532540202843226
-0.4683946492535188,-0.3322971157105328
-0.5414839144691524,-0.34418870991306466
1.8589823005154011,-0.2812925976572788
-0.5410385148607876,-0.3441162435750188
-0.6717563685208576,-0.36538398605629097
-2.5915453184042136,0.3293200562565718
0.47392534315586055,-0.27522545473622734
-0.43960062369262654,-0.3276123392742495
-0.12054905174766761,-0.38392354722368655
1.365549703375961,-0.3047621057422395
0.23373798289134357,-0.4209080521768384
-0.4677829539698982,-0.33219759313266917
-0.3508608389875121,-0.3131744118136304
-0.45917128320077927,-0.3307964777446564
-0.3711555717461381,-0.31647635671213775
1.8658507899690284,-0.24544023633824216
-0.327754045899348,-0.3094149458248064
0.6883073879343921,-0.3787701571596256
0.3052863154412517,0.5926834512082856
-0.30301069451051854,-0.3053892124553638
-1.0342849690800606,-0.559806132354543
0.6057967410649857,-0.3849514164628095
1.4911442779327866,-0.2806261119878021
0.7368366672184471,-0.37321068040560496
0.11784803027622424,-0.4472996822756196
-0.46928665852644935,-0.3324422452622842
-0.3167788927437574,1.078385915275236
-1.8227114860654692,0.3769841272128392
-0.35197281365764255,-0.31335532964748297
-2.5295202968677106,-0.6676414337789547
0.5379784850729801,-0.3752949796601933
-0.27750112319083287,-0.30123881540978836
-2.5616161873104386,-0.672863422310209
-3.149726356298509,2.4424396002529547
0.9440785901366993,2.8938375717465963
-0.507475975395585,-0.48801597360811017
0.05552311421737973,-0.3815763844958916
-0.470079171527634,-0.3325711868104379
-0.3721870728141746,-0.3166441815231327
0.43035606974007884,-0.41939895314234366
-0.4700391982565568,-0.3325646831752297
0.32867685010812336,-0.3822812537842696
-2.542437265330762,0.2732365678606411
-0.8651647798716986,-0.39685145718703935
0.8904918273880656,-0.3808664278323704
1.629565129242254,2.894762154091313
-0.04337211957891445,1.1552311237072435
-1.4082681154529804,-0.6119533407105834
-3.465674712173079,2.5021399182192066
-1.8381461370125909,-0.5551551346369716
-0.5411459495688955,-0.34413372315903595
-1.542904080322395,-0.5071193701601694
0.7828371398689303,-0.3620394570262224
1.4988338141325535,3.874776621145058
-0.2677429851699099,-0.4621570764473314
1.4845764388230562,-0.3164473930917614
0.9218130291176144,-0.3649897742551918
-1.6559550806213301,1.0108906375598938
-0.35136045548137007,-0.5301214489307939
0.46066036468454274,-0.30787942487928416
0.8983153402661797,3.8583868979194147
-0.6242760303111856,-0.3576589540297326
0.6014057067081348,-0.3509021517424103
-0.5411996849358587,-0.3441424658817376
-0.008524258989355358,-0.37303664985619567
0.8164190173157607,-0.30642006562546753
0.39602149608424275,-0.3963532913571286
0.34530989476293844,-0.401401662777521
2.6266591197014884,3.004989522370984
1.2929675365359135,-0.33323290409035866
0.2740705320294821,0.6469083973852829
1.0613655807579465,-0.36117136876060996
0.80903675449473,-0.3907621995958001
-1.0762235642537963,0.462287367712428
-1.025038919721685,0.4891051666253872
-0.23865478375332494,-0.2949185315284032
-1.8880874620135517,0.3253966645152448
-1.6900044703669856,-0.5310525447554213
-0.4683946492535188,-0.3322971157105328
-1.12345143035828,1.4305639969734698
-0.33001065610368807,-0.3097820954020273
-0.4397314604063217,-0.3276336263552109
-0.44761608011946963,-0.3289164508273604
-0.460577986029472,-0.331025347731966
0.47392534315586055,-0.27522545473622734
-0.3372618514469806,-0.310961861982678
-0.4598325575210729,-0.3309040668119468
-0.30309906032305456,-0.3054035895377022
-0.46011730139651197,-0.3309503945265351
-0.30331298304972254,-0.3054383946797259
-1.2437302667897947,0.5895598433728301
0.09480282489482708,2.8693932219725222
-0.24894604026147482,-0.29659291484403827
-0.3511740416557265,-0.31322536976241494
-0.13002904806834498,-0.43670565629124375
-1.2403304009333955,0.5286867738287339
-0.7134114534975965,-0.505733849504897
-2.5190109736896673,1.3226224753614437
-0.46526764092803174,-0.33178835270730755
-0.46966833500125194,-0.3325043438719995
-0.31484247716734826,-0.30731423875891845
-0.2775959734674477,-0.3012542475118375
-0.541061532541788,-0.3441199885425066
-0.3146240300508081,-0.3072786975004731
1.169026277946548,-0.3480578680248495
0.9989348964693905,-0.34004390621696456
-0.8646611011218316,0.45075618230049147
0.8843406332519783,-0.36316454740143556
-0.3470702732732506,-0.49188588885055373
1.4867309727466849,-0.298459572856096
2.438287894823052,2.976384564628389
0.9372035487062498,-0.3368692076320086
1.160438245254403,-0.3523344255003237
1.2883145708003414,-0.33833760660082185
-1.661012504613121,0.5216681902623539
-0.4651948810868022,-0.33177651471025577
0.0025797922077565824,-0.33143777847151046
0.8446583400477257,-0.35484344416119057
-0.026265620096031398,-0.40299018033740913
-0.9683704580806818,-0.5478508658950947
-0.37701900198343413,0.6656679090999932
-0.5576116247656195,-0.41764595848377883
1.3455454546586718,-0.2856861989756979
0.750263320957023,-0.37215642530320797
0.4808941737688134,-0.33796956511687637
0.919712042844931,-0.3199132696870535
0.26394209247555744,-0.24559897600257308
-1.826514510426746,-0.6181681838719983
0.7117419827908767,-0.40721737409656955
1.337012089040895,-0.30099114094906204
0.48993734331195943,-0.27480944122397855
-1.060888294410479,-0.42869559468003304
0.5805659495597603,-0.36771136848061253
-0.8702008151176501,0.5498623448710769
1.7343354352820959,-0.18652440252346345
0.7953770065426573,-0.3822570826287631
1.6168554235575323,-0.31129501246136865
0.13585514730918533,-0.3048191921710515
0.2255658988536523,-0.4146684576686315
-0.4682472469450726,-0.33227313341393444
-0.5023003214975148,1.0982498252409647
0.47392534315586055,-0.27522545473622734
0.051198941527664237,-0.44393844499252594
-0.35184008250829124,-0.31333373434259837
0.6917105148309133,-0.3419193552539393
-0.8931141796136192,0.49370266415915887
-3.0147622304236044,0.8939811393983265
0.25890768485977483,0.5529994095839539
1.344795400067793,-0.3004566096590367
1.2923682361593143,-0.3078549009693291
-0.45729575917907217,-0.3304913307368511
0.3355232897316273,-0.4090065104601287
1.0057463439657186,-0.3671261299596729
0.570635245186258,-0.40825169234783665
-0.3582861303190804,-0.453765878523359
-0.3448375450584342,-0.38021226000267744
-0.3523224567968539,-0.31341221644631634
-0.3180855721203847,-0.3078418890099917
-0.4606328882987073,-0.3310342803092004
-0.2773576371725932,-0.30121547029203943
-0.4702599719392758,-0.43845693076326403
1.1467567272052102,-0.27009054857004794
-0.1097279695582897,0.529706818751295
-1.0596904739897082,-0.4285007097769042
0.24141886595531323,-0.3961389413931248
-1.1908918881114492,-0.5256151432691818
-0.4683436151473078,-0.33228881248187453
0.8627833885683627,-0.32758675913858115
-0.4602926962068703,-0.33097893119199284
-0.46994214797979006,-0.33254889313403624
-0.30327874261655896,-0.3054328237749521
-0.5415838587440548,-0.34420497080659673
-0.3158054088828187,-0.30747090736369015
-0.5411229238028756,-0.3441299768761187
-0.4591876564572428,-0.330799141666931
-0.9611061954628863,-0.4124610871109537
-0.46803763784955243,-0.33223903009797234
-0.4606164163011449,-0.3310316003217886
0.6910976234903289,-0.36078074928761505
0.5382700000050861,-0.3929829573012467
-0.23877474289823497,-0.2949380488332761
-0.7063409002760964,0.6035893055728523
-0.16712992926829495,-0.4692966318097351
-0.46938913894881773,-0.3324589187859941
-0.24910996234809357,-0.29661958490193463
-0.316561052262298,-0.3075938502391464
1.5799182387391026,-0.326500284521491
0.5525460076660229,-0.34461821861541325
0.4433793716477808,-0.4157383161455613
0.0876523777316233,-0.34129763368330684
-1.2164216724150227,0.47964855049204175
0.9172207886600187,-0.3485524464660746
-0.08039099124836596,-0.4535629198393139
0.9429502981550046,-0.3709938740010731
-1.2403304009333955,0.5286867738287339
1.0593777930254018,-0.3539066413534249
0.13585514730918533,-0.3048191921710515
1.2691646805513177,-0.29169333556354193
-0.5634830863102125,-0.39531039328305617
1.2635739388884255,-0.3143737303363551
1.6618519298930794,-0.29843809252901016
1.0380787762150099,-0.35153366858459806
-1.4887895346119833,-0.6262438251319559
0.13066759261304736,-0.4520004111663323
1.7156291305144038,-0.30088501533131573
-2.38589571029639,0.9692304524414949
-1.1117729490099002,1.458957758624247
-0.393035107767695,-0.42748960958510934
1.2391346261273302,-0.34426957926951374
1.3340587853781873,-0.3232758044394777
-1.2951052914386847,0.9898966064091952
-0.3448375450584342,-0.38021226000267744
-0.6996149066726111,-0.5401262357662204
0.9125104042933904,-0.36212160009539235
-1.7969810447534433,0.4195509811641063
0.7077071701568035,-0.3504096706434695
0.44551824500252796,-0.3495219839235609
-0.641795788289809,-0.4474874639736292
-0.331954093001922,-0.3100982918076669
-0.9981004133092128,1.4349541339579637
-0.768623332801079,0.5280084391495092
-1.0245518236103237,0.5042740887696566
-0.42290806149626003,0.591526889886088
0.4912984295034469,0.5828220500058838
0.47392534315586055,-0.27522545473622734
-0.3932636183894952,-0.49850106629103735
0.8925672270567415,-0.373387983920647
-0.2660084525647639,-0.43326091227284486
0.9611535553392013,-0.36016239593199995
0.7459195049410122,-0.34574951482004995
-0.41346398599786294,-0.5111691215811083
0.0054495349986041445,-0.37663712794023146
0.4331988549701701,-0.42554996437433623
0.6672162344027873,-0.32793373523669395
-0.25677374213418697,0.5262353004504624
-1.5443954737338526,-0.5073620192714042
-0.3714206088594033,-0.3165194781444064
1.1807719361325268,-0.3512319963781966
0.8886611875715044,-0.3791859336311647
1.3558644410337393,-0.2924725627345909
-0.5716813294721119,0.6513595096264896
1.9706833688769734,-0.26713695197112114
0.5563990006078597,-0.3702310175139118
-0.46818491163168097,-0.3322629914833903
1.0523674615652774,-0.3519170410724806
-0.4570900716225095,-0.33045786545370814
-0.848909461364568,0.5463435693027281
-0.30321883359290847,-0.3054230766007779
0.9960407065879511,-0.3792943019172125
-0.3511392211985145,-0.3132197044879606
0.973384078618523,-0.28722078693519393
0.8821999854673558,-0.35902257634953927
-0.46817924558654644,-0.33226206962011423
-0.46499350716736665,-0.3317437512541472
-0.4602817302807919,-0.3309771470402081
-0.46053956190123624,-0.3310190961416782
-0.3495256156039751,-0.3129571715034439
-0.23993817575029108,-0.295127338892736
-0.4606548527182198,-0.3310378539114656
-0.5128391127719403,-0.39700995177659143
0.8928991043455481,-0.3557751485010123
-1.3121825361362094,0.4164030427038635
-0.45899125095315785,-0.33076718657001175
-0.09684699082786308,-0.35374809551104985
-0.24891873077903282,-0.2965884716021734
0.6176343699695213,-0.3231892973876175
-0.3206051911518526,-0.30825183001813833
0.6512537762110251,-0.35964376629169936
-0.4689396883389151,-0.3323857933516191
0.5668489771376475,-0.3938763469986556
-0.3168355984379583,-0.30763851879206155
1.5027458685188864,-0.30013646842677516
0.015607644835109593,-0.4652171704648068
-1.1043815193979636,0.6122318288104445
0.2888317603447342,-0.3961277948207404
-0.29398954761045226,-0.36534770182311743
-0.9510141606920997,-0.41081911709226526
-0.46789045424920817,-0.33221508338509464
-0.013861003872322867,-0.4597741269148537
0.578004818870195,-0.36073973347087873
-0.005564257612251327,-0.4423498276053737
-0.34997848201455917,-0.4894205583194427
-1.5840090190238136,1.3868425268773257
0.6366262098155959,-0.3772896069596546
1.0355857230028889,-0.344552227442169
0.8123010997484134,-0.3718554178920163
0.7838781351371368,-0.35416922702505416
-1.2557156275846917,0.5876098299676692
-0.5888503905968296,-0.4728412162245209
1.0600982038709983,-0.34451162331458407
1.2997223843497026,-0.3381752975648974
0.3061759814556176,-0.43475187890438594
-0.5407701379908867,-0.344072578765682
-0.2629333106789526,-0.47249560546630603
1.2041358820441757,-0.30165591638215755
-3.2206022685890536,0.8809664563457292
0.8535342035396725,-0.41424239805638197
0.5098342803675222,-0.3671591758654997
-1.9031533855031892,-0.6271580143109241
0.9069259951694373,-0.3860810178428369
0.49502486616974595,-0.41655830097340324
-1.6922248576058978,0.4312090339085769
0.08047466838764045,-0.4422142594290831
-0.7680672836447838,0.46248582465108873
-0.11705765599378071,-0.388231916507139
0.856887555330252,-0.2874360693856216
-0.041349746694110186,-0.47845142144102987
0.47392534315586055,-0.27522545473622734
1.0482879837366001,-0.3592255567446271
-0.8647649677961027,1.1033648693429587
-0.36127003659184936,0.5751834392420448
1.360096099887138,-0.3180506475348643
-1.6968674066833116,2.4526501763556556
1.4106148296892418,-0.301151216004149
-0.3032302436843465,-0.3054249330180889
0.8000517744891255,-0.3987682219886667
-0.44552419233827467,-0.4723619531408389
-0.3035899390986543,-0.3054834553180579
0.5460414480971634,-0.28098124599438634
-0.4603804416307078,-0.33099320733733817
-0.4677433607202722,-0.332191151326799
-1.4086699551107766,-0.5803643855342342
-0.1642068412716126,-0.32375669865065526
-0.9109614453782753,-0.5839699083951991
-0.4570630205692293,-0.3304534642581644
-0.4602104639533341,-0.33096555203724926
0.8670436485804817,-0.3629019651342676
-0.540831454862053,-0.34408255499608364
-0.48135003777667085,-0.33440495223890593
-0.4678508432892782,-0.3322086386977651
-0.46060543559652833,-0.3310298137655416
1.7343354352820959,-0.18652440252346345
-0.09684699082786308,-0.35374809551104985
0.6196246792524363,-0.37256075800468796
0.6454826585075537,-0.2600383767501238
-0.30603639414910355,-0.3058814925757707
0.8194085866907725,-0.3655212667098342
-0.33004254621328044,-0.3097872839100965
-0.5410308427902567,-0.34411499533221357
-0.2777190782761141,-0.30127427661494477
1.2491733946728492,-0.33803969519231286
-0.46900221972862144,-0.3323959671837012
-0.24906897134479167,-0.29661291568210074
-0.3028141258637752,-0.3053572308151994
-0.5493668876449344,-0.5173073963886607
-2.2487286028088285,-0.6748849014187825
0.29636494932205626,-0.4184925102264392
0.3990981097249473,-0.36228068471432595
-1.0910196253288695,-0.5172904227355801
-0.2489141795002764,-0.296587731110941
-3.830144703796583,1.829797899848701
-0.46768681024625214,-0.33218195058730565
0.4433648745464832,-0.35061484732221065
-0.5412995110714299,-0.34415870755404776
0.7820479342698676,-0.40027086061099454
0.7515113294734719,3.8235988896533017
-0.37978123696822264,-0.31787974899204785
-0.8302174197774932,1.0460093289883505
-0.4397515954541795,-0.32763690231944
1.3678562951094113,-0.3091429170676931
1.5303368454405004,-0.2949664736612528
-0.5409081229542044,-0.3440950288639965
-0.7886297241605815,-0.4373273981488919
-1.9535251859913003,0.8954746922560581
-0.46636632126676936,-0.4486859410484345
-1.2064105179747693,0.4756871960341711
-1.394596950887036,1.037383264681961
-0.1402848735077879,-0.4441802778713025
1.3309544000637885,-0.320895113242122
0.9632332259263637,-0.3571596700677641
0.23953918496100704,-0.4332064381472323
0.585798441518845,-0.3969598460641556
0.47392534315586055,-0.27522545473622734
1.6142077756193447,-0.28349240249318425
0.30523044402881233,-0.41504414418394564
-0.1642068412716126,-0.32375669865065526
-0.36971435292067756,-0.3162418709859663
0.15054355564860403,-0.4149964432929179
0.3794216078494343,-0.40101107818913134
-2.5295202968677106,-0.6676414337789547
0.15165201791299912,-0.41637879978051484
0.0685003617833029,-0.44218402675993335
-0.8640150722509496,-0.3966644002172207
-1.136916052532675,-0.44106528050256916
0.6937171626703115,-0.32632362902432777
-0.5968819705591785,-0.3532019514703321
0.46285957769704633,-0.3869172596087608
-0.30329586222343197,-0.3054356091281396
0.46973339773266615,-0.2633565304483069
1.1763024943898752,-0.315046336231582
-0.8432712509053016,1.0449150545567052
0.27526476776042136,-0.39649169296854475
-0.2533124917978728,-0.503902511252399
-1.1482519488489324,0.4493309295491565
0.7306674409538702,-0.31449061292733305
-0.397298177332996,-0.32072974817966154
-0.4675341903902456,-0.3321571193978071
-1.4030030253269241,-0.4843575244964592
1.1601590609859729,-0.3183010714143485
0.20626165517822134,-0.3667676542004936
-0.694899998398616,1.0152739744916182
-2.3176009732511944,-0.6536376534162098
-0.3033729155471627,-0.30544814567307627
0.9564485271320847,-0.30655542352611725
0.038903816992428945,-0.42428327362162743
2.3247572727042787,-0.24480182080305618
-0.35753876251612193,-0.3996418263115033
0.7635917059529441,-0.3308618879812822
0.9902865995691389,2.8126120133649186
-0.3297684294418214,-0.3097426852210731
0.13148567287029075,-0.3341659741049676
0.8634410156824842,-0.3224231763865466
1.3662627319619376,-0.31146712044523217
-0.09684699082786308,-0.35374809551104985
1.2794962933972447,-0.3205722666666639
-0.540892787379269,-0.34409253377209137
0.22577298597577947,-0.46041615719671874
-0.3502703451469318,-0.3130783387020653
1.7818691248981224,-0.30621694692511575
-0.8820101952046895,0.48358761455410487
-0.4703248675719356,-0.3326111614585259
-0.7653733562716981,-0.38061543250074464
-2.427926906543989,-0.6835649849407657
-0.46119360892702344,-0.33112550933104445
-0.5412227180568259,-0.34414621336130186
-0.4603365649147998,-0.33098606861321805
1.540799182604859,-0.29810498223295595
1.0332085047411692,-0.32851016187655024
-0.4704506697097618,-0.3326316294160081
-0.46854214201204303,-0.3323211127233227
0.13646623988438014,-0.36932537915426566
-0.4602597999294009,-0.33097357898081264
1.0571569259998628,-0.34266773445102333
-0.5413686457678369,-0.3441699557414876
-0.4603804416307078,-0.33099320733733817
0.47392534315586055,-0.27522545473622734
-0.5412841505056228,-0.34415620839613775
-3.8120808350946165,1.8327368840579121
0.46973339773266615,-0.2633565304483069
-0.3719933288776357,-0.3166126594621881
-0.3030192446211001,-0.30539060355493397
0.05818686750128215,-0.45319457700058174
1.906166330253594,-0.2568949293529765
-0.3911425245352801,0.6249894961862794
0.5755037617705077,-0.38281943372779154
-0.5408851199587009,-0.3440912862858332
-0.5146593934958295,-0.43825692829422297
-0.01787193099401022,-0.45055188777203226
0.1309401049334691,-0.3839571796420823
-0.4674437947014529,-0.3321424120554141
0.6814294616366644,-0.354611163055452
-1.4134301919492458,1.127450203126107
-0.37364128529445206,-0.4153133385209217
-0.30326447720887184,-0.30543050279883
-0.1300301587533293,-0.45961757446758805
-1.0075140657115396,1.0796346825939156
-0.7884073512798795,-0.531979559056933
-0.6878583519700726,-0.4089545898922396
0.20362353919794682,-0.36674587698863687
-0.5515055225134707,-0.34581922153153927
-2.227538856272488,-0.6389845830238335
-0.6099200566516279,-0.38777599797310097
-0.3032045717402525,-0.3054207562030579
1.0598806239615894,-0.3077447938231199
0.042428383506477145,-0.41595161964134386
0.7040923336181801,0.6165099999199777
-0.46051760801405206,-0.33101552425301856
-0.19288341892142663,-0.42913810190510504
0.20708180479535715,-0.4454576956345626
0.40813657087193783,-0.38862413045771144
0.12795927792505501,-0.426416504091402
-0.5194653081103842,-0.3730590465826189
-1.2784674814026593,-0.6417394081956794
-0.05353011586187335,-0.43093100977877696
0.5082899916980183,-0.3840123906376837
-1.1105037123657275,-0.5362371500773272
1.2182095001034634,-0.33687691699970257
-0.47861877398141384,-0.47728843821534545
-1.1503909337654135,0.4361593868331592
-0.5412303962543275,-0.34414746260096274
-0.5408544527220583,-0.3440862967387035
1.0828603633982636,-0.24869090292297819
-0.5411229238028756,-0.3441299768761187
-0.4389926649631679,-0.32751342463225275
-0.7792268661826183,-0.38286939301950734
0.250778551809024,-0.40833745240747055
-0.4362434723514641,-0.32706613209447
-0.3295455416906252,-0.30970642147314625
-0.4669584994668623,-0.3320634547149463
1.961539807826638,2.9520240484092186
-0.46603014419580824,-0.3319124116838447
-0.09684699082786308,-0.35374809551104985
-0.5413993786835756,-0.3441749559745799
-0.30331583663933814,-0.3054388589576144
-2.239622430024642,1.4755323407309082
0.47392534315586055,-0.27522545473622734
1.2258814995053708,-0.3445358325873162
-0.8266068211346311,-0.5302240449802794
-0.45723619994082554,-0.33048164047262213
1.404650138722558,-0.2971970456281214
-0.4686613368856586,-0.33234050568156187
1.3025155189163407,-0.3220894453564317
-0.43964087355811454,-0.32761888791125765
-0.14862250699925894,-0.3536738888138735
1.7865981596710905,5.786674983337675
-1.7136380920607495,-0.5963239519059678
-0.14002268939601714,-0.3363528688828711
0.3636922979305145,-0.39627371202889716
-1.1156067724097358,-0.5133662850712759
-0.888775102418651,-0.4006928472173114
-1.1187978796400115,-0.5061352967242353
-0.8787793604290541,-0.5065200051133635
-0.34526809171274164,-0.31226447407006885
0.09947876818465234,-0.3548678172124378
-1.655747292597576,1.4204250720850236
1.133737801017356,-0.3588614535065575
0.9370643960641976,-0.3728173736785838
-0.1572939337263509,0.5475480042239583
-0.4604517583811123,-0.33100481054409026
-1.085026096150827,0.5103567818755752
0.4314218542585064,-0.28733652532966153
1.0828603633982636,-0.24869090292297819
-3.1997625077112706,0.27131418051819883
-0.4699364403601123,-0.3325479645065987
0.40872997979943104,-0.4330317434768754
0.4775970577562232,-0.3916295811186209
0.880527509836415,-0.3522836907412569
-1.4134301919492458,1.127450203126107
-0.5796088476964031,-0.4373696736243624
-0.9106030062149215,-0.5192077177039242
1.682186560770866,-0.27666084114367046
1.578858437472689,-0.2637669843398954
-0.30320742404308654,-0.30542122027158763
-0.3345234528571853,-0.3105163256279403
1.814188074282699,2.982267110227902
0.14109124719613372,3.7523111213015765
-2.10470579745957,1.0300696105384557
0.11277919176583534,-0.446633020124106
-1.0102077819688524,-0.44092530437268324
-1.3973326911315318,-0.5568385360771989
-0.2387703796984081,-0.2949373389424103
-0.23332619483265982,-0.2940515722433466
-0.30559463474809934,-0.4847947284350927
1.7121958510220372,-0.2855490393089823
0.6170780316742713,-0.3548394376514812
0.694479661013544,-0.38821282240789196
-0.16802014568694867,-0.4156858070984891
1.4396132251639686,-0.3097669522549787
0.010931295171220736,-0.45718936568785784
0.02539831199717299,0.5633500485524435
-0.14593267398316942,0.5982413956403323
1.1887172920511777,-0.3419821969174546
-0.4600953860416003,-0.3309468289070608
-0.4673195561125749,-0.3321221984867201
-0.43973649401015946,-0.32763444532054103
-0.7819548836849887,0.508032102395074
0.47392534315586055,-0.27522545473622734
0.09947876818465234,-0.3548678172124378
-0.23269148218098012,-0.2939483047489106
0.7768012197012975,-0.39262844964975624
1.2917642173579553,-0.27719370651447617
-0.3309307892770691,-0.3099318007011277
1.3712197641718509,5.738898563974168
-1.446425631163043,0.9726463517448389
0.9135023253035852,-0.3639181677928971
-0.3519798015383787,-0.3133564665728824
-0.5409694750402161,-0.3441050108238394
-0.27636072796606637,-0.3010532735630696
-0.43932911325233504,-0.3275681646342641
-0.3361077909994784,-0.31077409680968854
-1.8888035980479685,0.46413126172928076
1.6051841682406445,-0.3231523080782959
-0.11541677035167505,0.5627997035712876
-1.5021105399252501,0.5270460675433069
-1.1495373454392488,4.203342934434625
0.5068116037574387,-0.40968125918300874
-0.4576425786858612,-0.3305477581318193
-0.4685307932014614,-0.3323192662763825
-0.5057852471048787,-0.3383805510183942
-0.4328680831243983,-0.4872847289271075
-2.3814823818103834,1.6603895731767648
-0.5411536253144346,-0.3441349719997635
-0.43654628613708646,-0.32711539977621407
0.17674226029489878,-0.2953514343917132
-0.8027991702621937,-0.5330985924497169
0.2084635493392327,-0.429282211283784
-0.4603804416307078,-0.33099320733733817
-0.4606658356806925,-0.3310396408350649
-0.31740378782777134,-0.3077309629784124
-0.4589757806768141,-0.47588336849340007
-0.13168580931108845,0.51407903576006
-0.47031343427822325,-0.3326093012662141
1.2338783307463552,-0.29371375058332094
0.8729666869988149,-0.380525552154241
-1.0625021187150214,-0.49979143980786706
0.7569893013098218,-0.354703080819536
1.0847975522591529,-0.34804922856221565
-0.0461704775811685,-0.3250276382988405
0.9485865235138086,-0.3473441356781981
1.0549479274231301,-0.35157762826459427
-0.46585612533785825,-0.3318840988852932
1.0135353593397864,-0.3152251401188626
1.1116291064205672,-0.3091638490286773
-2.5336999300789618,0.9042319474572496
0.624714841922969,-0.39261105500055343
1.0163435184458651,-0.28196805678216785
0.5788215522108309,-0.4281534116107292
0.38417965959449357,-0.4245738802886315
0.2042645301582371,-0.3931581597073421
0.6334218367439236,-0.37383507077333183
-1.3632964899878304,-0.5393235134445215
0.704400294993434,-0.41445701611839036
-0.9348612313745621,-0.4557334688710378
-0.32826668849773016,1.8354682127379245
0.9772943959018023,-0.3818525818367286
0.48299850249387016,0.5931666549288468
-0.27763443694765744,-0.3012605055046757
-0.8881303462199139,-0.4580696852786923
8.663267448398582,23.472091644202102
-0.827479916554841,-0.4948880263645815
0.046890020368320434,0.5430630622119283
-0.22995958764069607,-0.3139792353865629
0.40889078258424283,-0.23710555392772115
1.187668418024172,-0.3089623509746009
-0.3299022613682562,-0.3097644596219487
0.06105326409398545,-0.39083721677141786
-0.3513656443899478,-0.3132565434505993
-0.33006168231012745,-0.3097903973453959
-0.4598161402770343,-0.3309013957329114
-0.32566556826441595,-0.30907515134934677
-0.46055053959682224,-0.33102088220835707
0.7556894271378454,-0.36689191615397415
-0.5411996849358587,-0.3441424658817376
-0.4706910204181851,-0.33267073438008765
0.09603947252584238,-0.4358613875448607
0.47392534315586055,-0.27522545473622734
0.34829593773521245,-0.39860503196785746
0.5401254774953417,-0.38358501790890026
1.2780526888289294,-0.30801500420598493
-0.09684699082786308,-0.35374809551104985
0.08343442473435841,-0.4093841499730483
1.241111028006967,-0.2764190935782485
-1.6938669759573861,0.39587325974336707
-0.45691699746554504,-0.3304297063576289
-1.6204607756748368,0.3988218782736866
-0.3532428106708253,-0.4864346770890762
-0.12551150833123093,-0.2765101658936499
-0.23851744952969556,-0.2948961873051756
-0.5411229238028756,-0.3441299768761187
1.991881593814507,3.908136384328873
-1.3130987056651064,1.083095751679469
-2.2587700862062796,-0.6645413004224315
-0.540961805173002,-0.3441037629395129
-0.46047370625435635,-0.33100838145428424
-0.7066571692718681,-0.3710623323722649
-0.4364618570588418,-0.32710166319896955
-0.4393642917534103,-0.3275738881623117
-0.13076537653005837,-0.47598543678138555
1.2274533183010485,-0.3147827977091413
0.5097321267641307,-0.3988721574101546
0.33865173137052,-0.4185380227657056
1.0437393876047747,2.9352915765034093
-1.5942299480175106,-0.5564208858674227
1.1869244328628934,-0.2975929229012249
-0.4686386285426327,-0.3323368110432387
-0.3311741907469993,-0.3099714020228836
-1.4134301919492458,1.127450203126107
-0.46032011321104804,-0.3309833919276011
-0.46944609140232685,-0.3324681849273894
1.00924935124629,-0.3118726739619531
-0.8119300580516684,-0.5204496921675001
-1.3935013085777415,-0.48281159898365883
-0.33799565763688766,-0.4811978899320532
0.598322889975446,-0.3355067046554388
0.5941933324255769,-0.3458616753881802
1.2742820503253434,2.9227126791694156
-0.4658841843754752,-0.3318886640794851
1.1032586890278144,-0.3500713769177881
-0.07919927125279225,-0.3559532357853425
-0.4602159452284025,-0.3309664438385095
-0.930723548174888,0.6404859112359175
1.4368789768029766,-0.32679158638830874
-0.20930070714159238,-0.4630153544460249
-0.4190665607440396,-0.45220032535351967
0.8499321479042116,-0.3040917994143785
0.6951293939692652,-0.33320915300620096
-0.27791925816132945,-0.30130684580216355
0.021013232055103383,-0.41837315993470475
0.16181087966498517,0.5683284728953495
1.8348962750401454,-0.2640440181006327
0.3580086948646036,-0.40316709687216684
0.2887412701576351,-0.375243592239771
-0.7361677671641867,-0.3963391036262586
-0.612716886415795,0.4844052464999644
-0.23638154776852502,0.5424109268399872
-0.1383621464627246,-0.3935644388490261
1.1469434241788206,-0.3281247369311842
0.5149286201193577,-0.3554124533517514
1.0802428594366373,-0.24921410023941698
-2.2151890364519864,-0.6640422904097504
-1.1873499580769091,-0.5477034139617135
-0.569945389634333,-0.348819380533042
1.2128055469273598,-0.27190305118808833
-0.4606109258861313,-0.331030707033463
0.020125430848213468,-0.4203020766200257
-0.12232554465700432,0.5047552763634378
0.47392534315586055,-0.27522545473622734
0.5226396708919361,-0.3495542168315481
-0.8821114390998426,0.47629637456634394
-0.9155283500774068,0.5900299999866304
-0.46047370625435635,-0.33100838145428424
0.6491126399472372,-0.389630261051241
0.22586883615906306,-0.4046957558611101
0.3125450683015693,-0.4297969770718428
1.053046044316096,-0.3325790892335307
-0.4596356245618326,-0.33087202589828485
1.2960455348739717,-0.317946246001798
-2.2430514729168136,-0.6415084795441985
-0.007213050769636608,-0.3984372663973944
-0.3374064993879029,-0.31098539614478243
0.314264229992589,-0.42089105230486223
-0.2769046812633953,-0.3011417745468718
0.873221772743988,-0.31853906292221157
0.954270786958689,-0.35593672872641363
-0.930723548174888,0.6404859112359175
-0.3187327813866594,-0.30794718969862156
-0.4602433534788476,-0.330970903149889
-0.4365909958935008,-0.32712267403569123
-0.5413302351482514,-0.3441637063490518
-0.33744596393851356,-0.3109918170113743
-0.31821305298729574,-0.3078626300960242
-0.33015419492799813,-0.3098054491113027
-1.3345497917381561,4.585834057146068
1.4466254331336457,-0.33045782802037904
-1.0487622044208877,-0.4591754398041749
1.2363790233485283,-0.25684090685148625
-0.8948477525503551,-0.46310709132206573
-0.09684699082786308,-0.35374809551104985
-2.7931476523134506,0.33747025477680004
1.1291135370875687,-0.3306556686932978
-0.9344015049184731,-0.5561292623745373
0.4304473166691758,-0.37565291612227136
0.4485637281714074,-0.42063082711514727
0.10123985612034309,-0.32151944478077465
-0.5409848155089112,-0.34410750671195733
0.5841327241765409,-0.4130754298758891
-0.925223810810866,1.1674455605555039
-0.44235308505721294,-0.3280601636368182
-0.4610560563407955,-0.33110312958030946
-0.47071392350152164,-0.3326744607025814
-0.4602597999294009,-0.33097357898081264
-0.43648172005642893,-0.3271048949007284
0.7945375804015695,-0.3588466280390187
-1.0001488266766565,-0.505791359917424
0.541261619197006,-0.4199747461327661
1.6811071864919356,-0.3031136801556025
-0.7125368152999727,2.6495461410979435
-0.653379761655631,-0.3623941194730654
1.5452789387077621,-0.3014241949900013
0.22451376603561443,-0.42613325716789985
-1.1919521495373842,0.5017406976262697
0.8330180297849249,-0.32123522553875355
-0.616798400891778,-0.44013481928825665
-0.1642068412716126,-0.32375669865065526
-1.1620535529457479,1.1749406910414213
0.8733897651023219,-0.3621030244607043
0.11574804416451874,-0.4026334342870292
0.8480089877054334,-0.36975603153589437
0.6947326585195834,-0.3260380831580189
0.5121963869222874,-0.4291000166574856
1.1068811688686235,-0.3061113016202135
0.26276573789492746,0.5551369119502663
0.06644433243631018,-0.38160862930942707
-0.33624520061848207,-0.31079645329971334
-0.2224382322141183,-0.44648821921074117
-0.4603365649147998,-0.33098606861321805
-0.46574953085760984,-0.33186675600601256
-0.46053956190123624,-0.3310190961416782
0.6562477681827195,-0.3191539950001212
0.6755268742235903,-0.3587700128195303
0.7402582395799989,-0.3680082937519904
-1.0449617433405385,-0.44657975998040167
-0.3503709738793198,-0.31309471095655633
3.423186966182029,6.256178382472628
1.088870075502719,-0.38033269237173234
0.323833396585713,-0.42368094781156634
0.47392534315586055,-0.27522545473622734
-0.49631471497410073,-0.48990839720575874
-2.513767989442468,0.38292521412685326
0.5441585708946448,-0.38272678402371146
1.0252349230051707,-0.3244509307749924
-0.138133565628001,4.381436225788252
-0.32372241197338203,-0.3087590005983863
-0.4362583559165123,-0.32706855364454734
-0.4597012509553602,-0.33088270328625013
-0.46036398692362157,-0.33099053016307994
-0.7804670506590131,0.49231562100628534
-0.17060836124323303,-0.48037145430768985
-0.3298958867293741,-0.3097634224707535
-0.334484465203459,-0.31050998235228067
-0.5410385148607876,-0.3441162435750188
-0.4945867583915649,1.1912383334338992
-0.8693393391022379,0.5108271452379209
-0.3511844887766091,-0.31322706950480195
-0.5697810453653878,-0.3487926417862501
0.7135694118850215,-0.37741921875639295
0.5538658295982564,-0.357665370678274
-1.6760351009065606,-0.5817078978334188
0.82290395821379,-0.37038344149434416
0.08977893759148256,-0.4239161996255367
-0.5992730088486068,-0.491347894030999
-0.917233657883503,-0.500407896632885
0.8329915033514034,-0.39598115563939135
0.9026243259348232,-0.32221697614635647
0.30286324078463916,-0.3400635211890564
-3.0189632827416015,1.3487338958618398
-0.6752809761003479,-0.5004779175455084
0.2848708903253881,-0.3532988580017943
-1.1299694687524577,-0.4399350741013347
0.24781383653789568,-0.4443763150595003
0.009371431862714798,-0.399245830193983
-0.3297620583512584,-0.30974164864718806
-0.14275975377776084,-0.4661894534773206
-0.48242035337449113,0.5126810711813625
-0.46051760801405206,-0.33101552425301856
0.7097302762268288,-0.3229272823587643
0.37451156023068544,-0.39388340339151173
1.8473129895967924,-0.2722535980473729
-0.6037796301035416,0.502763147585566
0.6421372081316534,-0.4044536200185063
1.4076303223001128,-0.33175178709872405
-2.7719312663018716,0.8481087210754642
-1.2426009018954272,0.4873665466585205
-0.3455094550143848,-0.3123037437826601
-0.7990864312431305,-0.4972055253420065
1.17234212363513,-0.3511662483542753
1.3383607292735182,-0.31665463548437023
-2.1741653531260963,2.6437571780522826
-0.31130441740768244,-0.5070159364705144
0.0406402835884089,-0.38139923770059336
-0.04593962952819775,-0.3732619204421331
-1.2735634402138518,0.9721895014565944
-0.1642068412716126,-0.32375669865065526
0.6357662732444226,-0.4002141167805843
0.7993394456052012,-0.29991144928396773
0.5306780383864691,-0.4010573665879297
0.6082587779250735,-0.403613778448262
1.193601443487621,-0.3172172376654329
-0.317281224518587,0.6476709515945646
6.0029589808007415,19.04160985472232
0.5717157088377454,-0.36865061303816793
-2.3225107239413765,1.6201683998893717
0.5875578154705722,-0.29275357517697087
-0.7219636138147991,0.5048040716282949
-0.4600570389779277,-0.33094058985514657
1.1825470007425032,-0.3485041550518043
0.6238961101169054,0.6203600523998908
1.6190644416994096,-0.2955088733996277
1.1826589742322073,-0.3539103467785615
-0.3610778087578454,0.5466128177305423
-0.4691387083448051,-0.3324181738269358
2.0934297003641156,2.9396201029376385
0.34826114100198785,-0.394785398903533
0.26143829497344173,-0.41606079181619904
-0.4702105591005544,-0.3325925635159748
0.6395745401874704,-0.3808676858559356
2.1902699390239677,2.936451583906404
-0.356195820157056,-0.46105398478038034
-0.7101978565017556,-0.37163840076769467
-0.41770185264681947,-0.4949930397905188
0.19220109270597993,-0.4379766999138411
0.47392534315586055,-0.27522545473622734
-0.5411152490376829,-0.34412872819489304
-0.4570089275941689,-0.3304446633527684
-0.46038592678340284,-0.3309940997694867
-1.479651109138432,-0.49682813706041123
-0.36217634284801214,-0.4862296567775455
0.8352446251365214,-0.36984401810232165
1.4998710902328651,-0.3204263286496613
-0.7253320901273519,-0.4150515520946039
-0.15696182378703424,0.5782112196424821
-0.43659596415761404,-0.3271234823702743
-0.3378706175895123,-0.31106090799045866
0.8470835367529715,-0.35892981480466873
0.8387647180797256,-0.3129284652332274
-0.3182737819340853,-0.30787251067136506
-0.24734187320988615,-0.38482516199379285
-0.317281224518587,0.6476709515945646
-0.45846828619702906,-0.3306821004134638
0.7152083455941031,-0.3718449881087888
-0.258248381275191,-0.49094078213430203
-0.6879787734482017,-0.5214221195593061
-0.5411920077193301,-0.3441412168016806
-0.46051760801405206,-0.33101552425301856
-2.7652745088844117,-0.7059985497325655
-0.7361845888123711,-0.44927000440078807
-0.45932960475272666,-0.3308222365978029
-0.10672487454559165,-0.4649178903710243
1.4106638133279488,-0.3175521496757032
-0.4603036626332645,-0.3309807154251787
-0.6678969988309015,0.5496750878472092
1.6215667298190841,2.9359213508032247
-0.34384524508713277,-0.3120329774934613
-0.5411766540218693,-0.3441387187612478
-0.5415223496569899,-0.34419496330274524
1.3531115502192075,-0.2758717701664035
1.676210136943487,-0.25123312462333763
0.21588763291891747,-0.3554851414760463
-0.4040660722646914,-0.4710024705793834
-0.1505765498995966,0.5379098529344026
0.009855160411905452,-0.36034239085687686
-0.32838034351337775,-0.3095168441959842
-1.9163805927887505,-0.60033660439772
1.0351304642989532,-0.29491671770968103
-2.5098436225357514,0.3835637070521664
-0.7316441947632055,-0.37512771142067475
0.6284843176295895,-0.3750708624795108
-1.0979167075279224,-0.5666420045401084
-0.4365065511119025,-0.32710893490351733
0.0971531635350589,-0.41689762751642817
1.0472559610230667,-0.3559794731066014
0.6445212766389433,-0.321896664826568
-1.0020657788211504,-0.5153686196361261
-0.5410845524272306,-0.3441237338686563
0.07146292889795125,-0.4627302773355562
-0.06058617562993108,-0.3853776476888493
-0.541238074697111,-0.344148711880531
1.612764293609688,-0.29620370768510457
-0.3325239862715035,-0.45161242160078585
-0.5412687909213845,-0.3441537093979286
0.47392534315586055,-0.27522545473622734
-2.8997264590581358,1.6730627761401446
1.0481719476816425,-0.30126640728282394
-0.32404259023003723,-0.3088110934726187
0.5542721311481555,-0.34925046958512634
0.7202736151504114,-0.36506770918033477
0.27482469901382234,-0.3535264476612227
0.9155344996292305,-0.33595634245173955
-0.4603310808884321,-0.33098517636432256
-0.46037495660318295,-0.3309923149255548
-0.460621906841575,-0.33103249363051945
0.4946640138179287,-0.4122516504361041
1.3281918597798856,-0.3236334078057959
0.5449585213882682,-0.3968306153067868
-0.44240397796931463,-0.3280684438932514
-1.2169848652589832,-0.5535615910426128
-1.7807632144338308,0.35226532684951345
0.9647708457631544,-0.3694374106256546
1.7548081494924201,-0.24419941263183803
-2.928342818575399,0.8485217698820049
-1.8703931017473916,0.9414530042086304
0.5387350092388503,4.346896791325581
-0.4600241749348071,-0.330935242888482
-0.4600296519632946,-0.3309361339988252
-0.3295232642788971,-0.30970279694717284
1.015253672794536,-0.3525444801512767
0.5217891730837608,-0.40698326570436066
-0.4603968974643271,-0.33099588469488295
-0.565253061080724,-0.45702459382834143
0.47870912602140764,-0.4300232979393346
1.2054352973463411,-0.2973737411461951
-1.852084077986915,-0.5574228320559635
-0.43924370117856215,-0.32755426812404054
-0.33407547619401756,-0.31044344000410923
-0.5410922262123273,-0.3441249823904207
-0.3294946249259447,-0.30969813733590806
0.8804118692145382,-0.42175692338311394
-0.32831067424712723,-0.30950550903424473
-0.45881680291126836,-0.330738803943405
-0.9497719381189804,-0.569673757552589
0.8219180405748476,-0.33938226646775416
0.4731410384367253,-0.40893800541393255
-0.4830476363823567,-0.48128244332940956
-0.8946575400483789,-0.5526568646364092
-1.4233924250720562,1.0999682060131988
-0.7363884916059397,-0.4958441621551278
-0.5413763286283851,-0.34417120573982435
-1.642291308720966,0.4428124861978177
0.31887917303399665,-0.41215793251984406
-0.336379414393296,-0.3108182898271674
1.6223638091029096,2.9438074745892227
0.6867519203519278,-0.32422422058920836
-0.4398522960018284,-0.3276532862582452
-0.4389926649631679,-0.32751342463225275
1.0257416736013958,-0.35171239009153016
-0.7253320901273519,-0.4150515520946039
-0.3238591349727036,-0.3087812453756636
0.2641765373398497,-0.4319901551917976
-2.384299435697796,0.3630388784395466
-0.11675759432750565,-0.45800687571732956
-0.5413763286283851,-0.34417120573982435
0.47392534315586055,-0.27522545473622734
-2.5409683515212773,0.3784997261013703
-0.3298480823258383,-0.3097556447134281
0.1589129386521871,0.6360819360593402
0.2668255566154313,-0.4366995047163364
1.3485534062852425,-0.3122126348094424
1.522436412538065,-0.29366127012427534
0.9747145072222282,-0.3338224154908446
1.1496537257278145,-0.319486689462716
0.5929062884214659,-0.39658934204491725
0.03921098149113957,-0.463062826893077
-1.804498912099196,-0.570156153394273
1.2989289373251685,-0.3249797635366798
-0.10446758631197672,-0.2730863282022406
-0.9254102588574955,-0.539246661698753
1.5120376591434366,-0.3057483280489785
-1.4324371903577342,-0.5466281910052382
-0.5752823236529351,-0.34968769756219353
-0.44587049562063646,0.5116813910824912
-0.23509909781068994,-0.46755034333838513
1.428815867441501,-0.295294557711999
0.30675250954793815,-0.3867777529856698
0.29923813508374747,-0.4254330432742477
-0.4423022029186061,-0.32805188513322836
-0.33596719105739703,-0.3107512212553756
-0.4361938671230007,-0.32705806134364945
0.6262714364629229,3.8459143757378995
2.491856896513585,2.9593046780827925
-1.5474269644889984,-0.5283306503902954
-2.1326310335641554,0.9274474025274426
-0.4602926962068703,-0.33097893119199284
-0.8439448137582485,0.44462887451879773
0.6913189820717581,-0.38971820558044507
-0.4603091460340941,-0.33098160757229944
-0.4394296369180831,-0.32758451979445485
-0.7253320901273519,-0.4150515520946039
-0.4362732404032291,-0.3270709753445799
-0.5415069748443281,-0.34419246182687774
-0.46096806397861123,-0.3310888132581939
-0.050726550799958275,0.5660766482137226
-0.3434672375254675,-0.31197147581444523
-0.5412611114973144,-0.34415245995870547
-0.34363254268998134,-0.31199837089856164
-0.31870844153360534,-0.30794322961426973
-0.5412841505056228,-0.34415620839613775
-0.5571596401435013,-0.4972073572234206
-0.889671032390808,0.5374670717385023
-0.5414685421147301,-0.3441862088371517
-1.3090780003021159,-0.4690759605107979
-0.7645079282135444,-0.4689678721891107
0.2982175384790291,-0.41123659166770066
0.7539500064892949,-0.3380316267731651
-0.4608086598798702,-0.33106287827511727
-1.8300267779604154,5.1105913250611765
-0.24416709048213092,-0.41957682208571473
0.6139798890661262,-0.27562601890316873
-1.4729739230431456,-0.5736989099777517
-0.17326941638364368,-0.4507307513326989
-0.4611055662040625,-0.3311111848152507
1.5829716509943386,-0.2754084706941608
0.34091726354546803,-0.4126749790238922
-0.4610065566734849,-0.33109507600424626
-0.33888094631923116,-0.3112252880704817
-0.21883591727845578,0.5848273879506216
-0.33081877933344794,-0.3099135767281234
-1.5703617543851538,-0.5591291496573083
1.2808472472478962,-0.34407066965854427
0.5638536692483388,-0.39282782221511003
-0.5699194330676154,-0.3488151574100241
0.9746043000140632,-0.34293677741418715
-0.3191347452167712,-0.30801258905292733
0.4593750405651674,-0.36731007271996496
-0.37978123696822264,-0.31787974899204785
1.3607783213323148,-0.30154197244839365
1.8158141049127194,2.9054338609029893
-0.7838587911430144,-0.5401340855450947
1.0867388217162695,-0.27699676878804913
0.2432604065424915,-0.4187054027634429
-0.1287640034973792,-0.4677708407468403
0.6350603840223699,-0.3431705089287506
0.47392534315586055,-0.27522545473622734
0.7262086407915718,-0.3711979947161241
0.1906211156609967,-0.40964126841287024
1.1126991011262686,-0.3034662091455368
0.855805621862514,-0.3577917034243134
0.8027948024283892,-0.311106982878589
-0.007341330554837466,-0.41893354625325024
-0.005586714701038975,-0.45931829756742243
-0.5700689888172352,1.0926183551283628
0.6776503525718001,-0.3322295917002304
1.2503532168430673,-0.3381662145379568
0.7332418711800898,-0.3871012842731899
0.33066279445811214,-0.4172794261060689
0.27211677333476497,0.5668826528961805
1.076699258052624,-0.3343449525988453
-0.5492790736995453,-0.5134489272939178
-0.43616906834725877,-0.32705402659275995
0.03507546999941349,-0.478127178832749
-0.7827573022193086,0.5478411267517266
1.2429981213395769,-0.3133408581138075
-0.33627792877594465,-0.3108017781578357
-0.33583320719912557,-0.310729422135251
-0.4601556580763456,-0.33095663514299484
1.2533606789959788,-0.2559546583760885
-0.44239888819316686,-0.32806761578870897
1.10556029592649,-0.32076564890184056
-0.4600241749348071,-0.330935242888482
-0.4608746073756308,-0.3310736079062874
-0.04359903413942707,-0.4586596058257777
-1.1889098610492328,1.513559509313801
-1.6621915259191282,0.9916566019016257
0.3538643274136095,-0.44730644422374277
1.075702377163207,-0.36835855755996777
0.16184144178477378,-0.4500880956569936
0.23761326386735257,-0.44293219460020555
-0.4392336546943948,-0.3275526335650868
-1.5036088786170565,1.8427288081581517
-0.3374525419936224,-0.3109928872583082
-0.46032011321104804,-0.3309833919276011
1.0505954422517672,-0.3151955152149824
0.6426077967092769,-0.3259804973271852
-0.5414685421147301,-0.3441862088371517
-0.46117159522272266,-0.33112192771016397
0.05420905765377756,-0.35696776911401684
0.22808547898781883,-0.39318065068193814
-1.276701258259372,-0.46380827753660914
-0.43954529113050755,-0.3276033366885351
-0.5413609631528531,-0.34416870578310405
-0.5412687909213845,-0.3441537093979286
0.47392534315586055,-0.27522545473622734
-0.5411766540218693,-0.3441387187612478
-0.33681530736418996,-0.31088920943910103
-1.3547442160375749,-0.4765058355367573
0.08123617094909313,2.819643505889669
-1.4428859768266213,0.4118221805700278
-0.2916770067633384,-0.3035452259942871
-0.5695660310788946,-0.5043689812306755
-3.248582909139278,0.8764140173251902
0.11525024558429658,-0.3107418975622012
-0.32800057442792263,-0.3094550559177524
1.7093298348397976,-0.2737524462100753
-0.4610670576513527,-0.33110491948913473
-0.9358038271803866,-0.4288198107027495
-0.768623332801079,0.5280084391495092
-0.07873914135415788,-0.41056687362190175
-0.5412687909213845,-0.3441537093979286
0.887695508117162,-0.33492322791863477
0.5966992693794418,-0.34113179114834974
0.020947229787957735,-0.36882661549560264
0.3061991663180497,-0.4021398787872351
0.3910740631392206,-0.4162126210346715
1.852565855681548,-0.2153958027861169
0.6627458770945199,-0.39581777318388056
1.1782010036706927,-0.30508278873800715
0.3824656704356542,-0.3669044844376651
0.35582597672357796,-0.38000984657788905
0.010755981387582072,-0.4482342871126911
1.7562955586767555,-0.28183699227413883
-2.5264038897652594,1.9738981728740816
0.7536880885427586,-0.3700300260670258
-0.351880116012745,0.5658811490066916
-0.7323983588325861,-0.47941829497185406
-2.477118034394845,0.33595998324782755
-0.30124733716257956,-0.30510231492049494
-1.8699586788333005,1.5356764851217986
1.0228237097208632,-0.3464556085171377
0.6705706128756233,-0.3999969611009223
-0.43752185182989656,-0.3272741239240432
-1.4966156076538102,-0.49958825418019837
1.2129287317835653,-0.321407812907383
-0.4403412930552195,-0.32773284588315055
-0.3234957474977166,-0.30872212237889957
-0.47639428252153115,-0.48633356454587023
-1.0639901365190207,0.4667476840348637
0.400832741180634,-0.41167722354655384
1.1531992715132657,-0.2760758925616478
0.6426077967092769,-0.3259804973271852
-0.5413148726189309,-0.3441612068716789
-2.029701291074189,-0.5863210815483763
-1.516908142358109,0.42416791273508414
-0.2677758112654555,0.5853629492424713
2.7271090786114436,10.847324720898916
-0.46034753334291445,-0.33098785317208307
-1.5202204968760862,-0.5034287602107198
-0.46052858470699465,-0.3310173101565678
1.394154109856793,-0.3272391719234612
-0.46013921874976915,-0.33095396047113934
0.021986586224393808,-0.4421574631085311
0.4892591296333372,-0.3609384876665463
1.2364504226754227,-0.28043607624227324
1.2501228402189892,-0.2996011697127671
-0.2533134834195579,-0.4538145762862267
0.05751580916108558,-0.45478502361344897
-1.9075264005589208,2.349638663804506
1.845671877669957,-0.28008334160699033
0.47392534315586055,-0.27522545473622734
-0.5708167443348701,-0.3814139047070944
0.7927715289859345,-0.3868806079555951
1.4189703272139431,-0.28352434814905236
-1.1905284308152444,-0.4497879929951361
-0.460715265223144,-0.33104768300184156
-1.9749376201465296,-0.6531790701205621
-0.19378405572330054,1.1096394534402478
-1.1507679994235347,-0.5359407669382796
-0.3438047158304429,-0.3120263833996164
-0.460621906841575,-0.33103249363051945
-0.14586125973541253,-0.4801989334212342
-0.32928152804532684,-0.30966346655870625
-0.44241924794445864,-0.3280709283120968
-0.5411843307480056,-0.3441399677615182
-0.5408467865242276,-0.3440850494513842
-1.764525028416131,-0.5756297648421707
-0.7878460304224547,0.4419727999717705
-0.5409387970397064,-0.34410001952543284
-0.7198637733947685,0.5862994677260062
0.5794505416244581,-0.43583611656827537
1.927565549942871,-0.28222763377047255
-1.6407579677986888,-0.593873435053766
-0.30133788715926313,-0.3051170473687201
-0.37185906755193154,-0.3641332421130589
-0.46117709845978805,-0.33112282308463226
-0.33241101254915795,-0.3101726324351572
0.08798885134868811,-0.43893875595356086
-0.9155810763622745,-0.42552957723715884
-0.46109456313087815,-0.33110939461964667
-0.43688927365711494,-0.32717120370846975
-0.4399983867746896,-0.32767705516852874
-0.44008910848694327,-0.3276918155548084
-2.6378736173068607,0.3627332781365306
-0.3468772166089301,-0.312526278046757
0.8918098927265796,-0.3808914015026206
1.1372039851125069,-0.2925326427931129
0.9261124384724154,-0.34639515128933673
0.26130416485113767,-0.4112213574299113
0.08392194120824181,-0.3628849486409461
0.7454616715800408,-0.37593887792757297
0.6840873768158916,-0.31963151860370076
0.6515752211783953,-0.38841723940830153
-4.171121498641117,1.161278215192888
-0.09484630237388525,-0.47809301250015446
0.3626790849862758,-0.4212390932663699
0.5047913440441633,-0.42181345843630974
0.1346178237430929,-0.39099223834086266
1.992775564418375,-0.25024466566139286
1.289762509383496,-0.33256227936558197
1.0716981109390775,-0.3567052645527963
0.24233678349655668,-0.3741886864603337
0.47382971618469316,-0.42197706402797086
1.1467175203046522,-0.3479494597722192
0.873220392992125,-0.2907809909200597
-0.4397012609967539,-0.3276287129233591
-1.2430988554219642,0.589662573749705
-1.9770944147343734,1.083284686554701
0.6420870664868548,-0.39071022873714145
1.59189719937642,2.923228635055448
-0.2104990695883494,-0.29033760810080317
1.5109104366218167,3.0035499390147273
0.41021327825767245,-0.41346039439158455
0.08383821955860457,-0.4435865088375222
0.3797886227905668,-0.3836531330278604
1.4313045887139726,-0.31031098906522353
2.006801893301159,-0.2700143723981773
1.1398011048510783,-0.31949325612047236
1.3405368680937781,-0.31478714823151716
0.9877093649199452,-0.3550835657413921
1.2289646087156387,-0.3362573964232318
-0.8639562608648803,-0.3966548316282417
0.8714701285026862,-0.36518603860260107
1.4198952997779564,-0.31924479802014416
-2.7192543880844973,2.1000496578993255
-1.9229629985735546,0.4215672100825313
0.7895692140240228,-0.3781826558397606
0.49867670282955506,-0.37289305432367925
1.1915486750313922,-0.3127929952498575
-0.06483408052022788,-0.43522470134125835
-1.5794711437236966,1.705007289871706
0.38860951224745743,-0.3832679671445517
2.0877396742492182,-0.25816274386772253
2.0812341509892494,-0.2580708284183448
-1.9027473160555368,0.4618626243892919
1.4198692001553956,-0.2887410733917296
-0.8621543561440617,0.49425785091113783
1.1273143681740578,-0.34822652379961516
-0.35309346670788566,-0.31353765945030704
0.4760187868051408,-0.3905132050742876
-1.1743190883798913,0.5684002592109616
1.2794962933972447,-0.3205722666666639
-0.5277965827662002,1.07011944100579
-1.5659131669095323,-0.619831592613623
0.2019568955946703,2.775722157361325
-1.8258969765388628,1.1078844492445963
1.8996381443827912,-0.2540563563406265
-0.8663342021819753,-0.5081467107632893
-0.5415992384755548,-0.3442074730827573
-0.46050663182236284,-0.3310137384310231
1.7773189941336884,-0.29778988430973496
1.2036500625544972,-0.379648687150187
-0.07254812546290307,-0.45680760597202386
0.4094960022570359,-0.3808836886026641
-0.5413840117345139,-0.34417245577811695
0.8314652658382171,-0.3590843497946761
1.5656369155931666,-0.2948854006277969
-0.4604846809425608,-0.33101016703166336
-0.012145775799207757,-0.45245617785583436
-0.44241924794445864,-0.3280709283120968
-0.4613037077007537,-0.3311434223574723
1.2068729834169287,-0.30926642373530167
1.1900609856357376,-0.31576192919633556
0.6341048449375066,-0.36081901767221397
-0.34429151853475126,-0.31210558600480404
0.397784821778832,-0.4230523751551456
-1.6291015917994764,0.999483015267502
0.4423769807511762,0.6302117849063631
1.2539923031878193,-0.2684292023951552
-0.5409771451521806,-0.3441062587479867
-0.5413609631528531,-0.34416870578310405
0.06279673786809337,-0.4669921953894066
0.4188870842150192,-0.3762535042238813
-0.3155941077122758,-0.48949943490910747
-0.1134480207430128,-0.43776805421411913
-1.4715875643944276,1.400079999962849
0.10366847856736351,-0.4210984212729792
-0.4610065566734849,-0.33109507600424626
-0.46114408092723747,-0.33111745114529884
-0.4363030121421244,-0.32707581919458445
-0.4607482238995677,-0.33105304536530666
-1.564561808435075,0.5168852711478146
0.37032362802504565,-0.3816347434593858
-0.5413763286283851,-0.34417120573982435
-0.5413532807834182,-0.34416745586467123
-0.4608910970771205,-0.3310762907741211
0.7719934423875032,-0.36416350247897195
0.16820426983996933,-0.39569596068055574
-0.3341857697684084,-0.31046138472452656
-0.32867507781799066,-0.30956479734940123
0.18848181017629795,-0.4270140121157731
4.570503697706879,10.518447273984812
-0.20537939899296087,-0.28950463974366647
0.48993734331195943,-0.27480944122397855
-0.5411920077193301,-0.3441412168016806
-2.696126632132218,-0.6947482178558142
-1.7681857008260538,0.42232951898134186
-2.1108411617592964,-0.6199979148253267
-0.07644192723368007,0.5358716817646317
1.6478601835885345,-0.2899156117718564
0.6709800845567405,-0.3830510042994724
-1.4034648832213767,-0.5743671633409335
1.0265881767209653,-0.35975356346064047
-0.03751732055196489,-0.4417257051165103
-0.2982586046123993,-0.30461604933057845
0.6604389458795304,-0.3611805252027756
-0.7648579588837968,1.0586586762088914
0.5024993126028466,-0.34407458137381
0.5016101253121722,-0.4177797009498863
0.5457637882789642,-0.3407549568767403
1.0494720012263659,-0.33918827518764133
-0.40285742463940466,-0.46739746408021277
-0.7212323694444037,-0.5373521468408751
-0.3268896835051006,-0.4904534863088361
1.1028715935596831,-0.30516856231632933
1.5245194517942995,-0.29045339952496213
0.47392534315586055,-0.27522545473622734
-0.4132585476857211,-0.37625465794830726
0.7984215149223356,-0.31263383182172705
-1.7695287033076248,1.084602789629524
1.5382521448076105,-0.2950086795030693
1.2574909184193224,-0.34024498039069023
-0.640055635224471,-0.36022628943461676
-0.4606438702575736,-0.33103606706951333
0.21762928410194923,0.686148245302605
0.6965917309734507,-0.37297506506526673
-2.637058979704084,1.3494433467814027
-1.930753042614312,-0.5906976499061044
-2.146182974940179,0.38130492253186865
0.21401931409854055,0.5676629437074614
0.5484363405175777,-0.36812671183420037
-0.4552117274236267,-0.35062766839034215
-0.575014265431564,-0.4787165723139535
-0.5412841505056228,-0.34415620839613775
0.12420732548720409,1.13630121474119
-0.316877864158596,-0.30764539540789587
1.801968901325689,2.9346930504913855
-0.44015969349964446,-0.32770329970812895
-0.5411382740684662,-0.34413247435818756
1.5744944124692788,-0.3116984528385179
-0.3235081619353237,-0.30872414220293043
-0.440063904576378,-0.3276877148886453
0.48210400168019685,-0.3778278283732296
0.6266807250126092,-0.38080777841671204
-0.32973976086407175,-0.30973802085494556
0.6642998779661915,-0.3614902023660429
1.2454908843833612,-0.29584503376385074
-0.4609735625576241,-0.3310897078747989
0.19511291147767643,-0.3156533864400903
1.3358281303151758,-0.3299606053405256
0.9767516274017929,-0.37578804546334726
-0.43679975145603456,-0.32715663848217796
1.1859440673649615,-0.3402373270381775
-1.1667656757864482,0.48963401438947407
-0.4609295774471476,-0.3310825515149259
-0.4886046487429274,-0.3355852745400461
-2.427926906543989,-0.6835649849407657
-0.11597903656251729,-0.3159100541237536
-0.3036556559210498,-0.3054941474187638
-0.7530151275011391,-0.3786047536251536
-0.27343488805176347,-0.30057724057984264
-0.5701964477304653,-0.3488602275848171
0.24070685197438388,0.5841710067280378
1.347517891924761,-0.28696069193629536
-0.2039445325338506,-0.2892711875449582
-0.4395905622792984,-0.32761070228632727
-0.4606932952826628,-0.33104410850131694
-0.44229711529711213,-0.3280510573792472
0.8833917285947951,-0.34494628639429575
0.16005500530300246,-0.4177552424495586
0.7464226360713792,-0.3435143984443825
-1.256435107225435,1.4559643663473296
-2.107676367586098,-0.639958412865937
-0.6724872612088323,-0.4859524231827568
0.7316559273640828,-0.3685689259118825
0.6855469960660113,-0.38915409327326433
0.747440814900526,-0.3510969907318721
-0.7271314000695374,0.47678286017199445
-1.3173305747313577,0.9952305217273723
-0.4366754703529322,-0.32713641799643667
-1.4966156076538102,-0.49958825418019837
0.7193184815251967,-0.38895650561982825
1.2033631222594208,-0.30354995711743793
0.4792375661386641,-0.35132805396915057
0.8120027044483926,-0.3030310262280961
0.8126252817526496,-0.32678479747728695
-0.3436426671085444,-0.3120000181374104
-2.2051348260984116,-0.6558148650660451
-2.601808619228785,0.33614828377877837
-0.4071401110713605,-0.48483693304910125
-0.7462612495356339,0.46577262707425116
0.5212976622407691,-0.36167965823831244
0.47392534315586055,-0.27522545473622734
-0.1689921809268416,-0.3160372090383064
-1.3122107020605012,-0.5669439151721696
-0.33266952895314483,-0.5081527535558077
-0.46117709845978805,-0.33112282308463226
0.8556762779848124,-0.3578720049546995
2.549232072149949,2.9869438582148433
-0.4611055662040625,-0.3311111848152507
-0.3019159466806487,-0.3052110974215281
-0.3322886531606152,-0.3101527246116057
-1.2307263558670245,-0.5297317520003394
-0.46099005904942336,-0.3310923918474133
-0.46118810531193255,-0.3311246138950716
-0.46122663326419466,-0.33113088237748695
-0.4398925880367339,-0.3276598417562007
-0.46070428000188746,-0.33104589571073906
-0.3366415109039227,-0.3108609328245635
-0.3282980092770964,-0.3095034484486888
-0.43992281149596024,-0.32766475910092235
0.7481703461540564,-0.36090381504816577
0.011846590324822655,-0.443999053750651
-0.30230493509236145,-0.3052743856804527
-1.0524180299368766,0.43323762460601606
-0.541238074697111,-0.344148711880531
-0.9891432344000473,1.064424115696424
1.0577847202743413,-0.3361286694718703
0.8765874454821921,-0.33720461996791784
-0.2900026822189433,-0.30327281406092665
0.14947746563691353,0.6123584492939637
1.300684579646961,-0.34593505823111037
-1.1429449034766666,-0.5200033205616391
0.37977194744311954,-0.36375778020081095
0.7179130551516311,-0.378980618350369
-1.1955412039318616,-0.5263715850926513
0.9621274914543745,-0.35361192506278405
-0.02328829719568046,-0.28035389913458425
-0.5059098758981665,0.49267979863972194
-0.7996370087771056,-0.4876293097140702
0.6797382655516291,0.6169781043522967
0.30319483162898453,-0.42011276011377957
-1.1234956972536019,1.48341611740777
-0.5739857745299256,-0.40695848917562255
0.636501535401519,-0.41782176321455267
0.5586700300327748,-0.3808084778262417
0.6361556513774965,-0.3783314632664254
0.5391868990408224,-0.4103543023623321
-0.43949499985240914,-0.3275951543177135
-0.46075371745171023,-0.3310539391640419
1.8334866030594006,-0.25311325090693454
-0.5458207233252665,-0.4206623228958959
-0.023105700761265755,-0.3483420264687474
0.8802098561099917,-0.360686037669933
0.7236334879875231,-0.368926545553564
0.36360174197746215,-0.3332612376902388
0.004193110797765848,-0.35276554160401064
-0.3321438343954476,-0.3101291626564649
0.5197992233670301,-0.3791036275731301
0.6494967259391216,-0.3764289720223839
0.23424375309632728,-0.3787459001314129
-0.21840830176317388,-0.4805882723116656
-0.5415684799965742,-0.3442024686905357
-0.12488066403302156,-0.3973535273788499
-0.2242460023857723,-0.29257422856584875
-3.3218634391407686,0.8440158956324003
0.3149479104277672,-0.4232428913816317
-0.4444742493547085,-0.32840527621919674
0.47392534315586055,-0.27522545473622734
0.613817909805878,-0.3796674356165777
-0.005360812509055542,0.5705760248929092
0.2024598830074782,-0.4190571636587341
-0.5408161241777558,-0.3440800606998834
0.7408265973211609,-0.3796390205921224
0.816858147921305,-0.34515635947374324
-1.6847142716223809,0.40670693322032314
-0.4610175557186368,-0.33109686554449097
0.9009466472894216,-0.36789122133905916
1.0655324729313185,-0.3456640662342767
-0.43688927365711494,-0.32717120370846975
-1.8699586788333005,1.5356764851217986
-1.2130652309220489,-0.5292227372713839
-0.4610725584954597,-0.3311058144742697
0.446700725137683,-0.4204447137967892
-0.3357940065357512,-0.3107230442030069
0.06615646688911778,0.561787335629706
-0.4612046165352719,-0.3311273002645016
-0.3435077099125585,-0.31197806065562916
-0.5411382740684662,-0.34413247435818756
0.9664696605304828,-0.32901726829796135
-1.4645197172110822,-0.4943662656489441
0.557444178536453,1.1724918569258334
0.3110995405105239,-0.40233883738362175
-0.5409234595076419,-0.3440975241151036
-0.8635743372084483,-0.3965926928021742
-0.011026129023769152,-0.3432643595058809
-0.4606713273501275,-0.33104053432748437
-0.39572575138152943,-0.402375550251143
1.7430403148914644,-0.2974048293082111
-0.8611501041191902,-0.3961982710486546
-1.5540497029860287,0.4279660062495594
2.2848433469246703,2.934128966343392
-0.3322822149179192,-0.31015167711209546
-0.4423785301662917,-0.328064303545883
-0.6149204725654913,-0.5381997146896199
-0.46109456313087815,-0.33110939461964667
-0.3006116188362222,-0.30499888380319135
0.4192012403128326,-0.41945177116841853
-0.4607701988615198,-0.3310566206828226
-0.31694731683814137,-0.3076566953310651
0.6554683286903955,-0.36967286682002126
-0.38355635310975356,-0.5030025205971638
-0.3359704598895802,-0.3107517530930637
-0.44015969349964446,-0.32770329970812895
-0.30204080865534977,-0.305231412414846
-0.46075921112941276,-0.3310548329832057
-0.4399631153541419,-0.3276713165225202
0.41342719890918833,-0.38606456838854875
0.21092577847471544,-0.4124570394489628
0.7052018793322076,-0.37350728517868487
-2.6813655101679266,0.35565716457213864
-0.3366546232346047,-0.3108630661955183
-0.32380008595488463,-0.30877163812409403
0.43476753269415885,-0.42402305418557995
1.248693813674125,-0.29885514117650536
-0.2631181669735758,-0.44444865830764
-1.4013472520720143,-0.4840881308504743
0.3796297317148624,-0.3896817417472831
1.4201488322029248,-0.31779345565266454
2.6902314190098013,4.864751725487507
0.8330650069789639,-0.3693926120789973
0.6611276830178572,-0.39783002340154483
0.13947351750111037,-0.34450219726383174
-0.46121012052844057,-0.3311281957619876
0.47392534315586055,-0.27522545473622734
0.7750849714494776,3.786153805833823
1.661200179925039,-0.31004936117498166
1.7118514326029957,-0.3003588351890857
-0.5410692055919768,-0.3441212369447018
0.840954896302854,-0.37458748223418437
0.45595429354419587,-0.36956112842364086
0.12981729534108985,-0.46909695898917914
-0.46118260182285564,-0.3311237184796011
0.49315103706084923,-0.3883982010241546
1.7742024250040482,-0.2548484678811095
0.8401597017331993,-0.3332405969365799
-0.3302371675582424,-0.3098189487250404
-0.4401697787651878,-0.32770494057679705
-0.3536416853301487,-0.31362685440076915
0.34417815052699824,-0.44725997287243296
-0.5415223496569899,-0.34419496330274524
0.16779193077122276,3.7522857851077256
0.9023988545513394,-0.3269844844729633
-0.29016202610008446,-0.30329873924662387
1.1159890167368145,-0.3450622375059963
1.5227209825325272,-0.25854825793007835
0.8282170777981048,-0.3266360727723179
-0.9296045597804193,1.0257683840071277
-0.4425872817279759,-0.32809826734143316
-1.2748481603041,0.5315688106513649
-0.5411075745175379,-0.34412747955353656
-0.09068794142195236,-0.3183868124076548
1.091918917152298,-0.31729633773449045
-1.6113964632276645,1.038615715565007
-0.9257322389296847,-0.563364169559315
1.1893493280633594,-0.3390435623283332
-0.43718792202893864,-0.3272197936790557
1.4450101905219437,-0.3348958541508194
-0.4522321580082781,-0.3296674848526587
-1.1154384669133934,1.1184515979055119
-0.7057618144585303,-0.4881981713040868
1.2939162227137875,-0.31059562377387073
0.11433508730677586,0.5306791082589617
-0.3359181639084837,-0.31074324455786656
1.1282643412395537,-0.34928602714758494
0.5217752211586333,-0.3469774906456001
-0.05266830215678234,0.5314085252333478
0.18895516353537858,-0.3702472564744663
1.229294643152557,-0.30887799042516306
-1.6615923628889189,-0.5264299062383819
0.7090289722876392,-0.3758872072505213
-0.4607701988615198,-0.3310566206828226
-0.5220880447385549,-0.34103300966952055
-0.07972784637099584,-0.4035816616603906
0.2817374863386573,2.7956395352251096
-0.2126342159693324,-0.29068499556256994
0.542531468668293,-0.40295566333003685
1.2787819716820787,-0.29621227113126203
-0.46051760801405206,-0.33101552425301856
-0.4438487332101473,-0.32830350499278876
-0.3031960150348293,-0.3054193640305097
-0.9435436542228144,-0.49150530382372615
-0.33022944191245085,-0.36729943140246574
0.6515529355090298,-0.40283659672949024
0.6318121466014254,-0.3727076125806728
0.9298841325547047,-0.33641038829365927
2.928951257102397,6.262994917723718
0.07621304195607148,-0.4184529147243623
0.9403373351228727,-0.37224249817968436
0.026026143393623052,0.5693874317713816
0.6826558306010744,-0.3685440415754262
0.7963736240133092,-0.3784213848837574
0.36147297918183036,-0.40691350700693346
-0.46122663326419466,-0.33113088237748695
-0.2893717464225076,-0.3031701610593275
1.7667169109620984,-0.2823016767009441
0.639629731395289,-0.3479686979807669
0.8758084328182691,-0.3378427587480067
0.39966937043573597,-0.4261269820069885
1.1160675045036852,-0.30139002590910685
0.47392534315586055,-0.27522545473622734
0.6633566059438212,-0.3979235024342429
1.558760719090523,-0.2657760296201857
0.8053947430311352,-0.38983691511118135
1.856573572668665,-0.2767100127830595
0.20194327459463102,-0.4152800099744731
-0.3296314881964044,-0.3097204049352434
-0.8219788869629525,-0.6025460664708429
0.5397608753845469,-0.3730823417410852
-0.8298856534855155,-0.47808960977325404
0.4714602024119981,-0.4455417781637213
0.801064046171389,-0.3401268900152211
0.8343023551571633,-0.32751171284494074
1.320437132834435,-0.3279052142167888
1.4274960943548791,-0.31415200218073813
-2.7652745088844117,-0.7059985497325655
0.48637248772375025,-0.3862727891655223
1.7502925609920637,-0.3024738508121928
-0.5409234595076419,-0.3440975241151036
-0.3031617912589315,-0.3054137958358664
0.8379706933610965,-0.3893891499041412
-0.5537276849722376,0.48714195250669595
0.7605732594110526,0.6522280769716504
-0.5411382740684662,-0.34413247435818756
-0.5413225537608561,-0.3441624565903964
1.280429662836162,-0.29165472012167853
-0.36491421506959487,-0.5033723071206738
0.9521494962810094,-0.33519692690520175
-1.0025376746876062,1.0432953040874546
-1.2556474241670632,0.48815177988590136
1.284308759074349,-0.3232865787039865
0.18269890130298694,-0.43986794860699
-0.336762827264929,-0.3108806709479522
-0.9274269116946622,0.4407785210617786
-0.95756106287174,0.5161749027976185
-0.4370435289832111,-0.3271963009882974
-0.4423072906477896,-0.3280527129047306
-0.32967924953775907,-0.30972817568636923
-0.43681466950763614,-0.3271590656432038
-0.3357776748127168,-0.31072038703820465
1.6539640783460086,-0.28626530849129805
0.619433045785605,-0.3927160729752436
0.9698194156585161,-0.3376309160417648
-2.98519804223091,0.2737709780768608
-0.4371132251410944,-0.3272076405252948
1.264241394092212,-0.3104801030102288
-0.8572492300610886,-0.5460318134164874
-0.30214017701993334,-0.30524757960799964
-0.4608416313660212,-0.3310682427227199
-0.43689424809049426,-0.32717201304678994
1.1488052042786383,-0.32641104463159243
-0.5414301155293552,-0.34417995684708835
-0.46118260182285564,-0.3311237184796011
-0.5414916010150564,-0.34418996051100736
-0.4609790612624267,-0.3310906025118699
-0.4367898066026572,-0.3271550204585131
-0.11442860701157578,0.5523599750914528
1.3111949702140917,-0.3109831941999936
0.39657945574901726,-0.40459390736941014
-0.15846651245660337,-0.2818719318772799
1.6418319786278601,-0.28066584665799904
0.9774045268469461,-0.32017302856255986
-0.4425159803211317,-0.3280866666310722
2.4713426827666,2.981066651545245
-0.4935845202484759,-0.3363954976412091
0.03158476092392375,-0.39974109073320785
-0.24236074353670126,0.5114731091974595
1.03833288034689,-0.3583946942346259
-2.6630336182880225,1.7440253617292896
-2.7931476523134506,0.33747025477680004
-1.8699586788333005,1.5356764851217986
0.5179974809409232,-0.37550839667267144
0.21409183891276656,-0.42382623028464117
-1.586453079918783,2.0539206992332337
-0.6288999450160745,-0.512459269679969
0.07749897274559847,-0.4650933105433661
0.32837891664921237,-0.4364367744108984
1.312971934253438,-0.3014589783740472
-0.46051760801405206,-0.33101552425301856
1.1380181126977875,-0.2964652544553813
0.5836414553806559,-0.30934055847589004
-1.3804843824525355,2.00143149978877
0.47392534315586055,-0.27522545473622734
0.7297455290072508,-0.39397028482570073
-0.21264791399169736,-0.29068722422532717
0.29499589107766083,-0.3275245877284127
1.0214181703505751,-0.35293787585130126
2.1473671385131743,2.944767364869898
-0.3358952879941536,-0.31073952265575927
-0.33112613145631165,-0.30996358279552055
-3.4251732574115583,1.544257531511083
0.6637274020488007,-0.3978820272241252
-0.008296735571831807,-0.39682274405285684
-1.4517962722328273,-0.5702533146655504
0.7383086579500878,-0.32463392119797185
-0.26287272735301215,-0.41195597026662756
-1.5942299480175106,-0.5564208858674227
0.31805353391038804,-0.36744500055252305
-0.42519547952443915,-0.3827503677194803
1.3818632927740564,2.835976572706353
0.3143369932691234,-0.3999056519985762
-0.17774044933922148,0.5306374407066935
0.6416872707769569,-0.2874260183270636
-0.315746065376039,-0.4069303989494075
-0.3572421337814492,0.6808629439691952
1.7682591194734956,-0.24964206337507402
0.6008205716947115,-0.36669753223543683
0.22725285866829134,0.6019766773925245
0.521499916506615,-0.41788351919276306
-0.2494036000899927,0.5345665217344066
-0.3916607831276764,-0.3198125463983659
0.35416988570930336,-0.3066869660671979
-0.2808867902243941,-0.4794334289417551
1.0497358330205675,-0.35273480823034886
0.5382930771025669,-0.3329970453859667
-0.5985861792629379,-0.3739546343305997
-0.30051288026006295,-0.3049828190763623
1.3098298271352635,-0.3037594118775248
-0.31784293830723187,-0.30780241258568625
0.4142933625460991,-0.41005144580475167
-2.1689237997740616,1.64684537743
-0.5406628710906548,-0.34405512648393916
-0.44240397796931463,-0.3280684438932514
-0.1640493352796252,0.5427748464343063
1.1061988063393526,-0.33988094920192513
-1.1612663707575346,-0.44502706753351345
0.7656760846761886,-0.379474716564306
-0.4611330760908614,-0.3311156606628243
-0.9918358576331241,0.6100675541561715
-0.4607317439964401,-0.33105036409166255
-0.4371032673097204,-0.32720602039011504
1.034597618200938,-0.3365254126212766
-0.5410692055919768,-0.3441212369447018
-0.3303425202374074,-0.30983608956378167
1.426607900255701,0.6733901064437926
1.1924800822529222,-0.3184533249871184
0.8249119249705342,-0.3558126197152952
-1.3509235126158157,-0.4758842086189638
1.1978517179846808,-0.3223011417819418
0.8269717763437026,-0.3551643182634557
0.7504469013418222,-0.3137268007546466
-0.9950436311403139,-0.5246483815285359
-0.9224328812180624,0.4987386235930479
1.1956669176051544,-0.3315016376367059
1.6762113353835426,-0.2512329296376202
-0.00930236248315586,-0.3225084945933837
0.9833064077254967,2.810076664721291
-2.826122840690979,1.9356701155607425
1.1640071100666545,-0.27569879339716813
1.585145441513458,-0.2959243401683875
-1.2710461997990918,1.4332135415181135
0.3179804083177596,-0.4234500859468952
-0.4607262509464791,-0.33104947037463206
0.9927302777387126,-0.34212944324856887
-0.11442635377490543,3.7355400455687984
-0.4988583373540145,-0.41521069399690386
0.47392534315586055,-0.27522545473622734
0.6416872707769569,-0.2874260183270636
1.4364380527545308,-0.30339008122167854
0.95378239773227,-0.35859653855162427
1.2510504824776845,-0.36129842997744455
-0.44052808012569966,-0.32776323606477126
-0.43674008850677903,-0.32714693134420936
-0.4609460709203411,-0.3310852349964143
-0.5676267372706155,0.5085072796411223
0.7376037228710454,-0.38132869117222773
-0.3381013642007119,-0.3110984503717632
1.0380970875470428,-0.3602676475025306
0.4841709971090974,-0.3489748387649932
0.3589670876876358,-0.39700785108312
0.6022023310263107,-0.3881856436093479
-1.7731712542111706,0.47096725147223184
-0.019458670220029565,-0.43579544715063423
-0.03550623012602717,-0.29431909825994157
-1.8510688645327478,0.40705362398533035
1.0176400269666326,-0.3059137211128274
0.6458310126468962,-0.42679123518563866
-1.25699986241227,2.4697764660450954
0.9385652920143674,-0.3463252007815536
1.4617183088059027,-0.266368908612282
0.012779361778978229,-0.494022088660673
0.03990374459283668,-0.37673826643665453
0.1265819247780212,0.5430844068464253
1.618178893444843,-0.2729885708245915
0.8089586152480284,-0.37478837049994057
0.2983357616514743,-0.3978144686818529
0.5754650127662227,-0.397369601230574
0.1755961070910737,-0.43005839230579346
0.7660101461301587,-0.3964144017147631
1.720292554302441,-0.32436155508816605
-0.36429945147709697,-0.4372754721360526
1.3808284575197287,4.789675807195814
-0.062293367463418466,-0.4646312692740456
0.7854502185349463,-0.3831667529756321
0.11440958212380177,-0.33985214441626416
0.448311807249183,-0.400715074279187
-0.44189201315912785,-0.49715491681229856
1.4890568457157125,-0.28022000177540535
0.3006508384746982,-0.38911198819886933
1.7077391120365457,-0.2865379025495631
-0.09917025945529612,-0.39365872663229173
1.1133404350208485,-0.32103413258591135
0.32012783360738195,-0.4010577309086135
1.389653997555023,-0.3119807809912773
-1.2410487178686105,0.4473688495647271
0.04456023967957897,-0.43523309972481333
1.233517676219746,-0.25705124209425567
-0.9470755695317281,-0.4920799450311237
1.1899797374974392,-0.35579531276125503
0.9779801570820444,-0.3177588097818003
-0.6007503231081689,-0.4874039286740191
-0.02991395629898755,0.5554578510319444
0.057485999250375,-0.4144265503698508
0.8496118852998872,-0.3495054922866534
-0.22537814315129345,-0.34568659131445284
-0.1952473081398381,-0.45750315000518454
1.0523742126023024,-0.32488916590268946
2.425704945811521,2.968377691266681
-0.6206760526897039,1.4752901776156582
0.1794942073957942,-0.35947914718776053
-1.1207014028986435,-0.5118307361809495
0.6187185448998658,-0.35117595696271103
0.8236907375552837,-0.393625160394079
-0.9165887546098856,-0.553231135027439
-0.37005203843175183,-0.4101757937548628
-0.47576243442261357,-0.4815088691379587
1.0123296212157502,-0.3599197494300975
1.5253887220957596,-0.3186732284011634
0.3388871959480979,-0.3877727962193369
0.9519357935700586,-0.36531405721175736
-1.7937525278239541,0.41157819711727167
-1.1357373416132408,0.45373149437060556
-2.756998347851507,0.915443811157577
-0.8098947098270586,-0.5165552187246389
0.46302335639923875,-0.2974746124050308
-0.8639659564849647,-0.5225749953049781
-0.4478461551715634,0.482642238006981
-0.5360592683559829,1.1437844235497248
0.5147554441760316,-0.35159888941908923
-1.6057078276881709,-0.5648799416393095
0.13785933222727037,-0.41064632450182487
0.33206417654397063,-0.3844350110305046
0.07986125089194085,-0.32105324857487466
1.3961436314991122,-0.3399007668935702
1.3162008479696474,-0.29672910567692423
1.5883801319619417,-0.29640891614083414
-0.22883483096012713,-0.4618092556534998
0.7569966468690943,-0.3988968686394027
-0.8999149747529547,-0.44345611756054654
0.034402515725943765,-0.4085848803392611
0.5185466062192796,-0.38941848394065287
-0.18762732557119138,-0.4597426657580622
-1.3940332144350511,1.0071144146177367
-0.28984859029776733,-0.45046234031069166
-1.5919643129608936,0.5329023034132315
-0.206804984005464,-0.45126182468479853
0.5136247136429379,-0.3282861562860962
-0.43993281709660326,0.5510715330146959
1.0269609275791296,-0.36504871629074415
-0.3946597382423378,-0.48545694867549877
0.8349466499195191,-0.3651002632307707
-0.9994900201048551,0.5046543436260946
0.7036937538625454,-0.3915861123321645
0.435482817450466,-0.4317103082461538
0.8514053882243301,-0.3481862189017712
-1.2255473760036164,-0.5424636136954282
-0.5372196014720122,-0.39103733480971115
1.5227563898560714,-0.254085783364484
0.49323645100138014,-0.3974855758193228
-0.7157761724542395,0.5143088283209467
0.6489637146118112,-0.3853801933588336
-1.6740923439700734,-0.5284636481581819
0.4672162815359464,-0.40835621728564303
1.6108539284047971,-0.2980958405368493
-1.061862963246118,0.6191495808817453
0.7884853382381426,-0.3071995877949218
-0.4178850245225241,-0.4856044628092541
0.2221903818636454,-0.45263571422165466
-0.052284145330218586,-0.4126091209654721
-0.42657085316543764,-0.4742828258059135
1.3281210842043367,-0.3320990244491256
-0.8634940761732393,-0.48920141458354977
-0.09566241782354584,-0.43862696517216443
-0.48351474929692456,0.6148140466451253
1.126376726517691,2.8320178049859748
0.3708792129870689,-0.38534462275404696
-0.36802759418328335,-0.3159674360143807
0.6198689413460347,-0.39108619703738495
-2.099706404393656,0.943391209365982
-1.774489255009196,0.42980199569754146
1.3681717187181033,-0.3449472349700068
0.8319189551968235,-0.37827427391830093
1.4256923813569,-0.33862917238503976
-0.5455677193493603,0.4335359202731578
-0.9335101089001947,0.43639551081159783
0.9173739847273052,-0.3730062149845814
-0.8548346266438411,-0.5585088128257798
0.12352930557130767,0.5445133760434383
-1.7612575392099692,0.9615962491512806
-2.312522728951042,0.987759816487358
-1.122113409634029,1.0960580173633687
-1.3397760587940868,0.4091092917317773
0.9681612254306778,-0.3109809711111539
1.414827688731181,-0.34247901640708
0.033732319074438626,-0.44010175219359454
0.9118262915871633,-0.3808632041966352
-2.9865045905836873,0.9190540548785893
-2.6766738930510776,0.9489879765963944
-0.546485652805719,-0.3450024907388839
-2.8332266491921114,0.9439923146059317
-0.3454776226366453,-0.46713856964333655
1.4206044754486455,-0.2970585818547762
-2.8602775627394945,0.9191157330105698
-0.7105700250461919,-0.4959046083487356
0.3269000129343403,-0.3921119724581777
-2.9946188508477967,0.9177338679806933
-0.46673311416865004,-0.3320267846171194
-0.9540745156726347,-0.4113170356229394
-1.7226358345988044,1.0771425688015093
-0.41094013904645554,-0.40833020890341787
0.58856462474774,-0.3968857189779164
0.7815069003415175,-0.3802555806326026
-2.5740111290581082,1.671531232771327
-1.3404966471137592,-0.49466317056042386
-0.005206755843742366,-0.37003381981198075
-0.3249754971702826,-0.40739543426765484
-1.419033106398596,-0.4869656122720801
0.5810286825367388,-0.3932386723383305
1.1541859632511626,-0.3232844384142634
-0.7433780001146909,-0.4784759915178016
-1.5821132835540266,-0.5134986918356517
-1.5791276472389701,-0.5744391563603626
0.0779647821914948,-0.4273351204155988
0.798498632771946,-0.373966984678869
0.6122501947274454,-0.2720368946511097
1.182928033904979,-0.35577132712943915
-0.47411809362679286,1.0774221174171124
0.24531264531753144,-0.38938754497726785
0.46520864104466747,-0.416758426857742
1.0018252159602299,-0.33132973215408096
1.289497908322383,-0.3240859822886044
0.01648107509489946,0.5384630993381497
1.1903062943109899,-0.33686201305918373
0.8582540579909642,-0.30358795198768385
-1.3576973128729874,-0.5743445685490335
-0.8486249677667083,0.4666027016835261
-0.3376501538173017,-0.4831237459859714
0.6200549858030749,-0.3594663607838267
-0.27451575032246506,-0.40122368725269536
-0.4931760841251859,-0.43141389907706457
-0.9385807237124015,-0.49873069662101144
0.4334751633799815,-0.31573673426900545
-1.4241187426261444,-0.4877930432511887
0.8184890840139288,-0.36353074729546275
-0.7786817092024564,1.0637088626427134
0.5004687189195545,0.5603817388762165
0.8157963363552448,-0.379268594095122
-1.4088913857744862,-0.5815589830884734
1.2802289375095868,0.6682347263355383
-1.1318375108660303,-0.5301734985555486
0.056646155521323426,-0.41486513497212196
0.7181840168547043,-0.37608040495387157
-0.36560820245391995,0.5982220656799684
0.026135027569647386,-0.39068844744706643
-0.12112508648837028,-0.47627455944994684
-0.39115088679706045,-0.4096640812192875
1.4539716684931243,-0.32832075478608536
2.006745759319798,-0.25182582291905414
-2.503534968971155,1.367688366027976
0.47431419028786975,-0.2812958086906056
-0.08741477302950501,-0.3277935819420922
1.5296193017685766,-0.3109810981681848
0.5318529012225705,-0.35802459639563256
-0.1870483097398509,0.5505542292324819
-0.6088178313754871,-0.5116549914368683
-0.1556666670966244,-0.4754359137051265
-0.36854358394975495,-0.4073600726883271
0.739716916633206,-0.357236378967563
-0.4649150353062207,0.5389923504113933
1.1944789084687697,-0.29854844600725156
0.3203930467354088,-0.3826694123815187
0.6509320521684919,-0.35897528958117086
-0.9508874876279467,-0.4107985074354182
0.44697920874717034,-0.41842969024564464
0.03471176918008755,-0.4454808352260117
-4.138235748982052,0.7316678562941793
1.1761990381253309,2.8880954588215997
-0.8254112476966671,0.5024692275791223
0.5625347349931331,-0.3903803447874174
0.5127088676891244,-0.295524418827915
-0.1304457773829223,-0.4877208174290109
0.2983983396330988,-0.3836269342343291
0.6967705953726676,-0.33670319461579673
0.49002003336453037,-0.3614950976110278
-0.5773246486474761,-0.41803781872250334
-0.060590120544334165,-0.41568174999486573
-0.5728234606789344,-0.48154714445798324
0.10720967097201493,-0.45976622894607366
1.1922599127867306,-0.3206351793353074
1.051292242523404,-0.35654031831592464
0.7224671555536892,-0.30752107491891567
0.3210783347435744,-0.4367921063274784
0.20106943034160193,-0.40416776032825596
-0.6984644501691365,-0.5152793243715094
-0.28348324341477127,-0.46099659567366874
-2.8301739718321617,1.5881355132755328
-0.05057196327333025,-0.43859914697358154
0.02103553166147645,-0.42727059874387857
-1.2463193254504072,1.9869407037319504
0.0418573566682272,-0.42206703137671925
2.0256657154685156,-0.27226237039335793
0.9350973170543503,-0.3549245611554566
1.3381791592340824,-0.30919988338921484
0.7377142895069706,-0.3970795455103359
0.44200941820051703,-0.2599427541685635
-1.30591407055174,-0.4685611904065181
0.7809322677620945,-0.35965216739982503
0.3477072131034691,-0.382798882983696
-1.450143120226654,1.169019451301581
0.7247384530540231,-0.3231378661144452
0.024676325159420583,-0.4250321475923887
-2.011620429043807,-0.5833793325314319
1.5877423489652647,-0.32712871866006005
0.2118235237255832,-0.4473133779319185
-0.30735513759205935,-0.4687222828928653
1.0893830238321713,-0.3517746020711258
-0.02107271964814392,-0.43965373287199605
-0.1700677884009698,-0.43666173112253526
-0.7709743132912356,-0.5285382796318532
0.6103069431989959,-0.38072493082840647
0.15027170560331754,-0.41586127514081167
-0.6930162282746748,0.6057572243753641
1.169092387876841,-0.3144015987102359
0.6203554281125331,-0.38094464635323516
-0.900434333511682,-0.4964687809218617
-1.3536464806434567,0.4937193709408496
-2.694097800367112,0.32113287093883375
-1.955904067943686,2.7478868671198518
-0.1803981173651657,-0.36913266779230336
1.3275650686903946,-0.31516401932827176
0.8306149415304621,-0.3609430724248749
0.409227072554912,-0.2544139229951585
0.518679088655512,-0.402583870270286
1.5293196402061513,-0.2880085727179752
0.4748934392682144,-0.4166592863079078
2.3959602955102546,-0.2346379852425457
-0.22681487245076754,-0.42782198174109204
-0.8853549216457979,-0.4820380203187673
0.015907003049459214,-0.43303358904531203
0.8873054942987004,-0.3028711785541589
0.19265972005436036,0.5823863460570272
-1.1789729146327141,0.5591450210826334
0.24033414667580852,-0.4330770981943531
-0.3567154627384162,0.5485774485336089
0.7139026518563361,-0.32118099803387623
1.000970054206705,-0.3608687376305126
1.7285239011772373,-0.2822149936785842
-2.3114666095077063,0.9759543003713358
0.849581416066116,-0.36773147621657853
0.41791216305854334,-0.3647849563772827
0.5078792090028018,-0.36152182694243673
-0.04351763047409352,-0.3804513075793533
-0.4306405324902726,0.5310251213409716
0.32565005693627413,-0.4118733676708564
0.48894950666138065,-0.4188532371586819
-0.09349556810272741,-0.3651801667016323
-1.469503491897836,-0.5427195507109629
0.5941850554643016,-0.39205626633664376
-1.351792760980524,0.3991053993754874
-1.0590025461970587,1.0400837500247324
1.1904996108930248,-0.3287629133399243
-0.6986243892247002,-0.5042758815195323
1.6816278816704344,-0.2886677000738335
1.2347839224677333,-0.32707826976397564
0.47497895504891474,-0.35420406591501047
0.7888598173740189,-0.339041822319678
-2.006697286362373,-0.6440045655456631
-1.1292658750495594,1.5100016754051955
1.303073311954302,-0.3211679854567871
-2.23714492133077,-0.6200720771786302
-0.8818493451237885,0.6484377245143947
0.18746535387609317,-0.36220959212797676
0.2645269433201714,0.6109603315386515
0.6716366066726034,-0.35818325271609525
-0.09785862746529395,-0.32493921714168655
1.1070652627893012,-0.3016152690409801
-0.07884563740208145,-0.4536543165583531
0.6156657634973134,-0.3879031318519981
-2.3456824979182045,0.4102726563352627
-1.959496434610334,1.7935850697540123
-0.8575965859275978,0.540599544598853
-0.695444663237511,-0.4306642884857832
-2.211820242983022,-0.6159517621456005
2.242196482652821,2.944129210294725
-2.1426723662308285,-0.6047014302688493
0.0027222315124502947,0.5709734158564611
0.898500975630379,-0.3437105277443373
0.6675373854220094,-0.39497717109535546
4.090719436575873,8.84682106028486
0.08273280784887585,-0.4051348051726916
-0.7793811863521719,0.47503422411596885
1.1191823400115501,2.839345343639706
-0.5487263414186728,-0.42726868502410664
0.9880431368040555,-0.35285843399957995
0.8177292983901848,-0.3772085401146483
-0.5790156823012655,-0.40322327741940417
0.01521714325810583,0.5441728414151962
0.9107601129770715,-0.3562348292684191
-1.440668189711049,1.0193766549605345
-1.1220221217662805,1.045864570868633
-2.586882975593991,0.2930722867153036
-0.24194403382891383,-0.39873972287169723
0.42145957454607474,-0.41623978840485365
-2.696126632132218,-0.6947482178558142
2.0926419118211474,-0.22609217369290752
-0.029678088008383677,-0.44209727865636095
-0.36428534423127457,-0.4116019981482557
1.2935778344235296,-0.33188676336452283
0.414671888826244,-0.4006074568157036
0.3722845619144375,-0.3354251606979297
-0.9903247936031676,0.5183408753145381
0.7524145808835174,-0.39045602232286214
0.1559866750724859,-0.40458468759986255
1.346840512278748,-0.32955305878246344
-1.480414164171871,-0.49695228580900086
1.542935723181566,-0.29346707175498754
-0.8296288514408052,-0.39106977585170677
1.5799975342176653,-0.27719901058690044
-1.1089515059995587,-0.4365154599721733
1.5586502693393391,-0.3075594414421736
0.39015883045362704,-0.43120757247229213
-0.11391636372777414,-0.42615967234147883
-1.219606997409188,1.0749471884101216
-2.321910366233065,1.3682651449674958
-0.06459020105743696,-0.2665982935790168
0.5399789923561806,-0.38611699522644377
0.5783407301845037,-0.3697618572218217
-0.6257265070730716,-0.4583655368323928
0.6023917922542841,-0.3594777420335029
-0.7323111013234042,-0.42277864376597946
0.3709626728543909,-0.4066145096382244
0.21545689304733476,-0.43630761382752986
0.6188434861098542,-0.37310022171814966
-0.6278929979355788,-0.5116461879278618
0.7111905414939016,-0.3771890174079206
0.9872828941228711,-0.36382119590693884
-2.203938811206732,-0.6146694563495022
0.9693778043526966,-0.3443712344029983
-0.7472284456303092,-0.5195729429763646
-0.8896184949358206,-0.5157935461161635
-0.341349111606819,-0.4435487594385764
-2.553662252680646,0.3235062695633443
1.2014205010327186,-0.3538921426019581
-0.5664066729010555,-0.3482436327366222
0.18590345452710166,-0.34198830374089684
0.7886331069619145,-0.34500647434636406
-1.608124217894875,-0.6090393457895649
0.7341900400383788,-0.3882802278800242
0.3901504457886962,-0.40344574088267626
-1.889290715287155,0.375558763462284
-1.4998554838526914,1.476984160846035
0.973272106406059,-0.3411264136282074
0.42784959761235514,-0.38621384466411857
0.6041669516442134,-0.362343234926273
-0.18213525440445483,-0.4734807896634525
-3.551977863622292,1.2620126368484164
0.1842034359246085,0.5598840973584968
-0.26127730547365485,-0.41038330089103275
-0.702722564720262,-0.49233677723430663
-0.5355488533925541,-0.4521917311241766
-0.3151866625693126,-0.3910627101588326
-0.042043757920416376,-0.34483163144755835
0.7894139872183942,-0.36117708761390616
0.463389222460768,-0.39631062708979015
-0.24129790876839055,0.5185799072659266
-2.696126632132218,-0.6947482178558142
-2.0432181392658926,1.8448690921353046
-1.6500472213733741,-0.6207949410373442
1.3382545067531395,-0.31618492128724013
-1.397405774407859,1.0205037511044672
0.758409490893814,-0.3014789300442996
-0.9612359149303097,0.5740953350164991
-0.99430578025769,-0.4178626462716265
0.6746688769829192,-0.39477190573765464
-0.07104998073388424,-0.4685247617943799
1.0540992017916466,-0.3420772821852417
0.9566341652591643,-0.3276552768130263
1.1826953190295753,-0.31789904098516886
-0.044946752184732104,-0.3518955567952356
0.6538736668053535,-0.3968520391363651
-0.05687567505174702,-0.4418081095202686
0.03287611684668789,-0.4722718071648401
-0.44049847229176453,-0.38068658278113954
-2.457819490213192,1.612147126871482
-0.19424936239873236,-0.2876937872436801
-0.732148517350245,0.49110659374283744
-2.7694894157896455,1.6942522909631121
1.1392875525983401,-0.31640390872014257
-0.3814062292803211,-0.43059207173171876
0.14601212251242182,-0.44115071101739534
0.12552297062086834,-0.3775766368002824
2.1186364077158495,-0.26482047995270175
-0.804967464230443,0.5338052797702948
1.0881551299095307,-0.3036350259531371
1.6305290728850306,-0.2894577630302986
0.4937050344314381,-0.338866571708018
0.9037971331116975,-0.3488079803518043
-0.3683565194945073,-0.31602095203089114
-1.2834800843502796,1.10105060671563
-0.7972463796296907,-0.38580116064649694
0.5036000692723269,-0.3931431352978825
0.409227072554912,-0.2544139229951585
1.0936821222381061,-0.32973787555614426
-2.1948265669322,1.820202461622976
0.5527775082212025,-0.4004092874062932
0.07234632605159033,-0.4491880282214743
-4.472238278727403,1.1122866355704233
-1.3103929976700672,-0.4692899100563425
0.34391866336501287,-0.4090016337341316
-2.472172396336981,1.0027356970627739
1.3327414552012384,-0.34047488239210355
-3.141673080401089,0.8363264640419996
-0.4959276311295082,-0.4779509330535638
0.8903054852099251,-0.19661806655494993
0.9832919220971303,-0.3673832366930941
-0.4977937974977767,1.1402702832992004
1.2593030730480592,-0.3227361709392428
1.1919936993157672,-0.35093156972839074
0.8162639675535218,-0.38396697814797737
0.8260659928633686,-0.34242484591521927
-0.7616425043311764,-0.4685016688701029
0.28410941390198624,-0.39505267258066457
0.7098548304258782,-0.37342702309593273
1.0734794059397612,-0.35225718411173
-1.032319762407336,-0.48547373231377194
-0.05913739858278861,-0.4341009209355172
0.756255122844713,-0.33940134545362355
-0.051976567071373665,-0.4649239314945304
-0.42879539297678193,-0.48491108213657036
0.6520763482147409,0.6493269341800667
0.3597382787736605,-0.3828037801529354
-0.3709745195009284,-0.4638631339710657
1.197348153500744,-0.3244781482471187
0.9222551049688813,-0.3361621125317127
-1.8892264046021705,0.4270561404213394
-0.44253703890409546,-0.5163564981375267
-2.6298994035536962,-0.7044484830543039
1.0325764341454835,-0.31656681593462327
-1.2798403182006093,-0.4847944101190315
-0.4306013939053651,-0.3910536784150022
0.7576568061801199,-0.32138635689727685
-1.2167310384776202,-0.5799697329795643
-1.0780565383269314,0.6165148926962624
0.9625912488302757,-0.35663466275615024
0.6668040938673887,-0.336564569777054
-1.022199694800569,1.4258203540520382
0.9553289051002108,-0.357752553454647
0.658498724293738,-0.38591747897655226
-1.1440917047714037,-0.5767532354968101
-1.6318424826145395,-0.5215896126227176
-0.017066883995289803,-0.3296995454696468
-0.6267400744885974,-0.3580598530313636
-0.48121915335759413,-0.5286510605863035
0.719775498652542,-0.32564317735634285
-0.525808128235875,0.5551811242810692
-0.09785862746529395,-0.32493921714168655
0.7136592518809749,-0.22366989158992068
-2.1143617844707085,-0.6000953099454925
1.060913967135562,-0.28607965437385663
0.1175701173773371,-0.44910346208381263
-1.4374617832950944,0.408305535248125
-1.5856259952898524,1.365573544352101
0.9401259889242329,-0.35863410502605986
-0.732148517350245,0.49110659374283744
-0.18449091581298876,1.2235798373767393
-0.2802851674479764,-0.48235382940649624
0.8791787905198609,-0.36287838890373264
0.5774478151191896,-0.3840922136781159
-0.5600978145278223,0.5218705587606871
-1.0526859280960927,0.49194650101179144
-0.6794522142951193,-0.479084034224889
1.8993826514051044,-0.2735567300784963
1.5031935001471437,-0.29379792809221594
1.3673275803203424,-0.3290349937530941
0.8797572314246254,-0.33765896912748683
-2.302310297113986,0.9119964891587009
-2.088917612076107,1.3438377587323993
1.5294215572357757,-0.3054637909089744
-0.40738199045120765,0.525155310617718
-0.6072206390577229,1.0650100700286556
-3.0781781488280764,1.5690280516205835
-0.17317435383058732,-0.4855649265021658
0.5906037192301214,-0.3922776010419498
0.014265766092737327,-0.42032416342662793
-0.9612359149303097,0.5740953350164991
0.5502615005713289,0.6029564063529479
0.13479139578739838,-0.4095524456743739
1.3742704759354938,-0.3073319535251231
-2.0806785916302073,-0.6421574948641453
1.2455625058496678,-0.3165897789686393
0.007676005493647187,-0.4189880375423201
0.4354411544959935,-0.41090246160035904
-0.059099338417039966,-0.3979644353423959
-1.2840157465200386,-0.46499834184958877
1.3895204894584803,-0.3137609024026379
-1.7061468744453687,1.488925027458085
0.015478317148179373,-0.43936793354099013
-0.6948373403613933,-0.4166816778532944
-1.4352493379499338,-0.5425321505553523
0.5853923509430995,-0.353376907475002
0.32369688047274514,-0.4109831776757581
1.3614703158620922,-0.32744873305170213
-0.05841308534960544,-0.2655932793252423
-0.3008731688477244,-0.42695604133348014
-1.419663616810031,1.0788936004808445
-0.9417892235049579,-0.4417709786164145
-2.1621762882029025,-0.6283501193549798
0.4706476046244995,-0.4128106231431077
0.20732080671145822,0.6304066111412551
-0.5027308934932236,0.5511992105844211
0.35838077719757944,-0.45779225378331373
-1.6438698630093094,0.5244572911913418
-0.20185150807553465,-0.46222477461731726
0.8721228217440221,-0.31688883932937906
0.15955042926540114,-0.291556929078015
-1.381345163242897,1.0652493720982266
0.8307761598852953,-0.3502780687526112
0.9493918478749652,-0.3733624506682573
-0.21985236726682783,-0.4015574532777372
1.2314654743061964,-0.3304260537167628
-0.14932186415325077,-0.4248438932262694
-2.0729301103076594,-0.6508361327757364
-0.4977937974977767,1.1402702832992004
0.9450147042706691,-0.3686817024792847
-0.5129104426484787,1.16843813491694
1.0901926853032389,2.821633962166173
-0.9612359149303097,0.5740953350164991
0.6801142362498953,-0.35802365085357013
1.5116110416970174,-0.2840159424445816
-0.46673311416865004,-0.3320267846171194
1.0709045530335086,-0.3453244493717249
0.11778428916093779,-0.4045147055107112
-0.08780625215533008,0.5375029624132976
-4.251996683355028,1.1481198550036693
-0.7729551535888942,-0.4227998054625274
-2.545666117668635,1.763121007113239
-1.535102596038499,-0.5058500717890909
-0.16759445410314994,-0.4695890164443481
0.07538053171613432,-0.4480553274973726
1.6596543001148134,-0.3120629907175549
0.29343510054551913,-0.3555623172224887
-2.862732967396725,-0.7218550019326736
0.8406982523635549,-0.37572323939048025
-2.5012097151075907,-0.6630353134555979
-0.3525219811996664,-0.31344467898681044
1.4964569675819792,-0.29664356260932256
0.08172847021275484,0.5366555989406926
0.5342839153585751,-0.39694587743564935
-0.20521333814426929,-0.4436857358384439
-1.8713221810316576,-0.6424544988674016
-2.4063492386306784,2.206023700160737
-2.5318043160778387,1.7653763166849996
0.8655795972255874,-0.358072959415499
-0.20970956651626246,0.5701393817138097
2.0696479386880746,2.941139721393798
1.6477997531278912,-0.3173302095509764
-1.0021076341272008,0.608396340231031
1.717995047459303,-0.28889661324314286
1.5847659486194685,-0.3130359776741951
-0.316272246174356,-0.4921126155405172
0.7000434596064523,-0.3940181532466887
0.9620607086261881,-0.34788164255656895
0.906574215630136,-0.3746368242475694
-0.009406109603404548,-0.42266590828446
2.7978326659137878,4.864928454246139
1.0226772237816912,-0.3500384833202535
-0.494141814373005,-0.4291079493919443
-3.886729229540109,1.8205916201535974
0.7060571863637246,-0.3707573505657657
0.0872124743976535,-0.3941271111630023
1.3122914210444128,-0.3380348995743144
1.444064385081223,-0.3008393599342604
0.016221383041957273,-0.45221242764752795
-0.24140051992733652,-0.45097658388795253
0.9461266626358084,-0.34759191848635307
0.9495055676332121,-0.3482471710290213
0.42650006308600275,-0.4154581244949373
-1.0853060936377106,1.1483831075033664
-2.045213907718515,-0.5888449780687411
1.5874949645955783,-0.302640269817517
-0.6573534938244888,-0.4159688080058758
1.2069271804816435,-0.32949449448466844
1.414888264440626,-0.29926215742757595
1.2482094069243865,-0.2938118712456021
-0.9571908760909675,-0.542355604600504
0.3508286027666571,-0.40719186327002216
0.7956705909669578,-0.38246124546797267
-2.2737431943916455,0.9450855540642141
-0.685923827748386,-0.3676890260032331
0.2451546018223816,-0.41607468997183394
-0.45739325159570465,-0.3305071927140238
0.8622153955493315,-0.37993086617414007
1.2223291299154508,-0.32851018122744985
1.0880227359874697,-0.3572815297395116
-0.5039265762491606,1.1135046540486635
-1.0488397190141636,-0.5104277688572647
0.3506934580616716,-0.4186380669354045
-0.4333087090085631,-0.5119992568137967
1.7084705445301376,-0.2373040744064272
-2.5012097151075907,-0.6630353134555979
1.8977979458776946,-0.26158080636889075
0.4863751870697142,3.8292220798370304
0.13411686935121178,3.760927934044267
0.8301685207976641,0.7037054946613681
-0.5215426924812606,-0.3409442810754918
-0.9161728465128388,1.027874875529602
-0.42449912824453406,-0.3780834959070952
-0.6340656489515801,-0.42067794742343556
-0.7808010488860122,0.44049739532300947
1.0421718233271402,-0.36226502472714034
0.6829996520630054,-0.375979713817218
0.5855890531698931,-0.3352574240839144
-2.862732967396725,-0.7218550019326736
1.1128187075057734,-0.3225843293812056
-1.0130468594899753,0.5159869523938483
1.7106459851748308,-0.28170644127628997
-0.4905965705896053,1.1767330122567814
-3.910083715433491,1.8167918546444832
-2.862732967396725,-0.7218550019326736
-0.5598718700730027,0.528206368612296
1.2485627038551839,-0.31597352730521266
0.6348606368113479,-0.3216776096324323
0.10245501378542238,1.1818341861920214
-0.8407245802480223,-0.4782559655005407
0.658469004399306,-0.3922118485659135
1.4912139787724918,-0.29760282476775296
-1.0667480366157076,0.4771805691897167
-1.6928755544203618,-0.6152121415547339
1.751995444803679,-0.2369637132779958
1.1056499185667492,-0.33232318402111616
1.4714384262292042,-0.3079771146593994
-0.11301575975815181,-0.42169170954489754
-0.11736364264505855,-0.43828720093767654
-0.6837746077978403,-0.3673393487773303
1.9686373563890465,-0.24163805263012497
1.4065525205301663,-0.33027255386267823
-0.6626221399427548,-0.4987276497655184
-0.6392106739889462,-0.480538335758337
1.150777756707503,-0.3822526371699777
-0.5604294956433316,-0.5335570744366799
0.5596829987264182,-0.39650218626885686
0.9624593696169859,-0.3552940446774589
0.6775913665987597,-0.3940323734453231
0.4993029758681387,0.6622467251315042
0.9303354905335375,-0.35700925524447635
0.11015914616917886,-0.40231407156497795
0.5028063531267482,-0.3726897708693656
0.5229791354441392,-0.3375567018044302
1.0075739037285099,-0.36365026227874375
0.4625620421683417,-0.39199132882915677
-0.473789296921556,-0.47718703384965216
0.424386306641293,0.6129212552030453
0.9533801698180742,-0.3523633501008156
1.2867464018001764,-0.3129527205762403
-0.21401786611927293,-0.5107250130243387
0.25960034796369985,-0.40885144513462957
-1.3579369288913314,-0.477025288640439
-0.9612359149303097,0.5740953350164991
-0.5809123696264886,-0.39155452136139585
-1.4096803847346067,0.42113841720507555
-0.7541107191866846,-0.5269923019511646
0.20655591159269024,0.614499998170025
0.6576815180539299,-0.40338334469826725
-0.9425489538194638,-0.40944183132160006
-1.303844478603772,-0.5676936153752931
0.3305844002864551,-0.39863639597411993
0.648047435302598,-0.3110340603355422
0.14596250183162204,-0.44470781970694306
1.5725313739564581,-0.2914645319925971
0.6963086489323889,-0.3649783637904585
0.9211147619629957,-0.35328948730459975
1.5916767109837426,-0.2939392792476923
0.5477206032380768,-0.36217439410988356
-0.31566255247644975,0.5262693387908266
-1.7373259155372487,-0.5387517249480518
-0.003462563873696011,-0.3946871438354147
-0.7716523418244343,-0.4830762155994643
0.9613241442476128,4.389363398921287
0.6915226210363059,0.6469402468174797
-0.24495643177462056,-0.41266264062941643
-0.36827738246662467,-0.4556540287181874
0.5766745406457906,-0.40775253020070235
0.48054985822158214,-0.3986065766429683
-0.9425489538194638,-0.40944183132160006
0.3846830611779534,-0.4098654681996271
-1.633281781128799,-0.5218237859150251
0.9274842922390643,0.686390532765474
0.6474237764174207,-0.3966385582630371
1.0166432945797919,-0.3242287466993071
0.7732355120913972,-0.3772389786992637
0.16555680197073028,-0.4459809044114873
-0.3275237186880846,0.5381482194767805
-0.5234475417117541,0.6043725105775868
0.3680056330716089,-0.4386920887476761
0.32911044430698433,-0.41986503418005744
-1.8429784079199447,-0.5883940982928377
0.7339421599687556,-0.36615809049633846
0.7824528297264991,2.8293900400249163
0.9436127562347497,-0.33979014421737724
-1.102836134975005,0.44582262096152303
1.3142120313356438,-0.3268627369837292
1.2964643981755815,0.6792968896117756
-0.22725054121901972,-0.49869815491362335
1.6513280914116764,-0.30878695956199986
-0.3466155178049384,-0.4901274666165163
-0.900615265714144,-0.5049962809781092
-0.8553517177790794,0.4797068756271395
0.5519199433381364,-0.36858084546654685
0.9696338463533194,-0.3555914291537894
0.47375612730671324,-0.4228310826362736
1.4376176885064722,-0.34176087287649387
-2.423996209009827,1.4455348006706732
0.2825233428418774,-0.42076817533612754
-1.0803333127793533,-0.4318592913873571
-0.5669700619231792,-0.34833529590507095
1.6857095180268802,-0.2622272619830124
-0.17806137909820713,-0.38834604051086363
0.39371215493865314,-0.40351652501297447
-3.0465261224645444,1.9572923294516287
-1.3585287247145186,0.5708821802072515
-0.6192840039969058,-0.4552793105552316
-0.5012240344013368,-0.33763844353678346
1.4471461631062275,-0.3081235700056262
-0.5476151659156788,-0.5136746885847883
0.8657435786517591,0.613018700524799
-0.0542134695669605,-0.29736275863092576
1.778020484731384,-0.2836438630088461
0.5486909249389159,-0.373416876286158
0.7330733101520421,0.6339205497524548
-0.789055490586615,-0.491921967394702
0.08555282954458618,0.7204527521965985
0.4210992059310049,-0.3436414482122895
0.5865725882085265,-0.3401865267025579
-0.9612359149303097,0.5740953350164991
0.2658418888372565,-0.43173707897692415
0.5347902179086901,-0.3943664745094418
0.001076838061842162,-0.42748549003171726
0.08555282954458618,0.7204527521965985
1.6056905105328363,-0.29049908368544725
-0.33199745719017054,1.197216138890045
1.778020484731384,-0.2836438630088461
0.9510304398829103,-0.3409905756028737
0.522533219419897,0.6361928390755817
-0.8171805627940232,1.556859543455726
1.349298825534843,-0.30938291810331486
-0.34627956191370135,-0.49882257904210203
0.5092196375598721,-0.300380758456548
1.569092921374201,3.824163575759455
-0.9112673248804348,0.45620278783457513
-3.915039811300229,1.8159854998302405
-1.5097422793839204,-0.5221993672039386
-1.2617871465076493,0.4254730613390741
0.6078766727419254,0.5952686428387329
2.107321711726349,-0.2496429715569743
1.170129952345384,-0.3264582039638769
1.778020484731384,-0.2836438630088461
-0.39693327814643653,-0.49845824281672796
0.8686037507739323,-0.3907720223045624
-0.5464138119371988,-0.4454613930722612
-0.9284164106334565,-0.4071424722006411
0.7816428216697007,-0.37001009783251265
0.9336822105437985,-0.3624616913939417
-1.3476020115761982,-0.47534380172897944
1.778020484731384,-0.2836438630088461
-0.6618200996797184,-0.5023486998817576
0.0011163822127309658,-0.4315342203627228
1.0155011244728764,-0.3106307433535999
-1.083170142093029,-0.46477359749444536
1.4825420645917446,-0.27693443503753623
1.9278126486416105,-0.1922723508658287
0.2385157761788495,-0.4138071208678778
0.09596400358428211,-0.41833583794768386
-0.026085869604233817,-0.4791620402292226
1.778020484731384,-0.2836438630088461
0.6453328448955202,-0.39248961887029055
0.933845226423317,-0.3733996967769061
1.355435643686543,-0.28038720908791254
-0.09593881613214672,-0.3331249270653428
0.8398664499990149,-0.3325800930196975
0.9835967871967723,-0.36751515839122584
-0.36695796629514477,-0.3157934079850124
1.2751570885536037,-0.3360482145159464
1.0092781749946953,-0.3524984202040602
0.9107601129770715,-0.3562348292684191
0.15176049504794323,-0.30716613781689156
-0.16731111902968474,0.5215005600609314
-0.8484455048912212,1.0937891312796864
-4.005101928278935,1.8013324294378643
1.778020484731384,-0.2836438630088461
0.7355018102184327,-0.3825012050512112
-1.3027675634212748,-0.5090000725278003
-1.1724637657237114,-0.5043306188505651
0.46687749571257536,-0.37653819109290887
0.3637123480992322,-0.42878086608463395
0.632505889461163,-0.3630358262476369
1.042102893895898,-0.38028483069317753
-0.9295339279773542,-0.40732429182529756
1.0348610926885387,-0.33049909619231
-1.2043089823487,0.4731212178594
0.916390733100418,-0.3664163593919557
0.7882118862545882,-0.40100940143692304
0.2940991600199777,-0.431731476915149
1.0859599546546892,-0.3568046512250974
1.778020484731384,-0.2836438630088461
0.26540113839685325,-0.36941991489016224
0.5516400855051473,-0.3788155002210016
0.5958221152327227,-0.35616491835985103
-0.07836833146785852,0.512893438738304
0.3176274422773675,-0.3243561914967228
-0.941598754942186,0.5857883555476965
-1.9161282440304361,-0.6563360367298705
-0.3688760413848413,-0.38101098826048013
-0.9028255625492516,-0.5213545549321257
-0.6651353966536598,-0.4528000010701152
-0.7023892244358702,1.0863312733240096
1.778020484731384,-0.2836438630088461
-0.5084381884597289,-0.5260527992467063
1.3446699591990314,-0.3473783749515484
1.0470546726863843,-0.35434315688973145
0.3080185345552038,-0.35131010987700667
0.7310102474437777,-0.3595078329608976
1.1104215858652613,-0.25105070763791215
0.8100723912587757,-0.28375152831209094
-0.45113412429298305,-0.4456340628922901
0.23135225690680847,-0.40289983265283996
1.3536161287543347,-0.2979272146102805
-0.22470356924992613,-0.4495995608989696
0.38161791107176496,-0.4305951611585341
0.95036827083173,-0.3465872044256652
-2.0063132337572176,1.7979453415942688
-1.979918512514158,2.1720730536277473
1.778020484731384,-0.2836438630088461
-0.030545349748228815,-0.4511342387206961
-0.6223370488935681,1.4782819481233664
-0.7284733894321376,-0.5147760297966895
-2.23714492133077,-0.6200720771786302
-0.8576024110263969,-0.5184735155189573
-2.3483420981506633,-0.6381638133495736
-0.7850024609564207,1.092557763149453
-0.2885813743618739,-0.3830367498691445
1.778020484731384,-0.2836438630088461
1.424077330547599,-0.28399220258938174
0.038101612261103555,-0.45063396709773945
0.1769282230749028,-0.4151636965524811
1.4532601019319824,-0.31584609608521164
0.20561917189217213,-0.3505642066334178
-1.7706884977507558,-0.5766325588364853
0.7077180414805199,-0.3327680510867786
-0.47142171166300484,-0.3857177814523213
-2.900397495440487,1.5699674658422826
-1.7350502349172958,1.7289825339486817
-1.7771760956566787,-0.5452353333066798
0.8827718182589743,-0.32626518042327485
0.9002456952574442,-0.3138500954745962
-0.7224786698564346,-0.37363648418610124
-0.1365421711978963,-0.4194790625375789
-2.3092787014953355,-0.6318082143457088
0.04060510309065279,-0.385518731091959
0.4203101241657837,-0.4193643217328001
-0.48716740885406984,0.680199562493073
1.332497759590015,-0.28663867771558516
-1.267701531835016,1.034784189492368
-1.1567145264584136,-0.49182891120238875
-2.5259638667440214,1.830343402911822
0.7196827158738431,-0.33443445244643777
0.833958987116972,-0.3719059554188993
0.721869285692153,-0.3338803110261955
0.2983312090547689,-0.4048649538078129
-3.469012602340177,1.888553948241818
-0.2807167235835297,-0.421192799751498
-0.1070529533030235,-0.39022579986677247
-1.4013173814716673,-0.5165360260287153
1.0634428395286855,-0.3588120657357971
0.5067600641452898,-0.3518558177685475
-0.18395034032750884,-0.4226387769458887
-2.199228274512368,-0.6343784627004768
-2.103909610182134,-0.5983947453713766
0.9274882356807367,-0.34195845984233464
-0.7021409562773376,-0.5445281194518788
0.6843794126325515,-0.31910367243491977
0.3430193354754387,-0.39850769913498757
-0.18168221603661386,0.5302578849689643
0.30691494819155807,-0.3444636373721834
1.4046596038644448,-0.32071115465354405
-0.6162377263770645,-0.5145834555702637
0.29065399680989895,-0.41899286926157625
-1.7604324260457713,0.47303985371705926
1.3382902093656373,-0.3001292086010596
2.404408966931292,-0.2136662416505934
1.2770397393283721,-0.2991636909317074
-2.028687741279659,1.5098513301802121
-1.3020609144841537,0.4874476901153835
0.35942820934416647,-0.4336504768604246
-0.37345149930684296,-0.4519858166041642
1.134808895941639,-0.3447205188391444
-1.8331593995207032,-0.5952946120148535
0.3999513405345067,-0.4016390458282269
1.127885577384679,-0.34576454962459185
0.24170624673684565,-0.36377555775856196
-0.8633387779374373,-0.5062524347905887
1.3327414552012384,-0.34047488239210355
0.7639595203527871,-0.3061560207543225
0.380497912726276,-0.465563604803331
1.0873409986700744,-0.3452840408351029
1.0687436854786712,-0.36335969409768465
0.6939969060245407,-0.3771982500352881
1.6120618062700536,2.8844526320577177
-1.4073411003500855,1.4797092805282621
0.28631307260739636,-0.22998188016046683
1.314361492911052,-0.28541208685343966
-1.7021891754860783,-0.5330349914023574
0.401105004361494,-0.42730657767952807
-0.6121177112340456,-0.4236986360822362
-4.164532741624509,1.7753930999057945
0.3438193082603437,-0.4000219817169257
0.3722845619144375,-0.3354251606979297
-0.6803808141221445,-0.36678717990438536
-0.6211296373644865,1.7798030088396897
-2.4128226023545194,-0.6486547655804478
0.6186151147844091,-0.40364104444019533
-1.1520497907357867,-0.4964556975512653
0.6856619025244448,-0.36957396724150676
1.185611847876188,-0.34104411937435836
-0.7024338204063615,-0.4179176221167356
-0.14737411347078827,-0.40337764583335417
-0.023676334982620676,-0.46291208535215106
1.6290849425740903,-0.293167468496794
-1.7720154561603136,0.503608054465556
1.2139562148033438,-0.3271949846582557
0.4825939918004079,-0.3761565871152886
0.8935636977541791,-0.36207165817188874
0.787859005586332,-0.3698135544087077
-1.9018734952922438,1.3336942956766755
0.8447125429724562,-0.346689546667463
1.3872328250028596,-0.3051448689990015
-0.25018570046604033,-0.4651844032003312
0.8039324489457838,-0.36590767445740874
-0.30935218733318615,-0.30642097079994357
0.8631614470308119,-0.3652198108344371
0.6744361783702286,-0.36177296554897964
0.9436636711610406,-0.3343191467502052
-1.7434993232255904,-0.6105894124678265
1.3704737443442125,-0.32223492402425036
0.41158450402554,-0.40696970983697595
-0.6585532847640567,-0.5058631303570302
0.16708231910882027,-0.31883976200597514
-0.03856780635377761,-0.45650817976560526
1.148992054538854,-0.36865018076253414
0.07455544478381337,-0.4113442978279008
-0.8304625775136356,-0.6253341100284914
0.7100637887354033,-0.2885754171609385
1.6139821153058458,-0.30839014988049007
-0.4297675194917011,-0.4800605037337595
0.5896813797311868,-0.2563919939073889
0.37528344379971407,0.5737572626380533
-1.0420474238671118,-0.5595221423570663
-0.5990127948721189,0.5402470039295398
0.9975696660612945,-0.3400898816201918
-2.0186904132514214,-0.584529616132823
1.5867257657453149,-0.302450990377598
-0.04179028431049198,-0.41910295181945945
-2.4540415331078034,0.35169186709955763
-3.8869528083544824,1.1870369386009108
0.2654311121303294,-0.4417916904952189
1.2714087293530343,-0.3115417158542728
-0.581273089033109,-0.5346511796399888
0.4483169439894379,-0.38408968795725845
0.8268137825404491,-0.32478181529689765
0.271500163935,-0.4270476211121213
0.9306251991135672,-0.3414480771471284
0.5432628567340242,-0.38355392527333937
-0.5098335989937473,1.1427475336400958
-1.0452863749240429,0.5204073905063674
1.0024001041569632,-0.352368226296615
-1.5184949193249073,1.732558730676304
0.5798459283589187,-0.4306058867997285
0.45218881966009167,-0.37662092981592543
0.8386920566503463,-0.327506813974971
-0.31250035396119524,-0.4864653346125309
1.1760715379904296,-0.31862340926743565
-0.10460997839001943,0.5416869008601881
-1.0661712634968368,-0.5194896263861716
0.44017619838680594,-0.42431817506968883
0.9580606296870199,-0.3314283142261266
-3.8912221105136933,1.8198606302171065
-1.1219245867617602,-0.43862617502075985
-0.4997024474642824,-0.45833688155109087
0.7295131259686539,-0.3889584650545663
0.5698617542635902,0.5922571029661244
-0.15562810414450617,-0.41773972587464064
0.677959851318705,-0.3881094172675002
-1.426067145680876,-0.5085854564346405
1.0720687037005274,-0.33654461460109253
1.3444211024150867,2.8395975144417482
0.27561872960221356,-0.41115220097812494
-1.897771922888632,0.3637167202080857
-1.3069827303564427,-0.5162774878439345
1.1128417453604709,-0.24686671696290097
0.3073550557684783,-0.36332344343674927
0.24688797032560666,-0.4077001958982381
-2.0542397940810115,1.8968966942674925
-1.3449774672070676,-0.47491678941038296
0.6715731414308044,-0.3820944155714659
-1.0608597575856082,-0.5486355072867064
0.3119117167923409,-0.43782447976429606
-2.0925586490207184,2.345570548008149
0.026929716526631117,-0.41457346063187095
0.018736539876557375,-0.30596923007292853
1.0922774736374439,-0.3416328827743111
1.0041123342404037,-0.3677148249257609
0.756830651995878,-0.32697296504183543
0.8371831605932162,-0.3574786120047728
1.4979028527486467,-0.310226269554199
-0.24612491650664386,-0.3536156587749573
-0.405185087673263,-0.4158919268073026
0.9040532950282989,-0.3612795856308665
-0.14203358316723452,-0.47717267341684294
0.4738410798011759,-0.4132309534405774
-0.23222185249638694,-0.2938718961871585
0.4384998160342084,-0.3685592253404348
0.4453397960572182,-0.3014665612316239
-1.0203283830273213,0.46939616027441255
-1.6575661023545623,-0.5257748352606264
0.7958167897908117,-0.3797038174676476
0.8652186560679179,-0.31188090436039045
-0.00898157768874314,-0.4260392193246827
0.7034400401248803,-0.36520826894360314
-0.2326978635612732,-0.29394934299693065
0.5936276440547168,-0.4182743879548175
-1.8687955107505856,-0.560141775479217
0.268522117909871,-0.4067916238639328
-2.084593786947688,-0.6157274774468615
-0.1886265243582913,-0.505391588755756
-0.2569187239623729,-0.44490164095711293
1.442376705235138,-0.30110481628687286
1.1615949464844395,-0.3344592506785619
-1.6257300808888777,1.575412380274664
1.1500572801842999,-0.3644704576657866
-0.4485802713736605,-0.3290733243585779
-1.6138760316930196,-0.5186664782474014
-2.7652745088844117,-0.7059985497325655
0.6824820206990815,-0.3636264648718431
-0.019569061686702475,-0.3748336348352674
1.1228483871335848,-0.33967643036550044
-0.8332116036545291,1.054384932088534
2.0516831101917243,-0.25607772466341117
4.594937504169578,9.544383363730034
-3.9955813913337073,1.80288141698903
0.25180064433170596,-0.421256463608078
0.409227072554912,-0.2544139229951585
0.2792703236167208,-0.4109967221026968
-0.2409912157262146,0.5165554447816066
0.5779678663663077,-0.40313106614261907
0.5771631253190609,-0.38445909754977176
0.9086074205306908,-0.3498793992410931
-3.000954175890596,1.9647068669227339
0.3043310688547372,-0.43363598240960416
0.07317357241327424,-0.4473987759012064
0.743058068203271,-0.3858477538609143
0.2548594746060761,-0.40684745079115675
-1.7019101207242664,1.9003997701711688
-0.41239929896209604,-0.48369759674483753
0.7890617632604768,-0.3908502793778793
1.5029418968555817,-0.3080266434377166
-0.48946995599559495,0.5533567598086704
1.110720425171587,-0.35527667131852425
-0.5112297902760329,0.517137675245607
0.4180590384236784,-0.37446499463175614
-1.0640011784800572,1.7737722711566664
0.8995734963452267,-0.3646676078071117
-0.6901466430951729,-0.4862097504953454
1.1291918914693737,-0.33605378164619054
-0.19107818608831706,-0.2871778381269817
0.4130394410691664,-0.3997686362874949
0.4685204089265047,-0.4307397441181145
-1.171851741607602,-0.5441075684737753
-2.7218548080897667,1.2986407685849397
-0.9377052204636929,-0.4086537578429276
-0.5963957540435493,-0.5359227475633115
-0.6864290262536127,-0.36777122159786874
0.377366922946094,-0.34329002915981865
0.9813211245888825,-0.3556064238044815
0.9632987849954749,-0.36160935497454977
-0.3887876928290612,-0.46870543752989763
1.7610430809164557,-0.296226942513391
-3.9252695310299663,1.814321128523828
0.15893407318158356,-0.4581603054250665
1.2119029176478815,-0.3270908263120143
0.5845137425990732,-0.402049179651007
-0.44857504911835844,-0.32907247469973
2.0067471111079866,-0.25182560298365686
-0.6787765738766696,-0.46890321458910006
-1.3671769710870842,-0.5434341500340386
-0.5105898340594472,-0.4805836637794678
-0.05206022204356942,-0.4650377336423894
0.8056273465496359,-0.33220370176420333
0.9749907963963805,-0.3102897540856773
-0.16972444333581355,-0.39267224599950096
-0.12682887450406966,-0.3986391042908834
-1.0248455329209247,0.4842473720176793
-0.5952421888182193,-0.35293515963726774
-0.007611905415441827,-0.43424049476051196
0.20023222673660512,-0.3339216940866343
0.5166994900589744,-0.397539264957022
-1.089865874148628,0.5122164745531149
0.6872435541753994,-0.3659532484833476
2.642581111220821,6.281526126488575
0.8373760406496324,-0.3527573293073848
-0.6927198739940368,-0.3687947400078341
0.1396513808129429,-0.2908500095767416
-3.026809006952054,1.85906110159339
-0.1113401430317012,-0.45460454629122704
0.41495010568335833,-0.40679022938863174
0.1227429843812038,-0.27707007684534146
-3.7462425085134776,1.2304058568632918
1.563178838703315,-0.2848264966020834
1.7917631079230467,2.938086770468038
0.11326646276610482,-0.43705250536048307
-0.6252081595979649,1.5526201772112789
1.0039400887811167,4.414399374713618
1.2861204528564647,-0.3225668514163874
-1.274488793308939,1.030833133054327
-1.0029554260223112,-0.4192699401762111
-1.4376407926282584,1.0606436714627918
1.2368718339430302,-0.3427096517692046
-1.0859703025479994,0.5034432322927752
-0.27226168892325453,0.526217217370208
0.6999249505260521,-0.39543426606362153
0.0571470875499766,-0.4352089324316504
-0.4821523801649312,-0.46003506836228036
-0.4563467960433987,-0.44074683835042794
1.4728626760808792,-0.29302787025520804
1.1013994841778845,-0.2836805132754392
1.209176293177051,-0.3250354516626187
-2.5986681736199047,-0.6788917656557061
-3.1000318127207303,1.3030913233623769
0.1227429843812038,-0.27707007684534146
-0.714425398986649,-0.6084658933064935
-0.1905893837716338,-0.39820329921999525
-0.9620615191156396,-0.5025510126368339
-1.3729316612603901,-0.6291991935110819
-1.6656463347649426,0.9943112122838237
-0.4067980416583189,-0.4954856927938148
-0.3855040216276952,1.0935820150025404
0.5946233361899502,-0.28526310106885927
0.6703124816308041,-0.2830655925927927
1.1177764549483473,-0.25684508248410265
-0.032395338976744854,-0.3710582697894157
1.6408793780521522,-0.3102656673890843
1.8818576328515633,-0.2859298306147322
1.0962238180031934,-0.3423257104631221
-0.30935218733318615,-0.30642097079994357
1.2559414810853693,-0.3212504381619994
-2.0352477617388836,2.213970076470118
-0.10215458867352983,-0.46742653508983956
-0.44857504911835844,-0.32907247469973
1.1722987383698924,-0.3591770918406271
0.5272678057902983,-0.44555830087307535
0.8087225030940346,-0.382905440830744
1.3710107164694874,-0.27669398573736065
0.4614924584667688,-0.37192126368412154
0.3982090893121718,-0.34882832467938407
0.020670291227337125,-0.4527340127510285
0.8893856588005986,-0.3507710997616224
1.278327897249584,-0.31451983100209274
-1.6342351756367857,1.3584142303264197
0.6652447064095643,-0.35045488475943903
0.8256396661437285,-0.34404800108256856
0.5949299030219675,-0.42321249926612664
-2.2908659766490076,-0.6697632889536859
-1.843319274005028,0.9960811951454656
0.8114108884314755,-0.37394806885832443
1.6758993926690815,-0.3095983404302959
0.586407068174489,-0.2865998845870798
-3.358507991393766,1.5899211419599335
-0.0401471532947223,-0.46711473279163374
-1.3943612631742757,0.3906092055527572
-2.7337824979594845,0.8764793656442754
0.2623136690413413,0.5635951005039965
0.8717104402220283,-0.36513483351845183
-1.1171664947665123,0.4338374656416982
-1.6208322203198235,-0.587816083054305
0.3631737712000316,-0.36944648538128194
0.06254711828488774,-0.474221731531543
-0.166612845724167,-0.28319733704000316
-0.18197523754442413,-0.28569679204160736
-0.5952421888182193,-0.35293515963726774
0.3146012309152667,-0.39833689023098384
0.5604003834233996,-0.35999156198539667
1.354178160120824,-0.31655244369794294
-0.7087587470906914,-0.4863677375162094
0.302444692306754,0.580460310388128
-0.9549745086661734,-0.4114634641228389
-1.5641339043766052,-0.5105734540382738
0.31135310870241995,-0.34176206941580944
0.18401396720143898,-0.42954687180213597
1.1031273322910469,-0.3413278169199656
0.09584862583322346,-0.4247736397217727
0.5077258072450468,-0.440428297999792
0.4745594095276177,-0.4052819098873798
1.4705383007277413,-0.30539184522385304
1.3231668506354817,-0.3015157911640622
0.7606591562480692,-0.36313031382779004
0.018660190940716994,-0.4162741010387756
-2.16675206004119,2.624015892052618
0.8963899748946254,-0.3583409514581924
-1.7816750578122236,1.4971120310344659
0.8487322425065489,-0.3587896153251369
0.8551382763843058,-0.26594045992276916
0.9023653229061068,-0.2676463580918806
0.4574974531124578,-0.4106697360368578
0.35227534828758084,-0.4196611503657718
-1.0584325505733216,-0.4282960461404399
-1.4966156076538102,-0.49958825418019837
-0.0012087668238238752,-0.4633424923189243
-2.951874854240765,0.8922355440108747
0.8908077986304967,-0.3701908763018097
-0.1798641099684587,-0.4686345261298565
-0.1851100510278086,-0.39865476208166295
0.8303971502195854,-0.3656692626356124
0.7028577643750156,-0.3809758467163238
-0.29602661357201454,-0.43478444366605373
0.31253393342464486,-0.4016880661043925
0.15292275527295957,-0.42099818047205984
-0.9741927937045305,-0.5140594181585424
0.007269979189706533,-0.4997034901696046
-0.3791606341520798,-0.4387247767622817
0.8235415368811624,-0.37352371977819243
0.2863728628088363,-0.4096057639138926
-0.1281119028036756,0.5576529456720319
0.8088727082124826,-0.378382912285045
0.9171151741428742,-0.34933609256903037
0.27927146513877993,-0.4131593421665788
-2.5440121045036155,0.3575290999230219
1.4788001721869923,-0.3170135442674796
-0.0988351013703263,-0.44554761023389367
0.36581713261290005,-0.3441876974123333
0.5469984186064467,-0.40113625850435297
0.752856237703937,-0.345129831324195
1.2643010583294807,-0.32436139742857073
1.38582773579204,-0.3282999268705958
-0.34964664289543085,0.5122473016132162
-0.5166599358639917,-0.5053063320078555
-0.01413501078692073,-0.4525329737041229
-0.12475676742656289,-0.32392979676531997
-1.918892923863043,0.47971114924611824
-0.16303183898586623,0.5484468169875673
0.5491837179487662,-0.40959018375202216
1.6894049209803232,-0.31862026906314267
-1.104263156692727,-0.4682054225290475
1.4746051578341528,-0.30584000052628363
0.7263208726927605,-0.39988411494010434
-0.09412295018861605,-0.2714032600445716
1.1589510467145334,-0.3425520464571018
1.0919670032159368,-0.34260830404316284
-2.337291838808823,0.3358697972972807
1.5213045661544198,-0.2975601561621169
-0.8437535106147325,-0.49480704690899957
0.9107601129770715,-0.3562348292684191
1.4379258229575662,-0.3369198499486571
1.3181872226902522,-0.34657225010678516
-0.2666923543414921,0.5497967300887724
-1.3501526206454106,1.1323597016712585
0.28985538552754125,-0.4362072829780602
-0.043602548525990555,-0.46382790792190015
-1.9098388023877997,-0.5872949113904795
0.973169107365775,-0.34144582781245064
-1.9831366962054018,0.9923671150274299
-0.24409749403685532,-0.2958040583135301
1.2505428807196304,-0.35238009708931517
1.0755172180158958,-0.3437646112095669
-0.698954243834184,0.5239865701768727
-1.913878597207115,-0.587952184390982
-1.4760478600417184,1.1648047604999416
0.5929658040403879,-0.3519696586813347
-1.7060772547945984,1.3698530778255746
-1.2482409471268179,1.0034621844682974
-1.0957529525666638,0.5317340580364636
-0.9922914199773816,-0.41753491066010473
-1.800275205281211,0.499010204592259
-1.6220775355909889,0.4955501390287264
-1.7685571454710405,-0.5643084423466498
-0.24348958916774524,0.518970381596742
0.48385233688541207,-0.40266843946137626
1.2286185685437803,-0.29969064938777173
1.2316580363023573,-0.3287725032715399
0.19720707158302472,-0.455744204629765
-0.21612453730430647,-0.4049853468240726
0.1318074210763461,0.5599086274910955
-0.3543656561014943,-0.4520537270667233
-0.30862422591251637,-0.4905234595625524
0.09928607732684333,-0.3361791133676212
0.3162352163087,-0.448266877958435
0.8716379083051532,-0.3695328062675826
1.5229823910250706,-0.3087123282930865
0.42732829364418917,-0.37913746749071686
-0.6350781283757864,-0.4718643882029432
0.22483667524139725,0.5943877613676861
-0.04240586778609424,-0.2629889114332499
0.5346295957408037,-0.40450825327554374
-0.38179795417969653,-0.31820786807532714
-0.05402178983035023,-0.2648788173015194
1.128905899198408,-0.35448663173393175
-0.17807635339287486,-0.2850624451503625
-0.8517387072602953,-0.5321439622105646
-0.25819699632394716,-0.45083295339729385
-0.7542086570825514,0.5595067459933243
1.7930848771094212,-0.2723315382343827
0.292575049326792,-0.3756674572923808
-0.7114413973791832,-0.5244073178374011
1.2228505615114842,2.8235580727445617
-0.4698017830539416,-0.38545421971587174
1.317469833486218,-0.3390507686260922
1.0598983959103376,-0.34076855146506946
0.21630596184044837,-0.30089178230924246
1.0687405385314142,-0.3365795906307958
-0.17152609346393954,-0.44768437508168174
0.09027001171023633,-0.24140259893195923
2.0067471111079866,-0.25182560298365686
-0.9553251270427221,-0.5511664618424614
0.1850562050342672,-0.43911745784075884
0.021003512528433157,-0.46352927140980443
-0.5506909247776001,-0.5024916974859233
0.7105640994068578,-0.3509602278954807
-0.39678308474094814,-0.4896226411257027
1.2051384444309663,-0.329998690732465
-0.3357371544797192,0.5036346070480193
0.2651752027235548,-0.2658737582448136
0.3530446043081294,-0.432724557485225
-0.6837314924190789,-0.5101949925714286
-3.6433311784442908,2.0932604780418895
0.8814696698480964,-0.36882761670289077
-2.0829869280532574,-0.6274433884745794
0.04517467853262438,-0.26921500038034357
-2.4758850367598426,-0.6589149984225682
1.037835325021957,-0.29797359443234805
0.4085048189444302,-0.40497950334211447
-0.24648918474580164,0.5264946559358661
1.0875153862104339,-0.2751367237428985
0.30285043334625755,-0.3743028318513505
1.4792596653460888,-0.3406826167713294
-2.7767218044913324,1.7050529305423516
-0.39355572120141535,-0.32012085206466795
-0.006403586354270385,-0.3775808758298988
-0.25908919168842154,-0.2982432015222286
-1.227946140078974,1.5462526867922928
1.4314683641636667,-0.2960916162998281
0.6969006077951558,-0.4116302208170885
1.9430654751551468,-0.2549204165238907
0.3224840328315839,-0.3781448859845833
-0.8686499893831132,-0.43836931695214854
-0.395266552918771,-0.48947259528527237
-0.09297587171831923,-0.4309432451870851
-0.8533255003607403,0.47177149274829083
-1.4144567280427423,0.514240289531562
-0.8280375991104987,0.46280230277726625
0.2362053624094935,-0.3952304298161033
1.0573193175757591,-0.3324687944541169
-0.20305118641800787,0.5999569790030566
1.2896110660933824,-0.3409024969966986
0.6461670224586132,-0.35758464250976707
0.036932804625388775,-0.44591041167995604
0.9455404473497997,-0.3357862652656574
-0.3960320625628076,0.5413562342735233
0.9243978732655695,-0.32126473145294154
0.3366425179529012,-0.413706543146141
1.8499567773960264,2.8839249016138297
1.571748110260488,-0.2838768292587951
-0.15914817128125375,-0.3957153148722923
0.002251298783627837,-0.45896817652810634
1.751995444803679,-0.2369637132779958
1.2256361426003688,-0.2874787442176055
-1.3450287691053595,-0.58603012524304
1.2305313345880087,-0.32614180402856635
0.13833510740295957,-0.42066605519205597
-0.9159059689705972,0.45618267928221
0.6461621313617176,-0.3941042709363741
1.3044738680649195,2.877144079166176
0.6881872158259751,-0.3773840653430344
-1.2508041915017625,-0.4595948351383471
1.5097984222535734,-0.21353867406468363
-1.608131470942807,-0.593499856429534
0.9147871914278649,-0.3811633898326554
-3.198897847202334,0.2509794516508553
-1.4709132772420468,-0.5278592504204421
-0.5663466623365501,-0.42163744172703016
0.6445778267453675,-0.40869656561759254
-2.296686733024682,-0.650234914900585
1.2263960702729226,-0.2317140475815708
-0.558275360839715,-0.3469206715181404
-1.0121272224720488,-0.5222013824502598
-0.31817965860558717,-0.30785719684348367
0.9954980250155063,-0.36773045453624487
0.607317211890475,3.7693333297879
0.08241587347815946,-0.41006540922482987
1.013310251470444,-0.39508222635468565
0.6845236665892506,-0.38909515040563597
1.1533488409247765,-0.3297210561596265
0.8654226118076098,-0.34779103669749906
1.2820496543900657,-0.32551359807400976
0.8077889951484306,-0.35752660863073865
1.5024907716349383,-0.3121818051611244
-2.3483945651886895,1.7952170097597837
-1.4428376314303784,1.6051689086136893
-0.19792789286531343,-0.4243279540805053
-1.4604786198302866,-0.606156717862974
0.5730070904072533,-0.32137117055527564
0.9148064817340994,-0.36336319589470956
0.882020821641566,-0.3649104071222434
-1.3969846044074379,1.4215290066992317
-1.288560211442789,-0.5066885420462413
-0.9141613670312685,-0.4048231823109904
-1.5454622945059149,1.4122333102671647
0.12924673896373115,-0.43469366314250274
1.0304432055804629,-0.3376786244138146
-0.3618587046046145,2.0827801365704572
-0.3062616145589552,-0.3059181358463273
0.9750036549810447,-0.35883548305404167
1.1899797374974392,-0.35579531276125503
0.2906982460644779,-0.3988680342336688
0.37597547671439435,-0.39027628757354
-0.21414500863176172,-0.49992359161576705
-0.03769782756301279,0.6351319536585198
1.1328659307847353,-0.3393955982508699
0.45312393572288934,-0.40290015680351976
1.4028527123499692,-0.3052191837699957
-0.8661108601254456,0.4554429250819642
-1.6953441681109302,1.3194684064418662
-0.9371959229928646,1.1208953572055251
-0.7680020061471559,-0.3810431127835776
-0.31154718462955244,-0.475560452988553
0.20224206849984927,-0.4329179646791601
1.0098758655639704,-0.31352609454904207
-1.6183809377909777,0.49615157401152477
0.2913298117665524,-0.35650567647315456
0.4160337467029672,-0.42037170265567797
-0.5809448148660276,0.5013704314365148
-0.36393439001092776,-0.4559749994768371
0.2003046611200848,-0.4673215267580625
0.71513513734295,-0.38467507834930353
0.2230579765635125,-0.41960165953585093
-0.6549585109721298,-0.4974807803987438
0.822068013074447,-0.32034999688372495
1.5287541594045304,-0.31245541705426283
-0.2637738613172809,-0.3194808041823222
0.1713792961285128,-0.44425669086326525
0.15878140108424652,-0.4310324375314009
0.6783185053371029,-0.3900896370981669
-0.16488586539508507,0.5619336466621279
1.1374754794761919,-0.36275634682541597
-3.493729098568518,1.8845325841962406
1.93410319862383,-0.2763680746567349
-1.4973537583338343,0.44685620812890703
-3.2724130095883033,1.6448795786194217
0.7100637887354033,-0.2885754171609385
-2.0508910376105294,-0.6222213999433251
-0.582347686376449,-0.3508372292499707
0.8031542850425295,-0.34743425323856886
-0.1818546948469798,-0.2856771797929706
1.914481874163356,-0.26543201820915807
1.136958266292938,-0.3233224700958122
1.2730836475411316,-0.3513491974190334
-2.609631168152448,0.9123533741941516
0.3291936373459848,-0.40589597784908593
0.03989581146630782,-0.30252662505255884
-0.7367686590531494,-0.4685832399296834
0.4579138066772284,-0.274208880830133
-1.589218100329439,-0.5146546426818844
0.4993029758681387,0.6622467251315042
1.1532038161118894,-0.2595180317377386
-0.15955585228036595,-0.49053785383829984
-0.652421607818869,-0.518896639248003
0.6012303283239028,-0.39916011502608406
0.23675612876674543,0.5476449546182717
-0.5068144092237566,-0.5083837458428291
-0.5280214753401934,-0.5491080300807158
0.9992754723599794,-0.3215028422911866
-0.03683234782020873,-0.48293538186874885
0.8429940258352966,-0.3527953811350514
-1.1657845309275319,-0.547201365047089
-1.9135877573503663,2.141620948088993
1.0998749579984597,-0.3608443030335469
-2.862732967396725,-0.7218550019326736
-0.2237691166618658,0.5300620504226212
0.38598625383966806,-0.3444740484183102
0.4741504200566828,-0.39797019298268027
0.17082889023039868,-0.42329452578426
0.5157442294598585,-0.4223085651719567
0.5452522193984471,-0.375559218646317
1.7574613008213584,-0.2920936232866101
-0.29606680362910076,-0.3042594441876864
-0.6777513480918845,-0.3663593668334926
0.4763338810184352,-0.40217360435614774
0.5276768032202259,-0.34976884735189223
-1.4966156076538102,-0.49958825418019837
-1.6183809377909777,0.49615157401152477
-1.2401846857181416,0.9814203783499508
-1.53156727057071,1.108229347709181
0.7937091479013711,-0.3895984184772042
-1.5736019756045072,1.8069210637797097
0.5998294192524879,-0.3830854236642698
-1.756585667211759,0.3978977039226023
1.4454404478763443,-0.3220063704629703
-0.9971146316110941,-0.5020121178355572
-0.9353461260113943,1.048225253778658
-1.0236514971990118,-0.5199954480136282
-2.292669369563349,1.4669016248956968
0.8166190974379102,-0.3915177106831667
0.7260719785132388,-0.3700203093009071
1.0715134233357269,-0.3483396879949174
0.7543568459990176,-0.33033387027984823
2.0067471111079866,-0.25182560298365686
-1.9671712974057953,-0.6086002317140522
0.9798229371221461,-0.3429277573340415
0.9738576399427193,-0.3347151593366947
0.06564984276748703,-0.4355779982260611
-0.009661438640187817,-0.4430164373190545
1.127244197060941,-0.32560610218763525
0.5212812044975518,-0.4047039908301126
-1.178485395607988,0.5677224026921769
1.3737648036955588,-0.3121283851780683
-2.918106153143452,0.24373598401102745
1.0355870088905033,-0.34228924976441744
-0.16488586539508507,0.5619336466621279
-0.23450420714067244,-0.2942432343744564
0.5444049936948339,-0.3821754327718079
-0.9910816880872917,1.0639738450250626
-2.53264145256335,1.3629527527950358
-0.36980185340320315,-0.44678764566403073
0.7279559543901708,-0.3218144146267074
-1.973642899914927,0.3871108774789681
-1.577953021286658,1.4459914464772419
0.70467105887326,-0.33742534259825885
1.008518502090734,-0.3576310012955543
-2.9541625398553704,1.3388015420120496
0.9113828607933624,-0.35972696430810286
-0.5501782929332986,-0.5108697731852295
-2.656046744804583,1.6057787484676627
0.9605513755903368,-0.3587884612530999
-1.3607024512827146,-0.570097018246527
-0.9425489538194638,-0.40944183132160006
0.020834223002136394,1.1349046999889223
-0.4512371860570136,-0.42459045714401616
0.9827376127771045,-0.351917809328292
0.7265448741158866,-0.362038274982759
-1.057085672163301,-0.5193855949075329
1.479481580790482,-0.26231919645871843
-0.23236597136071574,-0.4492005520985007
0.041066093510601386,-0.47653679375883884
0.3732474076674014,-0.380828373153427
-0.7372310569689245,-0.4993471344980898
0.8083436357423148,-0.3040366364310034
-0.16805492101150982,-0.4248533704983917
0.9535270282234793,-0.34691442582152127
-1.7344739509989502,0.9393586130751549
0.5757689658785534,-0.4017606585824499
-0.3442901769425983,0.6254884825270017
1.4666003093747424,-0.32900682031367406
0.6045978750460734,-0.3990837850199333
-0.07124583827971079,0.5708095893438471
1.736327415492345,-0.28245988617766293
-1.789297763237076,-0.547207523771296
1.4361206690720503,-0.3085705919799707
1.7729020321605407,-0.265648971418156
-0.22937762694397962,1.1587699396221736
-0.16488586539508507,0.5619336466621279
0.19623417559681544,-0.4331050375369
0.9610936718265971,-0.3772556855737023
1.233191569067488,-0.25967993504029
-0.7683573087006429,-0.38110092036684895
1.6882847097957256,-0.2450778295301624
-1.4893679590625675,-0.4984090646546868
-1.4679148499522212,0.44722877360580116
-0.9632634749684983,-0.4452648307362047
-0.5815520633389943,0.5219025139754492
1.0625627125107115,-0.3445514532135798
1.7481101949817228,-0.2535797495038651
-1.5965051356307423,0.9951028901082741
-1.259996735128173,-0.4815658670939312
1.8760467914738277,-0.2716615670128523
0.2509629315166088,5.331635078785343
0.8302006714319055,-0.37281230127199294
-1.3239544904332732,-0.47149635950202834
-0.5041956662437398,1.0773499176107535
1.7368632486476445,-0.2877173341495869
1.177685659128437,-0.3435028322903993
1.4034713516837432,-0.3164351764565556
-1.2609624613275026,-0.5370155974913687
-0.6145440542654693,1.0518159772791893
0.7120835170554635,-0.4168798012885754
1.1034068557918157,-0.34575026500085815
1.1452985696690428,-0.30597913774766383
0.5909428898313334,-0.39239235015640495
-1.7031065036289748,-0.5656369954370846
1.137835913599801,-0.35263302563742643
-0.516315309521647,0.5855227159686739
0.31956561466688527,-0.3969738314784543
1.0165714433854436,-0.32820668400278374
0.3955610208547296,-0.2674998898295185
-1.5506488982632172,-0.5559218758547415
-0.19191428837766072,-0.3197666267478399
1.4128862741330233,-0.29425918369558773
1.451082809632414,-0.2916687408783424
-0.12837106449746044,-0.4427859317994615
1.79298200235034,3.0082093729213173
0.5492115041849621,-0.43540839289769534
0.6812102171924891,-0.3579337115360919
0.8903730445196145,-0.3868973209150834
0.13801937263662642,0.5658076803535885
1.2756018279758885,-0.33392866145185335
1.4342399077818933,-0.3003313957346497
0.7722468181289012,-0.36861696977203234
-1.8976548676846408,0.41826106226160625
-0.3896089809853568,-0.5185921153999639
0.28410535139033827,-0.4401351192124522
-0.30720596442904746,-0.4881346873536004
-2.759310067234172,0.285493876691545
0.8138689840736445,-0.3611291376871848
1.2365318369495946,-0.2670488380830998
-2.7652745088844117,-0.7059985497325655
-1.9622332235705007,0.3926645177993556
0.34036706059120986,-0.41455665964890437
-0.25710701261488367,-0.34546312869500617
0.007028433864426415,-0.4572031007851741
0.9107601129770715,-0.3562348292684191
-0.8761874611153109,0.5656664382041172
1.1507906216529413,-0.30840096587987187
-0.9569006845032271,0.5280061306002113
-0.3794637305362061,-0.317828090822615
-1.4292565355312483,1.01853066377059
1.6894794243807505,-0.30072206661119905
-0.2637738613172809,-0.3194808041823222
-2.0225804558504095,-0.6176152796199683
1.6330678810431116,-0.22363037204723726
0.3397616099546121,-0.3947468376405822
-0.6287641217140424,-0.4870853445214816
-0.6424246294438803,-0.4900557859055017
-1.3797921678415608,-0.48058112727185415
-1.725498692170853,0.4536945737151743
0.06876290741454777,-0.44616938744966766
0.7074190483035879,-0.3338702330326492
-1.5865830222553314,0.39803905047238586
0.27109172222919725,-0.42203131209323075
0.22506005886808747,-0.37568650776951595
1.495351519853366,-0.3049715770747628
0.20067588789179977,-0.38276612810461563
0.4343060376077937,-0.411384171435035
-0.17242081755811411,-0.46544934162791246
1.7746156647660232,2.934644769776734
0.7762061197002317,-0.40303382255606973
-0.7918321376156185,0.4866937825216661
0.9085339642938185,-0.34318980828065265
0.6561997344835743,-0.3755762255791247
4.653419910223396,11.724631929912237
-0.7695350169197185,1.4936450409237727
1.0472957079643068,-0.31536235782011435
-0.25710701261488367,-0.34546312869500617
1.3029864097235657,-0.31979404322612814
0.5348797621198407,-0.3875689361782938
-1.423405300828498,-0.5081523753423461
1.6590172393525586,-0.2611781087988309
0.2598972229138256,0.6024360795333531
-1.910703462896736,-0.566960182523136
0.7191332575113893,-0.36761553831172605
0.8881316580577617,-0.3796196185939197
1.769891929168118,2.894393108318591
-0.10801694419290411,0.558665714334044
-1.2508041915017625,-0.4595948351383471
-0.16106387641803632,-0.48417252714674625
1.189177963919406,-0.3095099514210407
-0.372017393494086,-0.5030637738478148
-2.7236390351110535,2.242894021730003
0.5345069938518565,-0.2685945664578703
-1.5024077465674985,-0.5005306328636214
0.3712336351844609,-0.39003950211092325
0.8747142753403498,-0.32167195963008527
-0.4306405324902726,0.5310251213409716
-1.7302214558343922,0.43041273956612386
0.6241497089531972,-0.4090002590092589
0.04767145782380957,-0.46774706888984724
-0.14774566169778813,-0.2801276537489718
-3.288567422806433,1.864984142844306
-0.6849844649410246,-0.42046435594948056
0.7681310952624457,-0.3882438737316394
0.1823785418874973,-0.3969955065738165
0.8303550270466076,-0.3250150156482104
-0.7505995926530095,-0.3782117470719849
-0.9250012861195597,0.5614217389546483
0.8394491573680793,-0.3853909473319653
1.2384258394562393,-0.31219368765831956
0.06978201237909018,-0.3022177278613803
-0.06403384056299838,-0.2869831827353472
-1.268147510711238,-0.5562955677048476
-1.1561187281431176,-0.5221466965631156
1.190480690354502,-0.30261968577450865
0.0077809546877550765,-0.4481716637218597
1.0759160416217184,-0.33661349388440026
0.7095569868480265,-0.3537379177161355
0.49982922325408125,-0.3792898813041293
0.8169860951192536,-0.3912457375684482
-0.004493309792408506,-0.45201937678110293
-0.3272995795448388,-0.30934100433079104
1.6972662978968174,-0.28387627955725886
0.3863909053620929,0.5829011982089164
-0.14853237019826626,-0.4298035474104291
2.0067471111079866,-0.25182560298365686
2.2620616763240227,2.9368568690541994
2.3379105121905135,2.9215498885698064
0.46696112282436225,-0.3678730688365147
1.8516339716221932,-0.2559088904016
-1.0206341078403165,-0.4696886815483774
-0.7701103444392094,0.6666176152113015
0.5880817365263403,-0.33960027263289566
0.7388979295497605,-0.36486060241096907
0.509995013893305,-0.34503742434800455
0.6660191346443723,-0.3874325760783707
-1.1888184724510087,-0.44950978345354714
0.24926186245284035,-0.4353669068757492
1.4570197491193082,2.8582058975932205
0.8382400629507518,-0.34549490345571415
-0.3432108493603556,-0.45260328770590574
-0.37980578458342945,1.1328266133389662
0.681138393139611,-0.3634265778721734
-0.10975548864254017,0.617842890424583
1.0648821714325736,-0.38361059786935864
-2.7361606875915108,2.442749518715257
1.376934822599192,2.8762131262488233
0.2003947322683121,-0.42008553292908934
-0.458381235920185,-0.3306679373682561
0.1347238168682006,-0.23416998262178923
0.5851052846757465,-0.3837821812040595
0.7063537734711222,-0.38324614262392825
-0.8522219525060901,-0.39474566435397196
-0.1515440967022067,-0.42972727918095516
-1.1381360436196981,1.0247038914103905
-1.5657634844060038,-0.5108385860569497
-0.025375365740501424,-0.400638019888307
0.5578458225877316,-0.38413866839884203
0.14466036158134066,-0.40961355701604957
1.2985797942385249,-0.28227641641095275
0.42961861124529227,-0.42158327528807
0.9552364835665175,-0.3671152812035938
-0.6767692536167085,-0.5187661739219604
0.7446165542196072,-0.37257709411453716
1.3830802760858327,-0.30217960406648264
-0.47677054426861465,-0.3541352792638534
1.5748859148437595,-0.2824352526566945
0.1976694839800246,-0.330594434985166
0.260047096182587,-0.39834568916412655
0.9496980340797776,-0.33094206817466715
-0.44298380393839687,-0.4732814802775515
-1.2405133531277688,-0.5193467462113837
-1.1707705380935507,-0.44657339175581096
-2.1862325618464107,-0.6322640654502056
-0.7816125387444298,0.5144597835626691
0.4331332238027226,0.5629303512515695
1.089240126050379,-0.34071227021491785
0.20029930758572687,-0.44577468988580143
0.7505222033692115,-0.378084398231351
0.7944437357200421,-0.34411776747456
-1.8984477559540325,0.948067448737542
-2.7652745088844117,-0.7059985497325655
-2.2701173510948256,1.3016911417997226
0.22447606974992962,-0.4516869330128351
1.3586863766112247,-0.32328424069494144
-0.8054746047229874,0.4550612523547005
-1.0450132065252953,-0.42611272423383034
-0.06913360085690234,-0.4279771188289216
-0.5020003216838068,-0.42625798965410555
-1.927286736695138,-0.5696582745340254
-0.09563652920876217,0.5335015738637693
0.4402505997195469,-0.39394933337064303
-0.5754253629451219,-0.49672254366315116
-1.2783294041578654,0.5839305775685442
0.19980483865346657,-0.29441460298001537
1.3186144075919806,-0.28823520096144
-0.39671931955402456,0.5322092538399593
0.007818069633882065,-0.428361603674445
0.007257337176113926,-0.4341686283430107
-0.768080916894308,-0.38105595153056165
-0.4134232215569639,1.16341174887969
-0.0029241430804743443,-0.4135161370104314
-0.24777482861150169,-0.48491974108272495
-1.9364301725063269,-0.6240740717806884
-0.09412295018861605,-0.2714032600445716
-0.7708193246566356,-0.3815014893776667
1.7225135912187324,-0.28152651727908384
0.7431634121708803,-0.3847560966618064
-0.6422932340556415,-0.5392283334719793
-0.3572859152043243,-0.31421976914299005
0.16296108373767,-0.3676100829666154
0.6670386837178979,-0.35773122500268595
1.4012347255891928,-0.3232895318195282
0.7832397788258123,-0.362420291533508
-0.11774132986391206,-0.4112816323683469
-0.5553668104266628,-0.41135296175577646
-0.2145956649245399,-0.44646278405191997
1.7817753180438558,2.9011057796643027
-0.43419290265336363,-0.5173711079790768
-0.4488068758770938,-0.4663044350964157
-2.009089869166339,1.9710869046809003
1.2877369170693254,-0.3471176647406256
0.7925675650858678,-0.3634378247366689
-0.2637738613172809,-0.3194808041823222
1.2631274531040244,-0.2523297036015185
-3.034532796565425,1.346200742193139
-0.032854473490380294,-0.2614349034035083
-0.6338210816013293,0.4996806576025789
-0.6642614689029445,-0.44954548789974774
-0.831537911661457,-0.5003490324589078
0.6387495119232786,-0.30473179719831733
0.29761187137869527,-0.3832170922877092
0.10217654951675491,-0.4014850538342399
0.46274874761835455,-0.22175127522639326
-2.0510917509701887,1.9894380829000151
-0.7014486553850119,-0.527742199692773
-1.3965262765038304,4.226374997974318
-0.3365038746012813,-0.3108385394532015
0.7576568061801199,-0.32138635689727685
-3.0352121601114987,0.2571356386524736
-0.8885838587138218,1.0632945950130788
0.6886242911022882,-0.40009187768608695
0.5233168696907866,-0.4195933126311439
-0.47775932307132557,0.5273628957240564
-1.4862156236018245,-0.4978961809366906
1.3901899092323884,-0.3242395701958876
0.5386418753197103,-0.3573178810703993
1.1806611704960415,-0.3367827374963985
1.22372055872243,-0.3425779553847828
0.7813833642141853,-0.35468879454753255
-2.6179404017861367,0.9314768739931847
-0.0017929129829576168,-0.3558503466893445
-0.23241086904133013,-0.2939026491033822
-2.212966992819948,-0.636613746671312
-0.1676253936684436,-0.4598270444206108
-2.286315963700925,0.4199315676957728
0.17252866033313338,0.5829223515523154
0.6075732697192735,-0.4067024807994804
1.4620977621402451,-0.3280730866497794
-0.36515650742961037,-0.5018400929642134
0.5686014656050385,-0.40818856933663256
0.7024285147271399,-0.35567060420433955
-0.32757572687674047,0.5368672793568761
-0.3947075003567327,4.323259129372498
1.0814103514916977,-0.2881461483380725
0.06835536788461885,-0.46125386447466715
0.9009474054374533,-0.2965893394755771
-1.7373259155372487,-0.5387517249480518
1.0073175881331184,-0.3501496000719144
-0.009560964308793888,-0.43256712757370686
-0.3929098507876858,-0.44046529038542426
-0.032854473490380294,-0.2614349034035083
0.9477182713625841,-0.35066064758546317
-3.8790217642312297,2.3386450935544505
-1.0858640274187639,-0.45323454523210643
0.4875511298119583,-0.4227428126145193
0.32248990329762667,-0.44173634621377383
0.38093832652456344,-0.39149893629573385
-0.7044506412219538,-0.5164665597299642
-1.2884487299541032,-0.5186477503794702
1.502932826682758,-0.3355645518088712
0.307967774365093,-0.40712071996018656
0.1761463520165128,-0.34357578041488057
0.8667873850675978,-0.3185804806001152
-0.04329185304688022,-0.5083947342837041
0.4952496015177344,-0.3195247928528209
1.32524994642742,-0.3262807861203086
-1.379436601943799,1.4172209583651991
1.161086672643981,-0.30959369396924663
0.677413152660892,-0.3608428741434693
1.5457172663239627,-0.3030057194820136
0.9456796566701859,-0.3645048014016893
-2.7950810386516594,2.231270436342815
-0.2642350872231077,-0.34003125423876923
0.3477660699919653,0.6019237570555556
0.2363306264473698,-0.43192534568008234
0.36266872656460625,-0.42413090916129037
0.40156914600269494,0.6274457289255871
1.048930989594725,-0.30520906849617047
0.7387847911145156,-0.399541452060879
-0.23278722067898183,-0.2939638813642239
-0.30190507146884904,-0.3905902470409856
1.028923680518002,-0.37403296047051254
1.486337476696954,2.878853124844773
1.5376125584232192,-0.28218457149260273
0.3692919657883942,-0.40385205188801376
1.4757523271716342,-0.3291943255041023
-0.5362529900763956,-0.34333764060761646
-0.12906979959706472,-0.3570842804864833
1.020760072198735,-0.31489352158106043
1.5205769075001243,-0.2986213933309439
0.8582121126288395,-0.3429309970795254
1.023210102622618,-0.33877857089072744
0.30981110154109326,-0.3750449382257607
0.9003965671663217,-0.37635057009207595
-0.039265058076978915,0.5929517346917076
0.8753492026172461,-0.33972497389106515
-0.7484969169770102,-0.4597712777254743
1.799157028695818,2.9213750564807337
-0.47392970420011227,-0.4692333383373326
0.6552734369796739,-0.32383920302633634
-1.6889455608960613,1.1301663897659813
-0.9276843751543793,-0.5103094019933844
1.3903438914661292,-0.30087552400432627
1.4238087101359336,-0.3075182439546128
-1.1679874924356883,0.6018831624503397
0.09058368996770125,-0.39442026158022353
2.2699074191572852,2.965103779928859
-1.2038239282162295,-0.5094329047387357
1.094377356385574,-0.33827165382550345
-3.338676587220906,1.9097595657453021
0.05561260482426338,-0.44302689333901546
1.9967592931962677,2.9317413648934783
1.0740668282445331,-0.3439518032853793
0.6839645318996642,-0.3790333164879158
2.1230487681073456,2.919232103254499
0.1276710973350385,-0.35203629075722764
-0.860743596427306,-0.3961321324098568
-2.862732967396725,-0.7218550019326736
0.28542753734438214,-0.38965320145594173
1.0658007681784312,-0.34082911066588195
-0.25883293446593764,-0.2982015085746767
0.6968491718391356,-0.2876131045668376
0.5002316121099389,-0.3606627248791604
0.14732026015708238,-0.4166291080589662
-0.5256159700265634,1.1484960268698976
0.9876509608271162,-0.3521930684522332
1.5001157216738081,-0.25678087682532186
-1.22393508561432,0.5927805114286637
0.07685730851920552,4.341234217965664
-1.0078086512031317,-0.5536321557629814
-0.20811756461923692,-0.28995013819533283
-2.6477310635852835,0.32867672045871066
0.03474129831574221,2.759150644818924
0.09479878788107388,-0.3898373574638755
0.6282465535507655,0.6060622987168393
-0.12475676742656289,-0.32392979676531997
-0.5255916110976468,-0.3620784473002638
-2.261320571279482,-0.6564582008639063
-0.24867351858656767,-0.4062466430641301
1.1311648273857542,-0.33065931141833194
-0.02583468737041911,-0.36999085439843526
-0.22916308750444442,-0.3138496451331294
0.32668096707092403,-0.4178660031594194
-0.6802592576694139,-0.4486690378627183
-0.10928090867963547,-0.47741646732759163
0.4473628614351424,-0.40273499453713624
-2.155269469160418,1.0013675126005999
1.1870589759271741,-0.32076725415899493
0.727461405859578,-0.31185112231958656
-1.1532433904625652,1.030770691170144
1.832100623467577,2.933133059396174
-1.2293444298676766,-0.5360985225358105
-0.8416274068016544,0.4679507048504615
0.8941308068185284,-0.4050411913998278
-1.124726148473892,0.47378585240442034
1.2503431930447029,-0.2628037889138664
-0.7733524391093366,-0.5228385560501976
-0.42855896227549195,-0.32581586538021134
1.9961985380251688,-0.264477008113453
0.008748034362532405,-0.3982239361711682
0.9740595977666074,-0.3595313415363979
1.1077199248467613,-0.33339673463138697
0.02300519754089436,-0.4707236700258626
-1.5571743109613037,0.4771363964582757
-0.993246136512109,-0.417690242658257
-0.26369388623103096,-0.44065893660023003
-0.4588876571591858,-0.3307503319011875
-0.972331896285596,-0.4142875041426321
-0.2323301471637932,-0.29388951568620936
1.508105379942307,-0.283386346658468
1.3902053492819069,-0.2791390688618965
1.1211883115014172,1.2727941133296867
0.8583402020645533,-0.37859944141161733
1.2657576881706917e-05,0.5807558251870012
2.3848316423992078,3.0376033237588485
0.6294865584256796,-0.3914787934777793
1.2734843565081657,-0.33944761966238135
-0.29788714603607264,1.075659891009881
-0.7827521833194282,1.1533980337594902
-1.6889455608960613,1.1301663897659813
-1.1051063981482991,-0.5433433235812403
0.3622448191001318,-0.37002512604124754
-0.6117602108084687,-0.5178864107699027
-1.111800911292144,-0.5018845672989617
-0.3515574289894253,-0.44653750228248956
0.9551267660006284,-0.2842688494144801
-0.2616117184052032,-0.29865361560961223
-2.481562166651857,-0.6922914202971522
0.4099876339881045,-0.4780054966196354
1.316180887612965,-0.305634670526754
-0.3817174648053929,-0.5523341297199275
1.2271403433693824,-0.335610258484878
-2.219440975247357,0.9963125712239623
-1.1679874924356883,0.6018831624503397
0.43406614271110694,-0.4402361548235742
-0.5764920351072903,-0.5112848558826156
-0.1199927980196164,0.5294991306792186
1.079344986775138,-0.28672524580278835
0.36373251058947675,-0.22936311490846142
1.1443947525073388,-0.3110410423894836
-0.2323301471637932,-0.29388951568620936
0.9107601129770715,-0.3562348292684191
2.299781800073041,5.774140584397151
-0.04016526912099752,0.5396672704527263
0.26787196654618556,-0.4407243489391546
0.6698782688482683,-0.33506295867444014
-0.017061017647293012,-0.4474326368160086
0.3506940054876318,-0.4245197085994718
-1.5258170498018653,1.534186450813528
-0.7527704159676322,-0.517146279946312
0.8502780278235083,-0.37461781646468134
-1.0853060936377106,1.1483831075033664
1.292553785510856,-0.3284656334757687
-0.9295339279773542,-0.40732429182529756
0.83721740465773,-0.3653623104871141
2.113412759840225,2.9096841531683584
1.751995444803679,-0.2369637132779958
0.6992971744450425,-0.37915328665599635
0.9181438251220867,-0.31037483290610257
1.3662893217687608,-0.32301672999182146
0.985000308268571,-0.3748666660849537
0.5204777814663823,-0.38749784091870015
0.8056906399026252,-0.4011652722646815
0.31698716799164495,-0.41217959628116924
0.5966775729991974,-0.4184698021649304
-1.1572188031520492,-0.596252092461377
0.6689708861485514,-0.3508552519462709
-0.47094891626548674,-0.46530598312033405
1.69662489737123,-0.2949933735195095
0.0700610837371036,-0.4366038270293116
-0.7032550435844319,-0.5085431002491564
-2.3842591778278877,0.9370439605062667
0.9934983976693302,-0.3788409734678587
-0.8870756131584496,-0.4966597656982942
0.6531836100755044,-0.24606020644198684
0.4925236282757896,-0.37166866794019343
0.8432825111777538,-0.37074251348711706
-0.4243816411460771,-0.4394906071616028
1.4359343075503999,-0.2536313075859209
-1.2928929354875196,-0.5464378389700226
0.5585292503979642,-0.4019097656637372
-0.6756476358816841,1.0464607340452179
0.5623242758398354,-0.42037022882559544
0.8355883399289171,-0.3451955081641622
-1.1722895429091253,-0.5176538097907337
-2.1621762882029025,-0.6283501193549798
1.0064616537770439,-0.37239097746777544
0.03822764763100647,0.6007089330996237
0.19957341961432482,-0.33472396724012415
0.8422139972698075,-0.36046547755431996
1.4135563025113356,-0.31304903229741543
-0.13264070713131676,-0.4517893919170787
-0.6814940267708584,0.5424541138447128
-0.993246136512109,-0.417690242658257
0.05796209721857378,-0.40389957799350995
0.15851133588587624,-0.3440322401736595
0.7973339518384597,-0.3753741744519164
0.7698451251571383,-0.3956397194926926
0.6602726616258585,-0.3976029746637079
0.19657438991068085,0.5816540898875946
0.26555441316561207,-0.4316405408872979
-0.030520997606586334,-0.3536770280306856
0.12487398990555063,0.5671973585784236
-1.546893163512811,-0.5553108193137787
1.5453032851123203,-0.28755103477651167
1.7931245074781887,-0.27346026801597
1.1341984028599335,-0.2956832801381011
-0.7028784210115845,-0.41798995845729003
0.4006974100094113,-0.3629948928151062
-0.3467831500849442,-0.4362724139193356
-1.7744350129974753,1.376454894889123
-0.271818060205837,-0.43048765950999646
0.8129757090872299,-0.3681885101773256
-0.3525996808636701,0.5290516757345771
0.5318492331914896,-0.3502198874133943
1.4329545422651064,-0.32546816788475436
-0.6897194396493284,0.5243919754208864
0.8383376310998669,-0.3627428666846835
-0.1682374650388737,-0.348367172178312
1.4727163144776703,-0.2701729129912367
0.5827806032843464,-0.34270569946002294
0.1093699291669292,-0.4695099515811114
1.390560117222868,-0.27754459225949946
0.06311712395142072,-0.4576921403901788
-0.30934000067150713,-0.45898558150154056
0.37160085480806454,-0.3911856279834083
0.5969563682881632,-0.4087079293213842
-1.372609251188554,-0.4794124696067899
1.3797242534053271,-0.3180420315581548
1.0628380899854748,-0.3632478491270649
-1.372609251188554,-0.4794124696067899
0.6775913665987597,-0.3940323734453231
-1.2118069586676539,-0.4532500009617178
0.7100637887354033,-0.2885754171609385
1.0667437530412718,-0.284881868294996
-1.372609251188554,-0.4794124696067899
-1.2653242418913875,-0.5473381605383317
-0.2588139633132001,-0.29819842197571794
0.48218638333900465,-0.3713236913768174
0.17141530272189479,-0.22820029255618518
-2.613008906240112,2.099998126317632
-0.33635197802085,1.8729522959407303
1.6712587410827766,-0.3093011500265462
1.0563357433821834,-0.35820834801723217
-1.3052095964782953,0.4171720920725453
0.6698455036252654,-0.3544807222311463
0.8267532132293304,-0.3184798454507144
-0.9949146853281587,-0.4859795505838999
0.3676704913341447,-0.2888914321238834
0.7332180920253827,-0.3057719018571617
1.549879818938744,-0.31921750398114535
-2.6852025866320317,2.7679468244562195
0.8859167464520415,-0.3181685025300982
-0.2637738613172809,-0.3194808041823222
0.7095618434192195,-0.37832782850789287
1.1960607182355525,-0.3168171146480697
0.36260548120643377,-0.3589905441974652
-0.3759257821746843,-0.3377278768261096
-2.3483420981506633,-0.6381638133495736
-0.8292030200996966,1.5182929681589856
-1.6040660377942078,0.4219647043523378
-0.20840002601890517,-0.2899960945520266
-2.256389638888767,0.42480056876712596
0.4554581274998212,-0.383189235864005
1.1036174160683976,-0.3088331920239478
1.4497333296104242,-0.3535627650566879
0.4847445377476531,-0.37460970726975573
0.26300986835342466,-0.41075979114159067
0.8164919268523272,-0.3820607661758287
-1.822405936767075,-0.6001366372706008
0.3348621592292813,-0.38707363771372605
1.1394357319360662,-0.2971345091507218
-0.9629352501987607,0.4481614521116093
0.14450981579035685,-0.3415464577864545
0.28082412186069355,-0.41010062138355075
0.03846609482384208,-0.4087520097779069
1.6305290728850306,-0.2894577630302986
-0.12097229934477174,0.5361123881434489
0.5382253519867424,-0.25845493907664074
-0.6138543406817047,0.49672222836053226
0.6879124632833843,-0.3966068121574492
0.3172674215356418,-0.4384491130014126
0.6750671310201366,-0.40771553113743236
0.9914479525070927,-0.3514412193751338
0.3226056449292449,-0.29491036972614854
1.1314285140331362,-0.34072165798839804
0.30824731571478947,-0.4072378135171185
-0.5572554467551019,-0.34675473190471173
-1.6740637362323874,-0.576001420605544
-0.46679105264681686,-0.3525116199704692
-1.3222839486182685,-0.5696571202264046
1.4428383199724415,-0.30493651363661584
-0.5549113082795755,-0.3463733415127949
1.6397149121317216,-0.2824373541350691
1.0905778444458811,-0.3773064107045956
-1.2461434004963803,0.3898104178345511
-2.394145191536995,-0.666091367100693
1.2290169866312999,-0.3467818212242141
-0.26194632808898544,0.5409599346022733
-0.7079434209211442,-0.5462727629190556
-0.2945267408263541,-0.3040088765859648
-1.4033400761598547,-0.5168651176450638
-1.937304924670824,1.0897584206655235
1.261325066719556,-0.28896025429666206
-2.0334865997567975,-0.5869369497562738
0.9077816266145495,-0.28031770164009395
0.28888367610065463,-0.32903279075131237
-0.395525583110427,0.66265689575639
-1.6066613469008972,-0.5174926519188157
-1.4815438791865188,0.5508676638014975
0.9470612452115776,-0.3040711841493762
1.8999154710638708,-0.2830544853977124
-0.5054208879037441,-0.47345718331883346
1.0027838904198714,-0.3102774792300817
-0.17042871530779252,-0.47673880519111594
1.4855623306388095,-0.2818121852276318
0.7120221142670017,-0.37226040073005107
1.7215728879385594,2.883080969081742
0.6833415807162574,-0.3623634343093892
0.7108768343569855,-0.35175272747343145
-0.6991240798877667,-0.4748608682957195
2.69750562324172,2.9729325289290487
1.4295270549425692,-0.3116009265930214
-1.4184873864366156,1.1212416626224784
-1.4732656811835636,1.7163481059674424
0.6394217883366708,-0.35628604075698705
0.42656101907647004,-0.35878689396970803
-1.531838074863002,1.3845812810300715
-0.443205518674598,-0.4081940362730492
0.9036866459242858,-0.35951771756749473
1.2541460144805894,-0.3454918813533707
-2.8977810671160475,0.2999710312733199
0.952849520062943,-0.38570649425408526
0.5378524806785313,-0.401667109228319
0.6498415756706041,-0.4099960741978833
1.050379671865323,-0.3202359902436357
0.41114893719905,-0.39157815805133156
-0.36879615378193026,0.5664259679455699
-1.3405698258226375,0.5738040858703675
-3.183179233912868,0.2740122725290883
0.4005669149288926,-0.40920344183183016
-0.5091726600155849,0.4759087872262543
0.5575722080455356,-0.3976745288589509
-0.030132477323560173,-0.4478650406681568
0.7166880497914554,-0.35391726083350045
0.24494689050038912,-0.4123771423631903
0.5359858127808935,-0.40026415455956366
-0.30808265836309046,-0.30621441894453505
-0.6592803361605398,-0.4413112890068288
-0.22447745157343457,-0.4482232074388585
1.13992199551624,-0.3198216488054701
-0.856404735326438,2.0165167023193393
-3.500879287797557,0.22232260089573422
0.43255391882442384,-0.4044877399961086
2.140241426151178,-0.24254553774496995
0.20214110027802462,-0.4282994620120618
-0.16610300261603633,-0.4926519320138466
-0.2637738613172809,-0.3194808041823222
-1.1124407563960002,0.4984726570351561
1.4110172184428775,-0.2597028863461874
0.6774249711067755,-0.38080153751461454
0.8816194298931468,-0.2989362913150439
1.0005592347974288,-0.34333608406574
2.006748462888573,-0.2518253830494965
0.10228296010639149,-0.30435360726104144
0.9968199574880434,-0.3629515169434271
0.09532812673458632,0.6680407333682538
0.9079946548587169,-0.37082074746369953
1.0803439877559042,-0.30528668131455444
0.3330833782270263,-0.39322523989924424
-4.165394522671294,2.008320980849676
-1.5838698964904803,-0.5137844920574708
-0.5369014125942677,-0.5122254956986559
1.0367178554058185,-0.3179878442612379
0.5752347831093633,-0.46770350326069743
1.584793525251708,-0.2452954402227525
-0.06413095997379697,-0.32794980159689446
1.2198514655991777,-0.31198314588474024
1.6066082528262282,-0.29857100151280486
0.29485786750328014,-0.3734923377039958
0.668997554783032,-0.2982508064334961
0.0775054962152639,0.5462330325195068
-1.5144283579623976,-0.5024863815272965
-0.3358266816668767,-0.41818182155153977
0.8549610736965111,-0.3731759771162106
1.7410080030556174,-0.28347544160288635
-0.4485033667817435,-0.4728466636306183
0.9517884141429181,-0.3616598236168214
0.6965355090068795,-0.33067486177261235
-1.7373259155372487,-0.5387517249480518
1.380062668422964,-0.28167188153006417
1.0803439877559042,-0.30528668131455444
-0.6187731663390821,-0.47290886794925735
0.27428934737834637,-0.29145790868537474
-0.5832621268270389,0.5257138780727294
0.4408145448522499,-0.4196182046309711
0.12094422350022938,-0.4182250138349523
0.46269401451311226,-0.424017310729107
-0.7101513362989719,-0.3716308319493177
0.794133117587833,-0.33542383935170444
0.5479820922289441,-0.3686516154751404
0.9804701670001548,-0.341334446061622
0.8786603147276849,-0.30353689768411496
1.2757717979923788,-0.3541619653023497
0.8237952657774896,-0.37263855956127695
-0.2872813975828029,-0.42790459747225035
-0.02946826794510055,-0.3675496563299169
0.42562262890887403,-0.41350611396157577
-0.38802115196058373,-0.3396957886500845
1.3232602188330662,-0.32934716744395637
1.027148017553679,-0.3450192849702203
-0.23254983571881407,0.6231931825429634
0.6325986151996751,-0.33547657274218934
1.4168284116100047,-0.3166409273983147
-0.6807354967543816,0.5992572320200383
-0.8308848333851715,-0.47126930563925007
0.5835741268932035,-0.412038704361379
1.183348660236231,-0.3252669009021329
-0.4499048594116871,-0.3822169982014072
-1.6391233180963145,2.1182583668225186
1.0309479748378174,-0.21166511359341164
0.3294392312278735,0.5620097843151585
-2.3092633214529736,0.4161980417723336
0.08293699258987625,-0.3777315916050541
-0.9423699755105814,0.4579942723465991
0.9742722659028287,-0.36405745577519844
0.9278630575413178,-0.3126855824352228
-1.2878145319537735,0.5823873510718032
0.36448964789257005,-0.39202583508396693
-1.5892975481203366,1.4257286165941427
0.9241464673874651,-0.3996050757154686
1.6927775645294432,-0.28612696016205136
0.10532919128373154,-0.44095739813725204
-0.1196216120151879,-0.48236707252185607
0.985177980620634,-0.3690171389545046
-1.6311486132551956,1.391974512257438
0.29420860518047637,-0.40630491275020764
-1.4792604553233462,0.5512391759502805
0.7806245007326303,-0.30954797266815703
-1.133102141908785,-0.4404447587702707
-0.19661981369062487,-0.4748995723942999
0.6832518266426694,-0.3646354574616254
-0.373383380661368,-0.3168388203311458
0.1414516386164639,0.5530783243006562
-0.13739169464477474,-0.44809006484155567
-0.20768380580122642,-0.48079597409698704
1.6129446558374028,-0.34161340338166135
0.9738065032988842,-0.35513119168941654
0.9786700241965358,-0.35703097261973277
-1.347826415340243,1.0508365391989851
-0.48660857447030015,-0.3677132691676206
2.5601702795589185,3.009603525699685
0.37332305468841104,-0.3732812429239552
0.2194203559471263,-0.4053529183011444
-1.6052069949568657,-0.5747377690764122
-1.838247488314337,1.5408358831294013
0.0786868468951048,-0.31669074789739726
0.606782653013474,-0.3972904136701913
-0.6558907965011838,0.5373856634012294
0.4652515692864316,-0.37630106146221143
-0.15169006269089214,1.5309716227673318
0.533981613378087,-0.4191107399013102
-1.0849352335809888,0.4176764852428348
-0.48276230558278155,-0.5144366574783492
-0.21762093432108637,1.1519285505358487
-0.05023015699774505,0.6036061175304286
-0.8169406821593577,-0.450431642145438
-0.040112505378518244,-0.4616592620266367
0.7503694325590601,-0.3596637567840044
-0.3275112779855801,-0.5105454941016384
0.3995708990354761,-0.4045185343549643
-0.48128592898443423,-0.5011597287094287
1.0779857595505449,-0.3261312176895058
0.20739035767692818,-0.4568470269334385
1.8533847711246352,2.905682868306957
-1.9041219255926882,1.0337310549783199
0.6097300258917125,-0.3944281560720085
0.8855909293251575,-0.3497352378789892
4.081738209439475,8.862002154166335
-2.4432080815023745,0.3414771190137236
0.5612123716119183,-0.41226262991174295
-2.2144690973609755,1.328796319302618
0.911821744228333,-0.372205836001907
0.8194932547940635,-0.2839072040241549
-1.603720466109397,0.5309895820004171
0.8155715542402482,-0.3604875554912404
1.0818670903550471,-0.28994920132930063
-0.7414418368572522,-0.5257034054454444
-0.30278677370819773,-0.34630359820270695
-3.1530947538160023,0.2789070054019748
-1.4845588005541017,0.5503771373014696
0.23811370013741354,-0.42221774279266056
0.5269241376938237,-0.4117463224016909
-1.1013000226606482,0.44318102051376546
-3.0372358503991395,2.393764710207376
0.8432493769790484,-0.3524071969886067
-0.01279149244852545,1.1570056717591286
-1.22527289043525,-0.5083690665707598
-2.3335393569166754,0.9163225838265776
0.9525459683473047,-0.3364520346951167
0.08216047534468104,-0.456966956139889
0.5571713422965479,-0.41219136871734596
0.44021081577652277,-0.4106896553590702
0.31512180859225813,-0.422775064694062
2.5750046569418896,2.9905288696880623
0.0179653021356958,-0.4406151893912142
-1.0832905812501934,1.111424699788411
-0.49064279714235703,0.5830143856051666
1.0227145753602327,-0.2925110896740693
0.07544586157685712,-0.4158259228474282
0.9002456952574442,-0.3138500954745962
-0.28669677394419146,-0.4808800039556302
-0.6552397172582154,-0.5247163773440844
0.18685033059960307,0.6100824362439158
0.2438938233990229,-0.33368957904732593
0.965217042954309,-0.38355695818444885
0.3814235393941843,-0.35530694078022734
1.2219520486404138,-0.31869099787531746
0.3717249715374562,-0.38167950610102874
0.2573802275009173,0.5797678011256027
0.17843510664535717,-0.439312858212444
-1.7104419198851342,0.5136260441777126
0.19387988925309046,-0.42434892266509316
0.6091108114854321,-0.4225997726661201
-0.32056773469180955,-0.50142360557317
1.050669173612732,-0.35752593293850105
-0.8668595815631521,-0.5273006769177137
-0.08652785631142984,-0.402427044227773
1.6128832010306355,-0.282181628367168
-0.4948590391073033,1.072176135775677
0.6765435850876473,-0.40533950574147903
-0.2072487591614473,-0.4673077476678781
0.3097741469761008,4.627393045799829
0.3478436272671759,-0.38673609048530116
1.630653170449222,-0.31282718345697613
-0.011481914104036792,-0.46541150957511945
-0.8847956947940403,-0.5458086277776589
-1.0536347817532796,1.0220243965982758
1.0467962127720936,0.6621015684479445
-0.06520193679558889,-0.5170077723184432
-1.7474398339970851,0.46665568078483866
0.14283163446714936,-0.33787501049467655
-1.573703752648851,1.518971532834069
-3.398803074567754,1.2869341137318009
0.9658850161928836,-0.34460921221298696
0.9107601129770715,-0.3562348292684191
-2.5134136456619847,2.277097608467701
-0.575347124566778,-0.5098196016811463
-0.6949364105978628,-0.36915536962628753
-1.2961315937007971,-0.4669695853375128
0.5652605032558962,-0.3612868491775356
1.1059198408834363,-0.34842537735118917
-0.5738082762143748,-0.4313495057783568
0.9699435527401885,-0.3518580518016506
-2.8971569370963595,0.913115473560687
-0.4820384493715666,0.48150458577264
1.236786127252247,-0.319026992303443
-0.9462469057380114,-0.4100434866189423
1.5659229136324422,-0.2781169288148651
0.9978882086611822,-0.30304938606169146
0.008204454325260398,-0.45985287670116004
-0.2257526532117622,-0.3132947688384598
-2.31495583138735,-0.6651846362202927
0.12483658039910123,-0.4631632428519188
0.6435035116362321,-0.3836594623505979
-1.2348784630966207,-0.4570037254998119
-0.9333467619266826,1.4647398256687731
-2.1480796020997595,1.055465464993309
1.1876409119615985,-0.2506699953955084
1.0264668747488193,-0.27972234670637514
0.6528156919390897,-0.38354283649142284
-0.5106931554246561,-0.3966608053749337
1.3225463815767868,-0.3491192107947299
-1.3198051027136597,-0.4708212557805032
-1.4953566158118894,0.424414681172186
-1.643487774900917,0.4360262122865672
0.9648594184587233,-0.33842000270944345
-1.1575944275422025,0.4319143374190282
-2.3483420981506633,-0.6381638133495736
-0.6852640781507148,1.1071251837507867
0.16482976793950263,0.6104473857744864
-0.3442847506301002,-0.31210448486942566
-2.603071808307761,0.9814384151170032
-0.8232994811665516,1.2001733839740356
0.9211338754027901,-0.3492561668608421
-1.4956620334358648,1.1616135423376963
0.4153663550074412,-0.41105313880396094
0.9906424133881706,-0.33096218007013717
0.8233044968879064,-0.3435547719451758
-1.5139445847620325,0.5455960819701166
0.839930793776569,-0.407336772299655
0.6938000130857306,-0.37658055654311307
0.3691292843711525,-0.4137100029541821
-0.09088093831829297,-0.44778833309212757
0.010909510754069759,-0.41404113503052786
1.0709308603271945,-0.36184770333804206
-0.33559809906012295,-0.31069117013511827
0.17974943361330958,-0.4535919062005819
-1.6854777427224075,-0.530316047979104
-1.3733867845651373,-0.5370207136129193
-3.064387402380555,0.2728642471964604
-0.8337692496680904,-0.44922515662333146
1.240391064431188,-0.32506372226271424
-0.11568847847669411,-0.40750525205628024
2.72310562889697,3.0410775821168534
0.028357304063387385,4.499153803910767
-1.7798174643657128,-0.545665082938646
1.1684322703574779,-0.3246517717518816
-2.996845410682533,1.91783293446305
1.6686710503110527,-0.2509251701503043
0.12568434583547652,-0.2680934560544622
0.8877565823112256,-0.3853886579509937
-1.3037558211065903,-0.5567032885725668
1.5212229198967786,-0.30541869583072384
-1.4597329825728573,0.452039244021811
0.29353894923370216,-0.42678060548393404
-2.045500859850294,1.5071158425168572
0.29352286538930616,-0.3999331435059414
0.7595790785345324,-0.31614340045365386
0.24082653760132733,-0.4750568206516694
1.3191230397518467,-0.35303934627748357
-0.757614047609281,-0.5132449458613119
-0.3532810350537746,-0.3784736869710523
0.47866549528392516,0.6363662041256171
-0.009560964308793888,-0.43256712757370686
-0.6878641620906918,0.4555885163110916
1.6495490297440067,-0.28995306816908567
-0.3066883348196458,0.49364438819834067
0.9859835708450517,0.6423981315137243
-1.4618680336210716,0.454599769250811
-0.2588527447979475,-0.49756154135764574
0.2908542755557601,-0.4298375531079055
-2.1847803034856113,1.8218369846655336
-0.41927661785420234,-0.5037019747423588
0.048005906842051325,-0.43052783832559877
0.20128453386923378,-0.3217731378104294
-1.668178038785055,-0.5275013930713005
-0.031184568209653235,0.5453616944896893
0.5685053596659193,-0.3874052145149822
0.04819877225338386,-0.41384168047328296
2.2596012641398615,2.9817686845892903
-1.7474398339970851,0.46665568078483866
-1.1091893323651543,-0.45702956301282227
-2.930535858730966,1.7005028542553033
-0.9668053526344913,1.4547293661569964
0.2208080309027151,-0.4179929715994292
-0.07516933742156462,-0.26831951483201893
0.009214773219769847,-0.44536808589451904
0.46792192787710085,-0.40749052480874065
0.18440573708825844,-0.4432951080706554
0.23352261046457742,-0.2938634743572619
0.6784376818414062,-0.361954642353388
0.7373559697326822,-0.3418130081394893
-1.2399761596565153,2.2673049846398965
0.1829472259863422,-0.40108730569433954
0.8009915451313497,-0.38904886373327285
0.2960979132668045,-0.38922153160932876
0.7309644420689813,-0.37152441208742976
1.4073291152327714,2.8748873951443326
3.4299090490701327,6.253175414381659
-0.965803166737315,-0.4707070220946254
-2.1619397375840306,0.4196921211273551
0.2963841047642554,-0.4351585176605329
0.14072156294631552,0.6120235726952612
1.3817192817589294,-0.27640656756107446
0.7881050711685,-0.3583888558996126
-0.4223361380189645,-0.3248034143638551
2.006748462888573,-0.2518253830494965
0.04819877225338386,-0.41384168047328296
1.1255968659243214,-0.3290016967364852
0.5324981038083201,-0.41103079849280433
0.5844310645180915,-0.4204396596773368
0.8439393208197733,-0.26093172643537327
-1.367545937590551,0.5694150832807293
-0.993246136512109,-0.417690242658257
-0.5322550909643524,0.5880350569677241
0.9845560560218891,-0.3624805022708866
-1.0097111465844972,-0.5278225543260238
0.556938695090003,-0.3327583450489848
-0.6959427521196372,-0.3693191009891736
-0.39120805666367475,-0.39973407001163974
0.29286987435231565,-0.41365176033104173
1.3881350071858412,-0.31192866780540396
0.06535770633830643,-0.4479007049072811
-2.17390359616462,-0.6302581476674471
0.12437051011826283,-0.3736113830747287
0.16991093563735885,-0.42941903785324387
-0.43599554851961586,-0.3270257949862397
1.6831719229659412,2.909461320983428
0.16937843282441595,-0.48374313315466416
-0.18872572897489756,0.5419005193361128
1.9117595910258762,-0.3133144393038016
1.2126128644927108,-0.27706563946701657
-1.335811129936058,0.40037775066025577
0.6406275514795873,-0.39170482013589314
1.1308382504807266,-0.3531110467600862
0.7047665347499562,-0.2340460407554877
-0.22885738453616955,-0.34086692551122233
0.3282102483974989,-0.3255422703560508
1.4771863628935062,3.8782293080816856
-0.32100794534564997,0.5177331474196233
-0.6799705775076091,0.5261323664180473
-1.3094509795871887,0.4335320012243459
1.4582018880908512,-0.2957210147449562
-0.8792003451291883,-0.5081036913110836
-1.1897857561550085,1.0545744795690812
0.7277737186326758,-0.3391749516840468
1.1669351719751895,-0.319440704846365
0.5909351752069105,-0.4127558347722494
-1.8010898203669488,0.49887766704379305
-0.3776643183660633,-0.4408457700148347
1.5922578008176613,-0.28317998451095644
0.32623289264546207,-0.42905194797119844
-0.7703113946109584,0.609103164791908
-0.9405997317135375,-0.40912469366498394
-0.9742132023479211,-0.5204499196843348
0.33091120255393947,-0.4280795380707094
1.8541598367741232,-0.2620758194350686
-0.20945980851142465,-0.2901685207394675
1.3368074298158992,-0.3146961441459421
0.41961747101898556,-0.4071612685635784
-0.7176860923441197,-0.5023007958020729
0.5880484089618838,-0.3642006984733488
-0.9138763431169198,0.4650109610557206
0.26438344397367836,0.5535779728018605
1.7033357322863694,-0.28088008601629844
0.11518187096402151,-0.413814415635584
1.0585650551883754,-0.34687804269098516
-0.3568392239923951,-0.44538199214914365
-3.102304049198957,0.287170632718307
0.15869007465876797,-0.4452797121523335
0.8054272159364271,-0.36842690880210754
-0.9433249090494211,-0.4095680789270009
-0.0064231856143629525,-0.3510135249144359
0.3720268051299209,-0.4412585740879512
0.999143347646696,-0.32467341847845277
1.259472252119357,-0.2775769044954217
-0.04038555546492679,-0.31558837132616346
-0.09568438128521589,-0.4481222704944163
-0.6704778084626832,-0.365175964846466
1.1868731976584876,-0.30791608218716027
1.066749628059584,-0.3373571158543526
-1.2270948735025644,-0.4966881561598841
-0.427549595539943,-0.5037967016643385
0.8733220585506984,-0.353836721427465
1.6196646696879398,-0.2748397501712092
0.8267379196911727,-0.3369129884271537
-1.3862903278352339,-0.6161588545489359
0.8161722831545111,-0.36539501734652774
-2.7652745088844117,-0.7059985497325655
-1.9930838935984652,2.1732876940290593
0.5283178513545654,-0.3882353928884438
1.2952839246589554,-0.3406207574450785
-1.0251263459063567,-0.42287713996923243
1.4161536846034943,-0.31592883477612305
0.6316948508257164,-0.34381170834477953
1.8220861657453313,-0.2847135051732846
-0.0733230718254152,-0.2680191281583435
0.5842831885399336,-0.32048734124062705
-1.1716810506272455,0.4813376664739601
-1.3844906393152765,0.5666581870908592
0.06049460808661249,-0.41039447203680735
1.1122080440444273,-0.3430606890839807
-0.4579277730851181,-0.46542395819010296
0.6792113928965872,-0.37025831861069997
-1.2776681541937331,-0.5049164086904825
1.804096315577152,2.9012253713263867
-0.8623562138166423,-0.5330151410856306
-0.2647321186282893,-0.48297477969846525
0.028357304063387385,4.499153803910767
-0.9356817870583807,-0.47634238173857146
0.06330353016664544,-0.3712896100258309
-0.5878650561499966,0.4986596220940276
0.8603908221743388,-0.3445554907181665
0.3082385871755834,-0.2767724754872821
-1.1173250292523245,-0.43787782885457455
0.5968948049256357,-0.2818274005281295
0.22551629693111636,-0.4400331078665359
0.8950786672339732,-0.3567226940700138
0.6048639428942159,-0.39253439125355205
0.14589943699687852,-0.4378745907914118
-2.0710400635137125,0.45495687050950956
-0.01983838875624847,-0.45240956265952065
1.2186317339201171,-0.3445247611879601
-0.3424385505507215,-0.4898068080870542
-0.2759947182287854,0.5332927893768478
0.9377216658527997,-0.272207258710102
-0.4802365856667038,-0.5140257238587179
0.6760023467645161,-0.37604344150824726
0.07301438772962779,-0.41767109516650425
0.04819877225338386,-0.41384168047328296
-2.809382094430657,1.2833635245816315
-0.735381252893436,1.4831323228060154
0.7100548252195116,-0.31665058876154756
0.4722687162046522,-0.40023835579359274
-0.2961870084561127,-0.4636055225113365
0.005244440250767061,0.5737427455357976
-0.14661641979926157,0.5964000547168357
0.45805765878451066,-0.37739356642934146
0.5946575841824657,-0.39622674727972557
-1.3194309839837326,1.1427438366465352
0.5154911631438963,-0.4328721732915683
-0.18980059514895475,-0.41855037241287135
1.0251234701697576,-0.32126156548218987
0.2478018750495419,-0.41621693101242113
1.145385768875906,-0.33227491014070576
-1.116988723262736,1.4612064620381937
-0.35647698801344974,-0.5040682025713206
1.01335834758178,-0.32969375908467863
1.4027162872740664,-0.3232906680931939
0.7900260018061436,-0.3467193806376232
1.1550718831150828,-0.32628106060867573
-1.0599183968770558,1.4061334754099497
-0.7922506809403638,-0.4946864298564113
1.0294103429967416,-0.33943471070521203
-0.7714347668978068,-0.47784504628755914
1.0130006859620102,-0.3426750127892061
1.4312436699771254,-0.2733074632101871
1.7838919112052845,-0.2544127189970492
1.0386049312825008,-0.3478095609967798
0.005514066624934083,-0.42368078379555363
1.8272922283050563,2.844160870669343
0.2811547337174807,-0.21034573104751197
-0.8994331912100572,0.6046260222203929
0.7771293844917294,-0.37972537614864843
-0.14104387484982894,-0.4268527022631322
-1.4850440755456762,-0.4977055705367724
-0.5813216273947173,1.0705136046241823
1.6605267271523267,-0.19747513161846753
-3.667485623062064,0.19521581681887476
-0.6535176851992025,-0.43324983613769896
1.9334880877592522,-0.2503912715917309
-0.6706356126922273,-0.36520163953146445
1.2853306748984517,-0.3226901275498308
0.7164711648991988,-0.34985621605038963
-1.1253578468171916,0.6088189887334101
-0.9622984046875023,-0.41265505907471367
-1.2903436814918816,-0.46602789433726477
-0.2200159430630404,-0.2918859996067785
1.4919293678382377,-0.3014755581480235
1.1617001462097494,-0.3601333123698802
-0.7209769583343162,0.46546923799845985
0.28631825874316896,-0.35374247683664056
0.7448102668520339,-0.3694932116990959
-0.5698410231599152,-0.4992706131654959
1.6921303140972501,2.862508385399412
0.8384708027561246,-0.3757829803172605
1.5424466228681306,-0.18021408126997493
-0.08940713493333236,-0.4528848852340263
1.4816134765375248,-0.2999572470195888
-0.025624011066584743,-0.260258510060563
0.9648418414567779,-0.3464970528454114
0.41508307535405936,-0.22950646102947392
-0.43199549731915593,1.1317012007065552
-1.1631292241645186,1.215716497336852
0.13037008065288375,-0.44407038167241525
-0.6274314153239622,-0.49300213295227485
1.2008599997270626,-0.3455859789769506
0.03024691573822227,-0.42924229792663704
0.18894177576705273,-0.43646275394533846
-0.21604967190594754,-0.4009387562642424
0.2779004692097155,-0.4408021571282859
0.4295071249546126,0.5767852286037732
0.3749629987449788,-0.41223469237200827
0.9437279464944218,-0.30511472755879293
-2.1797622487010773,1.050310711069685
-1.9018734952922438,1.3336942956766755
1.077845080037404,-0.34681094148131025
0.01657320849618651,-0.2533930393237156
1.4925743801763784,-0.3164863528198588
-1.3072732390300263,0.37455400867200067
0.6318456963171634,-0.2819846315846633
1.5622659464971043,-0.27810675913821226
-0.8977284871988955,-0.4995078246770832
1.0040708063556878,-0.36431345247690067
-1.6078414712867144,-0.5976798397119388
0.4252656556587092,-0.3696988450418885
0.767375207339232,-0.3739711308126785
0.5171073072035055,-0.39738708336814493
-0.3442881345586051,-0.31210503543323925
0.12314509668611988,-0.3756997880120345
-1.6803036310102921,0.4331486127051777
-0.014963965740049462,0.5713582732819872
-0.4411726936774935,0.5455320617461383
-0.5094697398094478,-0.37143277161997224
0.18135309792731164,-0.44253539274350645
-1.3481157361594502,-0.49590279329923526
-0.3098520738127617,-0.5067796407488036
0.8576262396349733,-0.36589169072133565
-0.6974849502002437,-0.4344755262256767
0.6614244883913007,-0.3229994094984506
0.6390628746988553,-0.40143272456006146
-1.5838698964904803,-0.5137844920574708
-2.0642411830352643,0.9982726656662864
1.5925500698663269,-0.29727234878534464
1.187621483168903,-0.37010755634113146
-0.9065237710952497,0.4551167341684132
-0.1004009297539164,-0.47028998732003224
0.7519175630507118,-0.371483841079916
-0.7506729912744415,-0.37822368899832004
-1.4281474649359769,1.0564529079296858
0.6976442409294601,-0.4036589927454881
-0.3702325924303226,-0.3692543522459036
1.4338458973125408,-0.2892099586730752
0.8527798721525747,-0.36366125363012447
-0.996031360419054,-0.41814339747335694
-0.37621341119361945,0.6265366072661678
0.6948813054100427,-0.3312485364518054
0.1054709805692126,-0.4360197307996404
0.8612677117637072,2.8285026446333736
-1.3671113254937923,1.526180862940834
2.8083718960086004,4.91136478768111
1.2915192047659132,-0.32740598613455446
0.4724712986983884,-0.400831471166493
-1.5577863160423628,0.5384630498349047
0.39505742131780414,-0.4094728742460133
0.9753525127527795,-0.3933155774685313
0.8116159991600297,-0.3708002844072817
0.08619769211840606,-0.44310464748413675
-1.7307953892693755,1.4609600313061348
-1.289776156218025,0.4779003142301063
1.2410730024496661,-0.3510844481179244
-0.9043568593435538,0.5647805789298467
1.0648339969783394,-0.3354820998566339
1.442330247088484,2.9002181473312674
-1.4982076786608651,2.011889292245395
-1.178153708016684,-0.4477746305477897
1.5771606007538432,-0.31942536551807543
1.0232946307190471,-0.3618508548293104
0.6057897477382583,-0.3617873093084676
-1.8661141261498468,-0.6397006973054833
-1.2425673520994784,-0.4582547046637225
0.10187781983463208,-0.4519694221568515
0.699941146960083,-0.39547632888849993
-0.7470602915330018,0.5689286549332825
-0.7423264120754114,-0.47633485065320236
-1.4006993472221028,-0.5488882272165934
0.22259951768177944,-0.4357455276295225
0.15038239696271985,-0.4072486994945183
-1.0039601426895906,-0.4518861622888852
1.6605267271523267,-0.19747513161846753
1.7319577056996305,-0.26939850869429577
0.3233007297787639,-0.32186429782798154
1.0346180784995516,-0.3108489042309534
0.9846547720008672,-0.36613325626440907
0.15717352990307204,-0.312419058439242
0.19101593317647791,-0.3960453737274856
0.7448602351945339,-0.38659134188002153
1.001614627483835,-0.3228937781745281
-0.4827645064055064,-0.3551104945049284
-0.0934444693669573,0.5520934797674131
-0.9667499709677347,-0.5674273337052269
1.617506633181562,-0.2928701708099906
-0.6194437124382223,-0.35687273784554485
-0.2589847576163194,-0.2982262101404889
-1.1690547823908186,-0.5657250464341698
-1.6963034119701053,1.1289692703406176
-3.0198819985455456,0.8726727463875213
-0.8189606856051284,0.5135509853208355
-0.6650728243099069,0.5632576565249761
0.2283107630580112,0.620419506561922
-0.7713753256403976,1.042615536471742
0.02815693518617995,-0.4411535498016303
-3.465117141054829,1.6135266935440207
0.6310900750736227,-0.3843660286376015
0.05274235565371018,-0.4179032131866141
-1.1261602183806385,-0.5652338967934118
0.42813652356203885,-0.3943818053103267
-1.1620780629891512,-0.4451591295347835
-0.7679034041300753,-0.3810270702748561
1.1963639230752576,-0.3191622521614028
0.6332527852490066,-0.3809493226854915
1.236211400783092,-0.3288455850639038
0.4286040470605874,-0.35216630403309135
0.4033113745141061,-0.40750844301439876
0.7303433436142506,-0.3112190286318988
0.40160279539480026,-0.25565438983811
-2.392948672341807,1.668537266910539
1.1543002980543071,-0.3464573778781327
2.8786697894586024,3.019574438983011
0.7272361482184553,0.6255456987553395
-0.8577016504572749,0.44488631568651393
-0.36980185340320315,-0.44678764566403073
1.1899979847651396,-0.35579234393810216
-0.939152099296248,0.45059720743586146
-0.12437935392011329,-0.30877871993697814
-2.3121866218888196,2.076769072335461
-1.6772473871949227,-0.5765193993431504
-0.6303659641438791,0.6213361342630221
1.0056430597401393,-0.36811153810985076
0.8931413522084011,-0.3526266963401798
0.3338566885268104,-0.45676221801005507
-0.6971867320053642,-0.46576492072231407
0.7855608630351736,-0.3747316630347062
1.1669449442085673,-0.22885424955296252
-1.6484596469828448,-0.5447686274019056
-0.45967437439400716,-0.5047524939796488
0.8307483553323392,3.8110665507553465
-1.8658187480175943,1.5363500502088423
-0.02190960650013188,0.5258675137892059
0.3628586928482427,-0.29652167634284443
-1.079197556936969,-0.45214991315243264
-0.40684949039231677,-0.4427332641708873
1.3653234759010167,-0.3455628620939985
-1.2656877308111332,0.5859873727632529
-3.318517434111766,2.348000309097477
-0.2852982176344676,-0.33496015466857704
0.23352900767773385,0.5779960830891455
0.13776251900252443,-0.4091468838192762
-0.4306405324902726,0.5310251213409716
0.813419077255287,-0.33360132298936646
-0.7313040074703392,-0.50766565227335
-1.540984445308897,0.5411967074796533
-0.9997786729987836,-0.41875308373052095
0.4867904711380474,-0.4013734518256856
1.1961144038441875,-0.3639154264238527
0.6087410153737263,0.6612639100700549
-1.831842240507078,-0.5746049019842854
-0.45950579191391416,-0.4778624758437822
-1.269920949979651,-0.4627051240927671
0.8651679126379483,-0.36164572440046283
0.7503162068465736,-0.3445400675256169
0.5158141629098727,-0.37186783574055826
0.4174934715896716,-0.38387604440828865
-1.0165238834810548,-0.5452389632334623
-1.041004591619949,1.081378012052965
1.766867857304883,-0.2654970436484902
0.6505684678659192,-0.39419417034581195
1.4597477263343097,-0.3148960870746688
1.1650352034874065,-0.27872620501387374
-2.1246383946880147,2.1072830938500617
0.8196889483929293,-0.3997245579004861
-0.7841475315242509,0.5424191670417295
1.0254536231951263,-0.34403886569369674
-1.2989850537199072,-0.49988659725372014
-0.5715339906468587,-0.5026402556531302
-1.6543796980774859,0.3836289029049232
-1.4205177444334514,-0.48720716228624505
1.3868876929231306,-0.24834377980061223
-4.336863173396687,1.1138367022486848
-0.6645333594502965,1.076832979841368
1.0558647688053593,-0.33728721957210916
1.722280645454779,2.9670034050871497
0.7100897160277015,-0.36156162110498413
-1.4333645799601398,-0.4892973372855331
-0.22439272271448252,-0.49150124792773264
-0.768140116960368,-0.3810655833576196
-0.7082795840303714,-0.5226870197125134
-0.5682770909374519,-0.4887121561371826
0.9546152320494997,-0.33574431058662585
2.1985291717532904,2.9669761395468806
-0.17098274201178865,-0.28390831741730255
0.5033597273061468,-0.3948954200707101
-0.5510977084585946,-0.47867621627490664
-0.293480833034125,-0.3038387078067089
0.7582665407948699,-0.36602611253187095
-1.2755093517724985,-0.484089763614296
-1.7068966302454227,1.0001046619665912
2.039069476801395,2.923841184436955
-0.12643142559685078,-0.4734872481540592
0.5162321025253909,0.5947007314753544
0.43061721171176987,-0.399574612117473
1.7724017438553579,-0.29331649297465534
-0.7736026405216969,-0.5366376287044108
-1.7913662722318482,0.9892969251094419
-0.8119672625543575,-0.3881962424075005
1.4274639530971944,-0.30701090617156884
1.3149778223797841,-0.33649600446332106
1.4490515892445435,-0.2926741730987763
-1.0280990353855586,-0.47628895925702197
1.5007627889333115,-0.28935829472222135
-1.947287853178509,0.40707346990828686
-0.35944712162434567,-0.4392146867077013
-0.9167851866346455,1.045198758702689
-2.3614121987948704,1.6393738816408716
-0.35487550039063964,-0.47728265239635
-1.4046860486635249,-0.5375595156189319
1.444473599174404,-0.3092736954968877
-0.4852738052284489,-0.41503852966094024
1.2481272696135703,-0.23618130573283536
-0.9160625786758823,-0.5708350193520288
0.20345746262411643,0.5830509513602147
0.057444309309318424,-0.467260159985487
1.342879889388689,-0.32535466520567907
0.7168541320507649,-0.4008363071313846
-0.5027996844200471,0.6343409367096058
-2.1126054874936497,2.141106338176644
-0.29634384622969645,-0.3043045189079395
-0.05012990108881568,0.5652539795116428
0.42916836499900374,-0.44178740295439667
0.21944288991099853,-0.4297268370490234
0.7699286721244054,-0.37609140024182114
-0.69264778193457,-0.3687830106586078
-0.08652793253148339,-0.40847663662221284
-2.7652745088844117,-0.7059985497325655
-2.3868659392193656,0.4035721269158967
1.240217657681788,2.8480618391266694
-1.4688041542105716,1.1659833085399633
0.9900590188586103,-0.276568444552686
0.15279762095706673,-0.437909748862264
-1.5844464248007541,0.5136500520223238
-0.9076239449822234,0.46236845989459624
-0.5624743322300769,-0.3476038424830545
1.348048242850875,-0.3427054171585037
0.7795739005059265,-0.3826760241942703
-2.535245481598808,1.4274345885389463
0.9242716149121661,-0.3311416134384437
0.7096016551972569,-0.3521902602949063
1.386665968976066,-0.2740074705525289
1.4113012374523475,-0.28878948110133584
-1.07807992281009,1.158720708073844
0.19684215248637374,-0.22406335427453924
1.4532601019319824,-0.31584609608521164
-1.791767946089857,0.44291259262144755
-0.25878788042282536,-0.29819417829989153
1.4181723061031917,-0.30015415156552466
-2.1509946379866873,-0.6265308693393503
-2.31077647246694,2.0769985030821028
-1.1949425755488257,0.5974975812144184
0.7779498023574164,-0.35008491665564645
0.12019806324340786,-0.4259854240145685
0.6822179865219532,-0.30889617059836794
1.1900966552518117,-0.2840578060248059
0.661094364829965,-0.4092520755812824
0.18553493116219008,-0.37450101745786046
-1.673790076719259,0.9954379387009841
2.505690999348286,2.9885333862788404
0.07791316441024018,-0.4572365900508787
-0.20249754399838715,-0.28903576308927814
-0.4840403835867939,-0.33484267042562016
1.236313671817702,-0.34821215532774347
0.6388323650060489,-0.3581209135242762
-0.927724189752895,-0.464511587777283
-0.9926691771055363,0.6304073821976159
1.3680679591896683,-0.2948416236452614
1.3863265643063125,-0.3014984890680425
-1.3753391962057988,0.5681471232226483
-0.10624053827113794,-0.3966852296087491
0.41026763074285544,-0.3812077696299375
-0.2746358592739457,-0.4040586697893517
-1.2927821588344457,-0.4664246336250971
1.2392941991786712,-0.3386234359583174
-0.8222951618271763,0.48709307040232264
0.8995631821030593,-0.319923588480905
0.5416982435614676,-0.41037600458548873
0.32745731180250076,-0.4228859624295135
-1.0224710532263097,0.5282003635396582
-1.2827716000620886,-0.4852713285048863
0.11057361456548244,-0.4314897508325727
-0.9913904363305828,-0.4173883209813162
-0.1253576817394093,-0.39204540098452584
0.8575816753014669,-0.30715334508200026
-2.041525933666415,0.9590692268309283
-1.240748204184955,0.5900450237653088
0.13801937263662642,0.5658076803535885
0.5545112736486583,-0.3461389130549392
0.8717881189483048,-0.37318415961231655
-0.011914828592822672,-0.32293354178399875
-0.837374407958457,0.4839256961710798
-0.1471422803026207,0.5449450030624899
0.3586203014334287,-0.42518031189295874
0.4495324024688903,0.5961268249566983
1.3100962584884706,-0.31813667692770276
-0.4586684586706685,-0.35119007718095946
-1.1379992768513238,0.4459944618164088
1.9360586440188514,-0.2683974275663266
-1.9641115579729034,1.8577397012556793
-0.5910477674101544,-0.49292625509597826
-0.9017119537242226,-0.5449484902483107
-1.7276160672899858,1.5383601622726706
2.7029053636733376,2.977739517729814
1.1634123345603287,-0.3475613636214694
-4.080398043607588,1.513420736914976
-1.181766597905285,-0.44836244628689886
-1.2756031862031112,-0.5641002124664067
1.307013487401468,2.875565074244467
1.8639885083370669,-0.28840371084322003
0.9875278480168883,-0.32523513051505415
-0.6606977601652422,0.5143956935997781
0.7233271298506885,-0.3776275318366564
-0.6849087288423226,0.5146693667120056
-1.2430661646411354,-0.5496445466100653
-1.4016927057545012,0.5638594177649296
0.32988994356588536,-0.4241595319489042
1.629238325458607,-0.291438108143516
1.0085096591058411,-0.32158582275158726
-0.1285238652321415,-0.44739515478763586
-0.08578472871858911,-0.4099528509788337
1.0342226804626065,-0.32956580733043783
-1.0153257823078263,-0.42128259219363234
-1.6216933378246967,0.46663917660611043
-0.6556461854133724,-0.4512561101986078
-0.19088177381962623,-0.4601878841821765
1.1400026255499822,-0.3329501975255588
-0.5098072995489353,-0.3390349373415419
0.8628961657587284,-0.24894638840353817
-1.7585156620735893,-0.5746520433430008
-0.3272995795448388,-0.30934100433079104
1.1482324701401956,-0.3467640530752505
-0.7084669266614698,0.6766469746159604
0.6727121560212885,-0.23513273961490025
0.5947141890130931,-0.3943415256015668
0.7256682449465063,-0.39992368177537907
-1.1580543836845332,-0.5612233120117455
0.8632314322390242,0.633546461599312
-1.4844554493856685,1.0268162126062885
-0.7624645414211378,-0.38014216948857577
1.3034131401774431,-0.3354899353967211
-2.3629139616032035,-0.6405346497020952
-1.5614422510115915,-0.510135523112902
-0.2319698463978545,1.1599467142130122
0.5328171782004295,-0.36751952768420504
0.14118456400791787,0.5814581916563877
-0.3276038650952765,-0.49320398768932566
0.4084742887972905,-0.36164233100628695
0.968828339208623,-0.36899277519190865
-1.4708149272945101,1.1656561565638552
0.9107601129770715,-0.3562348292684191
1.4583267336716519,-0.3042012749492442
-0.8870441842562518,-0.5198420349695498
-1.4352572049644845,-0.4896052666163703
-0.42416484549513056,-0.44886238479682405
-0.8783385226111777,-0.554453481388279
1.0600452588201894,-0.3584697179463687
-0.162468661339993,-0.42698287186761286
1.6863174614980136,-0.30027297158697847
-1.505732817085915,0.983585324235628
0.3551945716924467,-0.40761538361049154
0.3097195294148308,-0.4073848523389224
-0.41629395664217017,-0.4452546252615514
-0.7924571500725984,0.5810801637326969
-0.12545888101522285,-0.4044304733543069
1.0816908869137776,-0.3393584600382806
-0.9369023800881859,-0.46994936239351626
0.6982484010530969,-0.40092642900310327
0.28556152683534064,-0.404946923704018
-1.1634029371247956,-0.4453746860264794
1.791432262856395,-0.27190099352636243
-1.272642361849673,-0.46314789671499523
-2.6321535608790216,1.7080987171402207
-0.02260347116642464,-0.45744968879301223
-0.3996974766197762,1.0983397121159424
1.3625985946559112,-0.28841192399269
-0.34490288976894046,0.4901587706337508
-1.2560054298004246,-0.4604410745281655
-1.4807966020149492,-0.49701450829302996
-0.6014790223132989,-0.4963399021853492
0.3269401516075065,0.5804892742481866
-1.6953441681109302,1.3194684064418662
-0.2882755990537018,-0.30299181832106686
1.027592137575445,-0.34431527331523293
-0.5747590145188,-0.5489939751883306
-1.2479503336711395,-0.5542153674410012
-0.38234201080207475,0.5017780461039585
-0.3655860582530765,0.5526316248632072
0.8320620800781844,-0.2979205368299605
-0.22715226717233106,-0.4966841047930322
-0.9375413410597597,0.6069239039488535
-0.009560964308793888,-0.43256712757370686
-0.4743233670864552,0.5517577445643053
0.5163895484143057,-0.38002307348297976
0.24844971049547082,-0.3565917552029496
-0.8406307365929999,0.5209360894647905
0.8768719272414054,-0.3574587490395869
-0.8480305324597384,-0.3940637219897065
-1.6863762938012465,-0.530462241880059
0.05025452869519806,0.5402935399254166
0.17300615923367102,-0.45468903424370033
0.5881885526162773,-0.3025422740785755
0.48470062501683864,-0.3149858175736403
0.7158229853034392,-0.2646999157878479
0.8964240341877707,-0.3809188330130175
0.189850971211418,-0.45675532688326836
-0.8033292800543843,-0.4882300407733513
0.5220973522240101,-0.3670522753261825
1.0535013402293119,-0.3601359262317512
-0.9257172607585169,-0.4980120069415288
-1.3681384585177654,-0.5495183499876121
-0.32322220760473597,-0.4204617116793356
-1.9053755169076212,1.0949533225314403
-0.2791264203955078,0.5366457155368968
-0.3857160979408681,0.5726473251058711
0.7717533061057901,-0.37470614179997624
-2.45297607858191,-0.6551877200944715
0.6414026485478014,-0.37334640814706793
-0.8199973100865002,1.2305931048743464
-0.21686679599943284,0.4883315882305249
-1.1842057179782624,-0.4487592901467123
-0.5830867994933262,-0.35095748265831656
-0.33026206463774865,-0.3712492258283249
-1.028937056219087,0.624506612779119
1.1413553255068083,-0.24874876157583184
-1.1307711219702639,-0.440065502759075
1.1253727651399612,-0.34625009882148694
0.6719968215577137,-0.34802347101403347
-1.4692151448669706,-0.49513020984959294
0.2424376286823944,-0.43295026782866025
-0.2596887177835524,-0.4681764947375269
0.4755751805843495,-0.4052273321378856
1.3839590806327275,-0.3182652622907282
0.9816642717896972,-0.3290247740832302
2.3920547743329856,2.960886144781272
-1.5846283381778374,0.5136204547886685
0.04293196223840647,-0.3065862202747142
-0.5208786106855081,-0.3408362352330677
2.7008612786327433,2.977008251300151
0.9770261600026975,-0.2655175245941021
-0.2173817974232356,-0.35288365152369733
-0.23261570434971812,-0.428456454972561
-3.693782615704521,1.238941060430491
0.28196538996885046,-0.42973272612531793
0.6845217934556532,-0.3809969898795869
0.9148792383225722,-0.37500240780019883
-0.0038419982269386767,0.5169498850246398
-0.7018305735250319,1.0550314282678375
1.0235260514540543,-0.31921725714586285
-1.5851905522647962,-0.5615417891383023
-0.8060803889011195,1.1183495384251145
-0.2020938825883246,-0.309445496325531
1.0997245885559626,0.6620949025881672
0.5537037855793558,-0.3363045326850526
-1.9964722322580488,1.7387421551222015
0.95301618513636,-0.3617391563179803
-0.6703595232426458,-0.36515671988849996
0.4272435960576232,-0.3426417583974826
-0.6497827687672276,-0.3618088901695269
-1.3626868176736149,1.0446672159399328
-1.3109587777673153,-0.4693819622517572
0.41817555337198176,-0.38547744847096427
0.04822727509653268,-0.4185453586646229
0.8755290115095417,-0.27662556739838806
5.304125511551664,16.667919933753673
0.9833841966724197,-0.3633846935716023
-1.9200033587671106,1.0516225609422343
-0.08265779822615313,0.5527358078771408
-1.154475464112692,-0.44392218973990727
-0.0012329322953241512,-0.480774664272501
0.30244034537396847,-0.38850691426444167
0.6885825955317197,-0.380964619579454
-1.3725277687390887,1.4140699801902952
-0.8499630055432903,0.65362561920422
0.6421861244537642,-0.4212944996914014
-1.4016927057545012,0.5638594177649296
0.049744434589995466,-0.2479960941123463
1.775260095628624,-0.26440841643562674
1.2129055610533819,-0.3281134757871801
0.4009826347389061,-0.3959765234652812
-0.8849714845530366,0.6479297536786393
1.1998292569941538,-0.35236137081669244
-1.3351671476723106,-0.6059139435369552
1.2988212566615398,-0.3302072935720387
0.832934816501863,-0.2916054282864264
-0.5736714709777149,0.5495965197379764
1.1329573865053109,-0.31163810892708654
-2.119494895086206,1.060116185385703
1.0278074506692625,-0.2784626613654119
-0.15969506196362576,-0.4451745059210894
-0.37584107337215733,-0.46425025961705774
0.8036496184493312,-0.3454268339901406
1.2914821223104953,-0.3247373281973968
-1.1673741710478267,-0.48697162176886677
0.6493616294030521,-0.3697291262018851
-0.473789296921556,-0.47718703384965216
-0.20522642080328968,-0.35438526047935226
-0.5318855896949162,1.2210613187220858
1.1595833648130915,-0.33084501705731234
0.9272738780987778,-0.3668797778019137
-0.9184752062830568,-0.40552504223099195
-0.08489269047399511,-0.3713406951446101
0.6448319104448074,-0.40285412972183343
-0.33955686586572265,-0.31133525991021394
0.12457553149707101,-0.42021494860986164
-2.132407477598142,0.40402159922302955
-0.0035634054902493376,-0.3697664473670852
-0.482456617303536,0.4845182881009766
0.46349713381006563,-0.22822112243504392
-0.9190214446465851,0.4808645959670817
-1.6021055050389403,-0.5742331579078856
-2.095881786228367,0.3751471162473229
2.006749814661556,-0.251825163116573
1.0446161729663155,-0.27822178736546893
0.2634936077234071,-0.4233397761403809
0.9143988911826925,-0.35099999666089376
-0.09904739132838908,-0.475871436774293
0.8480127483818429,-0.34822909004231867
-0.7319836243317229,1.0794821425960779
1.2203909446708687,-0.3400140026815947
1.0235884683191778,-0.310638593202918
0.4891117364331934,-0.4038152576757854
-0.618419657475551,0.5098632525886475
0.7548413331238678,-0.3802247903253492
-1.0107813795201896,0.4802459371690146
1.1732711828390165,-0.33064152742344693
-1.3826614144775677,0.4087234708660222
-1.1692560916732238,0.4958204340638438
-0.6328128472300737,-0.4959567223690658
1.7043628731435878,-0.2165591328423771
0.6348611597694989,-0.3939082712759565
-0.9074623008262532,-0.42420865570632976
0.3944507667473427,-0.3347751704600731
1.6613577550520622,-0.3096270060053853
-1.2356286668062055,0.48046806691214616
1.7112869232825398,-0.22920059141760893
-0.6516512198541882,-0.5074479948894136
-0.7952881862312173,-0.45350039906514644
-0.3763043580601787,-0.39730924421284775
-1.0053349534054314,0.628346665462073
1.2890796082811071,-0.30444013722823
1.8518964249228085,-0.29472809249971743
0.660893693324131,-0.33136225760473975
0.9918684943723339,-0.35703512986592945
2.234497326343284,-0.21921194705013264
-1.0102467790513,-0.5527157433139538
-1.0021453017402566,1.0758831641895936
-1.2119920309580683,-0.5607335732670824
0.7634008699660724,-0.3549913378994676
1.2572645349422251,-0.3040136207843194
1.038091008927656,-0.3565783879031299
-0.27378012440308186,-0.3806285924238491
-1.4967094517724129,0.5484002312105632
-0.02206241314417171,-0.44142935258182064
-0.5419147400329268,-0.34425880505988776
0.9617676865115816,-0.32279452629222594
0.635295625530539,-0.30938556068645817
-0.8247407548007143,0.48761263133095273
1.4457501929693448,-0.26788326190722367
-0.8132257167338696,0.5324616653926831
-0.43599554851961586,-0.3270257949862397
-0.8068314085046353,-0.5178921793933923
-0.3369842690632784,-0.38432027212516817
0.9195331384593555,-0.3619119996967916
1.4884438958598525,-0.29972177333357547
1.5094350308718445,6.401510144033529
-1.497024734788617,-0.4996548190013115
-0.19123239044124546,-0.4699421114644531
-1.7296703610144286,-0.5904343331898053
-0.8434724166930803,-0.5216371345746788
0.44547229582338493,-0.38583705131179213
-0.6858397311353643,-0.36767534351794734
1.4289503162280015,-0.3158407632562327
-1.1697403473046153,0.4154200542112003
-0.2744602003533941,-0.30074405848101987
-0.0508984292394904,-0.45054856723666126
0.39579933292400427,-0.3497857628009077
0.415264976452488,-0.38777878340983174
0.4093312798171244,-0.40484503848885106
0.9330635518150941,-0.3312735982829115
-1.4408335636201886,0.5574912158531368
-2.5088411784228124,0.9558188833188412
0.42853924447171954,-0.2905342114853807
-2.1375598544250405,0.9752753885857608
0.28280939583152215,3.7716713168284097
0.4607711009700276,-0.4156642058521048
-2.1599486640277403,1.0535343733672562
1.2380080269060962,-0.30591137499032905
1.388110760056017,-0.33517727288735505
-0.07617747823565496,-0.2889589477251821
0.6137565829587524,-0.36368545630401256
1.5667218198203576,-0.3205669367896476
-0.24886220309466883,-0.37453642299358925
-3.3708776164077605,1.5674332001339588
-0.9041746689418094,1.036202844540633
0.4206203832824639,-0.41951042831446694
0.682536410671307,-0.3843090383424303
0.1691519997782322,-0.3318545627116669
0.8865887756857314,-0.3471114579207616
1.279782376848698,-0.3190714356134427
1.2551619852195697,-0.30782479373368127
1.458429513346141,-0.31636201682987175
-0.8499630055432903,0.65362561920422
-0.4469298749482038,-0.4419019945264168
0.6103171827167146,0.6200837021943661
-0.8857815373612979,0.4544923029076208
-0.8966717368013957,-0.44292844404367093
1.1250421407902402,-0.2981449847432266
-0.6354560258048431,1.1491714049019373
-1.192904846040715,-0.5116008611597646
-0.43961404108248325,0.5238270917580243
0.6033791012639639,-0.38360744215479325
-0.012065097369026948,-0.3055949071426618
1.2180530113493508,-0.28251542935199847
0.8631614470308119,-0.3652198108344371
0.8888040917541367,-0.2623098822444173
1.5590651899606103,-0.30866533937211627
-0.47001863166161906,-0.4475248162722715
-0.7900713813388331,-0.4255846088680602
-0.04880448770271057,-0.4687263009137361
-0.7170882900221982,-0.3727594715441334
1.3020803061972537,-0.31509470859059757
1.3092729505632605,-0.3311456073164457
0.14463076070414824,-0.3869254853851772
-0.719999700473509,0.47805658141432716
0.9539485130750771,-0.32013766967231894
0.3360241587581656,-0.40105105968784327
-0.40756082707236785,-0.4792044878654975
-0.5117209529311988,-0.35982169676718884
1.3903856903476532,-0.2955564227439208
0.46192471394212103,-0.40577199401484415
0.1105400734398101,-0.29103283189910745
1.2997780444714349,-0.31714473178675956
-0.40143001796732813,-0.5046832106974842
1.3249132351296968,-0.3475747193263631
-2.140310117489912,-0.624792502130138
0.9859641367260777,-0.3459834728004516
-0.8472064329084563,-0.3939296413224919
-0.8252591993263134,-0.3903588352012779
-0.44764165642508513,-0.39034683844046103
0.5931447857392741,-0.3884855478375057
-2.327402404494895,2.552200453780598
0.24649769311811018,-0.4214791750500361
0.15403126567012632,-0.3960747127300131
-1.654407925365049,0.984249617411194
2.2085162275326264,2.967480661031709
0.8584121343955984,-0.3453011690699012
1.1161412056750297,-0.3580619941321992
1.131518893473631,-0.3513784243851352
-1.5143733525393726,0.44408712696237845
-1.2965213037457828,0.4030395019699057
0.6761329877063985,-0.31274356845765494
0.05078359081849245,-0.4168037221144511
-0.914054692410249,0.6431979273984664
0.7806862757627956,-0.3807388935825407
-1.5990323838457063,0.5317523311086948
0.24348567672532845,-0.3910780491596223
1.442972875472987,-0.32541301805733847
0.6425529110431175,-0.38031920867882707
0.7253115158107587,-0.3772417363516667
0.7659423318893641,-0.37314886509943856
-0.7129040494200545,-0.5117246495226322
0.7622220361111743,-0.38129890098106234
-0.6260923604864104,-0.5037176988108392
0.9033133927530245,-0.3728433368236922
-1.8351620812621554,0.37141952038272086
-1.0302658790487997,0.603815005050341
-0.15215942109883301,-0.4768313188127978
1.5887783934853843,-0.2966987767956769
-0.727892534641225,-0.37451731782012626
0.9112965864794221,-0.33482865945948204
-0.5106062480661935,1.1026088556416664
1.5872192781962262,-0.2902452655907306
1.387879798935909,-0.32597134563648117
-0.955189290320771,-0.41149840901209306
0.14834129936515916,-0.39882382744433037
0.8433835352447935,-0.3298220735660254
-1.2255677356301993,-0.4554888738668888
0.3718812705581843,-0.39009778775280257
1.6676109228460556,-0.31140643334340856
0.32240668235510134,-0.4628435167465768
0.4723400380485567,-0.3516851774499731
0.17616406156392164,-0.40613541055296365
0.503527091651364,-0.423221536845964
1.0198273188039249,-0.28098809347690873
-0.06353322775598519,-0.4510491600824512
1.134775321950999,-0.33715512712329704
0.39477869124876785,-0.4118468044514947
0.3194379635490837,-0.37927576860910095
-1.2534650541035022,-0.4600277564188556
-0.05556176592489754,-0.4379170836385164
0.6010898407761542,-0.3803903504450429
-0.5671151164484092,1.0694014304705266
1.242940243944264,-0.3557087239605972
0.8586990962517507,-0.3426992476957392
-0.2737124958516563,-0.4328819101754943
0.2403698849900386,0.5783474766893434
0.8880951694676643,-0.3477862438266254
0.8864388676399972,-0.3675547310571741
-1.0804809325007871,-0.5578018952601902
-0.8063148974778214,-0.4402047687705502
-0.045525480542422454,-0.43005217532757034
-0.7928959437026368,0.46799196355693334
0.21106931046033336,0.6370950388563934
-1.2184657904360099,0.44010795319447377
-0.23570952326418293,-0.3763409739699706
-0.538427545026737,1.0625967760800155
-0.7516739149284031,-0.5003011423243626
0.5437300012841295,-0.3844139128723707
-0.3576193436294973,0.5766336907189813
1.0221039489068016,-0.36028748634437063
-0.7955432755837483,1.7727751183698324
0.6316421842757604,-0.4010404528202989
-0.3138042461124785,-0.5217850971223099
0.9718419080078572,-0.3483612658414617
-1.477580370948698,-0.5645090644865596
0.7111447447365262,-0.3218209050130921
1.2091579760046862,-0.3222841784149275
-0.5672659011096316,-0.5165749707205005
0.7464795781099287,-0.34363035576498935
-1.8391927338639955,1.4392428973947855
0.5003881660719138,-0.3523203061942948
-0.868587315920986,-0.39740830243266584
0.4393738505645514,-0.4030895927679158
-1.812389339581264,1.6938076669504216
-0.5407420935717455,-0.4795069040098556
-0.9941035828672875,-0.41782974883712115
0.33207926260486054,-0.3557854949163874
1.1000921018492122,-0.3553082493379608
1.4636567268891167,-0.2994100316782176
1.0831207934672913,-0.3513045401984836
-0.2587357231316932,-0.29818569232949604
0.4394786360558492,-0.395607321559557
0.9039782055631858,-0.32593572849119984
-0.8457621196796083,-0.518337942283149
-1.9828679933289528,-0.6361830623833601
1.6673698116755213,-0.23503871222819067
-0.8060616243101286,-0.44471713706532134
-1.0084115570748444,-0.4406330593012215
-1.472147851311628,0.552396393776744
-1.3103929976700672,-0.4692899100563425
0.1187147023360597,-0.46399792352245045
0.2995001157757966,-0.35269605320360986
0.03655954481675907,-0.25014127040226886
-3.970347616624621,1.5108504885602076
1.0680423989298615,-0.2879264988262667
1.0846902107851717,-0.3506970225292337
-1.1803280048292264,-0.5056101274060083
-0.3844865864472174,1.13730309848213
1.498828452144081,-0.2981063515790178
0.6279146581100341,-0.3948440395975758
-0.8058774395413686,0.5927804874500867
-0.16470560134529574,0.5656217169888473
1.3232667075612958,-0.33699857942682493
-2.025775672778449,1.5103251225600398
-0.28235883149574603,-0.4923873223934122
-0.33515317188824223,-0.41958743393554687
0.26742181033365137,-0.4275074442469014
0.9864720900993369,-0.31733387945167457
0.6774773103150383,-0.3731144231511088
0.058821224194246534,5.527848079441635
-1.274347760906787,1.4378251192649563
0.5672193574328327,-0.37917685448519894
-0.21472422793705453,-0.47220421157304326
2.0516831101917243,-0.25607772466341117
-1.3718782963413982,-0.47929354354566306
-1.7434993232255904,-0.6105894124678265
-0.9830123213682436,-0.4569760226018793
0.822276997574551,-0.37332258597379425
-0.8617115996770137,0.43433595016571735
0.40937256753463364,-0.4085273133507339
0.02965666415111631,-0.4521398309712588
-2.2164473872177566,0.9188424783753961
-2.8061433649794085,0.3353558575265289
-0.7726653563194297,-0.48925529910825316
-0.3198346691189171,0.5122922249867656
0.05544550604903924,-0.47717946320909504
-2.6559840901773324,1.6223198644150734
-0.34470133169438033,-0.31217226244188123
1.6393873551591431,-0.29292519735234673
1.1449912059749348,-0.29077001971014405
0.43598029365451507,-0.3403066272040254
-1.0935430973466993,-0.5390326846020588
-1.953775554023984,-0.6781358758723116
0.29206990294073737,-0.35047951755874435
-0.05643410970723995,-0.4114565332701386
0.03655954481675907,-0.25014127040226886
0.13521531259737615,-0.4543690345973754
-0.2096920777841833,-0.4359695394456348
-0.9066480213531316,-0.45114319089060057
1.6861504121132858,-0.271082705062905
0.4418878651165482,-0.38396399393793884
-3.452921157581703,0.19767261437753672
1.187148170785145,-0.34399742776879644
-0.8778969645028556,0.5281347756597263
0.30088564141395635,-0.42083145546924794
-0.8849714845530366,0.6479297536786393
0.7488243901038261,-0.3945590529050809
-1.070540821150078,0.45347643646887226
-1.454364526065138,-0.49271402011329074
-1.0599173781890352,1.0933905810483555
-0.38376304658086746,-0.4977190299423692
-0.5302552292380478,0.6851665376858328
0.7246285272486452,-0.3721608960341547
1.3163576485516288,-0.30709774990010524
1.4344800137707265,-0.29173785471457925
0.9107601129770715,-0.3562348292684191
-0.9454747822167718,0.5051625454333871
1.4592605425891632,-0.32973205884341644
1.2176758718547482,-0.3324498679329382
0.1711112249572047,-0.3119422384595646
0.9378328498470005,-0.35346681016457976
-0.00036344929436613526,-0.44747690530192075
-0.9425489538194638,-0.40944183132160006
-0.6852423100760942,-0.4864861093459893
-1.8251107787061458,0.37076381082665494
-1.1076187338671155,-0.5966802434964344
1.354340987907913,-0.3152450277009882
1.249361565642099,-0.3397509496971449
1.3265815877686158,-0.31240913882241345
1.0033749815254707,-0.32627845271858663
-1.0357676877414843,-0.4954417585867607
0.040815718158020035,-0.29699121961766967
0.856074329776189,-0.3541955235402343
-1.5729555232212615,-0.5120087278941617
1.5352251115735411,-0.2652340081837415
-0.3655009632369096,-0.31555635417048483
-0.5996134154101364,0.9958273236866226
-1.1932076813662966,-0.47069931477377686
0.14031951200090878,-0.3994982026374946
-1.331171982083117,-0.5545722776497912
1.4081380223132896,-0.33065193120429903
0.7620757151784168,-0.2844973904630678
-0.8356960278004574,1.0893223953000573
-1.7542324454602924,-0.6095202463020364
0.04008698629702514,-0.24956735708500202
-2.206181832362394,1.354233924431128
0.49714114999956843,-0.3828424625366735
0.4377164577755105,-0.39200947922191376
-0.22258392596581142,0.5141048298104542
-0.019630921045048853,-0.48878909944263704
-0.3665919954051444,-0.4900154797400354
0.1275017113172186,-0.44134187817920284
0.9315183455295684,-0.28181225112715486
-1.261475347781044,-0.4613310279947212
0.5127280711601179,-0.3646710605974221
0.8684049895186902,-0.3556484318460588
0.5055410972981247,-0.33921426052525333
0.18110996557870715,-0.40000065986659866
0.45002976512889675,2.796303190675685
0.276509758356944,-0.3562201656110553
0.16708231910882027,-0.31883976200597514
-0.7263616664482072,-0.3742682461777281
-1.5218535643940911,1.0318526153939522
0.4844419821957302,-0.4158860834010326
0.3460717543900306,-0.38536047704150983
-1.190642861730839,-0.4498066108593117
0.09412802743334867,-0.35387209032349015
-0.8850827624692803,-0.42056751377124574
-0.914054692410249,0.6431979273984664
-0.9787841265362515,0.48957029852979506
0.6751306591187688,-0.4129375188246925
-1.5797909260319831,-0.5131208451961504
-0.9254856995388552,-0.5197628356841523
-0.39646427988428434,-0.4144730548698319
1.5016765458804602,-0.32373629705186513
-1.3480538963636621,1.4354585171448488
1.019705994500587,-0.30857903312525936
-1.4333645799601398,-0.4892973372855331
1.429191962256342,-0.2710291132254237
-0.8290850154542071,-0.44390945785341485
0.9835071356722718,0.6973851351624253
-0.6218994576818054,-0.4772168421506232
-1.6577164014186594,2.0194478450182216
-0.5234489431775624,0.49001789230214726
0.37115244980499995,-0.3720173914467937
0.7465476478769691,-0.390448408663235
-1.3827238195207072,1.8549729883096608
-2.642911232300446,1.879402566419898
0.8999510351608851,-0.3752765085009483
0.2870030030925848,-0.3605785837048409
-0.029172815944283118,-0.33879304761708445
-1.2863905505039237,-0.46538472150744414
2.006751166426938,-0.2518249431848863
0.5695983993431472,-0.4076346087104211
0.5658542254783436,-0.3956495268972431
1.1439274037652465,-0.313243628065046
-1.0697211360404357,-0.4301326944785984
0.17345750563336762,-0.4210031782625325
-0.8047720418083633,-0.4345680097862666
0.15636063553682314,-0.3301188276333096
0.5465103136517032,-0.35767119845478795
-0.23342416589288995,-0.4553424163874973
0.9598194702632689,-0.34472406915262904
1.1234432135652666,-0.31370844019988703
-0.7723074075845022,-0.46364523501909516
1.660095875031506,-0.3164044586705872
1.3406685887379635,-0.3824092068898917
0.41803765928297576,-0.32132468938859876
0.26130482768306534,0.6371517561458502
-0.09724524938255963,-0.4477686999850061
1.8410647947005845,2.8797334780293977
-0.9621656445992519,-0.41263345906148174
-0.429448701901717,-0.4642697085725188
0.00900098657172074,-0.3303930527180558
0.3525842730640191,-0.28062580872426035
1.0679916986987275,-0.3143901076523704
-0.5936899145113739,-0.35268260522871586
0.9158511057673444,-0.30294975220258796
0.9573625294175158,-0.36609334450822223
0.0014340986430667563,-0.47334701958951964
0.7189380470906943,-0.3174052988260238
1.6670083443078334,-0.2877417578816986
0.7089810915886735,-0.3662979469460481
1.2020932786614174,-0.3260555216009756
1.3723769332431974,-0.27264069302124144
-0.000752675823717274,-0.3603798351281678
0.09835083096193245,-0.43091194930255766
0.9844842728285741,-0.3755923172330254
-0.2648287026625223,-0.29917701766094096
1.0627752891549733,-0.33285640611969614
0.6737968701547284,-0.3654343620184588
-2.3803883809189337,1.9513182831759714
-0.975428083557164,-0.5098761064023897
-0.08738076730510691,-0.4680986743573475
-0.6283013014110357,-0.35831386402688986
-0.05218147418519865,-0.412394825234967
0.5426820771582365,-0.3663802796729536
1.1002281888948515,-0.35058414533452964
-2.0186904132514214,-0.584529616132823
1.2901798694826285,-0.3182195334924495
0.05082009459296199,-0.3440645093638441
-0.25058706399297515,0.5549648464659482
0.519913923271548,-0.3930309509569042
0.3264337845826271,-0.4180082569573529
0.4603954959643743,-0.3817944556465884
-0.8397779246481984,-0.5301979476659098
1.2762713613631738,-0.2958752448725262
1.6935057205646311,-0.30142497984413474
-0.3712539799905695,-0.31649236769412686
-0.7475339064878967,1.5584357628553058
-0.21015135623786818,-0.31075644406396125
-0.14134947951323423,-0.4331350040451961
1.7963754114941302,-0.29006923468732654
-1.6543179366783647,0.34482613297086384
0.2865289773426691,-0.3754966966652238
1.5988565826866317,-0.30177391760468614
-1.6631030434902467,1.4719735488760268
0.564120265088297,-0.40074460787257365
-1.1791336682429514,-0.4479340696844538
0.888794560353619,-0.3413606794751118
1.2285543968844184,-0.3503730903493326
-0.049096010669197006,-0.45328637503655367
-0.132266719497243,-0.42502547043390665
1.5845542933000094,2.9305960178301396
-2.696126632132218,-0.6947482178558142
-0.49079224816149714,0.4947032013621107
0.786458090815128,-0.3704244336310561
0.9186887660239453,-0.345634974321602
1.661683452950226,-0.23326392240975427
1.2067004809295678,-0.3296778990320393
-1.4845269621988288,0.37593928240297203
0.712835873123875,-0.3804709096833643
0.4302750068771608,-0.4189033951114905
-1.2140595367208837,-0.5336116765373664
-0.39897978409636425,-0.4909330217048027
-0.140326317166718,-0.36430144837482314
-0.7759221517288962,0.4905920006335028
0.6071367620209659,-0.4160254372471368
1.140649192436091,-0.3363530184107585
1.643172333373854,-0.2811045885745342
0.37593349280397165,0.584050625748085
-0.7103685076510372,-0.3716661656413935
-1.4894817045910174,1.4666946242538188
0.9575736668932476,-0.34606238225368374
1.3463534482536652,-0.307366610670849
-0.9668053526344913,1.4547293661569964
0.8478037253420011,-0.3222646945089769
-1.4382379349409968,-0.5737827027635002
0.7207229377112727,-0.3662395765738237
-1.1718660674637507,-0.5661824413905469
1.1614131896166233,-0.3485999797854759
0.7644586442548452,-0.3606510413656466
-0.9082005460742681,0.6441503946646832
1.2792822146414136,-0.3294978495555713
-4.37477982021509,1.1281430877705314
-0.9911205853632941,-0.5027253353489898
-0.32858326478503164,-0.35050067697795406
1.2706945410795034,-0.27247035485395465
0.19207615815840068,-0.43943724341367646
0.8585605064753867,-0.367932917810555
1.9061929742865038,-0.24975108486661113
1.551935475851901,-0.29823755604979163
-0.10124369104675954,0.5437364617570928
-0.40287898700494107,-0.42749407147822316
0.610120069113058,-0.3869341337620954
-0.5424755574189721,-0.3853008673964502
1.0603272722488175,-0.3616938430696497
-1.095948164772814,-0.5590431117031363
1.754731338075691,-0.3070320238762134
1.2252724079350208,-0.3294638948325663
0.5211547016712064,-0.39109539997657133
-2.2701173510948256,1.3016911417997226
-0.06690525235897593,-0.3244566911362697
1.3099011105860798,-0.3069414211103733
0.7889137788134398,-0.3727304764090267
-1.2142938648842454,-0.49460543718024924
0.8362017887209989,0.6793624245445843
-0.13449723985529555,-0.3616646133895517
-0.3455434693261471,-0.3123092778975724
-0.4196300241779293,-0.37190555763965705
-0.5747537027815509,0.6303842269323748
-0.2047530772213469,-0.42514152422727475
0.3032108332738378,-0.3204896898528785
-0.3813212427832634,-0.33860571610802986
-0.8119304706568242,-0.48765940313101785
1.3331967521544745,-0.30272461266001327
0.16246754156534352,-0.44920995725150814
0.8815812459806014,-0.3674892328091718
1.7309584554733346,-0.27928809767431845
2.00750826793512,-0.2664455548931371
0.7475306681788418,-0.35883255185587115
2.3310769626703336,2.907752646840368
0.8023997616022942,-0.3714240274900295
-1.6170821552100614,1.1418585371135925
0.7507222920262678,-0.3282968495023241
-1.656536526033707,-0.5665581411775023
-0.9823505200047784,-0.5396789706709899
0.152970787252841,-0.4315120953237729
0.09963072902246878,-0.4320589834346968
1.2053116608042216,-0.35192518527492406
0.6810646679734963,-0.3536163074933497
-1.0548947624724714,-0.48520218906904844
0.47310874601223013,0.5821773016336852
-0.016165830775420248,0.5219267608283416
0.2916972160454537,-0.42700758613736334
0.5639211182787953,-0.3650833438852804
1.1017451486564598,-0.3303199179176283
0.28647743943006104,-0.3886025536933639
-0.28912314584448523,1.1500967151816825
1.127710120306537,-0.32465888762742323
-0.5311774693811809,-0.44836818321977334
-0.15321988216784932,-0.3899869605020855
0.6679923382412823,-0.3682439558208721
1.067551106911134,-0.3480594685280089
0.5587994316176369,-0.3979478668911462
-0.4532079467086052,-0.48289494325895116
0.5363498025120328,-0.41399928736714015
0.5085362841585949,-0.4112232391933191
-0.9406119700742384,-0.5354584214257125
-1.5572801618954986,1.5216436444774288
-0.3470893874175376,-0.3125607981524133
-1.0250465015236911,-0.4936974258794112
-0.41559169024018666,0.4951435142835109
1.252728862010786,-0.3448251447776969
0.6072739553674295,-0.38875915666778565
0.46807280853379435,-0.3058528212769289
-0.7111997132601781,-0.4332276288197899
0.6608324700289919,-0.24481573998839037
-0.11307091052098411,-0.47889195995951117
-2.4758850367598426,-0.6589149984225682
1.3339724756242342,-0.32014837265319723
-0.939152099296248,0.45059720743586146
-1.9848932307260367,-0.6199816456327992
0.8763077879012787,-0.376163716883354
1.4144461698313109,-0.28042470268292546
-0.13075787531982708,-0.461410741114614
1.3934733523723728,-0.33617582769367804
-0.68606354530782,-0.5031506460541877
-2.8394957447512343,2.4259369462668476
0.7464192261932352,-0.3620721944051901
0.16013515810238307,0.5432834998384937
-0.6239583209914205,0.6254909807148324
-0.7083347065806634,-0.48805410051077974
-2.182225867920479,-0.6520875867379483
1.547253361126788,-0.2909698274867986
1.3984292593770475,-0.26291756378074105
0.2530923484919551,-0.4257215475938838
-1.9585179666289296,-0.5952149919326233
0.989508180560487,-0.3573368569797867
-0.4335133383542057,-0.3841036800225348
-1.5387488428681486,1.7221919569249153
-0.009560964308793888,-0.43256712757370686
-0.5856481675352412,0.5924616562186644
0.7777055448700334,-0.3911850532110652
0.22180863986331487,0.6029320288756551
2.006751166426938,-0.2518249431848863
1.2855427233429984,-0.27243449089230926
-1.3323543600123005,1.466193606274013
1.2559881002712876,-0.3302330435551164
-1.066626744564939,-0.4296292382238144
-0.416574897748768,-0.45578796474085054
-0.3458804709779002,-0.312364107931455
-0.8255751306464596,-0.5289915778903739
0.8070538807734303,-0.38981168139598715
-1.3193150908763285,0.42119759594815703
0.0033992138129789137,-0.4503339045939316
1.6212230694182643,-0.32033771020996643
0.4942503419057523,-0.4511021184319891
1.6174820614519647,-0.28136897600534194
1.4620977621402451,-0.3280730866497794
0.7100637887354033,-0.2885754171609385
0.8871825088307158,-0.3291610383576024
-0.3655009632369096,-0.31555635417048483
-0.25817136276843067,-0.4423307203687586
0.3453696981375084,-0.4211169812709212
-1.009576319400442,-0.5307570604153626
-2.23714492133077,-0.6200720771786302
-0.17303131090302304,4.597541788795329
0.6071419215891469,-0.3784274518280109
0.3481385227176189,-0.3623129164023756
0.5350815862442123,-0.36259151435239967
1.292520210561898,-0.3261097473942205
1.001779609107392,-0.35909981749064585
0.6403826967078636,-0.38511785074220906
-0.20912969980447382,-0.31059022097108313
0.8273009446413905,-0.3129974657697622
0.29631279805428795,-0.3957909366879123
0.176440231784116,-0.3838938187966654
-1.7452438774691539,-0.5605153829719879
0.18074256059778682,-0.4474187101064539
-0.8015165999725615,-0.3864959237874726
2.002242518561124,-0.2848413575101594
0.43886628840242736,-0.3365696867690976
-1.975262375074164,0.9315269520676829
0.21315084749904817,-0.3759356852542439
-0.031085068390186602,-0.4489562247024947
-0.09573741454522994,-0.38602032300684747
0.16262504169687444,-0.4201291785828871
-0.34624950059841864,-0.4898504440766035
-0.3428220031663215,-0.43077446243773077
1.0297483310034399,-0.3457717850570591
-0.07707657509253951,-0.4680212414507182
0.2539860730974256,-0.37327576240929133
1.5192726342556233,-0.23457772562133242
1.0153664641206437,-0.3110662850250038
-0.6247813955498227,0.5669521342072442
-2.3483420981506633,-0.6381638133495736
0.8826560832198587,-0.2828765818172749
0.6670773938475593,-0.3780075795452916
0.2322066433150705,-0.3782999298240796
-0.3460713076102907,-0.31239515697517806
-0.8997196273910139,1.7974563345788592
0.2245395220832598,-0.4445257254131521
1.3814533066554169,-0.292175490370952
0.6949081911448041,-0.3735519509849739
-0.1034292889249041,-0.47921695193482816
0.44697920874717034,-0.41842969024564464
0.0813685785996417,1.139327955060913
0.9486967670482973,-0.35075395260792586
0.820520193229089,-0.3499221131485712
-0.6642326965244182,-0.5271441811307465
0.34988890572967724,-0.3747890703544368
0.5274993020618073,-0.4195713075091704
-0.3315236489044214,1.1185016634690315
0.8364090035010856,0.612389217362794
1.1222189163938563,-0.3434388982265408
0.9526846790899025,-0.3157691124710948
-0.5010211978597943,-0.4862034249113184
-0.9768106140207753,-0.5535975305156362
1.5326029273001354,-0.29445377518922344
1.2350266890616872,-0.28648359518831445
0.38263282026901824,-0.3689153228314235
-0.09952958708568665,-0.4347888238928007
0.3704547662295279,-0.3990312446299937
1.1775293052557247,-0.3452248874336004
0.8101887641929743,-0.37751674514758915
0.442010450588564,-0.2599425861994414
-0.6890689073051881,-0.5272574787644331
-0.11198924751425601,0.6305974784823104
0.9701306016405804,-0.34344534489134304
-0.6728382622621218,-0.42304174937195843
-0.2110851599393736,-0.310908373552517
-2.555999744588539,0.9890970210473441
-1.8113720568828906,-0.6446779839854
-0.6761117062725777,-0.4634508631045173
0.07146267388183422,-0.4437500127037859
1.3849523729178808,-0.2904837102076306
0.39378595335002053,-0.4164311965407587
1.3891258224039562,-0.3041022723923269
-1.0802998346813322,-0.5496875186392354
2.1293650255981187,2.949021300352979
0.3365192168514214,-0.36932989989021336
0.7054674768084958,-0.3792764794804123
0.7088006243146187,-0.3912624126303437
0.1563737059111416,-0.4098389964578557
0.6164087860945856,-0.383795098935221
0.4089158816540009,-0.3869099588022213
0.8251757262657227,-0.3129339043223357
0.3815281408224693,-0.35883895759434187
0.7983300797100266,-0.368862922222105
1.1280713600845091,-0.2969484217776473
1.5707477713790186,-0.24918977744349297
-1.7114012626517603,-0.5754846118700976
-0.5135960872458684,-0.5021572777723216
1.0421069613947171,-0.36267727401495653
2.1658683419486646,3.01025298244698
-1.8472068694998265,0.4233566059035102
0.007854305114625312,-0.3659165904491959
-0.6430323519266069,-0.46737628726443625
0.3365192168514214,-0.36932989989021336
1.9190294113087798,-0.2669645812221114
0.6986640994526778,-0.34768595499239374
-0.36980185340320315,-0.44678764566403073
1.3002325359740743,-0.2855597885334923
-0.18347128157027798,-0.4718463603223108
-0.7788358249144651,-0.4536390473209486
2.2935997860857444,2.9434545076850247
-0.345115240364525,-0.3122396052168804
0.1211836601624296,-0.43289700919108415
0.8153000617747578,-0.33598468361722633
-2.361464297049701,1.7930905696160975
-1.3059868390067022,0.4109422974713739
0.6968804569143665,-0.4171176476620966
0.7268147284106977,-0.38148122553920394
0.8095788144860723,-0.38466113023773807
1.3309100533199274,-0.3328199206310582
-1.466799744245637,0.47749851273883703
0.06416217179348069,-0.4108068075189355
-0.19107818608831706,-0.2871778381269817
-1.9671712974057953,-0.6086002317140522
0.4456069672850969,-0.4139196148806819
-1.026749064809519,-0.5157629359051014
0.9644017217762081,-0.35014467686880385
0.1275510544655319,-0.4281281499248336
1.2207860964528368,-0.2883036578069969
2.131073847807462,2.941603187430217
-0.9715770435143953,-0.5572608657379042
-0.19935501551683277,-0.46513938959481566
0.8403936896347578,-0.33595428185753906
0.8373276756270364,-0.3607131978106184
-0.34618042518054215,-0.31241291036019253
-0.1457502672143443,-0.4494500012537837
-0.9463125128511367,-0.48088743742928114
1.418179045233235,-0.3083730798214103
1.5284715994442506,-0.3071206744919822
0.963401527841497,-0.3049795397394198
0.881142598107137,-0.37767863889262415
-1.066626744564939,-0.4296292382238144
0.7977770303071642,-0.36422024124059527
0.9627591020981534,-0.357993553627824
0.6749611882709161,-0.4022639897913824
0.6612279812487355,-0.39978910685004415
1.09136457163455,-0.3548017531081616
-1.0098738168355625,1.1587494556366744
0.09046661467913686,-0.41768486450002645
-0.5970709669171119,-0.47417870070221174
0.034801477881096075,-0.4331056475006718
-0.7648584072407923,0.4820060199868799
0.06797975281258015,-0.4342869809277368
1.0733302465446148,-0.35379217585072814
-0.7955377041623493,-0.46348030825476055
-1.3493745609156782,-0.5814885225953964
-1.1477435602748314,-0.5469947930382701
0.7854339064817758,-0.34844197112762393
-0.032380565788355346,1.6198863330846986
0.8869377198025643,-0.3411531461928431
-1.8982060534077672,1.3807942193442604
-0.34522052754297927,-0.31225673539868226
-2.9591742815456388,1.3379861336445862
0.7050191150854729,-0.41065885278100367
-1.1311538870646813,0.48073487930482994
1.138989293789845,-0.34225095086435187
1.2544470584970733,-0.3299755261664621
0.8267965444291944,-0.33053781556181283
-0.42316630807508826,-0.3249384826997782
0.5345633507882334,-0.4035528123457909
0.2831509207949403,2.8026791164655265
0.09084451561473816,-0.45347416196279444
-0.9460018590715918,1.028436328724631
-1.4757388800202356,0.4263125595049946
1.0046306424763762,-0.3530624142127848
1.112559151204715,-0.3468151957109892
-1.068340930504307,-0.42990813559018565
-0.4951239576486359,-0.4720848515501255
0.04070141328558568,-0.38035270238198043
1.459154168849411,-0.3334653107358558
-0.2684966412039384,-0.481271624662045
-1.242199177692035,-0.531598375520202
-0.11952178654554588,0.513190246480172
1.3730810875952264,-0.3232243042096292
1.007755751018957,-0.35263272140374263
-0.5665426435824893,-0.46717372110739613
0.7909385893186993,-0.3362465624860283
-0.10848882475903746,0.5526503030204689
-0.07920435295635386,-0.4411617273046985
0.0708215274135465,-0.41285769488296575
0.24179318642872769,-0.41811465398398423
-2.9206201662999636,0.9297734243446527
-3.2806376924251817,0.25815582032898016
-1.042404599625708,-0.42568830493515086
0.5560773695930037,-0.2270421545644682
0.4251834740020975,0.5861509975830054
-1.2065040728169436,1.065796768169399
0.5483788715461448,-0.3620274024582624
-1.2238532110833302,-0.4552099214092126
0.7404127711779726,-0.31693168202817484
0.6329596423554668,-0.3607710011445366
0.6341805820016202,-0.3997245731519737
0.6585333047929742,-0.40610966210266225
1.187885467791481,-0.2921639811693601
-0.3484306225651057,-0.477935490054268
0.8723523267253278,-0.3591107040348584
0.2927243284416388,-0.4195773741557345
-2.3925998319637016,0.9627539575447387
0.8515059210900885,-0.28794470073046197
-0.35219717868854533,0.5405509451614474
0.38742236451462725,-0.45481828054835355
1.2217176893843746,-0.30473749894527685
-0.40469267308218804,-0.32193282967900777
0.1998349883304738,-0.30153356950338533
1.828642833562634,2.8925909436988584
-0.29330246822680317,-0.47466255767100257
-0.038376769941628815,-0.4639879595120951
1.8220893173122985,-0.2847129924146002
1.0434225124384031,-0.31060182311338785
-0.6463170223859579,-0.47302910875174004
0.24529053256282857,-0.4322903435313425
-1.5199329289391885,-0.5443327905947368
1.2148428844072863,-0.33007492297451985
1.2524195454377867,-0.30675418538789617
0.3594183948776755,1.2401575341366724
-1.7535310819134686,2.2983531535775197
-1.3300903798637922,-0.5339208926153934
0.0636969072762541,-0.4543921357709046
0.5732172520058437,-0.39948086924489074
-0.07431749576778562,-0.3091317381081042
-0.2771309922549965,-0.32165400404078
-0.1917915372183833,0.5143487989285176
-1.1891594923242452,-0.44956526725045715
1.9027577059433816,-0.26242092576353937
-0.4080355181642429,0.5483198339758075
-1.1143807327730275,-0.47834961056788344
0.6227140933011984,-0.2959483721343292
-0.9964034822778822,-0.5035848605629422
0.5791986779545993,-0.37338384680305553
-0.7595392680640097,-0.43714796832087843
0.9203801481332602,-0.2786164831414346
0.8617329483842547,-0.36634356736869234
1.0048160487517417,-0.355699143828614
0.6414910697051892,-0.38745732830839114
1.7007199638658403,-0.27527089670294946
-0.7788328323585583,-0.5422657723641572
-2.32484240632159,0.30780700310027237
-0.16978206541457358,-0.4699449399293027
-0.3691024262780018,-0.4901801299232733
0.49642106695325366,0.6038082123075499
1.6040085353476412,-0.30324709691148866
0.37951244356132957,-0.3226579872118067
-0.9536292450407924,-0.4521954078415967
0.3488113246088572,-0.4425459788042172
2.470952729115749,3.0079313893289874
1.489543804682017,-0.3125158758878184
-0.5672934651134937,-0.5233890713928905
1.308628611858862,-0.2857575016189272
-0.284849204223371,-0.49838105085819334
1.2867464018001764,-0.3129527205762403
1.2246402501348808,2.875143353633858
-0.1328712608260335,-0.44980630204243877
0.3959890888769035,-0.37316006228442344
-1.5336675939632758,-0.5056165975256953
0.9066842427315679,-0.36475052185227796
-0.20952969893457873,-0.310655300669484
-1.8867562217493894,-0.5630639759714041
-0.7079935437792839,1.125848455171299
-0.5724068966842287,-0.4811417686085286
0.6218225211456323,-0.3730772465092258
0.725672146937322,-0.3939623801004387
1.2681919130248813,-0.3551935136622606
-0.8449539351194866,-0.4789440798456716
0.5518078610561243,-0.4018662804727942
2.006751166426938,-0.2518249431848863
0.7469648089397417,-0.3204647807279283
0.9794742692661133,-0.37290617346362764
-0.7082913607391029,-0.46976077187920995
1.4891698339279666,-0.27052173472071867
0.8361420207268212,-0.3720736181734444
0.5785255027731133,0.666608868512645
-1.787850327033534,-0.6339500788118357
-1.5645424971089659,1.4054985861705505
-1.7136380920607495,-0.5963239519059678
1.210804801247699,-0.37377616932144675
-0.269554279856711,-0.4546291621287014
-0.46247015724999696,-0.4559764933773787
0.34117550286360815,-0.37345309536164456
0.6858918049167804,-0.3741005046027234
-0.43101736694171644,-0.5063515629395569
1.1770524448049748,-0.36756858898769246
0.618600474107065,-0.3874485991225605
-0.21252527838504381,-0.46511030644735923
-2.2745323030986215,1.6214924700830513
0.2943340789143835,-0.43414347648955326
0.8357301452645107,-0.33640229527448823
0.7026880547952044,-0.3676198471911631
-2.433163877914037,0.9253898948274437
1.3652370268755454,-0.29285871511411493
0.26439677500874165,-0.4092512428002996
-0.34521033644532595,-0.3122550773111722
-0.29145305508224345,1.9151171946421781
1.652205637751712,-0.2855429043644502
0.006799590675959527,-0.4486689323080794
0.7867719045996131,-0.3800244824670511
1.0754325691871018,-0.3491051609156658
0.1312028960564827,-0.4555961149324918
-1.4528994349970876,0.49804636377159783
1.1056499185667492,-0.33232318402111616
0.605201647905097,-0.40427925108660945
-0.07179485881440023,-0.4343261926602326
0.9057882387162068,-0.3524703700713872
0.8635879548808669,-0.37758822087029104
0.20506870151137413,-0.4458162559070585
-1.656701441845626,-0.54610956412797
0.8668452476580808,-0.38400000442800114
0.6914994755474827,-0.40553706336415396
-1.5657091676137662,-0.5517805663088631
0.4797777718072176,-0.23551158186998078
0.6976442409294601,-0.4036589927454881
1.057281530728858,-0.3483901927285829
0.7484533967621319,-0.3657542698687228
0.43093233674439413,-0.3737861777721006
0.5947578453432726,-0.3908538441428062
-1.1297197691166796,-0.5298289428203836
0.31999178260846395,-0.34688961738329804
-0.08308260751983315,-0.47817185370727155
2.017388253786481,2.910327315602711
-0.9351676432609166,-0.4762587307484684
0.3119117167923409,-0.43782447976429606
0.49681197665345683,2.9347999500920867
1.3007688382634774,-0.32320989700921554
-0.2266197260811379,-0.49851140253787035
1.1791706138119433,-0.32835851278932093
1.0691279690664124,-0.3030128030851783
-0.7859587197809066,-0.5588867316987748
-0.12927068903149502,-0.39208526236308366
-0.9813546735752338,0.466545736727018
0.8277433226593968,-0.3316805529866358
0.20321024425857157,0.558850309796074
-0.4606438702575736,-0.33103606706951333
1.164160880544288,-0.2923542658454827
0.6477795473719619,-0.3564428970049084
0.1517483019336262,-0.42746318614095224
0.8225957856254451,-0.25858309046385886
0.16474350480611866,-0.41829881867754615
-0.9302140430545662,0.47854916367633077
0.4548293482505368,-0.38383948180540806
-1.0620955639214285,0.4645859877129178
0.5394409104725059,-0.33710503045442797
-0.8738764100240848,-0.4852468882583461
-0.9082005460742681,0.6441503946646832
1.8226890599653904,2.896011728334975
1.6392468431638965,-0.2502412225019013
1.4584701867990215,-0.2391781510187218
1.4986754275653877,-0.30789177623940917
-3.3263938191958573,0.8313014582835277
0.7161590075908489,-0.3198388914289425
0.9217292780395464,-0.3546474776937373
1.0818348784802865,-0.3511615839526233
1.1950870744552584,-0.27897098299185885
0.5526026901397174,0.606702999302867
-0.30992319517047273,-0.48624859113004953
0.8829909932933055,-0.3695415142250029
0.9394990556843992,-0.36970433323290147
0.3207073879523319,-0.3963536491998079
-0.9905923874259197,-0.4172584787438819
-0.2619942185221471,-0.3856939005572114
1.8631224847648933,-0.2926254197682083
-0.12945481563517447,-0.42516475814278526
-1.6097809012378537,0.4337601269266801
-0.6791919487046423,-0.3665937519767047
0.42722993585671465,-0.4236995277724431
-1.5286680016429317,-0.5577313297549582
1.6317727632827241,-0.31767788077198394
1.5488696096576076,-0.2920289843851419
0.6727316006815385,-0.36294161077467
1.1584179460395516,-0.3409445169172372
0.2342621635987886,-0.36107130927995235
-0.5252105682309787,-0.38908346990703674
-0.5037202520415047,-0.46927947663551267
1.384651081698959,-0.3128601419003229
0.34465675280037944,-0.39974928722383685
1.2521093388419375,-0.27728226356155583
1.270230998619839,-0.32331894251627064
-1.6843419086249687,1.3937775519936046
1.7604109676005533,-0.2905106309550027
0.689789194828745,-0.29692976572274643
-0.9084975368507529,0.44874422091688315
0.4201869791901101,-0.3925657439800035
1.303817795966663,-0.32534472939407627
-0.2694691300282222,1.146474858897289
-1.767762900130112,0.42239830848537985
1.355064119941029,-0.2749248984096337
-0.24336439049026615,-0.48420216456532017
-0.9060451755921259,-0.4684081914376176
0.34790195499548804,-0.38347477180350215
-3.0030107925394973,0.2708728507297625
-0.2507387514834283,-0.40017061991471414
1.0045452390015994,-0.3624761890007049
1.076400646173734,-0.3677573542335445
0.7958260716895178,-0.36778667166161166
0.6018111279937304,-0.3861043858327592
-0.030155928311107198,-0.4386396180431595
-2.45297607858191,-0.6551877200944715
1.0022350815367222,-0.3013108585981237
1.150490173231184,-0.3453888372228427
0.21422317723033343,0.5906086798493639
0.8400293993711275,-0.3766975222313777
0.13672587180896728,-0.4488328858135575
1.0648444646109938,-0.38361673275414054
-2.97196991676169,0.880468022920829
1.6519142018497577,-0.2656467834291964
-0.9704928503312491,-0.41398829210178884
0.614335226139131,0.6599185927596795
0.8959643336791986,-0.37376738475427884
1.090794670108789,-0.350248524111822
1.208240666804842,-0.3340882675402797
-0.35712693423340436,-0.4687196521346747
0.5411633646317169,-0.3917628078566144
0.5645765772000142,-0.32500088183866976
-2.593551271362534,0.9829874026681689
0.4814155962221059,-0.3650039845876835
-0.32161616984105335,-0.308416315846309
-0.21647380769190067,-0.48007593972409773
0.60113337041776,-0.38063874888034216
0.31816733705660644,-0.3945407288173945
-1.6943807915360358,1.3196251474250884
0.034389303710965234,-0.4651960093190493
0.7222159604833787,-0.38416005186677604
0.5061824807378619,-0.4052999581584546
-0.5688705865516953,0.5102480771559855
-0.5616979712698552,1.071998882523168
-3.549612493851471,1.5997793334564203
0.22066197731877324,-0.3734220656258906
0.17582406791779037,-0.4394226992856721
-0.2932920672122803,0.4769356148604527
1.923111474645944,-0.24802487834859946
0.6069481685155377,-0.4655102236366809
-0.923869421823779,1.4734953073340324
0.1702782708379859,-0.36854949432321416
0.657690460651156,-0.3899655844303317
0.24594315333541045,-0.400583202804668
0.8487979149602087,-0.30438395178757005
1.7033963397873177,-0.2896444223095338
0.7454508817256306,-0.3938587533092345
-0.9917044862150131,-0.5425139521044902
-0.2954146729088031,-0.4747322714231838
1.1242813605523718,-0.3063326510761615
-0.06284653649321736,-0.4032234316949775
-0.12259679596846146,-0.4672275688922899
0.5830339435055418,-0.2921154167398119
1.030499596284567,-0.3808752490043387
2.006751166426938,-0.2518249431848863
-0.5482982850281732,-0.46313107940114767
-0.3358727929075265,-0.4470654646080631
-0.014276685269365902,0.5317605270183963
-0.3631394360224135,-0.5147703681591407
-0.9165899734318665,-0.4527607425153506
-0.4488589950334072,-0.4978033773698139
0.07446739243683398,-0.37689702469092595
-1.3789506719942568,1.1806024341399874
-0.45918544507424275,-0.49448643647634843
-1.771298983526974,0.39127668713552627
1.2290056702821208,-0.3394739555143323
-1.7007614886026803,-0.5652554624307086
-2.964029871992455,1.970714436391003
1.388234645065198,-0.316301015662038
-0.07386572883599446,-0.47098580756069897
0.055832536515368396,-0.3903334238683182
0.5364461184198758,-0.43228062280971286
-1.299737309372021,1.712460258535609
1.091428070534655,-0.3434088348344747
1.1899979847651396,-0.35579234393810216
0.7606697408890314,-0.38728828930483716
-0.5947904836621768,1.139500278201756
0.6957628208677871,-0.38149509794274705
0.4750972400813607,-0.3051230994562104
-0.6531575930759426,-0.4099003996488907
1.577629288542479,-0.2958439742569762
-1.7666285523874456,-0.654624241271909
0.3348022953939632,2.774549090007497
0.7255319288252718,-0.3951551393575362
0.5966580174884494,-0.369206137550472
-0.26667017226326767,-0.483054722344865
-1.3429249134520356,1.0528912128464576
0.1259591098907529,-0.39410569809060647
-0.08899650061341788,0.5370059792440351
0.9778695389651627,-0.3415783567190012
1.8397376864147141,-0.265300005607825
1.1583848474039593,-0.34593663944379477
1.5041308909894375,-0.30573337773661846
1.8235610723726863,2.9783025256981617
-0.46006638167308744,4.687059654392179
0.1901999940985724,-0.305139212814049
1.075898780170522,-0.3588311736809901
0.4563518208638092,-0.3643975100467862
-1.5568429565785602,0.5386165340421623
0.21461175450703712,-0.3673574796266042
1.1882698758373573,-0.3195326259113019
-1.3402932025227372,1.4572526936574686
-0.6206574235764478,1.4752932085649302
-0.2105251132161889,0.5904821013782254
0.7399135606596943,-0.3785267258335681
0.5843580821358944,-0.3997943413174939
-0.9861431178425311,0.47147880537258124
0.3732474076674014,-0.380828373153427
0.21526307897930738,-0.4408811750416883
-0.009560964308793888,-0.43256712757370686
0.4251923492356038,-0.413617309846732
0.5624632280579214,-0.3628042656264413
-0.39305491018743266,-0.4343937605706152
-0.18980059514895475,-0.41855037241287135
0.1667752945813036,-0.43019033214369673
-0.9864146959320426,-0.4965739520374101
0.2813728244966964,-0.4100113476842468
1.050207130920872,-0.383973039729941
0.21378672372910973,-0.35519842908894517
1.2143798434517048,-0.3215350650139407
-2.696126632132218,-0.6947482178558142
1.7943273361442795,-0.26908794070513864
0.8511112178577385,-0.32076778825438956
0.16481234534234987,-0.46210521730996473
-0.43315133040871323,-0.5275370272121691
0.6849020726287998,-0.3895347136840728
-0.9198022677976334,-0.43819370972132893
-0.5030733854323878,-0.4911735195291121
-0.058622388978481606,-0.43132984360916926
-0.3443118233921676,-0.31210888959698035
0.9271969975845715,-0.30841910002503564
1.4551536523362638,-0.31057882564001277
-0.16567981104508972,-0.4682331994878892
0.5945707824289158,-0.39761771133798146
1.3541214930727032,-0.2933555814721141
1.3520435544168943,-0.32614319993439966
-0.14316442245703065,-0.3693167827076382
0.0896164930842547,-0.3866276250820473
-2.013382703246983,-0.6041414626252186
-0.5659367745323061,-0.539083588747833
0.7217481248876999,-0.390533673532502
0.1418034721653868,-0.405463344448707
-1.7434993232255904,-0.6105894124678265
0.46248941885709893,-0.41215162769839253
-0.22861443200595039,-0.470123389954991
1.5532103453373158,-0.31138879949915027
1.449561334168996,-0.3137351070120753
-0.13658822091661887,-0.4409385738853824
0.36723757132199253,2.7694813969517806
0.9770774506597029,-0.37793075961833955
0.7317931591363981,-0.35215813498780074
-0.41235063455983045,-0.4723503655495782
0.3682958725597081,-0.408667732306918
0.9496770944116137,-0.33682647144863526
0.5153246398917443,-0.45550676399407547
0.1033589929124387,-0.3101063034874515
1.097189609929349,-0.33212252555944505
0.8192145018436738,-0.3868884094916837
0.3033745637349029,-0.42658010218172193
-0.018020463360002268,-0.4699955387530631
-0.314943494791155,-0.476113031292748
0.7095618434192195,-0.37832782850789287
0.22413945454114714,-0.4450957818841118
1.2504782406898691,-0.2989770712719095
-1.7867926627388748,-0.5877507624949766
-0.1219679005256798,-0.46833294641819906
-0.635434898009844,-0.5080724801375474
-0.5516379539937164,-0.43281882041201736
-1.591126705349131,1.482609778418607
-0.6989292388383562,-0.5061346030771062
-0.6361036954153961,-0.3595833104091238
0.020180611350105845,-0.4333374602697851
0.8937407481303596,-0.39870437516641394
0.9280602118930994,-0.3654545975805926
-1.003134532994492,-0.4668415077237476
0.6613330227991637,-0.40292909256341375
0.09360374282593778,-0.43467154374429035
0.9502039729385889,-0.3144539457521504
0.8121777939596138,-0.3339002105308597
1.2563622271704973,-0.33952818467435
-1.2194174410220409,-0.5634568766685456
-1.0567411714874348,-0.5551619554397121
0.039633640348483844,-0.4171280987409107
-0.6025884446847465,0.5626384617767137
-1.9666687557180549,1.3673752008464397
1.3902243295019328,-0.30849015415245945
0.8984899164522561,4.786967535498422
0.5996926263071853,-0.37084148800482913
0.7987906354446519,-0.3500436343677319
-1.1790090982860222,-0.6692646756354558
-0.5079661250956782,-0.4813626597392848
1.3161114864501122,-0.34290955760716896
-0.1371849361143748,0.5250139709365546
1.0300288837097271,-0.3002168621163325
-0.17452861429753574,-0.453461927723889
-1.1434949424216838,-0.5383790879583784
1.3192031559313668,-0.3006422922955602
-0.5779511633927177,-0.3501219167198694
0.9828625095324813,-0.3415421451205524
1.127306113899422,-0.31262775531702786
-1.1599521349896027,1.7571850689614512
1.637304695009273,-0.26568140523771644
-2.5607515268015026,-0.6931981511775526
0.8239152093966894,-0.39552326539682237
-0.5261549874717628,-0.5095863427976588
0.14065541513177454,-0.40313459073561486
0.9038608116210927,-0.35044390656222246
0.9919218921643753,-0.3586726266572275
-1.7340022616156672,-0.5791617853573081
1.412630972232719,-0.3496037426896204
0.9633809863661387,-0.29196544578087497
-0.2176903877145125,-0.4194365025860996
0.11719840723010455,-0.33545391696596194
-0.1830207006340845,-0.4750758685013435
-2.4758850367598426,-0.6589149984225682
-0.7792086990957274,-0.5111814534379313
1.2745416295437175,-0.37892790077920685
0.5358567093948293,-0.38800169894897824
-0.3530292112839776,-0.4885283630367216
0.8235644480783465,-0.34430586564517296
0.4594031992236319,0.6421891995629573
-0.34828989424426304,-0.427719599406524
1.8952116313051803,2.915929759254868
-1.7363314644368346,0.9746412956697863
0.5814722798665347,-0.3660356489427992
0.42533739949357485,-0.4113866303617629
-1.2932839527267006,-0.5484079104351137
-0.40934970893497924,-0.4450777774114881
0.11687840859533606,-0.4637111834114747
-0.3360018259812616,0.4930511116500611
-0.04883038483617836,-0.44514920249320294
0.7798492791499787,-0.366241577374683
1.1964099649109925,-0.3230956464351989
1.4320657518273245,-0.2703364957939257
0.5499345877203557,-0.38791684593395054
0.13801937263662642,0.5658076803535885
0.9896648074621427,-0.3463764420017225
-0.8567673101091586,-0.5485538901923099
0.5270022326324746,-0.3989009668417003
0.7349825510436235,-0.3843480261995546
0.6236155592152414,-0.3950560775783392
0.7414094120458791,-0.3480288148194417
1.1874051142038675,-0.3308804881360838
0.5601452106283017,-0.2991619782605947
0.980719050300453,-0.3390199457731409
0.9842971517327131,-0.28152146029181796
0.4340134629069456,-0.4244461943707631
1.1287251484038527,-0.36641466585436694
0.05926383252120842,-0.4642179681262109
0.22542397107549372,-0.441575114734408
1.0283806323754907,-0.32090340312173754
0.8690667371900567,-0.361376427040831
-1.0928272998259154,0.6141116957111772
0.6216416604131595,-0.3702417128542363
-1.0327767250143156,0.43491806490160395
1.2595790584296291,-0.33038354320248525
0.15878140108424652,-0.4310324375314009
0.5972939219351969,-0.44363619455734465
0.719877863181467,-0.33132111744534165
-0.17374284354023778,-0.4659817285470746
-1.9916951930886684,-0.6785700618241695
0.10629072701071896,1.531613006557759
0.438271308330838,-0.3149564034047692
1.2841358734505404,-0.35220347946287345
0.9075960974037159,-0.36792419910172425
1.0865007667842177,-0.3346424749067154
-0.3794637305362061,-0.317828090822615
0.034138058256001656,-0.31855308099767343
0.1307659376038136,-0.4413045022644451
-0.8382173700736217,-0.39246712439640785
1.4889723051272283,-0.28351311896147224
-0.20954303414628256,-0.47205780905397926
0.30663273441086114,-0.4332208046059106
1.5118749689387634,-0.29633882879317897
1.2635429420909405,-0.31053605898754755
-0.4476704167875164,0.49101779413016555
0.28150296150915344,-0.3794588439139489
1.289497908322383,-0.3240859822886044
0.03695114277155606,0.5713297217150916
0.18754535700103483,-0.4194707264459943
1.2072091949832728,-0.3389017804560892
-0.030155928311107198,-0.4386396180431595
0.43312084921489463,-0.4376973615227776
0.07433945482625295,-0.264469902948207
1.188696587791255,-0.32491661878443234
-1.1297197691166796,-0.5298289428203836
-2.3483945651886895,1.7952170097597837
0.9244739108933643,-0.28659970143203817
0.573402567145048,-0.3390357322286788
0.7819543519870923,-0.36989189246921944
0.600087041864003,-0.3108528827884918
1.2807163102325372,-0.2700390620093272
1.5758769877414434,-0.2634135900172215
1.534204847813432,-0.31209129812142666
0.8255245801236849,-0.3609191043240409
0.7868128673845388,-0.3540173746801598
0.3764658243906248,-0.42340606561903127
-0.40068886304954965,-0.444591854221131
0.47419477531201415,-0.41315213272978124
0.5276893524740814,-0.3497668055933118
1.3057970822391123,-0.3090352181624583
-0.8723450034395124,-0.4688529532475076
0.10615544720280476,0.5470241537646356
-0.15581157139659574,-0.3614351560570413
0.45963423612836657,0.5744959734150927
2.1997750418198416,-0.2497253615401615
1.066321151609715,-0.29067858575663086
-0.9668053526344913,1.4547293661569964
0.4796844461508503,-0.4163467592502379
-1.8693773669463825,-0.5807118520355696
-2.316400252323803,0.29947660335981885
1.1401285412779063,-0.339716973161653
0.6761329877063985,-0.31274356845765494
0.08281195934024463,0.5379439075498547
-1.1252736000973902,1.0336596391657686
2.0220146325994808,4.777497009266818
0.3966601280014734,0.5671561018187447
2.62676112814858,2.969992302529211
0.4129565330630739,-0.44551671289134154
1.58476618781593,-0.28004331848832353
0.5002249033122144,-0.4308812937234153
0.18044075297961024,-0.4378225981268722
-2.1621762882029025,-0.6283501193549798
-1.5656761024572114,-0.5757298792747769
-0.42804160311030126,-0.49667531305328055
0.9015041042843124,-0.3710136152251503
0.5012405075256539,-0.3739638531928077
-0.9938019110103481,1.0964588380570317
0.6881801928798803,-0.34580945384135064
0.5967555137538754,-0.36162906188276395
-0.8778333858122576,-0.5431494835485119
-0.17486253712610783,1.14158866485415
0.9568204554998946,-0.3081572966960158
-1.2267724338656534,-0.5519283024912491
-0.4695866711108184,-0.49475483275452575
0.6548715693884619,-0.42106489976552364
0.7497310270063278,-0.34889248073350493
-1.0928272998259154,0.6141116957111772
0.9460701268720019,-0.3722692243306427
1.6509557271787518,-0.28588225264788947
0.24318090292361252,-0.396393047621464
0.4116672749778858,-0.29577708002507713
1.3431751193982429,-0.31480005514109266
-2.2324550505496727,1.3360249443599976
0.43299516762219387,-0.34716659604310895
-2.8662866412155545,1.8579210411081035
0.5301045067159413,-0.3954865531723579
1.211899012823955,-0.3113026919141395
-1.5143353261536066,-0.522946654075372
1.3202265827891264,2.851788783794632
-0.33886426423700167,-0.4625832950106586
-0.2010456264966745,-0.3417277005918631
-0.3794637305362061,-0.317828090822615
-0.1548501823958376,-0.4889734742044208
-0.2843355053075338,-0.49331322290918217
1.4357972829062942,3.8724434131948673
0.7583398615633445,-0.36217610117937254
0.8245509251078291,-0.3716846757445636
0.9054343675410199,-0.32390677986618216
-0.28409205988152053,-0.44089249896160937
-3.1102267711140854,2.0900618570328353
1.2489934716058644,-0.3091579553297869
0.9708122602993011,-0.3506994534886656
1.3134033796910378,-0.28160439388688574
0.7443885271411315,-0.38266970945697776
3.088980612916865,6.161671210708285
1.7875072968351677,2.9006909955196036
1.7684004609680453,-0.29545227993751794
0.8037785248618922,-0.3870940457748599
1.1028763525304097,-0.3150554352057058
1.1860437827357913,-0.36106420879251616
-0.4498357176822352,0.5092131674649564
1.540049790098642,-0.30774939868025725
1.0175992196087436,-0.32983030265073465
0.8074520320662125,-0.37925201846825995
-1.71308010360951,1.421554614282716
-2.28664524962723,-0.660578515896936
0.5031895930835064,-0.3742283154282536
-1.718557534934435,-0.6540738204086195
0.8273647063276256,-0.39391880564060894
-0.10639215020655052,-0.33482568033614896
0.44247845827911786,-0.2640936076458727
0.5437647455565402,-0.35953243081276803
1.1685227972427696,-0.33222724404528714
0.6619063549639752,-0.3943466911521591
-0.7088905614015788,-0.4788791654958091
-0.08955343781356928,-0.2706598022097283
0.81740527077266,-0.37672013260984283
-0.15921295385226308,-0.4369892656262611
-0.32161616984105335,-0.308416315846309
-0.7540784924608972,-0.42632018959341633
-0.9178162459574971,0.46895895681897093
-0.6750536124129569,0.5033059810708055
1.1653814758872518,-0.3202915044852139
1.802296070966623,-0.2719165886634924
1.0870960781389671,-0.35539357742749644
-1.3313411161243165,-0.5506553089691044
2.29038763177296,2.923907205529593
-0.44951314754642757,-0.44033009197291345
-1.118408904902552,0.4955951885446582
0.44959367590412,-0.24436700891618576
1.6760879662564536,-0.2903255118558532
-0.7931601801663968,-0.385136337628989
-0.8516346458194508,-0.3946501097910776
-1.1349107443747992,-0.44073901766774476
0.7593942864858293,-0.363168403698126
-0.39414211767962737,-0.3202162585370154
0.6785746340242512,-0.342813364189658
0.955909165203933,-0.3156539180565719
0.49141631504436134,-0.42095537765007096
-3.8050230784530386,0.7858814244478982
1.300938941999981,-0.2871844403155065
1.5753327311550775,2.981578665442525
0.839538730848939,-0.36015735170605806
-0.13352471930840282,-0.41202179827615565
0.5066255003109985,-0.3537974436530659
-1.0928272998259154,0.6141116957111772
-0.7931601801663968,-0.385136337628989
1.8499817417491924,-0.26009991873371996
0.4621282296475272,-0.24232764203807214
1.7688145825379962,-0.2911365518379715
-0.5650494458865856,0.6675281862338527
0.7440430026409971,-0.33293569888685226
0.6527914389541174,-0.39781426437483924
-0.05687812857863828,-0.322825282109752
-1.0278407088568144,-0.5496505023194082
2.0181916482808417,2.9099391519845623
-1.8990311806479043,-0.6775090440128995
0.506512116230042,-0.3807631803011874
-0.6815197921406457,-0.5268312747398023
-0.7015201594787189,-0.4277082825714952
1.4532986711547948,-0.27579126701848
1.2696712011328377,-0.19484960584832658
-0.00898157768874314,-0.4260392193246827
1.039588912798123,-0.34745347872091403
0.10450127171581251,-0.4663912263761522
1.674874894032464,-0.2808306376515937
0.6188897454857093,-0.3939196620729753
0.18517856667587895,-0.36787069519444715
0.8264371514382325,-0.3614912557752208
-0.40652756512917776,-0.48209014944837664
0.8880691191182782,-0.3411938960698002
1.0624429759278502,-0.35845367176170856
1.068315396696759,-0.2862101172478203
0.333952309422276,-0.4075860267989685
1.1236797780061478,-0.26399873868528134
-1.1962568859691594,0.5972837434349764
0.4402053678501906,-0.41062072423399115
-1.3789506719942568,1.1806024341399874
0.9612783741544663,-0.3494894442759804
1.0743348720713333,-0.3581609597329168
0.47326938106828337,-0.4294788164613049
2.3036987487524376,2.9716899194468662
0.5965421247910273,-0.38692213245153967
0.861365579692743,-0.38683573525970244
1.3907009155939418,-0.2713849537244396
0.5569809187532619,-0.4007795660613805
0.010707165735590468,0.5794113727714099
0.6675678359230299,0.5890094305522946
0.34604404518996945,-0.4124651135978195
0.4462465748549384,-0.38745010915441536
1.7763202905147673,3.8854084584675026
1.3204080929837283,-0.32100151098780066
0.8527095155311344,-0.38182337195606497
-1.379436601943799,1.4172209583651991
-0.3031622270298914,-0.4747754534913901
-0.7967534796452098,-0.5699996450915006
1.1374889245048732,-0.30474084725296297
0.6348954849087807,-0.4346293805688876
-1.0928272998259154,0.6141116957111772
0.3150628897747205,-0.41926151365032
-0.7063018317459401,0.4925479761346787
-0.8116270706857887,-0.5232768067232771
-1.2262801553644533,0.47402326604461803
0.7693514509733973,-0.3359574832335684
1.3745112011706537,-0.2568675911760967
-0.7757908414607364,-0.5781402236714316
-0.05793499766487565,-0.4015511660521986
-0.11307668052098996,-0.46775014601375714
-1.2546213948001839,-0.543908365160221
1.9406382154261042,-0.2691380473167767
-1.4077572888418357,-0.4851310412678268
-0.36677425383810325,-0.5199937341704477
-0.06232274295225571,-0.5036183597591952
2.7361697387134525,4.86908517671528
0.953320616229773,-0.345833443296155
-0.4072755832923658,-0.4956471894507671
-2.0223049495405823,-0.5851176997406443
-0.2897412188889167,-0.3356830291947249
2.8887483760379773,4.890485721926234
-0.6744567889429319,-0.5082133556125571
1.1362106511655539,2.875845565070197
-0.7205359881275564,-0.46029846297785065
-1.8762773565882156,1.004602727741557
-0.29241763879638893,-0.30366572652968654
0.7576629866646514,-0.32138535133491686
-0.5251162767713358,-0.44199629262338674
-1.6304496282989391,-0.5538157508959105
1.276263298452466,-0.27103290264337737
-0.9612549838708908,0.4617264644620409
-0.4185191734000556,-0.4425580992219122
0.5149806236868509,-0.4048190804992878
-1.267904994532558,-0.4828525377343851
-0.6620295070255303,-0.488875964916039
0.14016979040448307,-0.44023332621970596
0.32451696467941576,-0.38421245649692937
-0.9986946800078897,-0.4185767185046828
0.18832806409597688,-0.4543618018584912
0.43808203878572904,-0.3581914063880511
-0.5283980694825975,0.5042575035003781
0.6461621313617176,-0.3941042709363741
-0.7152996699833589,-0.5208727424696132
0.5992324162012745,-0.3420543216758725
1.6892861673808792,-0.3005076334994279
-1.9790894938964916,-0.5780865624008327
-0.2634857548513596,-0.3465009475043065
0.09576152561751022,-0.42932489778165467
1.0576600434904204,-0.3387086150795632
-0.37020483706128904,-0.3367970813455046
-1.0603383495041343,0.45110679958884914
1.0662343874455906,-0.35342053393489525
-0.3325238881940875,-0.48211491256775124
-1.3429249134520356,1.0528912128464576
-1.3316615158587346,-0.4932256982407762
0.3705147894130099,-0.3460933149829592
0.2681549223779312,-0.47529225207078263
-0.12649693152770264,-0.42448592040585675
0.7569187292653243,-0.4064179333805372
0.5261221835463171,-0.40242589592277167
0.7100637887354033,-0.2885754171609385
-1.1521878320087848,-0.52545162805659
-0.5821852524075736,-0.45747648852180717
-0.17537384391065203,-0.4694728137016536
0.4609664492427013,-0.3939870754214828
1.2859541181686234,-0.33868837045625716
0.35675407468073916,-0.414700155888323
0.2273561510979437,-0.43532587060935785
1.559446490717967,-0.2746074151553109
0.055079349421771055,-0.44346095750124764
-0.9208738570563655,-0.5248232677472596
1.378043028068583,-0.3072301927592904
0.7566800468656436,-0.26901362429069886
-0.3589119754025335,-0.5056302621770611
-0.5042003490036183,-0.3381226887315461
0.7297081516388431,-0.3050562751786542
0.06565580939073642,-0.4205660235349356
1.404691669676454,-0.3012611813384728
0.07686805073196779,-0.4431469575853267
-0.22783592810086412,-0.4254178109608166
1.5351018898973046,-0.3000882706437053
1.3997967142283674,-0.32753461318693294
1.348048242850875,-0.3427054171585037
-0.20232783211740568,-0.4667960146228542
-1.8261190621830654,-0.5736737431612067
0.5798621794812133,-0.39529285933962244
0.3163338293425156,-0.4040135260797481
0.31188112598427425,0.6580343588332405
0.002879551790690877,-0.4175178089622729
1.1111306476616924,2.9342787612199555
-1.1400227035721735,-0.5767066447801689
0.6769255869109977,-0.3730150034225933
0.21232087867663274,-0.4145945004365454
-0.10376521489484233,0.5465546062864214
1.5908655921784298,-0.3162985938165346
0.9818166021605054,-0.34143377298669036
0.2508800214590026,-0.4218434779614703
0.6470606012852269,0.6086172058286399
0.43789289610437837,-0.3957952382894232
-0.574058013708135,-0.4024166667232067
-1.718351342278866,0.36901132281639637
-1.3618716881816515,-0.47766547240240576
-0.8034114762185498,-0.4072796281805616
1.1698755281280548,-0.2963952804229635
2.0101610806430754,-0.2632128749935293
-2.0507019803517994,2.2309463398610374
0.2118528484300887,-0.4482038198897885
1.1927703846276652,-0.3511869692831515
-0.4704966870867351,0.7153646373664779
1.1817285200878476,-0.2868364601202683
-0.12187417451294114,-0.49214550483512953
-0.993246136512109,-0.417690242658257
-0.5313470902995813,-0.34253945267711733
-0.1700543623444099,-0.3312996973317644
1.3846062460472857,-0.3262371645537156
0.7100897160277015,-0.36156162110498413
-1.2705476305925256,1.0494491406141935
0.42632983076182007,-0.38796091297278296
-0.41799902299053215,-0.3565505225972719
0.1898022711489109,-0.4376196614977418
-2.3841037081395435,-0.6764349680970441
-3.6477207667010907,3.028502512538522
1.8182339738340463,-0.2616720438345806
1.0913493393972877,-0.36551479528533454
-0.3664051211669436,0.6748185538505153
-0.42288752214729197,-0.4067947594854363
-0.8048119443254264,1.0684355390099827
0.46629407425811953,-0.40427609207361614
-0.04762126908012923,0.5735211822090768
-0.07990545955638328,-0.2690900800081051
0.22247921344978164,-0.44583423434656066
0.7952303351186463,-0.3637970637024015
-1.8908372696162563,0.9988861323388123
-2.369534279913701,1.454395734740642
0.5333978678405815,-0.3638191020088775
-0.5292998815476884,-0.34220637263241366
0.9772010047702961,-0.3535944856486383
-1.383346069705407,-0.56306098082749
0.5891593551250518,0.6581276284687256
0.6704745787155818,-0.31010623759066397
-0.14185939361644995,-0.2791699602876396
-0.5898086256891698,-0.5017853890051373
1.6174820614519647,-0.28136897600534194
0.9723877727517078,-0.3659281135965219
0.5849351188690713,-0.4029927546135817
1.1997494049615585,-0.3342849426626722
-0.5512651738875568,-0.4137979526072561
1.2323050965759637,-0.3467201933618228
0.7044475666938199,-0.36017887933423615
0.7909045647756425,-0.27769606675837777
-0.2859842958855573,-0.4335043365346607
0.06683194621775515,-0.4641694796124269
0.9684134250258897,-0.33577429818919496
1.161099391627534,-0.32341792519309753
1.182212935808992,-0.3206516512520081
0.7779897060059087,-0.3355906023096739
-0.7636711811636139,-0.4742174707631928
0.8870527338227913,-0.35495861679491103
1.5106868697354487,-0.31106381648949993
0.7096503320209907,-0.3195456797008597
-1.1906449945365054,-0.5277641062889814
-1.6342351756367857,1.3584142303264197
-1.232542889493552,0.4324590908832398
1.0309147769983613,-0.36165240769065143
1.4080652130069284,-0.30841171920561844
0.350989411245796,-0.32137090682215413
-0.5502104980010053,0.4887419537374859
0.44189901203166226,-0.4022221756832698
1.1892772477276665,-0.27347505577039527
1.1904996108930248,-0.3287629133399243
1.0971257755657653,-0.3508458727216415
-0.8722965447384681,0.45408414942241515
0.5893833717286553,-0.4031765305119488
-1.7910469708554861,-0.5884429367231074
0.955386576913708,-0.296866017062119
-2.8110856218068987,0.9475946509013549
0.2822166210880066,-0.3550736546509897
1.640574187179679,-0.2957411001674763
2.9334437979983115,3.0029124297627057
-0.3368473226044578,-0.46755282932663667
0.9088283653341228,-0.3579350113918196
-0.07033641135373081,-0.4483253821639063
0.5226541951212277,-0.3746309141766194
-1.4522979996082168,0.47372432156104627
0.5836968376472127,-0.35977820365264396
1.35498230478209,-0.3376783097842746
-0.42429656177080555,-0.325122374523779
-3.672394185753777,1.834988437221275
1.0909417804081005,-0.36331218585973674
-1.390166251493404,-0.5147217416435873
0.11748462494691612,-0.4857848104189037
0.8760704448847326,-0.367400639014513
1.206035047219251,-0.34576592757434305
0.6245120126824868,-0.37872858574308355
0.7779563129337952,-0.31959134173956116
0.9792508130038361,-0.29239989082553985
-0.9967430392233401,-0.4507119424429867
1.894834494485668,-0.2384819116297092
0.6824540736436198,-0.37885048145838623
0.2529558755390299,-0.412023997406921
-0.19206045818992062,1.1907276819946069
1.2934335751474944,-0.33298315575602555
-0.44656328471778306,-0.4673265022265361
0.8286678900235502,-0.3091259135458893
0.8627457302090297,-0.34882920987790744
0.5677097447772128,0.6222057411061087
-0.4345779749276164,-0.44114954658760347
0.6993427115043626,-0.3912074846326702
0.14190108475588617,-0.4628922701437409
1.4526616129256504,-0.2955384530118037
1.333551115910051,-0.2579317275884436
-0.2645660764450272,-0.4796656324272811
-1.9018734952922438,1.3336942956766755
-2.128662730205333,1.313918087432246
1.880013677484743,2.9083865757230773
-1.484305546617803,-0.5733534280931412
0.11271013523422954,0.6525825029149128
1.3146521536411666,-0.32460080705048583
1.5500555748744114,-0.34010214266043276
0.28736579881663915,-0.22981060202749137
-1.8119137635858742,1.1101595123964005
2.937614487143438,4.851166638843552
1.2094781437476463,-0.3132373416509326
1.5167887055891298,-0.31169107204650864
0.6433355902592607,-0.3779189673026217
-0.009457649399115146,-0.43255031827924556
0.27460078528909126,-0.44516484566604825
0.002278844423782118,-0.4718282479458426
0.8429154208769776,-0.3996730446678701
-1.0845783297194462,1.8027563641646907
-0.9964902128657533,-0.4182180525828164
1.5260215717539438,6.342676979111216
2.755636289356343,3.0010790640857827
1.6942209176465437,-0.3098746911005694
1.1672733756136897,-0.3206503376855994
-3.852234311322007,1.8262039295438885
-0.9695785771343266,-0.41383954021851327
-0.3806246232822993,-0.5009982825826321
-1.1420972691150786,-0.4419082623671644
1.0688859176347176,-0.33783979122074825
-0.34692021727211997,-0.4761048588626656
1.058872287899213,-0.36004464866131625
-1.2642351782313523,-0.554401831524274
1.185399897993755,-0.3208209871149325
-0.9600157301066423,-0.5173078353856028
1.0246157122982964,-0.36234663301056896
1.0708116552603741,4.700649823187187
0.8910263080480032,-0.365065700968235
-1.2668190952566785,1.4968982223692053
-1.8627002116452724,-0.579625481540069
1.9825255408157558,2.942989128485297
0.9604977236517639,-0.2659490860723251
-0.7548829071341611,-0.5094401790085914
-2.0215496380730804,0.9397222376131955
0.6810413100176617,-0.3603748081018078
-0.7042358782181105,1.1068001627707
-0.32399660535399677,-0.4645668096968859
1.194502424528324,-0.31264091481065687
-0.39464230785475785,-0.3202976392783486
-1.017322322425312,1.5360909961996487
1.3715394738435243,-0.33159286486381034
1.5008137488497049,-0.2857531915931397
0.5801022452793865,-0.4281387474695948
-0.19540889118108618,-0.45248259461696316
0.5774556828558094,-0.40649242978177014
1.8356584775233442,-0.28051009198815896
0.9857001254923005,-0.33811288627524105
1.1882991113549393,-0.32758385719164895
-1.501989361546863,-0.5004625617881887
-2.378426578247529,-0.6430585462224601
0.05695630300443654,-0.4349375153682283
0.35078549048702595,-0.4068110413618127
0.4789086446980841,-0.3912207738012384
-2.897172590574664,1.5844967732435833
1.4875976805575788,-0.2869651426685232
-3.374351949411711,0.8559514448017252
-1.6385801268508493,0.47777550223269954
0.5358254372328213,-0.3788142025182092
0.5394988624831311,-0.3240764426238268
-0.918994112855827,1.1570046250423158
1.2120362705314864,-0.336878162419391
-0.9376210546427197,-0.42911547288367313
-0.28332373423544377,-0.4245734017595508
-0.7265179160813787,-0.45619530307506795
1.0029326185964182,-0.33697160926679093
0.06144138479496621,-0.4398625350950544
-1.6554854677932318,0.3719185519813824
0.2418986830748417,-0.41112324605772116
1.47744999576023,-0.3116627093637483
0.8849690096781261,-0.3418596008345522
-0.330290966758783,-0.42597292951915056
1.3344811011882753,-0.2560075011096875
0.9884401589641714,-0.3363811095983066
1.06291730440144,-0.3381390805900754
-0.5025052233905701,-0.4112504651578784
-1.9848932307260367,-0.6199816456327992
-1.3429249134520356,1.0528912128464576
-0.6695149105325046,-0.510354410214282
0.3291467672955553,-0.3920862467602287
0.44873265018553526,-0.36838021960026374
-0.36980185340320315,-0.44678764566403073
0.06679964933656898,0.5400603287007265
1.793667363726594,-0.25578240154279513
0.8611783133758393,-0.34778569150734423
-0.841045282815752,-0.42537997978087383
0.20945244296544707,-0.41586475892369174
1.822275585601712,-0.2792374734207259
2.2864773095670046,2.9773827906172015
0.9122697537680362,-0.2997101760635342
-1.2623773247361716,0.40645671460811733
-3.7767124966929186,0.790487544771255
0.8294138689618644,-0.3709311870762272
0.5696066395240528,-0.3504458343356431
0.8373910609360717,-0.3527548855127917
-0.372366652564597,-0.49021750583803103
0.31145029682867775,-0.4168315050873573
0.03287611684668789,-0.4722718071648401
0.5642964400887664,-0.34957803722804404
1.2703035168527061,-0.3241880950356023
1.2390534066120573,-0.3205027208412665
2.952471308900947,3.0049997900431973
1.189406850046588,-0.34199694988139767
-0.23451750795428716,-0.4170978511283326
-0.9815082403656474,-0.538167741515201
0.5369141015974176,-0.4142723494801983
1.1477730552036418,-0.36366539804398706
2.006751166426938,-0.2518249431848863
-0.35520942401299227,-0.47024493570901926
0.9470880238622822,-0.3485775571057797
-0.68683968621963,-0.47200591716889057
0.4792919805742446,-0.39423803585835704
1.2311288073301505,-0.32765511571238687
1.0087670571950407,-0.28522661881434647
1.235643824595449,-0.33733860646529773
-0.2409197132230625,-0.4335961175579419
1.1748363644379995,-0.3527560234157429
0.41942187880465887,-0.39501260032522456
-0.5646566616526717,-0.3479589066068103
1.0825994150180072,-0.3280912746322851
-0.6385829763909173,1.456574322254356
-0.025294386709041276,-0.2602048803094961
0.6744544631166274,-0.36176999062805754
-0.24100107581155966,-0.4755022954441078
-0.5063613394877965,-0.45403454363436935
0.8575684357776023,-0.3685817255056469
1.446722978942887,-0.26913929063275494
-0.1750252295576183,-0.4645019257996128
1.3046398174313258,-0.3553313083422588
-0.9402852062243872,-0.4799067970530497
0.02006384898526911,0.5565268841023231
0.42157011169159886,-0.427928791038129
-0.24018072263504842,-0.49557810723624524
0.21146575974791257,-0.4560254567575658
-0.620947413721835,-0.35711738944265414
0.9379180766784797,-0.34150368154776534
0.5225776824804231,-0.40370675726607624
1.370163700280357,-0.24915584876311866
-1.6943807915360358,1.3196251474250884
0.6764587525162834,-0.31864688762481164
0.3674661696531185,-0.4163249694265802
-0.9255924981453795,0.5158211556845549
0.5049513426346955,-0.40209943890014843
-0.4117279112404457,-0.47372634507189176
0.2314692547562244,-0.40952970965405855
1.3151977423419488,-0.2805292924050863
1.2309835925440524,-0.30439740836789203
-1.1873363622410205,-0.5106948710738883
0.7552980845006824,-0.3460117159026177
1.2865790520112848,-0.3151827120535634
0.2787641071108654,-0.5385831814640836
0.8921660119875524,-0.3670721320641484
0.17421087960761278,-0.4950125487335238
-0.39464230785475785,-0.3202976392783486
0.37588284513725617,0.6170604647701234
1.6282602379106108,-0.2923874872383195
-2.0995031044696644,1.3390031778809075
0.12792707892242425,-0.4216693483408197
0.7118885976115623,-0.3592902866299291
0.43202239469802417,-0.42112051944624973
-1.4402943590588768,-0.5379672364866511
-3.3342729525330497,0.24942938497259373
0.7980250603576134,-0.33938767037073014
0.705483624246755,-0.3258733442979371
-0.21842410812242136,-0.4419134379369362
1.786261181327801,2.887982723035374
0.7512441422852446,-0.34951666544008814
-1.1690547823908186,-0.5657250464341698
0.3105397523659643,-0.34387388318354145
0.5445161649459298,-0.39522813212236285
-0.49868106888996566,-0.45032189307152254
1.1582249029612623,-0.36848630503875324
0.5958711452107699,-0.38550292395036795
-2.1458311171882865,1.6577791220581954
1.1400026255499822,-0.3329501975255588
0.43349614252083474,-0.4197524940728166
-0.21414500863176172,-0.49992359161576705
1.4614204530837596,-0.3130933388394238
0.3352503593130578,-0.41779108239585294
2.1186384096409125,-0.26482015424029515
0.8985619680035017,-0.3619935191138324
1.301164438530822,-0.26422277868657057
1.2504016877707071,-0.3002537852973654
0.30907636488347434,-0.3987665500622585
-1.3973737425202766,-0.5990019050522902
0.833730302767979,-0.39117785750316647
0.8475612398709194,-0.368593986488376
1.0420260665633485,-0.3553797065113804
1.3578257363814745,-0.3407738717920651
-1.0743288737619705,-0.6017352413090876
-0.656247355708243,-0.5216451675752074
-0.3690768758648315,-0.4493879092783802
-1.7251526656236182,1.5063082016250477
1.068268676924619,-0.36930386426572287
0.4699690909204956,-0.4193475070666227
1.2339422777818791,-0.32285765164457236
1.1026901261758069,-0.3596621914534706
0.30269897855213007,-0.3642247314631877
0.5210576932201615,-0.34367258688183455
1.7070975566793598,-0.3014473841822114
0.9482014451536845,-0.2686869018037013
0.4533480095635961,-0.39081864078135853
-0.2833121036328188,-0.4681023899912844
-0.16663013293962375,-0.4470034199521384
-0.8961874955270455,1.2016660701274837
0.4401349346842375,-0.39284102107564445
1.6741053735881564,-0.29409760220094144
-2.7652745088844117,-0.7059985497325655
-0.8721488686691765,-0.5135480282553824
-0.4917187770881708,-0.400997452201568
0.03557513117737631,-0.4130475023564993
-0.04909731255176159,-0.42160489726453004
0.499093257133326,-0.33110141607132837
-0.09911607923571583,0.5480304200325203
-0.39464230785475785,-0.3202976392783486
-0.18414472142683436,-0.467737161745811
1.0974421690247818,-0.35610910644470584
1.4401743313847724,-0.30846726732748586
-0.9436933429464767,-0.4096280229746161
-2.862732967396725,-0.7218550019326736
-1.1038258445566846,0.506465909086554
-0.13290943160705265,-0.3914462824272277
-2.808022368500809,0.26703230870454275
-0.29419819347333026,1.1033974540036169
-1.5849484036146444,-0.5549107823072618
0.5148968057508702,-0.31324091942874027
-1.0582381327568573,1.4868860593400954
-0.49401915792140394,-0.4583808164647476
1.234787802123602,-0.3244916655743058
-0.3676207984031238,-0.31590125050373574
1.2286972509479817,4.7805231115754445
0.09273399806983401,-0.433619362370826
0.5103876718676479,-0.3377618817730383
0.7378440456680593,-0.3022812001205915
-1.3184470355292968,-0.5386181344940366
-0.6867412785283236,-0.509488578036585
0.319306219878973,-0.3373882550703774
-0.6743826170734012,0.5393298194974886
-1.0215889497545962,-0.6503753778925644
0.5096323058373989,-0.3827835802691981
0.9513745016235993,-0.3415047957711317
1.066956979148976,-0.33292298348355887
-0.5006907908337832,-0.4109552577069686
0.6302595523074747,-0.35739251835212854
1.2086902162290247,-0.3383156478980655
-0.00013260511494806373,-0.426134373802483
-0.33539057114539106,-0.46888973580037097
1.9120980222976791,-0.2786375454543182
0.6539477973045512,-0.3750514744734115
0.8489527712963405,-0.3630727509112254
-0.6501204691171366,-0.4613329806318429
0.6301173055754872,-0.3385890088297264
0.9988831263571613,-0.34992633842510656
0.8269340966963196,-0.357965156803098
-2.007843161885591,1.0782818776978906
0.7507758283163892,-0.39896809801002076
-0.39464230785475785,-0.3202976392783486
-1.2864997730622576,1.0838600642686864
0.1996619189063013,-0.41484182621666804
-1.5924794231877017,0.9585165792067415
1.176724601889562,-0.33965762298108687
2.3844733986611306,2.956858711465102
2.3856750801676228,2.9703308301320073
1.2327305268432975,-0.3162904460053329
1.6383278197878206,-0.2952991377171
0.402026827110172,-0.3744933660430192
0.8705228202391336,-0.3947774918329597
0.7760514106311597,-0.4119632237882398
1.126912161078065,-0.34498938789142714
2.006751166426938,-0.2518249431848863
1.111318997118527,-0.3096514640213867
-0.42368656165041263,0.5126921308791403
1.0319593266129785,-0.31894206633914723
0.5988683026931759,-0.37436793052509687
0.588218357638024,-0.39197602263914394
-0.032380565788355346,1.6198863330846986
0.9411121617635092,-0.3495007755403972
-2.2469336161698235,1.0069292013494489
0.5335858938719472,-0.3500674647746201
1.166862508436915,-0.338767127564838
0.8936795695757626,-0.37400036519434876
0.8310654408395,-0.34763675047717846
-0.5361738920992992,-0.5064274609290398
1.2271583618604645,-0.3433187138940321
-0.5655780731344359,-0.4513948515584244
0.550108894581782,-0.40226447345230204
-0.5357195946961351,-0.34325085739269634
-0.17801790292783937,-0.44965308778749274
-2.3483420981506633,-0.6381638133495736
0.21913847711725679,-0.3459353265172675
0.6467694184901597,-0.39062628666622773
1.7518374285245326,-0.24200854206459632
-0.5510583605338308,0.6698045302219485
-2.481562166651857,-0.6922914202971522
-1.133847002658193,0.42088357912116287
-1.9391350484899441,1.9423454279485663
1.255252864902866,-0.3358716032777599
-0.08586037091355264,-0.494896408114301
-3.447651448343269,1.2789865028661251
1.107316852702926,-0.3281045913007995
0.12288391436291082,-0.412636365600067
-2.3717411613629187,-0.6829216491429045
-0.4310374771060706,1.071594930967146
0.3444527078122948,-0.40590541832204213
1.4532601019319824,-0.31584609608521164
-2.2907222913744425,0.3412575115235255
-2.5012097151075907,-0.6630353134555979
0.5292892467415463,-0.355162011891015
0.7941562326760854,-0.37478081133943364
0.6338481043809671,-0.34132971273653173
0.4496907161855545,-0.3682243426454488
1.0320112298953337,-0.33371299135509763
-0.44257645256911793,-0.5006277208343667
1.2439035962970715,-0.33378856370695476
-0.5478134087147074,-0.49828721406917925
0.2125194660422423,-0.39994040086955124
0.5894891436126473,-0.41640858473745895
-1.9521705850504047,1.985240017605255
0.5908631667591625,-0.3927199355219753
0.737059307294421,-0.39468678914187416
-3.5700271645497508,0.21107226901898293
1.2003559638164307,-0.33895933353882624
-0.11268772394909549,-0.49314444876995944
-0.9935757926983566,-0.49114745027308
-0.7652761561986732,0.4776149778574693
1.4818914218086736,-0.3011530523639875
1.354067425217413,-0.26823229362780454
0.6966722275305524,-0.2848920235818171
-0.5999992989571712,-0.3537091395532276
0.7120985784580922,-0.3551587120188732
-1.825747873930769,2.556920391818281
-0.11201744329963859,-0.27431468691291516
-1.4485548447367456,-0.6048659762918386
0.3913594346201705,-0.40489309798065365
0.4907158332715478,-0.399818412273026
-0.39835727329264303,-0.4795494786176489
-1.863094955809682,-0.5592142974715169
1.642077580740245,-0.30004771191741453
0.5824814063770853,2.8093549572444254
-0.07433977773134909,-0.4036234338623302
1.151744962104661,3.8309474964615333
0.3246529168276945,-0.34394212020542647
-0.948367945337161,-0.41038857891294983
0.9279008781451324,-0.3443883376716708
-1.2035525095348074,0.5203287324829297
-0.3890009262406331,-0.31937978874723605
-0.12386350202486768,-0.465597132189409
-1.3797203877591735,-0.5334976125802752
0.9154022612166586,-0.37927837872363845
0.43826103496516117,-0.32169343034637077
-0.13532932214605242,-0.4107008094616298
1.2217153711016575,-0.3380226034646904
1.0250474253666662,-0.3375146701500375
-2.427926906543989,-0.6835649849407657
-0.7399940563730576,-0.3764862305632426
-0.04176581415492187,-0.2628847749635877
0.4124902041460668,-0.37980159899431004
-0.9781763712379727,-0.523459168908968
-0.009188721202584935,-0.2575844949765823
0.05863652333703311,-0.470496554846771
-0.9946038637590261,0.43831333329393296
-0.027011524076777597,-0.46793817090321727
0.21556450954042425,0.6017570228698442
0.7563342480215105,-0.2200122665539525
0.12495197514190409,-0.4067939532629686
-0.24077706027846013,-0.2952638250697736
-1.5143353261536066,-0.522946654075372
1.371074463041805,-0.32853643687959966
-0.2270407450242638,-0.44909355886725294
0.9423113715316007,-0.33365906737081596
1.0563443865832343,-0.3398699935234051
2.078807560860869,2.9140756409027997
-0.8107329296832857,-0.5041406446290297
-1.9344712129171788,1.3461952117051752
-1.2493846498514467,2.6506944577333424
1.8404696467706276,2.877584861440739
0.4714558574417422,-0.36978889993397335
0.835129858783486,-0.3700639416212714
0.572880449561258,0.6115753464439957
-0.8349587926037041,-0.5255095529379943
0.6379325940370837,-0.37594249659157003
0.4424850111916376,-0.3951648150100265
0.05940743465279521,-0.4626119081091561
0.5455683577857668,-0.3955171735254912
-0.7691244888025476,1.1214495687956059
1.1721744647830175,-0.336110037035725
0.3482702827343761,-0.41904975962163504
-1.237258503757145,0.43787788492460744
-0.08983855525092205,-0.4511719635444273
0.9171103554697972,-0.3649783519556725
1.257655034697616,-0.3525866208190031
1.2398097014669403,-0.32590472641838525
-0.10140995601431751,-0.36767370680605144
0.4817614057612657,-0.4076340643301578
-3.167229178937462,1.3246110938821756
0.2649854122080946,2.8970818608266105
-1.591010999506054,2.00948122186846
1.6959121613037418,-0.29865673875276
0.9002456952574442,-0.3138500954745962
1.0078475316931452,-0.3453242002583257
1.0426010799438983,-0.358280875917267
0.5262721201213076,-0.3935100322429922
-0.1811098157892677,5.383084536894334
1.1115050439191108,-0.33927085388353595
-0.47535271470385343,-0.4800304826515855
0.8947533051778089,-0.3442662788459128
-0.9668053526344913,1.4547293661569964
-0.16898558576592373,0.5572574944428211
1.6217080945330506,2.879629766253968
-0.20853418464603085,-0.4425845155735493
0.6709387697474648,-0.41093140824138524
-2.26545550309089,-0.624678197501987
1.3064290761607742,-0.31305545474173907
0.17711566939824785,-0.41823530144296583
1.027122496968394,-0.355394426429409
1.0517158842617103,-0.33275519674691256
-0.7445099417486831,0.48099363263848927
-0.3037246248704133,-0.4940726909973466
-2.0821222675443214,-0.647778117341923
-0.6366127440396382,-0.5344293848551452
0.9096419539239639,-0.35169661916243783
0.8850881269451041,0.6000222344734558
0.6336572185037137,-0.38807792439984434
0.2769753093180264,-0.4050452372723316
1.045446080162406,-0.3106867742970191
0.17118277224726924,-0.4353744031988637
-1.7080282189044849,-0.5339850014299286
0.7231726813148448,-0.39255492635956823
0.874581042545492,-0.36338082554466417
-0.16670289818236173,-0.4377377376709493
-1.4256434732186476,1.4114042515190999
0.3040934990421392,-0.3414434021522213
0.6577394311672512,-0.3798274935769988
0.29892949431059085,0.5643244150474583
0.6981980104476856,-0.3776081437379501
0.8544181922717483,-0.36982481936313366
0.10074013538486934,0.5489812572018236
-0.12666597771400195,1.1576147837394055
-0.516510051127195,0.5025811152608322
0.8046835049013054,-0.4113638238658088
0.7744106658439983,-0.29568729599351307
-0.7635007733710856,0.6062667634207285
0.7954667962817557,-0.33235839991410127
1.2822442908244893,2.862991239780675
0.9768659130705205,-0.3556188913920407
-1.6393980764105103,0.3712978225787247
-1.2609325992285874,-0.4936954781353917
1.278775072383761,-0.31862984702318
0.8718076106563776,-0.3451776074613253
-0.009457649399115146,-0.43255031827924556
1.0310581468026627,-0.3435429606924588
-1.3333473404230005,-0.5054773275495945
-1.020007223873913,-0.4220442608630673
-0.032380565788355346,1.6198863330846986
0.5400463028667523,2.725121961362329
-0.08351836263534845,-0.4692073542690673
0.03226650896152427,-0.43900516013392815
-0.12666597771400195,1.1576147837394055
0.22018686735721524,-0.37750567280926267
-1.392944400912454,1.4129756297715415
0.834643320183081,-0.3925854239274973
-0.12604175116192848,0.5350194514185119
2.006751166426938,-0.2518249431848863
0.7963885322341979,-0.3440831304136093
0.16548848673366787,0.5593073138165258
-0.2799536507528103,-0.4707112322475091
0.8012279524333141,-0.31566246562863437
0.06869397094187263,-0.43787666936299613
0.891916864563406,-0.3334394724744373
0.8631614470308119,-0.3652198108344371
-3.129760991920269,2.0361446157311995
-0.8960456968872654,-0.5068999365796287
0.5974354935233055,-0.3662353917307009
-0.2534844979185348,-0.3297840752016563
0.09027112159728459,-0.2414024183537806
-0.2706276522634019,-0.49675867968335446
1.6613577550520622,-0.3096270060053853
1.0065880982161752,-0.2896318413636406
-0.9058364372953192,-0.46837422980025767
1.6042088231576475,-0.3081628557264081
0.20061711642701469,-0.3733686399975423
0.5445056547761452,-0.43042687096875126
0.7436608018658226,-0.3986576409128097
-1.157302010911902,1.5807921632502797
1.4340559708406693,-0.3106555548669069
-0.5044845108769946,3.6720777394974364
1.5073005993437927,-0.29755665235645723
-0.3700047715736861,1.0867026205279757
1.3883571303119158,-0.35044533116301246
-2.2725132597324684,0.42217726210802764
-1.4993987324217073,0.4799448506241165
0.13801937263662642,0.5658076803535885
0.7319263698968816,-0.4273113592393936
-0.3332544105225168,-0.4771792567234242
1.2767578135042836,-0.3376445662800205
-2.3483945651886895,1.7952170097597837
0.5286268053703146,-0.3803466906524383
-0.3443118233921676,-0.31210888959698035
1.257792684966587,-0.3170411060644929
1.523850299243035,-0.31573191226339076
2.4890347423309684,-0.22327075620733278
-2.892728812510384,1.7066540455461874
0.13672229037513164,-0.4117044809970119
0.5182895214077726,-0.3111473707657245
1.6633172103997411,-0.3014667386031596
1.5239211163933495,-0.267571409144968
0.5972788048331884,-0.3055137636566965
0.49061214279391535,-0.317933647527694
1.1369732108453305,-0.34584582042184964
1.3792485716421152,-0.2942051239113507
0.9900148719248043,-0.27882794644621445
0.7726992747247067,-0.31024062042621653
-0.20246256653267802,-0.30950548105574144
-0.5096586654812842,-0.47321864080137155
0.6788504557276595,-0.38771276688868755
0.899829215218868,-0.3579604379906116
-1.1308603598156055,-0.4400800217208019
-0.9590356861794334,-0.5335584874688969
1.0602197691165924,-0.34819496820527207
0.39708107000833703,-0.4203340393326371
0.39777574665085674,-0.33022265117161576
-1.1018416134494469,-0.5190511558721749
0.6505533974870332,-0.36320697446727385
-0.31017011876197864,-0.4419929359760427
-0.8590698661045868,-0.49210324185966
0.6878712486968446,-0.3912450001062964
-0.9429335003623727,2.035929433674284
-0.24359804643849997,-0.4715034150050662
-0.24392030211980004,-0.4702986446237672
0.33836990630204117,0.5934055007525183
2.59145330103643,4.836738719163868
-1.0112628861164628,-0.48863939631011527
-2.3443268012146583,0.3900178188602848
-1.8472068694998265,0.4233566059035102
0.8748379247619317,-0.38396268294480157
0.13780861033617298,-0.3753346410775631
0.2830791412125426,-0.4377373144132003
0.7202551067278936,-0.380283102999504
1.1606033210638196,-0.284956113366583
0.5631197993934602,-0.4004298016041007
0.8684264989465796,-0.38132488458032504
0.05495186377978831,0.5578754307989502
-0.20563817815647661,-0.41824292282651393
-0.006765543670041179,-0.41744202462352364
-2.874129937870279,0.8759111395478064
-0.431393848660095,-0.4534181962602616
0.573384292482575,-0.4019332208237385
0.4282141977612052,-0.3565358530721474
0.8179362749830047,-0.3823894982645636
1.434438611984231,-0.3196583153067255
0.1187061035187804,-0.4480292990560338
1.0655724494196073,-0.29438831692218215
0.7509840817417489,-0.3834583642793585
-0.029976144222981397,-0.44783960533525224
1.2146865894601986,-0.3371446848169317
1.9979583046288678,-0.2557986083942479
0.31926995387526147,-0.4062441524821047
1.4082904511353012,-0.23807521240835677
0.10404390908195535,0.6150308209190385
1.970377125442826,-0.2600149547980509
0.8537440046872126,-0.383473980286891
1.625235017109218,-0.3126411130023628
0.8927309165888759,-0.36023751406812393
-1.297269845664691,0.45451723873041944
1.2389554042341944,-0.31393068340575625
1.0469880514687488,-0.34862483949699
1.1628695576405879,-0.3441580042126047
0.28699277310597443,-0.4543706544999442
0.8072410673167415,-0.3141553365946989
-1.641140410930085,0.9759246246965358
-0.42882871670166267,0.5203296576051758
-1.7491764531176053,-0.6439658343424105
0.13627627744000645,0.5614171850059118
0.7338683031896162,-0.3392277294037377
1.1933117458486002,-0.3224777729381554
0.12840397943075052,-0.4260685060616566
0.2548258046569713,-0.434025572044727
0.927949787332139,-0.36656316124595595
0.9852803893932977,-0.3507178542330402
1.0890413397848349,-0.3533813777611301
0.4408145448522499,-0.4196182046309711
-0.6222668798001502,-0.3573320660455867
-0.2701863396706406,-0.4309340153803447
0.8832347096643809,-0.3605941692274395
1.352728927936704,-0.3439308073908281
1.5226021090149775,-0.31613326437472045
-2.2725132597324684,0.42217726210802764
0.9384114509357705,-0.32433043816235135
0.8461000684829378,-0.36139300462788704
-1.6775384550946726,-0.5290243290591277
-2.2200945109251378,0.8747719698409046
-0.12906979959706472,-0.3570842804864833
0.9415525257900738,-0.32142154616436414
-0.9690316778456713,-0.41375055992310117
-0.3926601769758772,-0.31997514737754185
0.06381568566098808,-0.4156363839716409
-0.06038046691686833,-0.44405843136703493
1.4385828659956896,-0.2593546450109227
-0.6222668798001502,-0.3573320660455867
1.0883827016500636,-0.3302074887693591
0.2586152926272161,-0.40258021145143497
1.5965862908079271,-0.29691303052113366
2.9780934203346248,8.088637840393874
0.5642648684143237,-0.3561078249391486
0.5694935988157671,-0.3877693937146455
-0.21713478664030655,-0.4603939349143922
-0.617797501168472,-0.49491398284188587
0.9290060421932386,-0.3811892255108128
-0.9373283664137912,-0.558695963696404
-0.8245195177315218,1.2133264214355188
-0.9542043495364724,0.6366655942506745
-0.4672446486695813,1.1120708895849614
0.400669934144654,-0.4034448394605573
1.3216374632731176,-0.3237584778288928
0.7154225768467108,-0.3844724681621112
0.6451360393575518,-0.35284470715530525
0.5385411637736265,-0.3441726516661773
0.3716225721753079,-0.4257986515340364
-2.6852025866320317,2.7679468244562195
-0.1986831608558589,-0.45379126551825155
-0.815733657341214,-0.42126178844509204
0.34975961374049347,-0.3967193995502372
-0.2932920672122803,0.4769356148604527
0.13931681689635875,-0.3708996250198875
0.8458755864188241,-0.36825915261419095
-1.3639628832471986,0.5290472272162912
0.6918827181276122,2.803199814233579
0.01658684946581981,-0.45969037424538484
-1.8563200877579529,-0.6770199951459079
-0.4672446486695813,1.1120708895849614
0.9793132110561685,-0.31461899081960526
1.1899979847651396,-0.35579234393810216
-0.14326053530763694,-0.4691870833261778
0.8820615741238687,-0.4060670908756562
0.5602018128098818,-0.40077387193076375
-2.8315617499383468,1.2725583630430906
0.8241979541507597,-0.37990972104646503
1.7169963398800014,2.8980128127670715
0.42287503969327517,-0.34868823272819827
0.4587439708818034,-0.40130156181292775
1.6113923965401873,-0.24666541924620208
-1.1705389652210245,-0.46701112372825654
1.6138839973432284,-0.3107689572941885
0.6297804963659046,-0.407230054795787
0.9575448022487801,-0.30217534276007263
-0.5833171652137,-0.40847670270574016
0.7597042605338428,-0.3649123414732862
0.3650347363928035,-0.43244676735776216
-0.22705956004591543,-0.48721699816315966
-0.16929471226465992,-0.4045796752530161
1.5146219097165061,-0.3131307535511232
1.4515444415906156,-0.33151847375181964
-0.6639866892645089,-0.47078554956403856
0.6732546535052374,-0.3818823754410949
-1.7041719064878034,0.453219946489982
1.2108816799022588,-0.32841684835933654
-0.8413211962057026,-0.45439834202445456
-0.14187575338556863,-0.43809355631437685
0.6864092746701136,-0.3574822808030862
1.4101041978321698,-0.3280702179963323
0.6215940851650877,-0.3863240077423427
-0.2526252150487502,-0.41391034859930864
-0.4901641613631701,-0.3358390066192911
-0.6984607131092543,-0.4916433756826562
-0.47263407130314516,-0.3329868679815221
-1.3699055995158949,0.452312333740067
0.06761638393698718,-0.44599667651785657
1.6156726365409797,-0.29296900259824393
1.1197831886637892,-0.3153883857302339
1.0885511391684402,-0.3544043425207714
0.6764216407156229,-0.39974074158600864
-1.6598903423922116,0.4484471929214027
-0.08574682252460011,0.5999605871340511
1.0521148530891344,-0.3032879408858547
-0.8883678353298883,-0.4806217670527451
0.8036496184493312,-0.3454268339901406
0.08566257799721888,-0.44001752906575387
0.33372990937656827,-0.4350651147139219
-1.2035525095348074,0.5203287324829297
1.9547418955030584,-0.27534664276127013
1.446215489437289,-0.3113111329292496
0.624143024971028,-0.39018875413891313
0.6432014854325353,-0.40733438713932413
0.33848524827750087,-0.41284448075528263
-0.4257486527421233,0.5355614965524282
1.2774888675494331,-0.31321580603568605
-0.04605629702548853,-0.416485111101288
1.3850689750983947,2.86618247365411
0.6703220044646865,-0.3262198139493252
1.4774886304581292,-0.2659941160650746
0.5937318828682817,-0.3602661681987993
2.006752518184717,-0.25182472325443656
0.5016492964826289,0.5873382167797835
-0.8702207276515019,0.5470436642514733
-1.161159096194182,1.0966062289246405
0.2681389155329306,-0.28823141537500996
1.3650510779322544,-0.31265918173184176
-0.025294386709041276,-0.2602048803094961
-0.9542043495364724,0.6366655942506745
0.5163044194586653,-0.37487300063806717
-1.3941124357855426,-0.5238618467080886
-0.3349964503845001,-0.49783389786785814
-0.41882573648109966,-0.5131961087394454
-0.8484738723024334,-0.5125115566788251
0.9666471442690223,-0.34661600807498666
-1.7599611495062695,1.1186121819173311
0.5148968057508702,-0.31324091942874027
0.5649468816584532,-0.3423888458437113
1.3717383924894744,-0.2829204608235504
0.49925112996953647,-0.39721494863116286
0.3142778643734942,-0.3054272017585628
-0.8092164497244898,1.4726320218367508
0.984369181495439,-0.31142731570071175
0.6719858299074372,-0.3971969217245827
-1.571699755466235,1.1492422353912874
1.3100962584884706,-0.31813667692770276
-1.587422110900019,-0.514362435920417
0.6527360490312341,-0.37689635543441335
1.7776771549176968,-0.3066212869377764
-1.223590520200717,-0.4551671817077322
-1.7215817675313392,1.416259605067502
0.13627015414379948,3.8074248601490273
0.4369858435215512,-0.41538288755929154
-1.583929950067461,-0.6064160429701001
0.929225239226825,-0.3861113725369198
-2.6424913720243497,-0.6860217824994277
-0.81537616807844,1.0690508121767546
1.666737563268006,-0.29682348232514166
0.9160831352155621,-0.35377567516903835
-1.9117623418330763,0.405103276171559
-0.7110990213422718,-0.3717850199266285
0.45536340621658816,-0.3935776295930735
-1.580930472508705,1.5827012586307074
1.2590952355448066,-0.2798669564314463
0.8864617843710695,-0.3675510025141992
2.647317593010215,2.9653509743418582
-0.9542043495364724,0.6366655942506745
-2.5633980112651025,1.2729347123824852
-0.22716103630262374,-0.5216287940792675
-0.8983862128614972,-0.4022565710402949
0.3218064917332559,-0.4535061394539524
-1.696736965209911,0.9782498464421766
0.35721630091571543,-0.4386908411227613
1.6339106049757217,-0.2751842997460018
-2.347051721830078,-0.670406624751547
1.3190195884582612,-0.30822308462093645
-0.9891031501112657,-0.4170161804287341
-1.756469189218644,2.1620897525493934
0.42644458794581774,-0.4314816296307087
0.647823302467845,3.801850309070932
-0.8176792753733388,-0.49734635563774043
-0.7579387440631269,-0.4844299906212505
-2.3082919063020264,1.4114316805208662
-0.13421314594722983,-0.46072582217715163
0.8789345398843633,-0.3433079630233846
0.30062091952422165,-0.3416990696529904
-0.10545548122029655,0.5379175320955522
-0.43945225938319676,-0.4839512113123878
-0.14431353248852918,-0.2795692477000568
-0.9542043495364724,0.6366655942506745
2.7133955536108654,2.971367931437797
0.3352642603863514,-0.42923354904910127
-1.1424559241358159,-0.47441937050847993
1.828517465875929,-0.29013385379547973
-0.6972920766327414,-0.5710647822452743
0.7800076818193882,-0.3017995182642588
1.3176714929298112,-0.33292858804507447
-0.32556913627089934,-0.46672911296453734
0.7594969500928362,-0.36117709548255783
1.260505343997985,-0.28869900172913454
1.1681203730595842,-0.3382113279539958
0.8734079858406326,-0.3332945040875979
0.12255530491694677,-0.41408105546231494
0.13697602231844414,-0.4204111461176106
1.5141304862590321,-0.3042118082483063
-1.223746787808562,1.4640507954873525
-0.2103854409294596,-0.4204925969371543
-0.5773371074947127,0.6110036913886776
-0.970551726061004,0.45892584677437376
1.5304020170373498,-0.3073894936008717
0.3852201134543197,-0.4208525331215776
-1.1171102308953593,-0.5340863059513867
-1.4927661865451736,-0.5669797906072148
-0.1796056513867167,-0.48269921718962555
-0.5404117591472754,-0.5348383671003952
-0.028352594775868992,-0.4584216960264016
-0.2360185452231407,-0.35939512680041114
-2.321607667177126,-0.6338141321284673
-0.21457205303595844,-0.46828070034401864
-0.7793106344373072,0.4858608312268396
-1.915325954083041,-0.5677122599893706
0.5203130172953678,-0.41802068066730264
1.1719884612689513,-0.34658352283006355
-1.233338396837485,-0.4977039749080117
-1.6115326793363962,-0.5757669553936196
-0.6768252960956631,0.5023987121620346
0.6132137936537465,-0.3845504050741396
-0.0874507008959931,-0.4649936696674019
-0.28867663489388123,1.1390539102922588
-0.08955343781356928,-0.2706598022097283
-1.949297647286808,-0.6381449511051361
-0.8725154428762238,-0.5039037349145714
-1.3497828564585992,-0.5626766766502769
-0.44507661982853836,0.6190298813231288
0.5999965119506461,-0.2403719364640925
1.2970759635264446,2.8795364972106112
1.0854830059907916,-0.2900322806279472
1.5310608417452398,-0.2924539317682058
-2.596283499509635,1.2852442245326727
-0.6835511914710901,-0.4677735898443094
0.230234446935855,-0.39417937228220873
0.7531346445474245,-0.3680019096628201
-0.28867663489388123,1.1390539102922588
-0.8606484457454469,-0.5244316676281859
0.5602368017117537,-0.33831687534252536
-0.2818108856999779,-0.4891806277768959
1.620420412406309,-0.2820670316247337
1.060714643145462,-0.3291298818567603
1.459470764454137,-0.27737887757360163
1.8453118175613283,-0.26140496638661403
-0.041557180452348415,-0.4645054110294878
-0.7868119858926161,0.4920641349358926
0.7955157702614299,-0.3603147485801521
1.1671232980779813,-0.3422521001270463
-0.23257239416950792,-0.2939289291770994
1.0235260514540543,-0.31921725714586285
-0.18496692679385396,-0.4380671012428738
0.01753462279257353,-0.44026773053579665
-0.4645466126746499,-0.33167104169901546
0.16747340905915517,-0.4249047175043277
1.170255946693649,-0.27330077833535055
-1.9625742330837825,0.39070258257125673
2.0371721000707814,-0.25690177824322946
-1.1116554548866817,-0.4369553913740719
1.138954948605441,-0.2647599772932559
1.2376962010376762,2.8884721131450624
1.776884250225999,-0.2708127638086051
0.21214082842842358,-0.3470738411586992
0.7156064755136626,-0.35164551998632665
0.0763856268656802,-0.44228205142429045
-1.1537044286531124,-0.5274892151519249
0.1835891900104751,0.5585754627861154
0.8334608735959332,-0.27338801939661156
0.060527211438767686,0.6975941317984375
1.3315620531706,-0.3166497990398472
-0.493922661549545,0.5409743120529981
-0.015842975970551763,-0.4427141329758571
-0.395266552918771,-0.48947259528527237
0.9772768830175818,-0.35584090377769056
-1.5774907923677213,-0.512746614369417
0.4493359981766087,-0.3285326507397129
0.9429678394494124,-0.28671599699330935
1.4295270549425692,-0.3116009265930214
-1.8127018300115656,1.3781227477371807
-1.2728034085114208,-0.46317409894241574
-0.9738597739932215,-0.4145360892342536
-1.3921689799521495,0.3939265681850262
5.677165277669446,14.061632998284988
1.57052033091206,-0.2600123905271847
-0.6206574235764478,1.4752932085649302
-0.7365753157480467,-0.4493335755168657
1.7483126816585575,-0.2662430110150584
-1.4374617832950944,0.408305535248125
0.3809702034454777,-0.34783095840625355
-0.36980185340320315,-0.44678764566403073
0.6398189054150989,-0.4090711869969094
0.509995013893305,-0.34503742434800455
0.8388408626355145,-0.35963969736310436
1.9219131404213727,2.9213066472324227
-3.53525096334023,1.2118059329316209
0.6152556151245194,-0.3850279131224192
-0.07719680617576408,-0.3932926733320186
0.3391471523625261,-0.42523179811517675
0.757345539631688,-0.37317730470418004
-1.530679977617443,-0.5375832686547436
-0.0023415638003402585,0.5619528415841155
0.9360593466163052,-0.24070184424413824
-0.38577931852449465,0.5399880057608282
1.1335199730485839,-0.3376584559583806
-0.4801747702138546,-0.4820291632292179
-1.1924694277015457,-0.503031956310912
0.3984484384429998,-0.4282566262315804
-2.007236378589635,0.38164523194165895
2.769349075052576,3.0029251691313803
-0.5526717955430506,-0.4955568701899915
1.3783374180329093,-0.23676121471156422
0.8554960492454468,-0.33033969486287323
-0.39607997498151537,-0.44244615059264397
2.006752518184717,-0.25182472325443656
0.9071698041651219,-0.3570490583575123
0.5234802381935829,-0.3254452175724177
0.5846533182545415,-0.36011492554950897
0.9784665805630396,-0.3572315372802032
0.738667440921045,-0.3931988181921731
-0.4246455265917788,0.5178406323250879
0.38772470535546094,-0.28562861952768825
-1.2787120892741601,-0.5460370740825922
-0.24670773855713346,-0.45980032867765586
0.6744544631166274,-0.36176999062805754
-1.654231045270225,-0.5576849779205549
0.558650167411481,-0.3836833837475942
-1.039394241554168,-0.5151330156314311
0.13986511020935144,-0.37297944850263437
0.1647613868818558,-0.4336010578093755
-2.517591628851851,1.990421596000172
1.1818914937537834,-0.3673463642400779
1.5870544565185103,-0.23330979779194394
-0.9764247745708643,1.0471900885493075
1.538473746961177,2.863996260318088
1.0188289527110004,-0.3275332737858926
0.34670780313564376,-0.4019687785579736
0.42114694267893665,-0.43535523319510877
0.7991394180719081,-0.3378507858591452
-0.7830825091022597,1.785557316620306
-0.4174945091910226,-0.4855409261210909
1.096912385985633,-0.32500922810109273
1.224779337500793,-0.344321841378873
0.7542265567491104,-0.3580092593254362
0.9304692985020176,-0.35991918076416823
0.4840443646731513,-0.40519909820757766
-0.0065353304880022885,-0.4401943281582735
-0.7979720497115225,1.7750318314006648
-0.8476763562813028,-0.5037041650547498
-0.11654172514060729,-0.39001426503177183
0.1545509055499012,-0.4295645918616822
-0.36263520845166886,-0.43503465255037244
0.9915799258419165,-0.3047115554647649
-0.023283764305581465,-0.46628661262528004
0.9472838358176838,-0.2730910864459231
1.3480302491551013,-0.3111649186197026
1.3804473758722513,-0.3242279293481422
-1.0016324962922556,-0.43953010882466365
-0.2238119086710007,-0.46670417481874227
0.44217619352498466,-0.360158103232876
1.6869508121882983,-0.2877410822800822
-0.7279426187810831,-0.374525466489639
0.4551377250699531,-0.3694874111226232
-0.44610721705628276,-0.32867095941078
-2.001349121569223,1.4818465575540702
1.095392983152436,-0.3300677640119673
1.0988872280304405,-0.31640706480641995
0.7363926517739677,-0.3612910486482333
-0.3656110666903316,0.5260206260567699
-0.392609663612582,-0.46397913999584756
-1.2803567578943345,-0.5119454527792359
-0.6775519307091616,-0.4312324319310524
-0.2846738773504053,-0.47397701708073714
1.7795377362089135,-0.2941212996162838
0.2521576964095491,-0.21506353741379963
0.8183205766080465,-0.3449023117736697
0.4006974100094113,-0.3629948928151062
1.1745738079902714,-0.33469444323863745
1.2617300545892536,0.6886114625837297
-0.9165875169155339,2.0725940396146267
0.3989147665006994,0.5986772910778346
0.34604499446808523,-0.406977566537302
1.1036004524332246,-0.3086537477485104
1.0287584124722182,-0.3679310136695039
-0.44192191813505477,-0.4691642251607736
2.0064316658903047,2.962643793180148
0.060527211438767686,0.6975941317984375
-0.5435849535191326,0.6559307787507431
0.4493359981766087,-0.3285326507397129
0.8096081450767318,-0.36586205874721023
1.4611544528244995,-0.32491699717646133
-0.6672970034118022,1.7912541439307443
1.7688679950503932,-0.279584662768181
-0.7032124119875097,-0.41804429865542025
-1.8466747851786367,1.5189893565157846
-0.009027994541068483,-0.3693424389446332
1.0987623925082592,-0.35988379640093004
0.38115493381717513,-0.41055609761887646
0.2521264669550559,-0.45511536874041525
1.3389240195407435,-0.3284477334721796
0.8217314060887561,-0.3814341699951934
-0.009457649399115146,-0.43255031827924556
-0.5333744548825411,-0.47546259327256896
0.5751352681312454,-0.3707742185082577
1.0434861415754209,-0.34957519380895846
0.16207561650467311,-0.4240283720745608
-0.4601324481156026,0.5138363017625399
-1.3658245940490512,-0.5258510355200373
0.8622669478616112,-0.3767030009325786
0.2521576964095491,-0.21506353741379963
0.7290216802295001,-0.3292124430621594
0.4686361924073034,-0.39464703295859344
-0.058667001732885145,-0.4025434230619913
0.8488855138107023,-0.3851492631000929
0.6968364426961404,-0.39644675311842265
-0.5841667085825504,-0.4601018367082348
2.736631519854279,-0.1448408846800554
-1.9886389757661977,0.38646185936712746
1.022535369048708,-0.36814908199276813
0.9822341036804276,-0.3484381196543263
1.1436767350100165,-0.34343053186623934
0.20409336223816477,-0.4137999936373992
-0.9281548535965289,-0.5317432071204213
0.5525733410556195,-0.4194139049063686
0.2426810344451914,-0.3957968286428755
0.6467262995139575,-0.3643494165478216
-1.7212020825331273,1.0124703294629238
0.14449917433802512,-0.34986104867490175
1.7095206696450744,-0.29897184248582054
1.0406755828846992,-0.3407232795157111
-1.926898370886379,1.7837990898752967
-1.0633732979953439,1.161113470046069
0.6196673209035546,-0.3829214470495141
-1.4988820638608165,0.5070959305209173
0.6295831679110104,-0.3547614015203467
1.4456461498896465,-0.3135068989517557
0.32339280179380053,-0.4031747141930966
-0.3707641383748549,-0.4238661317770438
-1.2983179431110545,0.40840597905842047
1.448985357159409,-0.2764119160712164
1.7915835458271197,-0.28199328563625786
-0.04352989608939185,-0.4465126201948887
-0.9137631466720384,-0.40475839201789904
0.8329214362288191,-0.3036751494215812
0.9837823364732343,-0.3433404072123626
0.7160673889964072,-0.3338530192621601
0.6613577736791613,-0.3777040714468911
0.9226667765227754,-0.3472336834502354
-0.33877109204717193,-0.45842201176805547
-1.8466747851786367,1.5189893565157846
-0.1273090877379216,-0.45898965437137
0.22000987931605395,-0.3554298877870129
0.10673842148906323,-0.23872319525108968
0.6689379367175166,-0.3660819450675939
0.149563404422034,-0.23175558766512214
0.7726999671389222,-0.315390866850504
0.3704785132542245,-0.41304005941013655
-2.050651621256119,1.0713169584889202
0.4500578393699001,-0.40939280019955804
-0.6929996550968054,-0.5017636062081959
0.9118527667874109,-0.35405718001889264
-0.28971873794110686,1.1390095671463294
0.6772174068457756,-0.41090226186224826
0.1534004972754148,0.575510335963249
-0.7639533354897394,-0.3803843956877681
1.303389999387764,-0.28314356139031827
0.7406216616126079,-0.32489711685771816
0.5554755338310855,-0.3861629272550107
-1.998075316975988,-0.5811755482183305
-0.48102344525544605,-0.4562664192144764
0.9137374339861954,-0.36486080408331295
0.5174377597466265,-0.3526947597348285
0.972564217951436,-0.29016522332378275
1.1050414008927643,-0.281540167947553
0.2493744259219175,-0.4612861153603997
0.04371365653802136,-0.3169951349890456
0.40781434443831427,0.5595867815644904
1.111492652626566,-0.3447264142669522
-0.07099617844592626,-0.46640268999984996
1.3057912588552192,-0.2827077716541419
1.6738972742806646,-0.2906637811464116
0.8035681082896254,2.7910233206789132
1.105220961399498,-0.3306281028860419
-1.2255005280073281,-0.5312459551309395
-0.29996715032607824,-0.32536943782062444
0.33924734881296487,0.5859909002266583
-0.28971873794110686,1.1390095671463294
-0.8742756333666448,-0.469167065964074
-0.6503624204959003,-0.3619031992738233
1.353401579689311,2.857416076173309
1.4166408149400436,-0.26352196597727023
1.114152709708852,-0.3231759147113361
0.6154423401241137,-0.3670945333061493
-0.1827588513442437,1.1213913362899124
-0.8708785381210777,0.5108392956421067
-0.024331029408262737,-0.4215733852922377
0.5126224343721096,-0.4085049410884016
0.7888900316260412,-0.3603216746744708
-2.9047065832412478,1.30241790492264
-0.6095628997810649,1.1032432018465606
-0.7501618754532128,-0.39861593944487606
1.066286845336156,-0.3520103408756831
0.7029423656276378,-0.32757256194802953
0.8048973682634138,-0.40068364066381695
-0.3897268678202833,-0.4800088012708667
0.3283216878407032,-0.40261142405087247
0.9184816829462471,-0.3601534322875603
-2.3092787014953355,-0.6318082143457088
0.8919818548568577,2.8351754959079996
1.3286677375425093,-0.2965258811670625
-3.6222676648300527,2.0966875032779626
0.4014484504174699,-0.4217998378765003
-1.211021856897812,1.0302084820677704
1.3029968653243147,-0.25306021391274086
0.7642078148073006,-0.3787216044442607
3.572044214368559,11.413096946677122
-0.055321808176416416,-0.4389644932653732
0.6479175812226449,-0.41084426273473973
-1.3124674741649676,1.1438767969074681
-0.019059319518506788,-0.33002371393196345
-0.03587694400183029,-0.29437941325918654
0.6341757980315856,-0.31612995807530186
0.4069495305936945,-0.32818805084608577
1.2048395231156226,-0.3167374241021196
-1.3147390726053665,1.514226398741896
1.3751889985107022,-0.3189068049592187
0.24848335954505488,-0.21566135055129743
-2.535935272476564,2.4753261136304725
-0.3442982866299721,-0.3121066871711881
0.7030747714678691,-0.38723807498461027
-0.4251529707612631,-0.4694985611683441
0.06334044300116665,-0.3932002633713207
-0.40851383207646064,-0.39832254663566435
-1.1252366362145116,1.0451920018753924
2.1709814972299566,2.968107641252457
2.006752518184717,-0.25182472325443656
1.1202702460406073,-0.3275542427593221
-0.7063975246860269,-0.37102008830205024
1.2872104978972223,-0.2340576342811035
0.28944222136014014,-0.25653978703928193
0.814575963110946,-0.35220291593399955
1.3537418257579343,-0.28591698225082085
0.961054908208213,-0.38318216926454696
1.3037383969984875,-0.30310352123500545
-0.5656832525608212,-0.5317630513940832
0.7601397177606621,-0.38009350856630364
-2.031145251099175,1.0744906371076122
0.08558489244913364,-0.40698880567739604
-0.39333567207632847,-0.32008505016007316
-0.7773299206168507,-0.5303761872875322
0.2093674670901639,-0.32045804780992265
1.2616384668948872,-0.3060746519492691
0.24848335954505488,-0.21566135055129743
1.2778722354406764,-0.31181642377067353
1.6032906471810795,-0.2791788774495457
-1.0905284410160492,-0.43351803467169414
-0.6315864868727042,-0.4539332162165456
-1.5038132273841271,-0.5417101216023318
2.0290820339526556,-0.25181172162305393
0.3218522597375414,-0.3908078879450786
1.5692169636364999,2.874538551545631
-0.4477726549853408,-0.4356076127089527
-0.3410079674021258,-0.39526382612224786
-2.001349121569223,1.4818465575540702
-0.5215840427697199,0.49944128619203126
-0.5409633850779665,-0.5168064809093729
-3.1677141252080028,2.4532597211449683
0.8854687095924314,-0.3556373383863223
-2.108074641983845,0.9605350613334828
-2.280249720374287,0.42091854305749477
0.4732874648933481,-0.34357343247918154
-0.6503624204959003,-0.3619031992738233
1.379706629744227,-0.32928962162813485
0.5646852106690545,-0.2171435998066747
0.7101081000679159,-0.36155863002899796
-0.6422594745049419,-0.470282920591186
-1.8466747851786367,1.5189893565157846
-0.2665024334286104,-0.47002826162953587
0.31469835196162815,-0.4297402769917371
1.006323744040363,-0.3615260986172967
-0.5917618278995062,-0.38482166142148944
-0.4477875268552314,0.5072557213293002
-2.0406556943586964,0.3729223428805136
1.232171256778627,-0.34024744674626545
-0.864898974204382,-0.39680821071133404
-0.7990250350980035,-0.44751677353784064
1.2558800397493541,-0.34530271828381975
0.6600663028720787,-0.3313753106861834
-1.415717693574186,1.174620454441952
-0.41523578673829464,-0.46355440628256844
-0.8214038417893393,1.0535444040535136
1.0740606002651238,-0.34615153835881196
1.6191395276094027,-0.2894071067324158
-2.4781882159938613,0.9078779441405675
0.005062891950020599,-0.44245414238460623
0.7549877505465863,-0.3982715702738503
-1.3147390726053665,1.514226398741896
1.2795246561699858,-0.33739660058766946
-1.3848303889636338,1.1591703977558125
-0.6303659641438791,0.6213361342630221
-2.00126749907318,2.1410802121061954
0.06865136444025738,-0.31832351687691285
0.7885839887321345,-0.32246317622675386
0.16395961920775323,-0.4409660012014189
0.9186887660239453,-0.345634974321602
1.2872104978972223,-0.2340576342811035
1.2132880324805746,-0.2976313457326487
-0.7619062086876996,-0.38005132897627275
-1.2287655051943813,-0.45600914969533324
1.6495560620599,-0.28995298764794025
0.29367495544962224,-0.43876000684858857
0.04110233611165078,-0.4205264538224302
1.1253399844796856,-0.34300721882155694
1.7604419880125872,-0.23987525624513406
-0.46684275577303186,0.4769343120715609
-1.9828510762712817,1.3779255624532136
-1.6188159914395823,-0.5952382236387463
0.6486896101929016,-0.40300557399588
0.5524954151947935,-0.19865146586622248
1.0051788440201481,-0.33751467489781123
-1.8347843740495626,-0.55460817714816
0.9968574400842067,-0.3467124447141843
-0.5371949824880259,0.611891071175586
1.1900183674465026,-0.34262990357650014
0.3239388959138718,-0.32176046845317374
-0.06513912545543221,-0.46271194309708746
0.403379108868002,-0.40205834414524
-1.963859951769835,1.3381498991470278
1.2433902623729474,-0.20199969158920625
0.5743425630970667,-0.382957297576703
1.767010630698712,-0.2786906396503292
-0.8910481900825973,-0.5358924767142669
1.3218165942545053,2.9293819189845127
0.40350331234078424,-0.4029838499618768
-1.199776157937017,1.1622116289621944
0.774836748010967,-0.3725329900340359
0.9888808680944163,-0.3413476625156023
-1.3233238555046927,-0.5123445730237833
-0.464196213656313,0.5735270632233845
1.8258203386950789,-0.3045307445711518
0.7469338539694474,-0.37797494838950874
1.1648898900532645,-0.21912896822159106
-1.1060254938773262,-0.4684921540837493
1.469030402164004,-0.30987561366782124
1.348048242850875,-0.3427054171585037
0.23160401940014083,-0.332762002695801
1.130295436469875,-0.34436248617988585
0.9846130249834801,-0.30292298470082246
-1.327004469912212,1.6240149176398648
0.08467070422234316,-0.45328772688122826
-1.1397270910379944,-0.4739753904554585
1.0357294786100921,-0.33901270902007985
-1.216585519811516,0.5939762828437122
0.23915017551782491,-0.40544626114111093
-0.36685908672575285,-0.3772035466770527
-2.4671910455492094,0.3086016291150924
0.9331812102969901,-0.3779058078823218
-0.2870593776605811,-0.3232693483732374
0.6942472292281027,-0.31052069248020187
0.8568332854911349,-0.3215235646771039
0.13780791683657484,-0.4700461791844176
2.66905088240472,2.9726924864079516
-0.7529224845500342,-0.37858968065408166
0.05474171973276309,-0.33416109015101325
-0.5902577518809221,-0.48601614351709466
0.6116281817416216,-0.4078111657193423
-1.2142938648842454,-0.49460543718024924
1.0011350555613059,-0.3479105261652826
0.3759024215060822,-0.3606328308266512
0.8792216745195743,-0.3430411642419036
0.8728037970531877,-0.21825254656123835
-0.6395811942510226,-0.36014909807809325
-0.34872182802800894,1.1318954708660447
0.44482232324499255,-0.3871134566412458
1.1919839829232401,-0.3405202442170068
-0.39288375041750667,-0.3200115226870278
-1.3993783386590866,-0.5571713621113275
-2.178997793256619,1.3969027003858605
-2.766102659941613,1.6418751508852112
-1.6943807915360358,1.3196251474250884
0.6179728535491,-0.3843439497575879
-1.658839438447884,1.499192224489862
1.1408958252612507,-0.3047545328332581
-1.8409577817379044,-0.6264458646679346
0.7652416552539582,-0.22666983645973504
0.028779657877473438,-0.29894948180885744
0.09998786065309018,-0.2807723263700125
0.46047042081328227,-0.3477268446608263
-0.40327849340718536,-0.32170274321179554
-4.208173484950583,1.155249871847391
0.3777109644292734,-0.3922452995425352
0.7324764487911359,-0.2419400351616875
0.8972122211351091,-0.30175812275518643
1.223564453498685,-0.21566346271135206
1.912680744402623,-0.3040376187882059
0.48176387887656974,-0.40874440126877576
1.1541859632511626,-0.3232844384142634
1.1194305188741747,-0.288245346571364
-1.3093069668630541,1.1594806819826244
0.7975447967342483,-0.38041119603827694
0.2763830162040626,-0.43458327526044543
0.7500928175047524,-0.32868506988025603
0.05942913682522046,-0.24642039693419196
-2.7808192400945577,1.2675352807660112
-0.2795883253665964,-0.36300462872696354
-0.44610721705628276,-0.32867095941078
0.1441625315960178,-0.41042217110135193
-0.7698345048969872,0.5958292176351514
-1.0021843652215083,0.4293298085230436
1.2608195282441785,-0.31435016887734524
1.895436947675309,-0.27322867098799125
-0.2796277027384546,-0.427503395254424
0.396403568143461,-0.43228091864725887
1.3759054541895912,-0.31674781113719347
1.214086412664946,-0.3251715609148023
0.7203767910480519,-0.3756749200823115
0.03998530938334421,-0.3144894101040981
0.4545255845547434,-0.3830467044063814
0.3963251434035433,-0.4096186152942736
-0.3122256683184841,-0.44679470123711224
-1.216585519811516,0.5939762828437122
0.6016437973197051,-0.41989326297294005
1.1192179669020197,-0.36624901237627594
0.32133136068947654,-0.4067794713276549
-0.42617793624956635,-0.3254284733986058
0.7550322209776343,-0.41619739345045853
-0.34872182802800894,1.1318954708660447
0.7262634547859245,-0.32126755005484214
1.8732803767269877,-0.25977894144647
1.3172026953797213,-0.3285807514474759
-0.7823226448669551,-0.5156325778903136
-1.6435289491072336,0.4003071018389948
-0.6986175524726479,-0.3697542899362365
0.2778194552753015,-0.4414964004085735
-1.582697395952462,-0.5135937266891335
1.6562814855216654,-0.31151156515335726
2.259319190912993,2.958938479275674
-0.5271830370902444,-0.3418619628862829
1.081690994786078,-0.3683615252571388
0.4613078397794433,-0.3571976592396755
1.145156977439196,-0.3554628554081176
-1.304008461193074,0.579752605264876
0.2766219873430266,-0.36889453595969585
-0.04537791511391804,-0.4484918109237053
-1.7164149883416646,1.1256971249129923
1.2203350499492713,-0.3409249728015134
0.00175003880029106,-0.31723098945987793
1.4111819630188212,-0.32847139697074546
0.058837236816526216,-0.24651669882874652
0.7712159917468794,-0.3831393578939551
-0.8646352743656771,1.0589558689723988
0.10232268942933459,1.1418608533316248
0.5191347735738486,-0.23964430949606744
0.057270560490257826,-0.24677159644009522
-0.4229910563214764,-0.4618188009523947
-0.40269898453214,1.2352703116656145
-1.6961389974163752,-0.564503384964474
-0.5508173326937011,-0.3457072533232549
-1.365397846290728,-0.4782391769156936
0.06462497848048046,-0.24557503557609545
-1.3670257638286896,0.5694997153436268
0.0361588431271689,-0.4265961700390367
0.2536300335560416,-0.42158532358339496
-0.3741730093393864,0.6121284951949143
-0.31049317449657465,-0.3066066089548393
0.7930632246421355,-0.37728804406820715
1.3489983910497836,-0.2786799659841479
-1.635958321837455,1.1183119835708333
0.9765828581117164,-0.26768690097506204
-0.5536253987419585,-0.41106963477153385
-1.4535184363126017,-0.55748187187506
-2.2917524957333466,0.4190470461096289
-0.06204572773073198,-0.31911247268608245
-0.05478566499133531,-0.26500309948453266
-0.025657268047637686,-0.26026392095807194
-0.2328851261291779,-0.29397981054179206
1.2323136917439799,-0.3391907860499882
-1.241945558312263,0.5898502147279396
0.7748077077169732,-0.21996308447223595
-0.6395811942510226,-0.36014909807809325
-0.5606735077675905,-0.489938129808149
-0.3479627297145642,0.6358317164461267
-1.4231149018865576,1.4615706434475684
-2.090879290751242,1.4997327899683104
0.4026141273697051,1.2448032445967752
-0.6986175524726479,-0.3697542899362365
-0.4793761889417964,0.6359627975449187
-1.8230581455770407,1.1083463259060728
0.7945421877193188,-0.3212493111725231
-0.4033736674863011,-0.321718227996382
1.1394369019670836,-0.228230856176757
-1.0228292357828672,0.625500352719932
-0.929947935256928,0.6201366943611561
-0.7004359770154687,-0.5114715552678881
0.13804659528821686,-0.23362936790252523
-0.03233411912955254,-0.43013259896409156
1.5794871165049789,-0.2902647963865194
-0.8352829310116475,0.594587835097597
1.0222335229477097,-0.3557864826223877
-0.728590851154249,-0.5210249286267166
1.3500435523434655,-0.3128043203669839
0.8728037970531877,-0.21825254656123835
3.320087786957691,4.88386738746922
0.7930140629033093,-0.23528719404952989
0.5010258529350601,-0.39002694627429935
-0.3445040440073083,-0.4415842258735278
-0.8459144783888353,1.0962029157891198
-0.48743083979406715,1.139910453919032
1.6181850139061262,9.715396609611586
0.36175487014147995,-0.3914171259969001
0.9257461362053453,-0.3577386210572077
0.17556076750620034,-0.42866328699096057
0.14355927754556314,-0.2941586830636709
0.5185382845975972,-0.3877937358692773
1.2889108260938331,-0.3024356620069875
1.1921384954716865,-0.33085409485683354
0.10183424813827927,-0.2599965110789018
2.8232987562661505,2.9978959341560127
0.9230606227763805,-0.35768641494607
1.0222439132653225,-0.36080198416851955
0.6981185806652268,-0.37579020708132377
-0.6232999674336922,0.5978818245814642
-0.7434256871348849,-0.5292716076487771
0.9443341402894466,-0.3247683064493812
0.931013080853566,-0.2719989831670721
-0.22997598717678633,3.8645555930061595
-0.12007843527067003,-0.4726791146982091
-0.47655583041751126,-0.39110667625696743
1.4068281298237764,-0.30287551487178915
-0.8546421981618257,-0.3951394373536531
0.6959641112843746,-0.3915102029168174
1.6606561994119904,-0.2659154335921443
-1.8230581455770407,1.1083463259060728
0.8616706711418274,-0.34340106525928876
-0.33288816478062766,-0.3102502649122758
0.4948806786740281,-0.42614059947232674
-0.15158528325073956,-0.3012277674252771
0.6058137233900169,-0.40038444639438087
1.557901962011435,-0.3224750620105464
-0.9523358042670931,-0.5176998351866074
2.3362544139643604,2.9925976497358557
0.4277996149260087,-0.37409037547246415
0.41417745181107885,-0.34665531849608094
0.1863772405936497,-0.4569573269944237
-1.2443683722676855,0.5894560238669273
1.3858609925533443,-0.3337352291786999
0.13781811100587688,-0.4366063447945703
1.0704919688047896,-0.3347944386485211
0.8381459142607824,-0.3678039306126061
1.3310822374315228,-0.23894893581398474
-1.5564555880278905,0.5386795587503433
-1.719802225033604,0.4796503711627956
-0.3243731370494918,0.5359242873463405
0.6214844093606366,-0.3757772854316053
0.7787012727406075,-0.3238266217005177
1.013310251470444,-0.39508222635468565
0.7453535224761804,-0.24148646108796706
-0.41338665793007157,-0.46780712950323705
-0.40703365516498896,1.0752899252802333
-1.1937695065496512,-0.49126613229242094
0.1318054234556939,-0.386871856195971
-0.33103949265206856,-0.4928704548257819
0.6590441783995865,-0.3663353733098447
0.894752633274682,-0.3760007158134047
-0.6395811942510226,-0.36014909807809325
0.08214062224494928,-0.4114099521281642
0.052115223769926326,-0.4516933997750764
1.3534192992030096,-0.3160064185486916
-1.889607550791008,-0.6110703129802979
0.1369783488288503,-0.4725737262786382
-0.9668053526344913,1.4547293661569964
0.24742600339759846,-0.3182104259040539
0.6297611132485008,-0.37858177949114225
0.9457673842957571,-0.23165758081513227
-0.11241716545951791,-0.4440267189371445
0.40745175101449416,-0.40641307537307586
-2.1764798219786976,1.7237183229345907
-0.4699821051128993,-0.3325553941436035
1.2775838976487741,-0.33029678088237
1.7007223033729835,-0.27527051606607345
0.7917071557601395,-0.3742059842267783
1.0969605389670805,-0.3174508301568869
0.8420308053290231,-0.3161443262588467
0.17327056858358336,-0.4323334909787162
0.26291324973913494,-0.4290276832019514
0.5969850754424052,-0.38634487164752257
0.7246746018026394,-0.3807023859022056
-0.5841431669364218,-0.49230356542823367
0.9244724241831489,-0.2958006064193985
0.6698217314746185,-0.2851440584096876
-0.029585593687300852,-0.45035516505843187
0.6693776975622027,-0.3362931763184563
-0.9425489538194638,-0.40944183132160006
-0.3017703506610717,-0.49669691369624136
-1.9701308619182922,-0.5766289965629455
-1.1332473571093677,-0.5355532390549663
-0.40289385513506415,-0.3216401627188417
1.5096315176376254,-0.3059304217442128
-0.036923886191408246,-0.45159748851593107
-0.5399275206740256,0.5475571883378035
1.551957479618724,-0.28849318256113327
0.9598281350409882,-0.360482916319905
1.7532223583934976,2.9541418551342775
1.5589223200935598,-0.3073357585547327
0.8225118924947461,-0.3857694376327147
-0.19462121650062741,-0.37624753224436425
-0.40937988766034894,-0.4709047336123915
0.8493726689372619,-0.320497338938469
2.249571352569679,2.945353477015764
1.015998462107177,-0.2997547392683305
1.1188486124918722,-0.3090961210028376
0.7418574705840008,-0.25267109291990075
0.42202283050262834,-0.378065150825515
-0.8245195177315218,1.2133264214355188
0.5070261770361959,-0.40592104459037365
-0.8545629147413842,-0.49248480331176625
-0.25835718303757593,-0.4510263802992401
-0.9765003242480418,0.49418693582699774
0.6698217314746185,-0.2851440584096876
-0.174455093497883,0.5543136253535159
1.216330259869417,-0.31853999951812806
1.6464699181412825,-0.310809543199571
-0.28215268433902796,-0.3982390472507243
0.43349614252083474,-0.4197524940728166
1.6305290728850306,-0.2894577630302986
-1.6809942579773138,0.38389668773960334
-1.2640848891925789,-0.5631947940000649
0.5580609250817664,-0.403585670112884
-0.8368134545852279,-0.44972044754515356
-0.20339508289179048,-0.48794393877126657
-1.1263391899478084,1.770476742019782
0.10262851813541873,-0.42120497176843114
0.2895643699102028,-0.40185502199480105
0.21159699435908508,-0.402969797300974
0.6066331747539266,-0.29458476121304505
-0.7506546395177106,-0.3782207031748437
0.8298288330162296,-0.37680114440425316
0.7244849560474804,-0.3883154739518602
0.4846583452828544,-0.3238370673583291
-1.6185949340403425,-0.5928378144561914
1.7691474200472417,-0.2869212626259324
0.7855348973946154,-0.2991361500015722
1.5377496524285608,-0.31884127623632524
0.33934073231227907,-0.42784487541666366
-0.36232813826269805,-0.4912787435481811
1.6386294583882268,-0.285316224105679
-1.1477293355461542,0.4313049929704065
-0.46773107202121433,0.5985330890292662
1.2940863271934289,-0.3324992447689999
0.011589737144781783,-0.40693875982219513
0.9557024958759335,-0.30611995716979823
1.0301785907187784,-0.3511452495731113
0.5483058800055901,-0.3802979055375733
-0.8348075488810545,-0.3919123478528816
0.56870994711121,-0.3734154005388215
-0.34414371539986005,4.291638500748068
-2.3086959369012305,1.2935322707790264
-0.9247852689798114,0.5515175721347737
-1.4419720605533464,-0.5641013436188402
-0.5552366496038362,-0.3464262744160607
-1.0250362179540913,0.43869407852167935
0.19990760687248235,-0.36689246757557986
-0.8408353834854336,-0.5514027752818118
0.28653382524538923,0.5621821558181163
-0.8354810204997769,1.4706354444981191
0.9006885741225574,-0.3023389848622353
-1.2735534036248852,1.1402687878900701
1.1797465535030576,-0.27715112534670844
0.5822489675477136,-0.3466571681945167
1.0631623253862268,-0.3469728193454795
1.6425276458197933,2.9815614787355926
-0.6791919487046423,-0.3665937519767047
-0.5922426977600531,-0.4053753075415085
2.557615366870786,4.847880488645018
1.5326362536799283,-0.27196893102079156
-1.1028375478029908,-0.43552072142020765
-0.004514844090177305,-0.41420829746967003
-2.0272610141054144,1.0751226009121462
1.2508241999679417,-0.27730119998219577
1.5969670180952187,-0.28581431382904565
-0.08563506727974396,-0.47601914676621593
1.2513820140022949,-0.30301528374984754
1.9166004606616303,-0.2518866303715349
-1.0932869212549448,0.43567959290169145
-0.027700398990670033,0.5582406456159631
1.2579854872720977,-0.32914482499988623
0.0005317117765354048,-0.4661716426221761
-0.6889026591977326,0.5979284379587496
-0.7746820589863813,-0.47600893617874607
-0.6113829293807732,-0.44686993701319716
0.38841604607239866,-0.40707646901630934
-0.46773107202121433,0.5985330890292662
1.336742947356053,-0.2742591673778846
-1.6741601248728608,1.4087483398013638
1.1045070998505826,-0.32077155626844334
-3.2806376924251817,0.25815582032898016
1.295188594813719,-0.28688325248985297
0.9009659474879461,-0.3013266941111746
0.6138572530418657,-0.39360414499716473
0.9854190222709177,-0.30366034160507993
1.060986616299583,-0.35114522785239777
1.069657479762762,-0.35581857239428927
-1.4298439572487274,-0.5091999421653673
-0.4253955806089973,-0.45547466062264147
0.26542163470020386,-0.42498061127995673
0.32385422328212143,-0.41751768951369905
-0.3816485358173024,-0.3939515736849557
-1.3189460374757949,0.40522356021820227
1.1994455900390988,-0.3122451926241992
0.7094497201046328,-0.35758543523105407
-0.8958669668366335,0.5932288991720299
-1.692723851834237,-0.592921213390343
-0.5831211512962883,-0.44358485190259805
1.3883109828947688,-0.3259754627321255
2.0003539166235056,3.0075017067441387
0.596985488974739,-0.3186868079034113
0.06806102225737579,-0.44191876131682306
-0.9409923363959802,-0.5446274583496544
0.9455293170512279,-0.34390532851166233
-1.5257041816601176,1.4083457242454345
0.39783723401863524,-0.42883640100511355
1.6969197071756683,2.870552249772404
1.2987262707650216,-0.3439421477444553
1.6739099660853756,-0.2561512032389082
1.3750394982918501,-0.2791315065631029
0.33207926260486054,-0.3557854949163874
0.6748293239489772,-0.3793257033421258
0.392473271148232,-0.41948446627379204
1.0118702954370056,-0.282328889983193
-0.5770047842573154,-0.349967941213251
-1.6405062900828622,0.4125566060197135
-2.4477468452764057,1.3682670089691285
-0.3860334922916181,-0.5155731081503877
0.630247534444927,-0.38833151471158095
-0.6175427127133327,-0.4365586279788261
-0.9233627463847368,1.0621087542909695
1.156482300885689,-0.3420057708513938
-0.1377538679321897,-0.3314301568008155
-0.14776235697214968,-0.4103038462371113
-0.2500019716046576,-0.40343040166459465
-0.5327351336648154,-0.47468718864067627
0.666498797779829,-0.3700038200057455
-1.7277198504789666,-0.5576642307932552
-1.268089777890661,-0.5728170966626719
1.1091335541982055,-0.3487414331839946
-0.8941391087217236,-0.5489818032830848
1.0275006837611627,-0.368033431786003
0.7215735330016236,-0.3681954313762231
0.4976317057876609,-0.3742034730686786
-0.9844265918096424,1.1713877714245138
0.6796260018640923,-0.3835370541898414
0.1456249300729819,-0.3808006545557069
0.664012599994296,-0.35175179523339895
-1.1722514684616208,0.42731525175805535
-0.04784987859336177,-0.29632740492603254
0.38776090448386596,3.861775106407997
-1.8930542798851488,-0.5640886675098051
-1.9730801275539502,-0.5771088409016627
0.7288870114114862,-0.3932037818289147
1.3223522445931857,-0.2681935294029548
0.81124120467302,-0.36585304978572203
-0.323431274064423,0.5118405419508651
-0.7938070835130808,0.46389420456627967
0.5170516595063724,-0.37241009882668796
1.4424756154723841,-0.31791746937205684
0.6429275998340603,-0.35259026778649327
1.0056127666292052,-0.34233270779323555
0.31569250351251193,0.5796214279461184
-0.03698633535097076,0.5555300151895026
-0.1318921317636634,5.699781297484823
-0.5447256645083393,-0.5073423726338386
-0.4094619792331452,-0.4778597466831336
1.1313598081542762,-0.3556559070317839
0.08376016380968437,1.2191589123214845
-0.9908525518208304,-0.5432193935900528
1.1047613693303302,-0.32814138559457484
-0.0596158257594896,-0.47643408115411123
1.2101141705526461,-0.28906978126414357
1.1948418762645443,-0.30243509662590484
0.7731266298089932,-0.3915532475607851
0.9022201260723456,-0.3695487840783458
0.8313600633089022,-0.3892600272754792
-0.009354378878228379,-0.4325335162068229
-1.1853547114688612,-0.5415680111475273
-0.8461939194347174,-0.39376490578549106
-0.22991836029175688,-0.3753987540718003
0.3267050213441656,1.1456075372570609
-0.31155715006122764,-0.4335189055109786
0.9974803506246155,-0.28744357937317216
-0.777199156982257,-0.512350505995891
1.4429625058196112,2.8926751821407546
0.2147706153843133,-0.39684999032621054
0.8256026237005486,-0.3781139775356916
1.7148545281423302,-0.2628365621742717
-0.7663938986320215,-0.40125688312051716
-1.3370462688206677,0.42925866825341125
-0.537444247756921,-0.3435314577555337
-0.9521996730024878,-0.4110119994707602
-1.4286304405954302,-0.5704287298498993
1.0831207934672913,-0.3513045401984836
0.243349423924221,-0.2964918218501655
0.30861783183695884,-0.3501143452178768
1.1254932609308157,-0.2529748443966153
-0.7801462205520313,-0.41547172672047794
-0.830088093529985,-0.3911444943558419
-0.9715152047794228,1.776350314870805
-0.9104581601681283,-0.4042206720362657
-1.3100105406763183,-0.5925381272887401
0.2926928405890521,-0.27930176223598624
0.3679546172461769,0.5668603917088731
-1.7694218059799767,-0.5439737134793061
1.3888987540804076,-0.3278796048184944
-0.010664542819616544,2.7164949366649287
0.7696326884247148,-0.40774592720466807
1.0491942208435556,-0.2503212145923036
1.1824272657513477,-0.3337792616006462
0.7253720632331699,0.6717788996145505
-0.2324639903278114,-0.29391129191543525
-0.6080958854483376,-0.3550264509353382
-1.580930472508705,1.5827012586307074
-0.7056228771751212,0.5385283595395549
0.5620999451219436,-0.3264095352357748
1.0093939887755141,-0.2984335590127827
1.3798741913118298,-0.3005074060532694
0.28386761291685486,0.6407114512362786
-0.7515489250981671,-0.39884161186705597
0.231330215474521,-0.38059412213213006
-2.2304697375462896,0.9396835789954431
-1.3277057626256137,-0.6310276242854279
0.8908418257540245,4.832671887972697
1.4655122068440773,-0.273950603977085
0.44252048430635677,-0.3756462260373943
0.8386085835424528,-0.3766348066436
-0.7281229534187633,-0.490115069478834
-0.7071773013832289,-0.37114695765864264
-0.9521996730024878,-0.4110119994707602
0.433709124173194,-0.2781469729875779
1.2247679768934285,-0.3305988898357804
0.5634420562365638,-0.39072354561308337
-0.46854579997921264,-0.39722721809904554
-0.3548373350610011,-0.313821386133517
0.8137669905861581,-0.295788637352874
-0.3190677045461705,-0.3080016815626482
0.9413972360249778,-0.33814276089288586
0.8736784075524905,-0.37563334074785976
-0.34871232709343525,-0.5030889337921202
1.1336652674909682,-0.3576438704682171
1.737348897063847,-0.289884240335688
0.5492586822900285,-0.42774978578148026
0.46589198658625663,-0.3691542588550884
0.9854664874828002,-0.2893140711509171
0.4387076481810959,-0.41466348944004466
-1.0570399886775448,0.4554466570056105
-1.180373717915804,0.4528563548559484
-0.04449145863341592,-0.3208099758664245
0.054928371499295574,-0.47874208997784173
-1.3278852072070209,-0.5335621119065783
-2.1324872563497173,-0.6679498271928851
0.04536888014183848,-0.4234712475086634
1.115588799649966,-0.3331935248979026
0.8237021511600646,-0.352269877817045
0.2773794786785,-0.42400948846691766
0.9412625655661185,-0.3049830167626881
1.1090428612678476,-0.32559227225402493
0.7719271508186069,-0.3862422671887624
0.5042165427305231,-0.40370870640366047
0.5896766381124634,-0.40901773143700215
-3.4472440276896887,0.23104903625212073
0.24429038330112413,-0.4183484678039712
-0.9179654237214818,-0.47884567349746154
0.14337251434164539,-0.49527349920638547
0.5145185281974695,-0.4023413799131384
-0.9222017088893265,0.4850674003974696
-1.658222350597973,-0.5788097704863205
-0.4622743683694227,-0.43632551501157624
-1.2346363781158933,1.4620566802380666
-0.5443759657658187,-0.3446592455017233
-1.1007318689511336,-0.5410344561118404
0.7630361140396695,-0.38364590953582284
0.954610494851791,-0.3081231619448878
-0.12970444877640522,0.5967735790079132
0.9102992490399683,-0.3511135340229203
-1.227036093444627,-0.5508126289253764
1.1790054957386036,-0.32996256121375467
-2.2695683811865326,0.9520068166791769
-3.1707213820138254,2.170153902797378
-0.37157243722619315,-0.4516800939555847
0.40566626498671515,1.2485419552469919
0.5337159999031149,0.6093443494819615
-2.012313533943909,0.3074156081119996
0.01568426073203624,-0.45229981723241247
1.0857355123353871,-0.33037956416460756
1.2504028865599386,-0.29737179981142914
0.8575962290304623,-0.3225557923083866
0.2183881670338089,-0.4317183206027514
-0.583345714179295,0.4985974762155365
-0.2994788123290455,-0.4417234082805864
0.532219536389035,-0.3755497161869644
0.9313909363282,-0.3421035606227755
0.9063563882360679,-0.37483481961923126
-0.7175669110755052,-0.5382134440378423
0.6488290175946713,-0.3438309276957833
-1.968103884253823,0.9833082476042115
2.872471925168055,6.202655608248878
-0.9182579107605862,-0.4834468367594822
0.4715635139450641,-0.41364401576850574
-1.844354466409957,0.43891036254666055
-0.21122028579021976,0.4956111933119218
0.21905782242942845,-0.298406022087866
0.13803427465676008,0.5658101049063009
-0.31183292851849065,-0.42520028987220004
-0.3920420520070148,-0.5024308536620165
1.112321570107174,-0.3648126876897998
1.1868731976584876,-0.30791608218716027
0.8728802346270169,-0.3679743781131871
-2.045213907718515,-0.5888449780687411
1.2500315693931212,-0.34225730301799906
-1.1118066476912856,1.4455884511815091
1.1898601827564106,-0.34409817423262445
0.4374054972359274,-0.3914687196393292
0.2863309031225131,-0.4038941416363581
2.0067538699348946,-0.2518245033252236
0.7401117633762162,-0.3787714775408149
-1.3754471706126443,-0.5328023618605436
1.2385165221812733,-0.3088547523863521
0.9820885803008965,-0.3715644467114248
0.6056003055949455,-0.3606513458130662
-2.07553845393235,1.8687067352134739
1.152911418842774,-0.3028420275328403
-3.0030107925394973,0.2708728507297625
-0.31741963629206416,-0.4255672156422403
-0.3824062752171631,0.557251693215901
-0.5347443960344007,0.4758332894724696
1.0492909500457335,-0.3304336212508776
0.12997101546787404,-0.4084873682690659
2.913063144604096,8.095352065503004
-1.4800220610764951,1.438867237128513
0.4038236085874943,-0.42506603117152575
1.5020293682475123,-0.27262684166805684
-2.5919827567352938,-0.7187548685761506
-0.12549964871138414,1.0991574568093412
-1.823964025353544,-0.6262512834305236
-0.8380061323285819,-0.39243275609982065
-1.1181059299420102,-0.5430290476360339
-0.034242967800253495,-0.3265663210980206
-3.1177702924148525,1.6700398868203343
0.5133903661927653,-0.4045547720497337
-0.44094277585663433,-0.4262632641034246
-1.580323366768913,-0.5456602282039468
2.0891344611090013,2.9793545198407756
1.1806419877056802,-0.31394937021014585
-2.8926785679111795,1.3692803684295327
-2.4758850367598426,-0.6589149984225682
0.6597704246370527,-0.3690070675588177
1.258543035722206,-0.33997285082429046
-1.0560670211438172,-0.4279111754488709
-0.7461461266712652,-0.37748716993889375
-0.4892398196546222,0.6548333975611976
0.39613033921227314,-0.3888415333503772
-0.034550852649799464,-0.4312630701966285
-2.1638621127671684,-0.6406017486637982
0.618678508352887,-0.4101466868157673
-0.9649142131880759,-0.510438915409884
-1.8347843740495626,-0.55460817714816
0.8280148254014221,-0.33740266639668814
0.9107601129770715,-0.3562348292684191
-0.20799527814428753,-0.44477024721059005
0.581921125331034,-0.35801134145278596
-0.5224268499894837,-0.49513613972636533
0.47405109637547743,0.6110919089070938
1.0785374843636262,-0.3310265444890573
-0.9425489538194638,-0.40944183132160006
-0.3563386053450188,-0.47101652859539206
-0.23666999553333912,-0.29459560727926204
0.91653897922308,-0.3421151033944658
-2.481266452198995,0.9099474124677582
1.7027657946400183,-0.29880010949269165
1.164016690159902,-0.32312949453702267
0.2638574744870779,-0.4044882667356793
0.6681915777328121,-0.336041942090647
-2.2116766164993624,-0.6688565580732855
1.153015607943364,-0.26312969311306844
-3.6025883238237335,1.5911601871192134
1.077565151146455,-0.3728148400707294
-0.8197400810002329,-0.49183792078889055
0.2853966800876555,-0.4305756800631295
-0.7335875272517832,1.4750033017637723
1.910495013084844,-0.24319259219977812
1.1488797077150956,-0.37443514317665827
1.1034013817689607,-0.34689481466604644
0.20300789567262598,3.7349266561416092
1.1766528150804452,-0.34870708564047387
-1.103930871044605,1.1928952905871573
-0.5329281314938984,-0.4839708996564001
1.1586607051543407,-0.3300579227234529
0.5293162611464416,-0.4073015346022596
-0.9425489538194638,-0.40944183132160006
-0.4963142461631608,-0.33683962295517683
0.7023320048512727,-0.39144991046085903
-1.227808401272044,-0.5395459018429191
-1.306284143194001,-0.4686214010773224
0.5822226097202899,-0.3977301953928991
-0.0865806799169831,-0.3734621673618103
1.0568010363212865,-0.3518639005086392
1.4646145314554888,-0.2885486948191975
-1.4784836413802753,0.404558417897484
0.2428262311281167,-0.4387757607484935
-1.5092991764275228,-0.5915863604939795
-0.12332030116151543,-0.32369608427882585
0.9726224987669422,-0.3446324131291345
0.7077244241809119,-0.3909677317880682
1.7217147663179557,-0.2906729553892834
-0.18083765833498644,-0.28551170835945566
-1.8855483839890093,2.2992558532619363
0.7434518005579527,-0.3612826509822332
0.6755965717796855,0.5798251783928244
0.45422622870186385,-0.3668668753181659
-0.27217142185425186,-0.4203162306717677
-0.28992884031677435,-0.40742868137187715
0.5067665611696569,-0.3830040791983516
1.7199658730666536,-0.2774152074281262
-1.755967353656885,0.45329091042181063
0.5730806975385544,-0.2759466825593419
0.6844092795028729,-0.36392088347996965
0.660582668046278,-0.39778432340444597
0.7662748875732805,-0.37378907505666065
0.581084085609077,-0.35204605959267193
-0.26610664481817276,-0.5387245388808852
-1.3943792918878408,-0.5742631318622948
0.17752623303668819,-0.4197365616430346
-1.4716447976479028,1.1655211369894467
-0.6520697012326564,-0.5270049128829873
1.7535203060349471,2.8953216401522983
0.32968603800181967,-0.41751983306498236
0.9069980149873782,-0.3753295159986653
2.333984787036993,4.803124989876728
-0.5721451791667558,0.5119006666853361
0.5079558975737029,-0.330541317704865
6.101026986970998,14.098880224810125
-0.8385940920096515,0.41442394007339645
0.1611343886410592,0.5634414126410561
0.8999846360326063,-0.3366826876530374
1.1154692109172417,-0.3314465955530044
-0.35234543168877897,-0.37089769408894274
-1.913878597207115,-0.587952184390982
0.5640697795453489,-0.3650260960137814
0.7415017225921793,-0.3000476126785535
-0.8678983051081048,-0.5236279372334708
-0.44112991057947326,-0.4191698389841909
0.9742908150939833,-0.3675575076475475
-3.0426814769633026,0.845008587718941
0.7809322677620945,-0.35965216739982503
-0.20348660236253963,-0.4451109793354179
-0.09787982243480792,-0.43694970241032194
-0.8185909673291297,1.0604732286351766
1.0568597747805828,-0.3306756976296272
-0.6795870448169402,-0.48608884140067155
0.39034979284905413,-0.4185920743335917
0.03152851121748126,-0.46181685833487357
1.5989787037504668,2.871838775376486
-0.052425802888802116,-0.4681060018804562
0.2738295792915623,-0.4148431556013428
-1.6391013186824919,-0.6027658043740127
-2.1228889214294013,1.3485498517422185
-1.7076559547430172,0.9907926142805032
1.5423152067951311,-0.2688858339100229
-1.8679956782723652,0.38752151992228906
0.7124755380297557,-0.36575791520286355
-1.8170873361292903,-0.6166343863862644
1.4704545056966156,-0.31664912794775585
0.7252095206157768,-0.303692302633376
0.032132206723432165,-0.44696336691253774
0.4803109876716675,-0.4022942316377144
-0.07769920542985753,-0.40965605330934385
1.5225607143359503,-0.30822687305362517
-3.159964185552361,5.418949682977322
-1.0508442666470819,-0.5196832156019221
-0.6386683525084603,-0.5211495140213321
-0.10624094982622417,-0.44741267289356
0.3021002944435868,0.6324756589450847
1.1396249751466427,-0.32759056502883677
0.6873086393627199,-0.38696601174471534
1.129033702148357,-0.3244900515694409
-2.9931475675720085,0.8770224276086277
1.3314226915196226,-0.33281711822565163
0.7389393704686207,-0.2947852881381297
-2.1509946379866873,-0.6265308693393503
-1.0238928999826724,-0.47560462271013704
0.13727987393820446,1.1234648611495328
0.3849839932620646,-0.395267093937577
1.5092520495183468,2.882965704279315
-0.08469433512769087,-0.4474406821913205
-2.1771180081686667,0.4376980313632442
0.8042420971385381,-0.3774205254298638
-2.7443956320718175,1.5950490078599995
1.0981536005445256,-0.2914974411808634
-0.7362836421156969,-0.3758825476483625
-1.865360705789968,2.431693415583451
0.10614574811091441,-0.3733401022190178
1.0198791163026542,-0.3212406258365295
-1.4507435189766165,1.1364690115522589
0.7716919043638705,-0.3516386540742018
1.2265668702166461,3.824270088507425
0.7555716530520774,-0.3768565663421021
0.16647624710709366,-0.3565414838708923
0.9909177897212418,-0.31211374286336635
1.9230834848939964,2.9851663581886103
0.7978390614314335,-0.3642195309742689
-0.4377364096583628,-0.3273090323968753
1.0937424018800657,-0.3490864770470154
1.4034887944111223,-0.2647563264947687
1.4643560648832445,-0.3012027027831756
-0.380429753066971,-0.4680887821583884
0.8318140520648715,-0.3644133393994385
-0.05395081508480353,1.098339348382959
1.0526426299723337,-0.29714670366501944
1.4414933005024617,-0.29324990355364156
1.722114676077808,-0.26355935222095084
1.9485107497950924,-0.2675222857720315
2.5003858351740047,2.9771424137359106
-2.7652745088844117,-0.7059985497325655
-0.910244187928182,-0.4041858588384515
1.0253501376553724,-0.30984986579823026
-0.7115666897672245,-0.48155917677976645
0.5660938754362863,-0.3066135274581556
0.48469182721462384,-0.38869118953266035
1.5581165233181966,-0.2798861463463525
-0.46671621878793335,-0.3320240357454377
-0.9512146979915459,-0.46377990832973776
-0.42385376135315056,-0.5272446109217134
-0.35887455351629716,-0.3793837501865525
-2.016482153550246,0.9388420248462948
0.7100637887354033,-0.2885754171609385
0.7776622272648114,-0.3486422803521752
-0.042308877711468414,-0.33099096688789365
0.30902487384418065,-0.4040025822763163
0.7158042274143332,-0.339872183966509
-1.1181701853047503,-0.4380153354060991
0.012953462808041018,-0.41107801575665265
0.8647503525374458,0.6211321608695164
0.7777765800867875,-0.36956609082752795
0.2927342085033683,-0.4214021562997466
-0.9104581601681283,-0.4042206720362657
0.9072591189771356,-0.3669438889365594
-0.2878795782251851,0.5038482117096157
0.6101350069204985,-0.36984850465210267
0.3391471523625261,-0.42523179811517675
-0.022264563023314924,-0.4412730862244492
-0.6882392058361229,0.6474852615867751
-0.6595829637915146,0.49172284042248976
-0.38225916771720736,0.5019234577350438
-0.12389447965934974,-0.48703364410762623
1.951898669747502,2.947806419927166
-1.8727868160783336,-0.5812665680449824
-0.36980185340320315,-0.44678764566403073
0.9657429361519413,-0.343923486215949
1.0270553994528324,-0.35051057534310404
-0.7293492285657266,-0.37475432133871905
-0.6892259345441625,-0.5235314852872932
-0.36307772064449706,-0.4534711764815725
1.437195596977572,-0.3129725973886103
0.27579265130460756,-0.40057323597267125
-0.15661376277667943,-0.37150498499563717
-0.10953868765816116,-0.47126230975990935
1.1327139953590282,-0.2884903258281228
-1.5419848485177283,0.5205585334917694
-1.4716447976479028,1.1655211369894467
-0.28519833146905627,-0.37825916403386933
-1.073100066451172,-0.5233042253239684
-0.6254095129282587,-0.41926959755635773
-1.3788069056776202,-0.576664250215587
0.2297293522019586,-0.4270739251477383
0.5510796341731855,-0.4287554097681812
1.10831782505422,-0.28428072445661373
0.5131340231971334,-0.319204085956757
0.963102784231228,-0.3564583047965153
1.101898527435925,-0.3324635033752772
0.931120501952153,-0.27008186614403296
0.8919888452248665,0.6209043039100265
-1.0438829506508944,1.031420932497558
-0.34870413327086236,-0.3537743342288527
1.2712173121522417,-0.32367327114664857
1.262909292987037,-0.32552828292210534
-0.2779719376988179,-0.4276471533261722
0.254845830662841,-0.378429449335595
-1.0983524526870594,0.4021453000034651
0.4529790473181064,-0.3915820318940626
0.04634035604799724,-0.30997616268733486
1.3186079615465787,-0.2886037249183897
-0.29976331349869945,4.700230991357202
0.949012643118631,-0.24849266181439486
0.7788341667656512,-0.3423138876125644
0.25817764852127006,0.5807365447545213
1.1551320843584356,-0.3259569593838423
1.0960607538272293,-0.3678220411882951
0.8762771695892351,-0.39820721338627624
1.4862236732095893,-0.31746402054457123
1.6533613712848458,-0.28239669511872156
2.1851096719010106,2.9500665713353507
0.8225628147065883,-0.3681650033173286
-0.00307235471498773,1.1109772085425642
-0.053223781498891294,-0.46811513886358497
0.8244702034225057,-0.36108164359058753
-0.38656173934823984,1.1083001199519997
0.18712915421010037,-0.39860113731441493
1.1454248417409556,-0.27765338225783254
0.7399560328184351,-0.3510121961429867
1.668109708420496,-0.3354955692279787
1.4091253110340258,-0.29679108193717746
-0.25716447757432437,-0.4178746068427361
1.6861205354310136,-0.23769781163410136
-0.925671087261958,-0.5616916972193013
0.5176127367509366,-0.38394921989534136
0.4167993108351851,0.5618873089076548
-1.7463972612964904,-0.5402276292730099
-1.7976353343175064,0.4345342003157312
0.0033103641944263137,-0.4821060300059503
0.7102733627297956,-0.37462495609599133
0.46463461385089333,-0.40674379404765604
0.5280403350761268,-0.2965092790867427
-1.6838042086611202,-0.6137362372297758
-1.5752530923295411,0.43059704577090185
-0.4224440826629837,-0.48873941214732164
-0.4364117766423644,-0.3680443327075239
0.03293782936043129,-0.4555997748630707
0.8721284835182852,-0.3168879181609721
0.21513285257122272,-0.4132668341536736
-0.59322747105839,-0.4476922196936423
-0.74231977089304,-0.5213244153535062
-1.508131696540152,0.4361319330216739
1.079331750765933,-0.3328195233780847
-2.971778511776829,2.067385914777527
-0.4416027184618365,-0.3893643056504357
-2.1519234717212847,2.017462903723323
1.2008325276763185,-0.33029709325899953
-1.2325191289850246,-0.5755278287793032
-1.8389717139940134,-0.6082176195805803
-0.2587028096822653,0.49427930348701793
0.7235878745045596,-0.3574933967221348
1.1960988160283264,-0.3193586396383828
-2.077974813717088,0.4213758343135277
-0.23747336875414737,-0.43163514742360143
0.8803567750825442,-0.3891787170696786
-0.5097834673615601,0.5132209710250818
1.3406112592940336,-0.3259797822096877
-2.2701173510948256,1.3016911417997226
1.760927074495157,-0.1822421416115781
0.5322101483807052,-0.4048200120141019
-0.2702922226140377,0.5110014578727833
0.5324858220633705,-0.40166511217493883
0.6220272034303702,-0.392092759606127
0.9337024302816584,-0.3624584016506832
-0.5415136126319507,1.5197515298507265
1.355064119941029,-0.2749248984096337
1.5765484126046674,-0.2775987679617416
0.09236035679254073,-0.41136492393336965
-1.1059553499473742,1.4486338237972243
0.1547759732658646,-0.438308715282565
0.34391866336501287,-0.4090016337341316
0.6988039328874407,-0.360716867212525
1.2692844562288677,2.8470848769165484
0.5536955115222484,-0.3601471749525431
0.6598228269727912,-0.321267799198818
-0.16280313202461083,-0.4917695460562382
3.4849806085146757,8.924119354463787
-0.4765839135867308,0.5073179153244106
0.5277161565938988,-0.34772924998459365
-0.9512146979915459,-0.46377990832973776
0.9957813452085623,-0.3613885120146312
0.6418073851148539,-0.39428109585873355
0.2662927783579331,-0.36616251995025634
-0.6236699709412474,-0.4901536376018621
-2.3803343854048338,1.0176777046907173
0.5155327794516998,-0.37318650217176763
-1.077595827736815,0.5312089311128468
0.8273200749505649,-0.3307265014981678
1.2648730119607456,-0.3548743482521086
0.19283721430569084,-0.39290649801206406
1.6578964358775161,-0.26927925606949965
0.85361893043732,-0.2917294506878039
0.8159691226737095,-0.31701737325653645
0.20783000942832222,-0.4016719774320686
0.17696192667254923,-0.3172323538088682
0.21461575092534152,-0.4000876079476723
-0.549417384198418,-0.4993665087660599
0.4389589202143267,2.7348885668849148
-0.5730018225406076,-0.3493166609438035
-0.9384565657161887,-0.5212239385556076
0.9768303900656045,-0.3593541682550818
1.3027994106881096,-0.25673514103760375
0.29203029173661343,-0.4033333059683725
-0.6229563069099607,-0.35744423556046556
-1.2025109110989973,-0.49268835531456123
-1.2267724338656534,-0.5519283024912491
0.0772187976566319,-0.3877628754803164
1.09378067553609,-0.36002195646069635
-1.1605144769771005,1.072584171510606
-0.5392637892316058,-0.49001272891532555
-1.1312515565219468,0.4506195902205456
0.4528399213394132,-0.37137645502554556
0.366514002512678,-0.40089286160846715
-2.8315617499383468,1.2725583630430906
-2.4715335020854448,1.343921520638841
3.0850279297954244,3.0225514079226214
-0.9668053526344913,1.4547293661569964
0.8835798269333899,-0.35943082282091643
0.8772815442128581,-0.3210982457334171
1.46397042245863,-0.2651182226162368
0.7340071612434161,-0.3445649507870437
-1.9438914968570995,1.970134837650624
0.7100944052227757,-0.38496495947511483
-0.0648910093342926,-0.44258130528067313
0.7660238150144437,-0.39161516435803956
0.7578551885081041,-0.34616125600145126
-0.7273417852916729,-0.5392516508378413
-0.745624938208616,-0.5225210717157428
-1.1962502615035975,-0.6209286092591925
0.18541861906871845,0.6806603868148443
0.5237744799844192,-0.29181759501883525
-1.7658537175130378,0.39715710575995705
-1.6651475870593289,1.4565512306536281
-1.5261232130199165,-0.5368418848782016
0.8048875202420032,0.6602199879399575
1.2507245826098714,-0.30536864677734005
0.7064144758962202,-0.3734125056316277
-1.1731918392049385,-0.5684016078675118
1.0755172180158958,-0.3437646112095669
0.5338832092355906,-0.39382958237242216
0.4079298825508791,-0.42797483203686326
-0.09419390848912568,-0.4569362580198629
0.9139298369322985,-0.3552266646226957
-0.3192732782068437,-0.4894059102100477
0.6871321707449501,-0.3712865355689308
0.49382527070814336,-0.4177346211397455
1.88550885167658,2.974998475783626
-2.2980544955630706,0.35311620303326896
-0.5259613101952642,-0.5004476801066707
-0.123708691545242,-0.3995272911562339
-0.09354613461093353,-0.4621335088100631
-0.2932920672122803,0.4769356148604527
-1.0345011511723399,-0.5486080729422936
-2.4087331261879337,1.3229435628053339
-0.23973757381358524,1.1234187264735542
-1.9828679933289528,-0.6361830623833601
-1.6691923346509647,0.9456735977220739
1.9351042302760122,-0.2676881600931187
0.6989430503329137,-0.3700498821388407
0.6694287754113354,-0.3653683551134922
0.31145029682867775,-0.4168315050873573
1.1911313641675314,-0.33240101622751556
-0.8130139468930077,0.574256297248691
-1.0347444599995068,-0.42444200328331766
-0.1796041396134203,-0.44945844220754816
0.7141902816113878,-0.3447602734978924
1.3247375460281927,-0.323600432865443
1.0619296434933174,-0.3439929272157966
0.6751876165526621,-0.39436372595103786
0.4822399293259313,-0.40067405206508605
-0.005413405519256427,0.5289712673347111
-1.6932996458853606,0.4959396765115333
1.066637140931024,-0.3474611350935827
-0.08791398324517014,-0.3736790952797598
0.6117067578186816,-0.4489429421949126
-0.01037923011499781,-0.3688831793345616
0.9356633184886035,-0.3968905325013434
1.1944190001464747,-0.33221136053842715
-0.08757090660651862,-0.38705607866536057
-0.7830720341542441,-0.4543282768690614
-2.297551393533618,-0.6299001860332414
0.22173454105465978,-0.4470744044301141
0.29896938325782757,-0.39975883337672097
0.6649336561607072,-0.33783749309144734
0.13881581655451042,-0.4353185577790447
1.206078262889766,-0.30852788506673773
-0.04386390082778047,-0.446267671614822
0.07117546964853438,-0.3889690652528971
-1.234339829647362,1.4844081225801526
2.000283878461431,2.9171660387764047
1.2544838043561033,-0.3518036449849716
1.6066842843801885,-0.3024575386566176
-0.0651153288207465,-0.4623963031100253
-1.8674045024704322,-0.6074578859035099
1.5668262220946128,-0.33139848303367714
-0.5801529144449399,-0.3504801407349937
0.711492051434207,-0.4350309648727056
1.3524348670176705,-0.34565105548306385
1.034826869281164,-0.31963685002364733
-0.13719676865240799,-0.49989351459093384
1.0604721777722341,-0.3103807611412609
-0.8111604899195889,0.45893202023566665
-0.026762057845280633,-0.3842051102744345
0.6878982398543483,-0.36059083975617173
1.4162080413643308,-0.32622447678156347
1.9320030980791612,-0.2757528808729505
-0.06417733225290367,-0.4444623808052534
-1.2440098825745305,-0.553574257624429
-0.4146225038985156,-0.48676902210285433
-0.0037296115806451416,-0.4510868713053615
-0.1719783983648343,-0.48931077826314107
0.37466034288954114,-0.41506833336261717
-1.0230807252143537,-0.5632178444445629
1.0541448678009913,-0.32248113225989944
1.4865931668767012,-0.3078627254262948
-0.08462810991272451,-0.4210428170755867
-0.9167110726122201,-0.4052380183886983
0.7186576250274274,-0.38652386305495234
1.1328282107814607,-0.3047762209403623
-0.5017608986631936,1.095312659480302
0.6706126921677041,-0.36078338533883797
1.2090711339353404,-0.3347324258373023
0.3697213545133099,-0.40608060964544135
0.6493526353851304,-0.3940610691894908
-0.22446243170500468,-0.47878736098288244
-0.6206574235764478,1.4752932085649302
0.4617141582218476,-0.4197210943498539
-0.26630803879477766,0.5313020970830667
-0.49388405403139213,-0.5382585735365524
0.3135348105652696,1.1511696455621712
-1.018132410939533,0.5068337167978181
0.7456450325746865,-0.3996788937385225
-2.878337214419027,2.880628106851212
-2.0047524722770977,-0.5822619187138312
0.9107601129770715,-0.3562348292684191
0.8553204009584539,-0.3491969392204065
0.004237519423298164,-0.37096031361532394
-0.677527018837536,-0.5077442769397913
-1.7236206766177946,0.4910064569449002
-2.696126632132218,-0.6947482178558142
-0.48891970685952124,-0.4036543700705124
1.0849489561271939,-0.3093724032258165
-0.2676113726915805,-0.46955943373879855
0.35287586610174915,-0.39375571790876895
0.31885076551910485,-0.36407138532575817
-0.29165577145607163,0.4878469009186372
1.052549965526758,-0.3343112996827688
1.044896600386155,-0.3039671024522966
0.47898538295190457,-0.4119007428854681
0.971919955120533,-0.37926452926913345
-1.131422703378735,1.529504256204779
-0.39709487965802637,-0.36823909864413307
-0.6263452375779812,-0.5149464996114348
2.223954996174225,-0.2416495019187142
3.4404962949876894,10.41310512071766
0.07930032214063887,-0.38309357926594245
-0.297343537248638,0.5481787320873164
-1.4186870267459772,-0.5073847140372266
-2.838545087991736,2.4260916177411946
-0.0402350913265186,-0.43420692441145375
-0.40426888926343435,0.4882486809763472
1.6386738644621708,-0.2941218944291953
0.3483833140350864,-0.4150220423688593
0.1320002558345148,-0.44185564122221255
0.21223311140861909,0.5462908271342483
1.0803591136474833,-0.2859505873315757
1.1824272657513477,-0.3337792616006462
-2.2199688922784033,-0.617277544125123
0.5182187216766709,-0.39878227076534833
0.9204018738486298,-0.3465961129808411
-0.23202035363750734,-0.44975340924953494
-1.0190428466569534,0.4455196268931838
1.3422166626775964,-0.3407855119458333
-3.0556636919024727,1.8475848795302876
1.194429304299088,-0.3058456599361928
-0.3085018391874357,0.5479934748895716
-0.09419111438022565,-0.4407759370870322
-0.39299637799432474,-0.4572240894245154
-1.4163745002057901,1.8760230248077592
1.0085064891894742,-0.362296549422787
0.6099630502494647,-0.4312918059960655
1.5664361665240174,-0.2944133104719953
-0.28973706868997995,-0.4439031249893802
0.49206570494775764,-0.3692084701344515
0.8669660582386427,-0.3518638885076606
0.44920521588068363,-0.3650668910094459
-0.9152326407101492,-0.5365778759303255
1.0830321033667842,-0.2721921425725191
1.1650352034874065,-0.27872620501387374
-0.1336741250368942,1.2129060066991797
0.5732462004628172,-0.39290903385608283
-2.7957232784614137,0.9500940980161331
0.854402983252123,-0.3405396579273471
0.3719929764957362,-0.3677521023579877
-2.4853834766811396,0.8982092156467566
1.5034202756774466,-0.2883489362728411
1.3623095990130472,-0.31984016173797003
-1.2877353503028333,-0.5594825013679556
-1.0486348252561308,-0.5553981399685769
0.5491837179487662,-0.40959018375202216
-1.058442890710503,-0.4692485460488961
1.2862696543167724,-0.3133455339260229
-0.9684335192742184,0.4516113296774568
-0.8723450034395124,-0.4688529532475076
1.6221581962647704,-0.29223153866087853
1.093021703638184,-0.31884725555922727
0.7166971886827213,-0.4022013014666108
0.4142335025962421,-0.3625680321040993
0.6698743628186634,2.8210474508910344
-1.8898996457593817,1.3474127492031407
-1.555545031414765,-0.5296514566305196
-0.7371946543377462,-0.4614116879843966
0.15559660781459836,-0.42228349257628783
0.759128867508485,-0.3508473043061526
-1.6103487352419081,0.9194622630008096
0.2138837035048307,1.1590017614583898
-0.20665816245223514,0.5232275248168723
1.6577853968195388,-0.30793057572928406
0.8949430106947364,-0.3483456163353934
-0.4085548665889183,1.0936960621346414
-0.14477543255584363,-0.35047767521545803
-2.0316518016096508,-0.6190911839449263
-0.3377600397100284,0.5295860128719198
0.9733596314985611,-0.35533431617810884
-0.387694037818169,-0.565315848845098
-0.9055140364384744,-0.5212499392089651
-0.7572526759576867,-0.4526977737485374
-2.795652366369752,1.7224483444862924
1.0963147096198234,-0.3549591857764889
2.2866756579504264,2.9642101393456923
1.3732909824650168,-0.3238916739224934
1.0769617852420685,-0.3231757849744798
-0.5860481563538992,-0.45889275535226315
1.3178503746568504,-0.3264192649592477
1.794636301591809,2.9055354861052036
1.3163576485516288,-0.30709774990010524
-1.5257596906821413,-0.6132986380995994
0.29959978844521823,-0.422025762834715
-1.2045569560607081,-0.5420049231886614
1.1790768524293818,-0.33584304158481076
-0.008261291227668614,-0.3428145215028575
-1.2639753164803886,-0.5994946934894908
1.8326093019440335,-0.2541691701811129
0.8996886493352927,-0.4043592292894606
-0.26473967723502606,-0.3965207985984048
-0.5462886916724151,-0.4939520668180931
-2.696126632132218,-0.6947482178558142
0.09027112159728459,-0.2414024183537806
1.0870769725182945,-0.35971574755123786
-1.5625152980333163,-0.5103101074339367
1.4825361334683178,-0.28533793836614213
-0.8909619055313258,1.0487911071882299
-0.015558635595698814,-0.44219897581608186
-2.426241081979723,-0.6713133556319474
0.9438904746915351,-0.3497144582863804
0.5621786384972828,-0.38888510856179875
-2.862732967396725,-0.7218550019326736
0.651883639424467,-0.3496608485805806
1.205008544439177,-0.348195181133654
-0.011399485637359735,0.5762572600436539
0.11926681081693088,-0.4238208813831767
-0.5471827917974268,-0.4718551031314016
2.0569863255026193,-0.23835859863482167
1.0743860016426947,-0.2993167955751851
0.6475934911266448,-0.36989309312811486
-2.8929482979384122,1.9142615443439865
0.1778105117384716,0.542903450587402
-0.08776694860992026,0.5586632632140022
1.0057996130100246,-0.31738590368700137
-0.8348222295798837,-0.517833322599935
-2.73794125621064,0.3055014957585693
0.8828553244710573,-0.34921045626175207
0.2138837035048307,1.1590017614583898
-1.2675903889118092,1.1307028719336054
-0.3706210229577285,0.49889546564830684
-1.3252698520306396,-0.5701429255167316
0.947645701562768,0.7428812433661609
0.8718305808138419,-0.3081794289992465
0.38090070630683137,-0.40469123700731935
1.1529838651538176,-0.33194645458644095
1.4940837838462018,-0.3161604435114412
1.016169198300294,-0.3335243312308281
0.9157116964901267,-0.3371410466741196
1.2091579760046862,-0.3222841784149275
0.5376836599447737,-0.3860243612127712
2.3577216467213735,2.9726034824866
-0.5926907835678101,-0.525814168338183
-2.3751477749691556,0.34799692791325687
0.4414504297179175,-0.33127725911895384
1.3573148352737971,-0.30800663662470323
0.9609634880452644,-0.3428547406598182
1.6950889059615744,-0.2577931884787171
-2.45297607858191,-0.6551877200944715
0.8378944733745222,-0.371490022095185
0.8772498451689416,-0.30459854176335943
0.8107955176605821,-0.28544829173760167
0.6069218266866844,-0.40867242787691443
0.8358132645370661,-0.364062567855843
-0.6786549696921493,0.47104191374033466
1.2669297636700412,-0.3488735293701169
-0.4761141992009795,-0.47267152572439625
-0.19210236774644718,-0.4034896997586248
0.307044307557289,-0.47077432723948454
-1.2224241223834516,0.5930263445416856
-0.13920487324099037,0.5830337107926024
-0.418823285621429,-0.4630829869447707
0.051123808798185115,-0.45404383509988905
0.8849219533638301,-0.3565281220478927
0.834359977107073,-0.3143589748710696
-0.1585572538636455,-0.484143825916287
0.10509653740018693,-0.4440029095906903
0.02262458711131451,-0.4498334323943752
0.9009946560346338,-0.32960599465072815
1.2144852002237032,-0.3352680062871531
0.3891170774451107,-0.37415108282127235
-1.7006317416752745,1.007319053229575
1.1779560060587557,-0.33430691493572534
-0.25571451697362363,-0.48991763490533535
-0.05383397654227446,-0.5329751162370906
-0.21561117304603894,-0.4983853528391913
1.1806719551122482,-0.33678098284365726
-1.2733013936749455,1.4340609941658287
-0.4823997212314739,-0.3345757353169517
-1.3036605210932322,0.5798092149798855
-0.5959410679122368,0.5108498013972265
1.6586621523728133,-0.2901682073109638
2.6413713654124833,3.0360877199517504
0.5197568033447274,-0.39790057512397836
-0.5662661952519181,-0.4631842563531304
-0.757954223230669,1.032893283701434
1.1933551920419303,-0.30742609917076913
-0.9435230695351076,-0.531034590948532
0.38012895575915906,-0.24178509164257334
1.3841522842187448,-0.31337840353986907
-0.5972427286657437,0.5223841357776962
0.7729807023588023,-0.38596284818016524
-0.48015197145945326,0.5471330851866594
1.170255946693649,-0.27330077833535055
0.46274874761835455,-0.22175127522639326
1.3413063994071632,-0.24675213505925755
0.14413579014700095,-0.423370153526913
1.1664607807601237,-0.2655942588988888
-0.15304531019175754,-0.4190241968029985
-0.08783776270881682,-0.4374573638195669
1.3658736000585805,-0.3100930921386593
-0.12437524948642015,-0.4521827401453216
-1.5049334664835765,-0.5009415664832527
-0.3773231173243876,-0.5028348453142
1.56703499523192,-0.24632923891661362
-1.0624947306903172,-0.4289569612199169
-0.17112304032788975,0.5429363319950167
-1.8522974479652985,2.517501963559156
4.5805011034858945,10.09631847281683
-3.03752732278486,2.3937172877668575
-1.440248435985661,-0.5757982569182457
0.37431163455593786,-0.41155289516070653
0.1530889307580525,-0.4512727975433493
0.6488089171487653,-0.3888858187991801
-0.09438672951873478,-0.3568270958480911
1.6499065099835306,-0.3157920170707727
0.10152613776908068,0.5650524212506983
0.9564772004863228,-0.3484113994874562
0.8493618460076464,-0.37805167827433406
0.6426815390790442,-0.37568280603375376
0.5442924678996692,-0.33699035735852795
-2.026397910037247,0.38031849587117933
-2.3346033798430836,-0.6359285293787384
-0.6297837376436866,-0.37903046459485457
0.08471988997125265,-0.42534714030705495
1.2168383769717037,-0.2937675929973368
-0.3786526177251036,-0.42355245089103344
0.6215703571949786,-0.3923683332642241
-0.4830750614639992,1.116652245700971
0.5501342086782116,-0.3784773174831141
-0.4614401930377422,-0.4606096905265679
0.6014466055971478,-0.3472965091209156
-0.14185939361644995,-0.2791699602876396
0.10954511803782323,-0.39759306789215665
-0.025294386709041276,-0.2602048803094961
-0.07990545955638328,-0.2690900800081051
-1.2116867658156958,1.0859016012933425
-0.43552710648701654,0.5142658992449273
0.9107763925865522,-0.35898395682276857
1.608369862286658,-0.3080118658938323
0.513004549391646,-0.3962682394630631
-0.8403133719375802,-0.3928081430609191
0.8642252851023506,-0.3225367183903384
0.9212497895923973,-0.37220924215523765
-2.862732967396725,-0.7218550019326736
1.3114989514992454,-0.3061837890928981
0.6198692972968921,-0.29738782959668864
-0.6770026381704222,1.097016733575434
0.987389214103052,-0.3970475406918906
0.9134232514891845,-0.3392392509295403
1.162673269182854,-0.2996754819569545
1.3171067257135478,-0.3647872276408004
0.4936199770997289,-0.35117117908690054
-0.2316237695535338,-0.3142499971178278
0.7514892398970349,-0.3640919475849146
-1.415717693574186,1.174620454441952
-0.8921235501282576,-0.4012376383197197
-1.0846392927867996,-0.4325598726114493
1.2701463280423346,-0.33299341024491735
0.20811571599018636,-0.4571994831235773
1.2275425015145425,-0.33262515535904624
-0.8206049897767136,-0.47953609191989605
0.12480630298156568,-0.44024775389636034
-0.6254095129282587,-0.41926959755635773
0.7512222995963826,-0.23972225398364358
-4.041567149686076,1.1823566559242502
-2.1621762882029025,-0.6283501193549798
-1.589218100329439,-0.5146546426818844
-3.0660703728618164,1.678451443042913
0.2638583183588529,-0.38336952760563314
-0.7756491577530671,-0.5595677207558778
0.25965892287167036,-0.4088419150205426
0.7100637887354033,-0.2885754171609385
0.09583640766993007,-0.3139005212220543
0.6869571480687461,-0.3379655801672801
-0.06858679557421654,-0.4372718431969671
1.0759160416217184,-0.33661349388440026
0.16927263911352228,-0.41589371562948046
0.15340522239802412,-0.3995203215548883
-1.5414577345153753,0.4095393056946831
0.09762076681431306,0.5635785731392179
-0.951661740464286,-0.45187529563433326
0.7829626962533173,-0.35199403324965317
0.8391107158557332,-0.38080487815334885
1.272312953998152,-0.34213810471335937
0.509889554229646,-0.40844131222487273
1.2482351516024983,-0.33016730183138016
-1.6005449304500579,0.9944456171077718
-0.7803340275788964,-0.42400034530790476
-0.6046061031664182,-0.43815113732731914
0.7419146627673304,-0.39011746926526464
-1.0068131400827771,-0.4198975887101116
-0.7087290710032165,-0.37139942995484465
0.6882814860041057,-0.3820726333069873
0.829613313752978,-0.36578185835361393
1.482441019024773,-0.3038482291314259
-0.5360502285314783,-0.4720008312018961
0.28736527766381037,-0.40138188425834764
-0.5649463817428861,0.5349516655396972
0.8659095174215191,-0.3610623292788658
-0.5205886937160658,-0.4962477273874039
-0.9104581601681283,-0.4042206720362657
2.3711224750520783,9.051922632918286
1.073459097714775,2.8299288134449747
0.6185000901548546,-0.40803193659920844
-1.5741527176409822,0.4153507216655215
-0.07990545955638328,-0.2690900800081051
1.166797604825826,-0.3294766212596835
1.016857039004137,-0.35696428307764866
-0.7784271488907528,-0.5513260080073812
0.8622473607244125,-0.37992566545294587
1.493461168946567,-0.31146412510439864
-0.8415177246420436,0.49938834084451805
0.03471759678721988,-0.3908609189323821
-1.7571221659005893,0.5060311868309814
0.5766745406457906,-0.40775253020070235
-1.1337007106064316,0.47232569473679686
0.4901619161430137,-0.418477490037566
-0.14185939361644995,-0.2791699602876396
0.4429662840968924,-0.4104220987523722
1.56012618911714,-0.29927381744374054
-1.0122856178928346,0.6067403863452749
0.634234010370997,-0.20044230094217041
1.388610612313248,-0.31497001125386065
-1.1414287948157804,0.43902444490068493
-0.794659172367285,0.4835694831414325
-0.13594497770461642,0.5363802566534651
-0.0063088157526924645,-0.4205709922913068
1.1459833747870523,-0.3406481965919176
0.3960954967194167,-0.46059080052630635
-0.06877050297754794,-0.44381846260722
0.6298394396975985,-0.2760021187801583
-0.25754780070469213,-0.383373336838058
1.3268686212632756,-0.3043397031907764
0.5233047759866312,-0.4401586875574909
1.04265716713937,-0.34934559697368844
-0.269873614483647,-0.443093998634499
0.7329711582330072,-0.3954592365482338
0.32691158063470477,-0.440651031666892
1.2097302683831532,-0.33655607482177474
0.8325714681700384,-0.37177992963407747
-0.20417489651163456,-0.2893086676719591
0.22471927536267136,-0.4025090725129045
1.3070117209458987,-0.33716582724710337
-0.045573749262657365,3.7405097567446477
0.2340441754650529,-0.378905973131936
0.47661053812462423,-0.32069597238631486
1.1623309988917487,-0.33070911247803636
-1.2039283732050388,0.44182748140318223
0.723261885241374,-0.3066066163102917
0.010621893217623829,0.5344832415356915
2.1788630003384277,3.0011469986042973
0.8815812459806014,-0.3674892328091718
1.5334731432107778,-0.3429550001503508
0.9132619827116234,-0.3554291226353087
0.9968462553051388,-0.34369000481941225
0.7987906354446519,-0.3500436343677319
0.44163342361401964,-0.39147844873005483
-1.3100165494589495,-0.46922866208303654
0.1862172481468934,-0.4048460695484651
-0.5254027456778821,-0.4577175378716198
1.66504281716458,-0.2815232540509647
1.084795122319707,2.8521778349223488
-1.0269328493002632,-0.5226402040990374
0.5876515591741195,-0.38756695271967256
-1.2941493571740366,-0.5315525864737665
1.0878664764515107,-0.27500186521758285
0.2218407327881761,-0.3404456164417035
-0.965176853433863,-0.5609388080863574
0.41967627521100176,-0.407151701145069
-1.6680829017929626,-0.5599386694337221
0.6679837352164999,-0.35774510145660277
-0.6730424113490461,-0.49612476309437537
1.0035169222857196,-0.3498092079858755
1.3769235344135125,-0.2726308060553046
-1.3533592512558137,-0.5411860125469128
0.25081912298337283,-0.4039979618990696
0.37357548432626675,-0.3978783049962615
-1.0533303106181462,-0.5307519454137419
-0.5944580199147222,0.5098968296182043
-0.11027343238784448,-0.3735000837859882
-1.2899278862138592,-0.5188884085110202
-2.4568161059189544,0.30369801829864546
-0.7670168517815575,-0.4284252554773586
-1.9638712928402637,0.9880778178564983
-0.08923070973056874,-0.4799972645426588
2.902113049386534,8.225005937644054
-0.5792971722994795,0.5442640872478977
-0.4453822713118989,-0.4980100413911868
0.635001246616831,-0.4015525840318217
1.5701388008508745,-0.25509893455287413
-1.9117774518510868,1.0939117302779937
2.5122113257412564,2.9691644973427356
1.4466857297181255,-0.3137793365687096
0.4437407899302067,-0.38349127828503127
0.02067599246605428,-0.416180574792598
1.4819362200616566,-0.33969510993880025
-0.41992793729932254,1.4912540934959568
-1.0059162069976493,0.5088212882906176
1.2311373318680785,-0.32765372877347726
-0.2464372917759457,-0.36109025269529405
-0.20417489651163456,-0.2893086676719591
-0.9690772052884944,-0.41375796721982977
-0.3425112077704729,0.5419615908642302
-0.16475051398432228,-0.49287023849173295
1.4530197155413203,-0.3074175811844485
-0.20357834936674069,-0.41385489983522594
2.42917890319486,4.9026522589583905
1.3848259316202947,-0.296125373306247
0.7331661968192449,0.6305584177197554
-0.392713981209172,-0.3199839013047681
-1.051932518610151,4.622613152483354
-2.1669990556842467,1.05238727746609
-0.04584247759889299,-0.3995837178765138
0.2597918776993067,-0.4079651785644385
1.30526985704117,-0.328886285942909
2.0067565734124435,-0.25182406347050823
-3.1736392157072832,1.3235681834648232
0.19692316487205042,-0.4202677106878186
0.29210086644949895,-0.4250645481566312
0.031134535530530635,-0.4367108596748116
-1.546378382763874,1.0091251633526097
-0.5599672767264564,-0.5133281331910371
-0.7375052611138393,-0.49280013806017836
2.271692775879305,3.014405131735947
0.18541861906871845,0.6806603868148443
0.46944236789554145,-0.346267112460837
-0.3404806433932338,-0.4543482167932424
-1.17793648058783,-0.44773928773204286
0.7081653930069407,-0.34507210559309887
-0.060590120544334165,-0.41568174999486573
-0.47596744879346264,-0.35400461595142
1.4499685745703006,-0.2706132959743312
0.9965094855768111,-0.3567973325955632
-0.7930739296939979,-0.46511748673944425
1.2356380694735625,-0.326474946780585
0.6764188318969698,-0.35000117504145845
-0.6922253866357568,1.064363576147025
-1.954291402331417,1.5219555847559891
1.3917722424547596,-0.3374500914568501
0.14940279806931314,-0.36266703057658284
0.6882027805215682,-0.3650559731363382
0.44618317001228697,0.5945296846689523
0.3883971286577428,-0.380346079451378
-0.7538019301613678,-0.4196835836753934
1.7785873067389657,-0.29782590643627543
-0.8377687115549566,-0.39239412783496025
2.0721700280262474,2.9421575710038423
1.2101699765921667,-0.33413040475762856
0.09214138294916258,-0.41874189444069554
-1.0937926152778312,-0.5490125937916731
1.6002673569171493,-0.28875100289113304
0.2999621431443661,-0.4792031082884358
0.46418652271901795,-0.3610323050623305
1.3661125605432198,-0.29765952402296764
0.3230399280327662,-0.41234835790025953
0.46390822706447005,-0.3840685345731416
2.012720135125367,-0.2653431076006522
0.19491192775519037,-0.42869557687459314
-1.126804911046956,-0.5491182692165517
1.3243293313560522,-0.31785385762839785
2.2871875521758804,2.9805112910591425
0.8081789293299976,-0.3462282718074337
0.3813817952051398,-0.4014664017614739
1.1104863676264034,-0.34120209006689706
-0.939152099296248,0.45059720743586146
1.0839542094700276,-0.37515581042365875
1.1304403616154317,-0.3599618926380451
0.975255799355656,-0.34708948757976615
0.42283263335656845,-0.4258915578150237
2.3574845857636015,2.9276265485126607
1.1912425283119166,-0.3487714455607781
-1.5689368832001882,0.44276987554906083
-0.18242922221307845,-0.48435559791366706
0.49566939232048546,-0.36085489147571626
-0.6953518424456102,-0.4803279492560075
-0.7929888841736443,-0.5134234840357068
-0.041777953763022686,-0.46265622912162074
0.5459206694378749,-0.4094299661405855
1.2084615448631426,-0.3427720709588641
0.4372180282065446,0.5768351371656042
0.9410276594464855,-0.29725207328203895
-1.0569251872684553,1.4444190526510214
0.7655222425322608,-0.3846439579008691
-0.7833022492082933,-0.5423169479042471
0.3193655630942299,-0.4083002748946151
1.538019563475933,-0.28824652406289214
-2.7361576045830045,2.442750020319507
-1.2136718033476876,0.4296264036299038
0.670786631544473,-0.4045531812729099
-3.500879287797557,0.22232260089573422
0.539668302153554,-0.30995223003063066
-2.076110762852062,1.819042066654303
0.05990859041810386,-0.4810313402427381
0.9518941603129322,-0.3623910486769809
1.0740171914502648,-0.25884629022615346
0.6041601915655276,-0.39570285013448653
-1.945099487003726,-0.5725564018811237
1.1266425256159904,-0.33405764884422656
0.7166742616057065,-0.3790759112819457
0.7549947178400485,-0.3610891858062235
-1.3109587777673153,-0.4693819622517572
-1.009922932234911,-0.4204035506488217
-0.6218813443021176,-0.4947462612390399
-2.321607667177126,-0.6338141321284673
-1.155414993612222,1.761543377415654
1.5947903935161447,-0.2838483812059187
0.28250318904222377,-0.42121708062169894
0.48822966659470257,-0.40913761988841385
1.369528364563096,-0.30425300950372886
0.2708153792954823,-0.4738529386253501
-3.701743863565051,0.7822095025949055
1.5532103453373158,-0.31138879949915027
-3.500879287797557,0.22232260089573422
0.03269919665362094,-0.4162546529958282
-1.0414140009558936,0.622476618863326
0.7089108038241136,-0.3073056937630817
0.5310854886532006,-0.36078226829612275
0.314667670609593,-0.4032282476272115
-2.013382703246983,-0.6041414626252186
0.7797834218500661,-0.3866986693991339
-0.009354378878228379,-0.4325335162068229
-1.105675212731318,-0.583995426097274
0.9027744676533296,-0.36757974789602804
0.86754307187285,-0.37626407428826164
0.9393939244562366,-0.34404751253571225
0.04665183344364345,-0.24849925908129494
0.1939196680189686,-0.4365914289921859
-1.2775961141005663,-0.49640662533684204
0.4339792320072646,-0.4028406026705332
1.4389670203978089,-0.2943500286512958
0.11485493799863826,-0.35834864086303375
-1.278942549828534,0.42437033052314377
1.2360359396170404,-0.28257200337424704
-0.4806973811300258,-0.5098476962157116
0.5043023144685271,-0.34340129571180417
-0.7208815888923624,-0.4533718217801486
0.5612364162000986,-0.4256891689458721
1.1913506775374247,-0.3165394072195447
-1.3044622505848953,-0.5092757974511603
0.5662077334936894,-0.401366257917802
0.8585376740211662,-0.36262540595880954
-1.0352314390288062,-0.5303775623747135
-0.3245752837109702,-0.4331034183965906
0.5596019552756849,-0.38819579813017235
-0.265809522332272,0.5457273545718484
1.1817285200878476,-0.2868364601202683
1.4321806147597098,-0.26874310492316655
-0.30052863811813946,-0.4821925934529074
2.0334838601681513,-0.26581305642450925
1.302543269977331,-0.2890224802649952
-1.6934212607860466,1.3197812626941372
1.6887338143987383,-0.28938465937832847
1.7533857367665613,-0.2572311037957556
0.4803198955655072,-0.4092858175929522
1.8197814945651238,-0.2850938752489929
1.2370008771946372,-0.32048271781408005
2.0394597218187194,2.924828134910417
0.657316690702236,-0.3779043515474148
0.43349614252083474,-0.4197524940728166
0.7893558686637449,-0.365002768257731
-3.313101919993976,1.2274740846007781
-0.5432298641292428,0.5351411824301345
1.1509141162364407,-0.32011736864471224
1.270601188163231,-0.2979843290028848
-1.2780147158100912,-0.4640219765545062
-2.3483945651886895,1.7952170097597837
-0.12191465649419109,-0.2759249595391118
-0.46966725474838533,1.503804857984811
0.3512080213052002,3.7513979740967667
1.273849383290233,-0.29506852820993623
0.2015786275216987,-0.32831689823342164
1.2020932786614174,-0.3260555216009756
-1.3681329304721013,-0.5111369291304715
1.0697470561027784,-0.31730140964611575
-2.506208597207009,0.9021131669717785
0.9866516701609604,-0.36031622718999673
1.245040377983726,-0.2706924049238676
-1.5139239058745677,1.1381669342136156
-2.9191144401360476,0.31697550880605585
-0.2900125904739602,-0.4744886431439775
2.036988055426018,-0.2573499955219993
-1.8594507073161266,1.4504080755510422
0.9345129359887415,-0.3687764642100634
0.09862735441240322,-0.3584185660927883
-1.0831594245144318,-0.5031523751950195
2.5078544594852183,2.989762390906837
0.38740858604423906,-0.42077621688970124
0.9686086492139125,-0.3424644617271613
1.4000870741601192,-0.31096794725066684
-0.1118479353845988,-0.4422790561364185
0.6835697130161011,-0.3711509955958358
1.1423894154473107,-0.33041156579102465
1.2039391798126455,-0.3386180741880075
0.13803427465676008,0.5658101049063009
0.26673543088733564,-0.3960920716879525
1.4500527937429815,-0.2830503991305148
-0.7452551122637423,-0.5089226000718177
0.8074680508192495,-0.3073321356601305
0.4621768850938646,-0.3933266729871332
1.940957532663867,2.9036609770858806
0.2963841047642554,-0.4351585176605329
1.234711387406034,-0.30546916722145234
0.4552522483145163,-0.3733938245027996
0.04007006986538394,-0.4516698618833981
2.83975186436692,4.930856958353173
2.2259913155477244,2.9518975126813536
-0.634777922584018,-0.5302204774470605
-0.6049277290692677,-0.49593240154647283
1.4246865636622839,-0.31288231780717163
-1.841555586144542,-0.5557098506463847
1.3004530929681182,-0.3093288991625389
-1.2761429528513801,-0.5522106859572555
-0.016189582787983575,0.6194444708767731
0.4527189092781743,2.807681470138143
1.5603190876134694,-0.2812998433278724
1.3545710962634299,-0.3044759585054245
-0.41235063455983045,-0.4723503655495782
-1.7745634380455582,-0.5448102549588549
0.24682773586508058,-0.4217889621913751
-0.20521996737602877,-0.28947870028339123
-0.11808887348008146,-0.4698972231913514
-0.3552581313011556,-0.48465168753753146
-0.679778813928057,-0.36668923471370907
1.7485373929258192,-0.26479563091005365
-1.630324422087905,1.3661507854354595
1.4930544730058573,-0.2835391204540278
0.8581968064603017,-0.3649841853959604
-0.8593243206389274,-0.5322308187009339
0.11090154100699526,-0.404706498647595
-0.3365837742990508,0.6613841987718521
-1.6564483170345825,1.8369631108797926
0.7360243921911747,-0.26267035622287815
-2.0821222675443214,-0.647778117341923
-1.5139239058745677,1.1381669342136156
1.5048614230720516,-0.2622060632108387
1.7398895368511564,2.882020255294419
0.0988414344305093,-0.4171418516922805
-0.39202046823273684,2.790187266992215
-1.132734652588589,1.0304919743099503
1.728315985087147,-0.30095832093204616
0.05659680165285694,0.6215227045066586
1.0410709142456467,-0.3071228189210076
0.8005969149150259,-0.3583268747668345
0.6981890628907823,-0.3716611832056253
1.1715924653511083,-0.3496463258068029
0.9020947727083204,-0.3504967965312829
0.07943252255957275,-0.32854677309201136
1.2149268095402337,-0.29750943177501327
-0.19468416748950912,-0.4430697376877418
-2.075191232696431,0.39679973730774615
0.7683838321586034,-0.3932559567604661
0.651307021265584,-0.37849563925354923
0.5685300873368637,-0.3724323367575048
-0.024102997705591826,-0.4532741634241937
0.6264777833299333,-0.40319174333638386
1.2023148568798816,2.910466544058071
-0.9104581601681283,-0.4042206720362657
1.5016021393515981,-0.2954734875547052
1.2328273079783194,-0.31969810458198666
1.4114555993940574,-0.3257648258921131
-0.7311515219939481,-0.4847456211458134
1.1504000890612889,-0.3430835392211409
-0.6016395680064017,-0.4188815208970809
1.0752216885834032,-0.3519583036362117
-0.11862768229593101,-0.46882306104570304
0.8703560674111656,-0.37281190488224836
0.47456270612391394,-0.4059935397250274
1.3678850087333099,-0.26772779945342257
-0.1199603761879679,-0.4352008500280043
0.6923916733561097,0.6264854745373202
1.5975900397171905,-0.3003127628189789
-1.4484136910517784,-0.5941228655686427
1.4636567268891167,-0.2994100316782176
-0.755242366519751,-0.4403933508806218
-0.719875275897125,-0.42075533994555453
-0.04680271375340651,-0.4406168235941557
0.9035509622395358,-0.36815428686043267
-1.0370430297197926,-0.5101968986690575
1.1485496868132794,-0.3505766019902257
-0.36980185340320315,-0.44678764566403073
-0.6618112200990665,-0.49534631220827646
0.5823457372668261,-0.3831499266725971
-0.7158686866962202,-0.42548920647014543
1.2903068166993519,-0.35431411693031994
-0.8296426414001782,0.546521830782721
-1.1403475406619965,-0.5253160548207817
0.9282940887962335,2.79815983566169
0.34085821235708286,0.6787850261557417
-0.5444725572080847,-0.522028408257419
-0.34589409714231467,-0.3123663249029525
1.9414394071741299,-0.287324933201285
-1.1388243213995943,-0.47382851019655114
0.8367627469588419,-0.3966526772103791
-3.6126749282567947,1.5895191006143
0.6682917388886492,-0.3302796633553984
-0.18950236718256708,-0.45326615790948244
0.6831343858566064,-0.3173890214149481
0.9383562318266565,-0.357035942834995
-1.1479368160845465,-0.5042845806807035
-2.0271392643416033,1.001738836864759
0.5252654196387133,-0.40714512729902286
0.6353372287788113,-0.3636477265349625
0.872617499787752,-0.3654617276003904
2.9610892711531727,3.0670780626042204
-2.0196540186871346,1.359960392122721
-2.6812706613123125,1.6730403664261624
0.3286036768245354,-0.3981023736958948
0.4960636748850802,-0.4380901761190222
-1.5139239058745677,1.1381669342136156
1.7368824947623878,-0.23368336252212565
-0.09636680048532392,-0.49990753032710167
0.5680812815812881,-0.3657626490308924
0.9465004952994605,-0.3642268627601432
1.212087949613467,-0.3363772507945871
-0.23525980027061055,-0.29436616907433244
1.7709499509963371,-0.2627686018334945
1.190941331214767,-0.2850406548198685
0.7742729898714905,-0.35813691372876383
0.09482707494770656,-0.45641502078665325
-1.5862216186041467,1.4599257878302496
-0.9084039345855963,-0.5430048926825605
0.6306556188933812,4.3637645046540765
1.0683552828493579,-0.3524900683857472
0.5146459568193062,0.5840884047808732
0.5243876887056438,-0.39259586859241635
0.9765828581117164,-0.26768690097506204
1.8416400125898345,-0.2724182798651233
0.10572732995838945,-0.4446903112986307
-0.11527364974060805,-0.3482480430830669
1.603231244632807,-0.3140241296419456
0.10232843965083133,1.1418617888903613
0.8404031599814293,-0.3359527410359253
-0.776746905452572,-0.4438921307595438
1.4817360728721027,-0.326030285165198
1.9440273972988837,2.948811925739935
1.2763399759505483,-0.32470632884735484
-0.8529510879940867,-0.3948642944060916
0.5782602242309226,-0.3818390050693716
0.8183205766080465,-0.3449023117736697
-0.6998473321375563,-0.3699543745955975
-0.26469031659368425,0.5463420474134483
0.1640292521072399,-0.42841045929572363
0.31155996494597765,-0.43847375361011587
-1.8231530071671136,4.535516409059923
0.3789672752975121,-0.4110667889065686
1.1999228412320986,-0.35048018727950636
-1.705797225675599,0.942518029423671
0.08330730504392894,-0.4469704779561167
0.8721009607727996,-0.294664789225657
0.50210944840224,-0.37129925607574
0.9964668580836596,-0.3159018631363416
0.8952023470835444,-0.3750051749199732
-1.3932720421735054,-0.5832448882453719
0.634234010370997,-0.20044230094217041
-1.0529912368599144,-0.5631495333619285
2.9164742531595462,2.99419922170538
-1.5294689442402676,1.0255816330937222
0.568701119070413,-0.3977120725538631
-0.43656082012792286,0.4903743069615448
1.6840574801307893,-0.2600102973708697
-0.3888383935107834,-0.3973104931601713
-0.2932920672122803,0.4769356148604527
-0.26436994897137156,-0.5106779584672412
0.33747208299066583,0.6080776505919023
0.8759168716863982,-0.3713564229050387
-2.8058230907421255,1.383411719808076
1.5799975342176653,-0.27719901058690044
-3.1543985900807794,2.2460061995295604
0.14100841712695344,-0.36976811714644
-0.6198699127716027,-0.4836812686267739
0.8879451187706766,-0.35394489828264036
-1.161652130738111,-0.5269914656725332
0.952253983300398,-0.36302490867957216
-0.044626774940116694,-0.3247764784968832
-0.018422802552180144,1.1392416205058633
1.8153027599898153,-0.2761472811617035
-0.9824827642048644,1.0135530938702433
-2.742131828466114,1.7311561145859589
0.04969999209798264,-0.3924631168565534
-1.9541092944601708,1.0870243564253832
-0.484129324733543,-0.5116212468248666
0.47690741020759764,-0.3866017307922212
0.20375611313561595,-0.39689456030693376
0.06579234414184376,-0.3858050699729327
1.8120536589127731,-0.22319837240127718
0.6454430980690868,-0.3733340274113544
1.2130240663029783,-0.3464560842509413
0.45502619744936423,-0.36387001036264793
0.9707792439993133,-0.28310712788552206
-0.1266294642356106,-0.2766920568719213
1.3675938439140407,-0.3253359111295251
2.003789675535613,2.940209883604817
0.24742600339759846,-0.3182104259040539
-1.3705061448505822,-0.5470881307481726
-0.5739978446616062,-0.5004856605150225
1.1275235325051978,-0.32474156419270656
0.3586128990250512,-0.45775448765487203
0.3552035803400759,-0.38631129135553854
-1.1677949199798272,0.4429935596129983
1.6633172103997411,-0.3014667386031596
0.37833830024726206,-0.4418185769659582
-0.3532810350537746,-0.3784736869710523
-2.1850834204064316,0.3714965517537419
2.0067565734124435,-0.25182406347050823
1.3495534130562628,-0.31837815898614275
0.8526464388609478,-0.3841301042340833
1.0102848925177739,-0.321985998465495
0.23075543774404028,-0.3159039416730516
-1.153245891707857,-0.5899073712916618
0.49978171112189734,-0.38046624494563147
-0.6032814884899143,1.139316517445955
-0.832742714199658,-0.47157158210430083
-2.0575428734003056,-0.5908508958514996
0.8931413522084011,-0.3526266963401798
2.3001721132072164,6.166960389300736
0.4056976008711499,-0.42040071402519613
2.472055556100537,2.9738604374058077
-0.7162439350141078,-0.3726220953222017
1.2696928451988212,-0.2989568349603941
0.5394836544867714,-0.36013971852848997
1.1834541134457521,-0.33243528338586403
-2.2394891919313826,1.04059316130698
-0.6450887231654171,-0.3610451708285234
0.469192577783376,-0.41992952581633314
0.7204005471506421,-0.38974078114437366
-0.4020127521801189,-0.5071837500532556
-1.4308080559657044,-0.6599154877573781
0.6364210468470621,4.341637913396026
0.9106342017870226,-0.33272325808555475
-0.27187633427419383,-0.32079907329005414
0.09222788640395216,-0.4320004617905399
2.7509067672553638,2.9841159968599205
-2.506208597207009,0.9021131669717785
-0.9206213334070978,-0.5300798721630515
1.271846538886114,-0.2974201425234883
-0.2053099496814551,-0.4842503642269892
0.6140831826981933,-0.39142746659015837
1.33574821140682,-0.290199781252222
0.8495741512333045,-0.26404935177145167
-1.107530898260529,-0.4892124915606176
-2.3086959369012305,1.2935322707790264
0.774286753234178,-0.3552272297672074
0.47401522064702883,-0.41872450636608327
0.2643031248633425,-0.38216087264940257
0.3550219876447778,-0.38891960515498036
1.230588553751698,-0.28425973029783647
-0.9419877878563303,-0.4418032849569235
0.7934399587605772,-0.3501194844147972
1.5817449716843177,-0.2984020855097524
0.7118094987013912,-0.3609133985379334
0.19452127475140535,-0.4517181046515902
3.3461049886015495,8.914333854250918
-0.3960909417253152,-0.46244301160533485
-1.2575074845944612,1.1295279155728588
1.910311933265065,2.904446453012529
-0.4306013939053651,-0.3910536784150022
-2.812048998381793,0.9474379099181329
0.7455210193594244,3.8264034511876686
0.6081644823949452,-0.3812088396757403
-0.5623820836212188,-0.3475888336713083
-1.099209192133715,-0.5543611968493728
0.6686608596859727,-0.35581273678497827
0.7914903488766523,-0.38132556342731555
-1.106368870083993,0.5234152431619932
-0.2416851195952564,-0.2954115659572393
0.4416435402730786,-0.31875474569002005
0.628322113488419,-0.41912280762162973
-0.07099936247514987,-0.40539798316472764
1.4505314992122835,-0.29042628255793873
0.37970204125093326,-0.4164901321641097
-1.157302010911902,1.5807921632502797
-0.1266294642356106,-0.2766920568719213
0.6720055508018316,-0.3742595044405213
-1.870726140677718,-0.5604558881957833
1.1535151010222915,-0.3397001299069508
-0.6607520002336191,-0.36359357973956336
1.0955575739989467,-0.2794652393341719
-1.5581944012569702,0.5383966545337912
-0.7445980567173234,-0.39771070836301414
0.34067892226557933,-0.4409081310800717
1.7879671080012234,-0.20113760245366197
-0.6415710708013808,0.49759846444570033
-3.905402185139024,0.749074375172549
-0.029976144222981397,-0.44783960533525224
-1.5195444124929143,1.3820909310694358
0.4422226467712596,-0.36134725662737543
0.324382494419177,-0.32522719512783355
1.8900414020248268,-0.2877674980696913
0.6477179205831827,-0.4053953952188676
0.766743516997765,-0.3682963982220954
0.5228591232139316,-0.41272319103037014
1.5561289515752748,-0.2900092199276884
0.4427423238338211,-0.40540636823105886
-0.8737980925448994,-0.5196903650939932
-0.07859588231102049,-0.376330473432111
0.9298932233548314,-0.3240161210254442
-1.027669272697822,-0.42329087314060354
1.0345168444855988,-0.33859175612411163
0.9078489800852818,5.7500387943152615
0.04006446864770052,-0.45770164529425933
0.8562713181920883,-0.3544677159658638
0.832183174213141,-0.29670412354358194
0.6370826700048641,-0.3788809969869327
1.5090962518799098,4.753499205664524
-3.0138795739718867,1.9626039098272503
-0.3624491585930538,-0.4492677129393246
1.2669668630636377,-0.33664445157844564
-1.5760261573210448,-0.5739345451918361
-0.3669709912817146,-0.4288927161509385
0.5964688317822257,-0.35853926113095425
1.2882528018832489,-0.3103467879664862
0.25635359951681086,-0.4197063402060438
0.6081631419841943,-0.35572653662925674
1.0396258686601167,-0.3603962352756991
1.2826790447115621,2.8868027644745444
1.0489934485244485,-0.3439118498689564
-1.4507435189766165,1.1364690115522589
0.41636426509409535,0.5988086625569572
1.5743090083644524,-0.2885117734206904
-0.33702063163788143,-0.4971005350696691
-0.04949475653486008,-0.49813189679291703
-1.5495822418694443,-0.561134068270583
-2.107559886800103,1.8344007155590556
1.8010156955681973,-0.26878547679127074
-0.018184045895948825,0.5544137372070654
1.0683179867082744,-0.28620969585398315
0.8269569151205278,-0.3644283503895523
0.4378602860499265,-0.38875523815846075
-0.4742708669094611,-0.5153782037536003
2.653476433865577,2.9806479508931094
1.0969498684980372,-0.333560743034627
0.5708384134476202,-0.3635587105636946
0.05342040519147009,-0.4478427183729082
-0.7036503255073873,-0.3705731200950293
0.7219110559636002,-0.3805924241002897
-0.6503690658592519,-0.5010227227983168
1.2696600554410962,3.8441644146955265
0.8206702840208687,-0.3617448985199809
0.2722166618262299,-0.4027163600552477
1.2929455162958152,-0.343905408915891
1.0625697476697722,-0.3194887390119881
0.6269384521542232,-0.39820664786253496
0.6208723488322828,-0.40117984461795514
-1.6088107504006801,-0.55029511412107
-1.2960535501472732,0.45597233077606947
-0.1752076028088173,-0.4693891224679137
-0.35941528249339216,-0.47195045677775094
0.5703601073949287,0.5686013680075931
0.6801142362498953,-0.35802365085357013
0.13899561852120543,0.6326530440519925
-0.12809788249575976,-0.46353856435654556
1.9532761660772515,2.936139291394661
-0.6186663894494038,-0.4325142836237221
-0.1266294642356106,-0.2766920568719213
-1.115679047377062,1.006532608441487
0.37922379617197405,1.1699839980086673
-0.7036503255073873,-0.3705731200950293
-0.34820541140027816,-0.4782276803000151
0.9031113775573129,-0.3065785839322519
-1.881470330563484,0.38736723299141945
-0.13352471930840282,-0.41202179827615565
1.0865007667842177,-0.3346424749067154
1.177308923831752,-0.3267982285528368
-0.08891921721589771,0.48591150989919135
-0.7649639151979681,-0.4847166979607785
-0.7346470543417629,-0.37561627547245496
-0.9668053526344913,1.4547293661569964
-1.4176509814623137,-0.5072161498841676
1.1592542348654848,-0.3421801987416295
0.04032149763485557,0.6110777781337284
-0.5544073864645707,-0.4457605003856705
0.9022201260723456,-0.3695487840783458
1.0734350914782844,-0.2487245880424123
-0.27902312163631504,0.6260677886648801
0.6093259131739323,-0.39437959428167974
-0.1770561495947467,-0.44004741120255403
-0.05014201712039374,-0.45316214111092556
0.3990839086825243,-0.43137962546015063
0.9556985991616486,-0.3634856601210376
0.13995270903735796,-0.44828747324605756
-0.5897968004505612,0.4831676091956881
-1.2739337666145656,-0.46335800775346325
1.2829583704144387,-0.3198580080328097
-3.084040043393565,2.386149686736766
-0.11602719613251133,-0.4293344306552908
-1.8815368428935872,0.3760909012835618
0.5850734059813083,-0.3875910024226717
-1.105396296672413,-0.5039548645383038
-2.115334098765417,0.44775024869915314
0.060935603585748725,-0.4556391457067062
1.2189256275872633,-0.2793836505640894
1.7894816176619228,2.9515572028006063
-1.5066321458762988,-0.50121794094069
0.7693514509733973,-0.3359574832335684
-0.24219989501640732,-0.42263641571197214
0.7064268088046793,-0.40116974679102985
0.6300694888075993,-0.3904555227410771
-0.6607898773919907,-0.36359974233807313
0.3280412592274837,-0.3974743359680776
0.6644440022443614,-0.3815531910444751
-1.169033493062559,-0.5332688275560171
-1.6558999211442893,1.8754328561180156
0.7081927429794144,-0.3914776010925113
1.2063895154248871,-0.31714930507982914
-1.2151028795696508,-0.47426165475968496
-2.2756852228206275,-0.6263425688083996
1.1170119384204191,-0.33274687307098905
0.7670973724975798,-0.3906200818524664
-0.3238405934569414,-0.5034947593562533
-0.48159867838216375,-0.3919271456028254
-0.9874973168483316,-0.43723032078559665
0.30945109561396705,-0.3919198437436809
-0.37575276356538373,1.1023351636832996
-0.597999281031754,-0.5034872572936974
0.10532005941195176,-0.42945267626897166
0.7061476711390746,-0.29376614366455533
1.3498856622471969,-0.34473450620199325
0.7744457028492822,-0.36555153328508627
-0.7084420311905322,0.4946503734829096
0.7748060808400457,-0.3282201662892477
0.7370502998645829,-0.3643631381743882
0.7377635490898189,-0.39707153099591863
0.09603862337808441,0.590255754018722
-2.463012029868346,1.391644515315075
-1.2885158550259592,-0.5715868355009013
-0.44239886634701087,2.7040335733558503
-1.0179897168525862,-0.42171601327804104
1.3176101939687679,-0.3012331478611019
0.8642745337388001,-0.3594777999644388
0.5801022452793865,-0.4281387474695948
-0.45800674918478695,0.4915534501917845
-0.009354378878228379,-0.4325335162068229
-0.4312907571500486,-0.4267309181270594
1.7667360780423667,2.916549408421519
-0.7052581865859073,-0.5312163434659641
0.41827458961065,-0.37844147092860203
1.0451509748935877,-0.3377694722356417
-1.6123316087062942,1.0221819279501216
-0.456188075953055,-0.5173422240526137
0.8827886243002849,-0.3489467002729622
-0.5265302149192329,-0.5005402406776025
1.749958815713032,-0.3183393587954503
2.0067565734124435,-0.25182406347050823
-0.9279171362288594,-0.40706124045480724
-0.47382535135373405,-0.4481441680428477
0.8660932191760031,-0.32273551041889054
0.3955517499016922,-0.3779113017458731
1.598448152209983,-0.281083712696264
1.248775247434864,-0.3171919678542989
1.1061651512860693,-0.34940353262932633
0.7483119472473677,-0.33514904048785804
-0.4486357334336233,-0.48198462430511657
0.07300465230347639,0.5640438102198148
0.9472722454314957,-0.3667232438350591
0.529799793773845,-0.3290832225468689
-0.1266294642356106,-0.2766920568719213
0.6443565138406201,-0.36142160496501985
0.7395126617945452,-0.3673953688013045
-1.5542473365702216,1.3795360724506247
0.950289145764401,-0.3423174105155816
0.6569544533922143,-0.3994638086702668
1.259795861262215,-0.27885241176440084
0.08033705678218464,-0.4151173940869221
1.5326066881590366,-0.2944531632989852
0.34085821235708286,0.6787850261557417
0.5500419447530578,-0.35309865110338823
-0.26650489708092845,-0.29944973382205475
1.9224781193527314,-0.24913589873086117
0.3536045105034974,-0.356227832418522
0.862192443629991,2.8462341881264925
-0.09530179406759387,-0.4514640469716808
-1.0853027874867553,1.1483836454128038
1.3446699591990314,-0.3473783749515484
-0.6817684076703049,-0.3670129408193992
0.4403055307364761,-0.4014514173374757
-0.6206574235764478,1.4752932085649302
1.567655164621845,-0.3277087606270626
-0.7024270644943816,-0.5291585877150283
1.1131322657118636,-0.3472254980515396
-0.6716362429615507,0.4782626416921451
0.32327977006389874,-0.3992437274031099
-0.5032175848350801,-0.49476780407463017
-0.29227041988158375,-0.30364177407116016
0.601504563969526,-0.31488335288030267
0.8852935871164246,-0.30701124265869906
0.34397906344917706,-0.4089918066646083
-1.040574892109324,0.43355100407950176
-1.0892489151285532,-0.433309856321825
0.5325939162566711,-0.40772914225762175
1.8659848882770373,-0.2689157489864117
0.2726827936238829,-0.3254565896875538
0.03190424549747403,0.5264836910295235
-2.350396340816308,1.4575094697733795
-0.5017608986631936,1.095312659480302
0.1802421138313635,-0.4264994831904686
0.6312619293477083,-0.3878305516561421
1.0092781749946953,-0.3524984202040602
1.6472463989210437,2.873511261432012
-0.13192485774654195,-0.27755361527709793
1.3465256899127451,-0.2791637176092335
-0.9678545770761172,0.4592860039569385
0.7320591038635488,-0.3312922867709435
0.18033449886794387,-0.48891895972239785
0.9607274874552869,-0.3667110477169961
-0.7519343729206813,-0.5170102560771316
0.8158661112316149,-0.37067396671649017
-1.09356843608779,-0.5290974944830262
0.7418337664965157,-0.3514833107340811
0.44400674700448656,-0.38193281502000054
0.8314906304339662,-0.2878830021418786
-1.2304968281623603,-0.47676624403553913
-0.755736166990443,-0.37904746566118797
1.416070861504396,2.900374215850748
0.925569244487705,-0.3349804405283072
-1.3941739625135483,0.463643519619521
-0.9007388789560125,-0.40263934887240865
-1.4506220817845457,-0.49210512592644823
-0.15529062540506056,-0.49214178445669193
-1.2530432065217678,-0.5213853483445295
-1.3626632162203882,0.5226670731789058
0.8722787743610176,-0.356501891583765
-1.7725130536788258,0.5035270955484171
-0.01616710633254498,-0.3892514138292665
0.01840055892733047,-0.42825443387524964
1.6865964212083706,-0.2714239075440977
1.4297546516622437,-0.2953119903733398
-0.7044041995256113,1.0740260913564124
-1.5862321969170674,-0.5141688373915573
0.40977134581835145,-0.36426262707425294
1.2031117009050805,-0.3174629040319017
0.8880746478342629,-0.3463727066113877
1.464308857699361,-0.31876232255750786
1.6071531597295834,-0.2541787914967985
-0.9474923081805311,-0.41024611309796893
0.9117281804104707,-0.3562877606722211
0.6233415335231192,-0.34586370118533916
-2.4969150855429274,1.4336709286386051
0.9724690805345859,-0.35447427408653764
0.4538363814292422,-0.4184001370009086
-1.1754246560421242,-0.555551385913972
0.3324155848771042,-0.40564263918624743
-0.36842587955909933,-0.4972114087853273
1.211166535426001,-0.35358131622147926
0.7067107033797208,-0.3877288307422011
-0.3374046412636573,-0.3818183703879985
0.6177440209283217,-0.3183288569599115
0.9653441039504325,-0.3549984333560668
-0.6773125196340919,-0.47807206375057704
-0.6609288113949829,-0.3636223468447629
0.6328468851044643,-0.39274119231926274
1.684367856049514,2.907787008560943
-0.5408644992579924,-0.4720168012099913
-0.9932761482093133,1.140065493152592
0.3045102626879687,-0.4283050220574972
-0.5088123191018233,-0.4097063309802442
-0.5301491364278587,-0.45790480867738065
1.4538397826381175,-0.2460778797121468
0.9106136009206411,-0.3378230513785862
0.5877542807264151,-0.3724244283557719
0.08427977597771424,-0.4345565773521042
0.2836519835189795,-0.4136960519903182
0.2039716692837222,-0.4108148013868344
-0.34589409714231467,-0.3123663249029525
-0.04670730197289275,-0.4377265722113381
-0.8333057054409723,-0.5390842329129433
0.8474063260891423,-0.3522493074159627
3.4793893108423526,4.905955382143088
0.9222595746344379,-0.376051487531261
-1.2306812860173617,2.1065443252069493
1.2940591868375184,-0.3153755726567824
-0.6319740735320372,-0.49933138690404516
0.46595884050173325,-0.3240640284449428
0.09216491045739286,-0.44686905695284546
0.14817743847494752,-0.395083773300737
0.8984218681403965,-0.3084659893735664
-0.4828242505740278,-0.4993570641017649
0.8828174038702266,-0.331991838588466
1.408339117536456,-0.2953054676009463
1.7295162753956692,-0.2906500688255311
-1.7551645991268785,0.4414441719357785
-0.4098872341552356,1.1822040408948442
-0.4763276140732887,-0.47935103450061994
-1.2245889939922177,1.1647661998079
-0.9108866769365076,-0.40429039154300195
2.0865890738242223,2.925390021657941
0.6625395466361568,0.6209212431919404
-1.0750665803510677,-0.49902023182983063
1.216163053645283,-0.30771689898194293
0.769219992679327,-0.349873382113148
0.9401944571283305,-0.3588241449694547
0.876524644531124,-0.3619366240984485
-1.03052918382083,-0.5074486521086162
-0.5279883601347477,-0.464845441340182
1.2898455039219479,-0.3247197034024054
0.22058083411752563,-0.39290354119258775
1.867323345624667,-0.2744020050896771
0.3402434705112721,-0.4050501930253439
-0.46113823861028347,-0.4795207792927173
0.23909804433682222,-0.3692441441865745
1.3486057572806902,-0.27480635035138884
2.377219486087105,2.9465935724788523
2.5592368586493865,2.9824277830176604
-0.18565930366958022,-0.48849046797461343
0.5465523748565948,-0.39384462892222094
1.2569943120553155,-0.2943421815936098
1.8306619585127137,-0.2707429149137043
-0.5573706301085221,-0.5052831733411701
1.0144457468264143,-0.3119262915035113
0.816505436198473,-0.3440139125836406
0.08355499175655093,-0.44895849120496567
0.6697834813366225,-0.3138811962723859
0.29129371469711157,0.6550289518166382
-1.2245889939922177,1.1647661998079
-0.08814490767438676,-0.4281002859816799
1.3849258864860705,-0.31325461471337207
0.8149513316689665,-0.3521675303785833
0.5403509337749199,-0.3965092224044008
0.5096203761435772,-0.3086133505095789
1.0858095116604065,-0.3579756493644336
0.951102027142819,-0.305191576087602
-1.4667070069672143,0.5532816169743233
0.3753666258092508,-0.45264681130598244
-0.6254095129282587,-0.41926959755635773
1.6046431373529908,-0.30723818407592124
1.022551690554326,-0.36234517692254015
0.3882230783654958,-0.4197690806113698
1.1335199730485839,-0.3376584559583806
-0.6396638743595385,-0.464330431457547
-0.41857080369651667,-0.4577633937683233
1.0305983140870927,-0.3022986922281062
-1.004362868979009,1.101383512657653
0.00298013154680254,-0.3717498551895645
1.4818302197412243,-0.334545020576339
-0.1885024429758297,-0.3780674510987369
2.536405228772875,2.9541380635346273
-0.7031883828850544,-0.441331238774518
-0.3349246155435657,-0.49576926145328204
0.2731170880262489,-0.4347293001392595
0.634234010370997,-0.20044230094217041
0.22573344302695048,-0.3092972476148518
-1.2245889939922177,1.1647661998079
2.0067565734124435,-0.25182406347050823
0.43655980985303283,-0.44369921221067493
-0.39675150658482405,0.5229570743723623
0.34404266878728995,-0.3819269860638096
2.3026330165611357,7.214380223784434
-0.14640505364250211,-0.37499439118451783
-1.1227679973532159,0.46757380308624724
-0.27464853237507925,0.5425327171851398
-2.6298994035536962,-0.7044484830543039
0.7854740274229509,-0.3955984869087654
-2.6115334501826624,1.2699038676472678
0.21561972073008248,-0.39266802396598693
-1.9257456520095515,-0.622335704571476
1.3549981787820973,-0.3435896658123983
0.8153204852161485,-0.38450882848386436
0.14802415658379994,0.5739094536502907
0.5663128081517911,-0.4102763930145588
-0.5321655572521147,-0.5077186612248259
2.17582214816797,10.32908308126225
-1.9443512649872585,1.3000810422770535
-0.9422571685890897,-0.5657573688332932
-0.0079892062134066,-0.4126945421976394
0.2697589821744138,-0.3956595175470173
1.6233171231567916,-0.25628490513172336
-0.19044393993899023,-0.47876427233235364
1.0137767409630873,-0.3634082185720705
0.6815380641006514,-0.38022567161698356
1.5571070816328494,-0.2848268925922946
0.8101698863872543,-0.3057095540933018
2.390262611955647,2.925827442445801
0.31576614584515145,-0.38162701522625625
1.1105769718617657,2.8307241581329974
-1.8495181253953212,-0.6184315789545376
-1.433134660685469,-0.5843447833412221
1.4132905461753686,-0.29566269503975523
0.6662320629002668,-0.37996153615519906
-0.19759214518845603,-0.3411658205649918
1.1168760739460284,-0.2839117496655394
-2.1420723916930884,-0.6455546322239247
0.761867209778363,2.830307825668799
0.007940504732555972,-0.44814570499341755
-0.6607520002336191,-0.36359357973956336
0.07836177161810878,-0.46320689342862703
-1.2622409591251949,-0.5348591653392792
-0.2520024704994683,-0.5060079161688995
-0.5954922554837799,-0.35297584538368554
0.44713974119137223,-0.44771373339144493
1.2918682631522904,-0.2635993598169378
0.3858358932916101,-0.3983267287303182
-3.8050230784530386,0.7858814244478982
2.5402896821016654,3.0012843759596812
-0.7128239461903559,-0.42499382840825184
0.04374086026796228,-0.44452831789570574
-0.36461872186842126,-0.38624609041216457
-0.31973819909949586,-0.4389960830803058
0.6832669662489788,-0.32445439008946036
1.2814893977074153,2.8374833823774304
1.8433625941943257,-0.26788198723096507
0.9137724895337606,-0.3701412829226948
2.032380839479111,-0.2738157324660423
-0.2644889602801604,-0.5158531758994847
-1.2104524615344787,0.5949741289711269
-1.530312111851741,-0.5255460707150456
-0.6061407818068218,-0.47198986915689406
-0.11933764285483772,-0.4821860473843885
0.7802226074155441,-0.3707841151271918
-4.1420526187675835,1.77905060689877
-0.741755991646214,-0.37677289672711345
0.7386681443568158,-0.2905917771684308
1.328407999964287,-0.3351465158664481
1.2320121401997244,-0.33144584489306844
2.1274119184139715,2.9358972177080207
1.1605156520828521,-0.34530886535312916
-2.274690123504185,0.3808722696712079
-2.696126632132218,-0.6947482178558142
0.8285027487696088,-0.3743464873587
-0.035758602363754395,-0.45032465100264557
-0.366993858397486,-0.48610167092551065
0.2194203559471263,-0.4053529183011444
-0.4491889257674049,-0.5018748131048301
-0.3723551155700888,-0.47103888057332016
-0.31729521262180427,-0.44683174016238547
1.0887106106411637,-0.35614424718677895
1.005169131069285,-0.33167299022432795
1.3805609626295532,-0.32768987408043554
0.6455339879435479,-0.3794867336372992
-0.16517658400460195,-0.45874427444890226
2.2700827707724565,-0.25014259546438117
-2.10393228974554,1.3434009581269353
0.6263741979876699,-0.3674884512728266
-2.0551638657068994,0.3551628776088308
-0.33035476236248607,-0.47409934175714086
1.0730395927343999,-0.34137948269844254
-0.2985428210501099,-0.4824501548199578
-2.9290084053185663,2.209480507379678
-1.136750112855509,2.114286957641593
-0.279969687767335,-0.4379700517724387
-0.332591223017369,-0.47058357762309627
-0.3123729798652294,-0.37493028823705277
0.8118742942120906,-0.35693980012323573
1.3971320287308329,2.855537422823114
-1.5353647797087637,0.5421110248239794
-1.4549103813264124,1.028079612693838
-1.2027098922373474,0.5962338418974347
-2.110408687061064,0.41609885609949054
-0.8137701463600451,-0.4414177347803292
-0.10439264754248853,0.5013215269719276
0.1279426938324403,-0.4688960702583309
0.5095715417346927,-0.4346923238672202
1.2380107420450057,-0.30646763344478267
-0.05223319835060065,-0.3482802867562498
-0.29588079925058347,0.5093591405750024
-3.4034208292852437,0.23817905309584234
0.21393602548692212,0.6266125454321071
1.7023109695465342,-0.2711629356002676
1.308193643069042,-0.2866893654003049
-1.842845435466834,-0.6768657082150383
0.36173178454545113,-0.38856415565543806
0.7056649735925205,-0.37153537358228117
-0.18334201001997247,-0.3183719204894033
1.1849819909872477,-0.3364408260791053
-0.03892645236218507,-0.36659069329501787
-0.706027337378666,0.5032519004121565
0.7004793153266348,-0.36800743542663145
2.516002676425758,2.994470963151116
-0.12678138297975783,-0.27671677399080086
1.39952436027893,-0.29866554551453434
0.24171696193969258,-0.43140201887453894
0.9815901811271274,-0.33899857091804836
-0.17869602939534243,0.6053131971577016
0.8821380775737064,-0.3863474252996551
1.5222929403558498,-0.32557657818845936
0.6667211340861493,-0.3518444481278964
0.5798677027045702,-0.4306056374799769
0.5779176618946081,-0.29897135303119016
1.0785126106325396,-0.3511409633271764
1.006943536454314,-0.3855507551155175
0.10404830377466434,-0.473000008260937
1.6374776587127038,-0.29293634800253415
-0.43963916010084847,-0.4771665056356919
1.6254638258332876,-0.2820413247005734
0.6714087777513411,-0.38175958906120727
1.0934007062613764,-0.35629354561602716
1.1299849763432963,-0.33930620545361184
1.1804654665527725,-0.3398766912370849
-0.2942957555754466,-0.30397129537807527
0.6792113928965872,-0.37025831861069997
1.52784496904455,2.9119100026128537
0.5102462377205308,0.6010133865312667
-2.1817357628861562,-0.6110570292727142
-2.368278227900844,1.4546000939005008
4.38346843124779,8.91481880385323
0.5437647455565402,-0.35953243081276803
1.4886865026162448,-0.2888051512938907
0.6980112947683258,-0.3621644696554402
-0.8325785044847045,-0.5373129118100262
1.2606321149106454,-0.311009649404959
-2.246216267090012,-0.6215479815035884
0.7037065999203367,-0.3834229937277104
0.1128478733922479,-0.4484215321792566
0.7145348353629944,-0.32323528777516314
1.2136858330343048,-0.26380695504536456
-0.05617054897952901,-0.4554453530770893
-0.1266294642356106,-0.2766920568719213
-1.4208157756355118,-0.4872556518435575
0.3959890888769035,-0.37316006228442344
-0.15304531019175754,-0.4190241968029985
2.9929502426317933,4.876190705108054
0.16246163445199782,-0.4491058568005478
-1.512794537969378,-0.5226959684543735
1.7610473243359772,-0.2962262521107329
0.930740114883984,-0.3526389031880212
0.7686078012021338,-0.3567389971942827
0.7717597933989158,-0.3676543003113998
-2.0063344838554467,1.078527339009669
-1.0687161532032738,-0.49487469439908327
0.9560349325030965,-0.307838515231314
1.5308240207405566,3.9100617318687494
-0.986188516044286,0.49398486149421844
0.49965568781061104,-0.2937036792491646
0.6554427725691342,-0.39888872128467345
0.9705080700058849,-0.392125537881961
0.978316279540244,-0.2597832475448816
-0.8177292068987321,1.7559741509487234
0.2870195404172316,-0.40761884338158083
1.7278946622130205,-0.2859716863908134
-1.3640511593579778,-0.5355018111275415
1.4816134765375248,-0.2999572470195888
-1.0689454327989603,-0.4624592429845868
-2.0327204614143537,-0.6668074813823428
1.019513646550397,-0.30829966877704645
0.8735639461961308,-0.3324470379580358
-0.6607267521103115,-0.36358947188000473
0.9028222140284264,-0.3830878723368999
0.17498313428182186,-0.4189934972009327
1.7378109792113454,-0.2708381264569327
0.3164141234080563,-0.42162755150383874
1.4857161206029053,-0.27837134075518394
1.84864076679619,-0.2975872003435928
0.1346988240262008,-0.44326663625638096
-0.7291981260424673,-0.37472973701865125
2.1321880197163687,2.956595821274011
1.631213746841403,-0.27590082338283484
0.7519292506065991,3.807292673216294
0.03797892167926361,-0.43565223851613544
0.649663262115518,-0.28428149071771647
1.383822940823427,-0.3079776621775828
-1.5871245984888978,1.9743212270447497
-1.9012626636200063,1.3337936777453128
-1.828274671481413,0.494454702646002
0.2658207845119937,-0.35142189923680905
-0.1475037182156091,-0.46465404357754725
0.34102170495795503,-0.37127592368797147
-0.8266864137849239,-0.5010009459585724
-0.8870756131584496,-0.4966597656982942
0.3348005016809629,-0.36326720706301013
0.7030772189629549,-0.3735663373983773
0.5481186300049719,-0.3794992831690811
-0.255124847664127,-0.4255270742397948
0.27483561479155255,-0.4551723014849436
-2.2701173510948256,1.3016911417997226
0.21383191349970826,-0.43292046943310236
3.1348053060931305,4.885645984630949
-0.7828976105544272,-0.5209435433245866
-1.2481724630174769,-0.4591666539670897
2.130451806353902,2.94222119784549
1.2123275479640492,-0.329021777430644
0.6813139968949671,-0.32779625402938595
-0.07759064042465152,-0.4696874452360966
-0.163619223678317,-0.4865562775194111
0.32535470896412644,-0.4185482653207729
-0.009354378878228379,-0.4325335162068229
-0.09674851247112037,2.838227896035973
0.3098976874795279,-0.4067741012583581
0.801395950971958,-0.38792203183468466
0.3885466613941701,-0.43117484035964165
0.5303208052712993,-0.40030612885744554
1.0399146462221411,-0.367616941603018
0.9417022121497812,-0.3125348863294481
0.8809561387533269,-0.29003870193622605
-0.5049294255589565,-0.47735975152188137
1.6522779683867175,-0.2909993099004942
-1.0706849548616266,1.5233279879332748
1.1434239272549962,-0.33315970468624256
-1.5143733525393726,0.44408712696237845
-0.830088093529985,-0.3911444943558419
0.6690058327213203,-0.3759641112600579
-2.5986681736199047,-0.6788917656557061
-0.26232687838416674,0.5076303801428338
-1.8035245266537847,-0.5495222124860861
-0.6825688794570138,-0.3671431772587729
-0.3363759434158944,0.5891730109619989
0.37079648604296284,-0.41302612418070606
-1.517170115375243,-0.543883281933475
-0.7126291426257148,0.5240862211866019
0.0037996946505256765,-0.4510267295584499
0.438136504306962,-0.42360276231770494
1.4157655748077822,-0.3081705068053078
0.10627531046816081,-0.43849964314810796
-0.5022795133188285,-0.3378101695342895
-2.286369743317403,-0.628080936017612
1.3899493112578696,-0.32044346316960526
-2.7615955684716242,1.7279893718758461
1.9428435922505847,2.9150250233131416
-0.4303696880050317,-0.5003110428583873
2.2830020591247333,-0.2212362903346072
1.5154649855440163,-0.3209281247591443
3.5050116223121326,7.293401741849944
1.50445180640752,-0.2604807382628927
-0.051728387252043435,-0.4648835527372392
0.5335411590638681,-0.37940314760192256
0.8073498642455365,-0.3592338552998687
-1.3315712756634017,-0.5851835445517335
1.357541017091732,-0.31275140594231343
1.0756004526244018,2.846351232828556
0.4069647295404531,-0.40606447531255857
-0.8027666193104359,-0.47039177400627274
1.3353494573953146,-0.31887204365236926
0.5821372750110089,-0.4017441604447099
-0.6000095846287031,-0.4595671408260726
-0.16470560134529574,0.5656217169888473
0.29521333263939525,-0.3431943160253893
-1.1982002139662358,-0.4510361890437933
0.13260687178034522,-0.4097515714083682
0.20707268000279522,-0.4994644077915312
-0.17961998608398527,-0.4532052367444018
3.0088978823352566,7.329714274825868
-0.8802561815355692,-0.3993068221986413
-0.5016619847636341,-0.3951914375223791
0.8278122988133552,-0.34444956583680114
1.8220893173122985,-0.2847129924146002
0.20301256227031142,-0.35213191878900724
-0.35102086936132504,-0.3132004486914106
0.9330635518150941,-0.3312735982829115
0.6539477973045512,-0.3750514744734115
1.3738278554452756,-0.2949930420549112
0.8477981870685751,-0.33496132862368444
0.13663391488811136,-0.49277501511889055
2.9576921692693174,8.125658894868975
0.15232916139185435,-0.36763520200679856
0.9370217312969803,-0.30957792508998927
-0.33029063115415136,-0.4486787594909606
-0.789151495259822,-0.40495953498497766
-1.0706849548616266,1.5233279879332748
-2.120871023548554,0.3668542112248421
0.9326517013220708,-0.36048006018899664
-0.6331874847320257,0.5260294886730323
1.8540232265965295,-0.2566287706970143
-1.4091736873639855,-0.485361488740582
1.7736463765559998,-0.2932588644206113
-1.5924415064864965,1.0207930254678448
-0.6608025044379691,-0.3636017967534009
-0.45588396714578827,-0.4949738907686543
1.4255324506144038,2.9313766504284375
0.8247993786971269,-0.38691699667784557
0.0841309153841682,-0.33748628127720637
-0.8420114089881114,-0.4730795950373387
0.9806792784771956,-0.35309356592961677
-0.6023146121442349,-0.35408584008224653
-0.46643841890899934,0.584444518154531
-0.11861500815487219,-0.3653226028245894
0.9065822252478304,-0.37679333005947235
-0.34987084418118786,-0.490439635228371
-0.5093512952884184,0.5624417156837855
1.0233330097004003,-0.3539366364755598
0.5533705172456845,-0.3933200156772902
-0.99892327525303,0.5884390253594398
0.07792186313275234,-0.4673588377794009
-1.5068838759356162,-0.5792160457436477
1.0718402951503938,-0.3573334198174531
0.5661749645545711,-0.28947262888443
0.5477361611110296,-0.39312550720093314
1.294472866596798,-0.28256084851468866
-0.9798955980134099,-0.5529950370516928
0.4526040436320437,-0.42636461419397675
0.972876357570948,-0.2825395688426872
1.1211503732029258,-0.37808546712405416
0.0923522921652373,-0.43337535141574896
0.5622307441580081,-0.4127683284316203
0.8479360528358456,-0.2756579276808319
0.6555722708007978,4.79514045140339
-0.7979493612553628,-0.5225361719475305
0.4822869664349922,-0.4071895933665765
-1.4895553399328498,-0.5308923065602619
0.7112017526183151,-0.3560115936506127
-0.7115418527085943,-0.5030919679003043
1.2385493913610592,-0.3218902480538447
-1.4830357438128232,1.1431924258205792
0.939670197416166,-0.3599251056885172
1.4694412672525066,-0.30562437861078345
-1.4595636213443444,-0.4935599108347013
0.8404477433617461,-0.3801752745697046
0.6413435691793958,-0.33324098652244327
-1.5494346967443091,-0.5081818988386652
1.2377857758076054,-0.2948623232618499
1.219567163997316,-0.3537527703916787
-0.6344684953048251,-0.35931726400549013
-1.5786375422046468,-0.5334085988951285
-1.041110836459344,-0.42547781018570724
-0.375547229966153,-0.3171908777471291
-0.9335232318846026,1.06885237260517
1.2507245826098714,-0.30536864677734005
-1.5552831676278565,0.4314168499624883
-1.9316609732877845,1.525637546505394
0.13844212582883816,-0.36110262418448064
-1.3253843054771381,-0.5041817449504618
2.0067579251398158,-0.2518238435450057
-0.9896038340656517,0.5899552947112756
-0.7387355611693261,0.6241798529792629
-0.9113562340448974,0.6026861479223954
-1.6509299466713507,0.5028332096186163
-1.0395950063720691,0.590319813441245
-0.727905906755299,0.6259418334187341
0.3462287232701005,0.6041409681335104
-1.3020178465500487,0.5800764774707141
-1.795444654420354,0.4997961332842841
-0.9118899572929652,0.6230747201496515
-0.8417462672235334,0.5869446435397883
-0.7765436592098304,0.6246200999002595
-1.1675525254108716,0.5814785226250798
-1.1345668354227367,0.5868452811863016
-1.0457916430675993,0.6217643782435477
0.24848335954505488,-0.21566135055129743
0.42615093599199927,-0.40784144063662287
-1.0997362693535866,0.5600594452346785
-0.8848504442174127,0.5865232205343969
-1.2049175613833745,-0.5229623753397754
0.20301256227031142,-0.35213191878900724
0.20221122528238114,-0.4425155683438608
0.039955777103579386,-0.32299227745350845
0.19536193990679074,-0.43778621723392314
-1.0706849548616266,1.5233279879332748
0.6752557664392871,4.432436214488247
-1.035043827498247,-0.4244907102555651
0.8132929715902818,-0.4118104035165764
1.0630438062473573,-0.35257029419437397
-0.47793919717080124,-0.3663027649502074
0.22573344302695048,-0.3092972476148518
-0.6323261668488203,-0.5244540135151994
0.2896450069553956,-0.39738161398282806
0.3607428518837982,-0.3629908837878388
-1.4972931452254803,-0.585079408284045
-1.1677387506075698,0.5814482238600984
0.9316641801985759,3.9126290534210995
-0.8955432603663727,0.5932815660852041
-0.7877730038511879,0.5879758916756223
-0.9577464494880394,0.5831611321068915
-0.9532513860528636,0.5838924771290099
-0.8327033273209022,0.6035055980451145
-1.0883374903463978,0.5823894308038485
-1.0531439157895666,0.5881154113008705
-1.1395081258379545,0.5860413352130965
0.2584721628846311,3.9030750939871135
-1.3144050458127838,0.5780610851076392
-0.8184999824643829,0.5807874920455932
-0.9714644543968471,0.5929065645245744
-0.8230215816487974,0.5871757015314465
-2.6157106129549703,0.31879676316080213
-0.8505176695915074,1.0417700530572283
1.0570657274997728,-0.3428407384898351
0.27805169705179783,-0.3902469369562654
-0.19408162860714118,-0.4811416782179475
1.3667731822994291,-0.328801688917941
-0.8743099249751148,0.5052045931870013
0.3284663438896452,-0.43215381373546596
-2.212966992819948,-0.636613746671312
-0.10952330516927805,-0.3638433863870501
0.11546587816578072,2.872755092470995
1.0553157012475514,-0.3295343578176094
0.8737192703558511,2.816658287172562
-0.5344733434240387,-0.4659005455262609
-0.280172349575464,0.5116937840692932
0.2526280483116985,-0.32677110547910193
-0.3446911625858531,-0.3121706079319932
0.029368905536108988,-0.32471475722099896
0.7396812602995262,-0.40266111553605155
-0.4097549573721112,-0.35520921642017356
0.9829578389362114,-0.36848108718259553
-0.6302212628140883,-0.44993492632428217
0.2695271754304565,-0.25977995704265916
1.6232850516114683,-0.3051327803950602
1.3025424530932352,-0.26879848240922255
-0.10430805263239673,-0.48327702347715373
0.7501987031808066,-0.3849531406225949
0.13310344856513018,-0.4349450003290097
1.1316135611505798,-0.339657679671836
0.9563775444730281,-0.36616937440115493
-1.27539348779939,0.5269265103483016
-1.131820339967261,0.5548393797848814
-0.8604461490393784,0.5870145057265064
-2.028343175866056,0.46190363704381626
-0.636324326239493,0.5669502754455825
1.6686710503110527,-0.2509251701503043
-2.3041073005029444,0.39656151553148683
0.8896191287924412,-0.3896096675268878
-0.1272706385501171,-0.27679637567631343
0.9252812671916605,-0.3826495517582682
-0.9004543943494699,4.803472778255083
-1.703596608663298,-0.6066675529023188
1.8123245271940704,2.964324753918246
-0.34985093444308346,-0.3130101007483843
-0.370202793127999,-0.4810335980429021
-1.111818699660273,0.6110218025578951
1.1095289809144342,-0.3540357264916802
-0.9136131055557126,-0.46221572002521866
0.1628013369003236,-0.43151156682419484
0.3262357073724831,-0.3606807257357939
-1.1306673159921778,1.4368452696602938
-0.8096784160102974,0.5893466292413103
-0.8473181934478226,0.5860380933728081
-0.9819054100207734,0.5846162158801462
-0.7950770906549999,0.5867875196755106
-0.3505553780352749,0.6000492413087168
-0.9160533987300429,0.5853909990431521
-0.9105392171133018,0.5862881541855918
-0.9812570291248999,0.584721707192443
-1.024539415045374,0.5842712896660083
-1.0241169422037388,0.5843400258282817
-0.9449027538200389,0.5852507962524274
-0.8024636911897661,0.5879501659565508
-0.8713209152028767,0.5852451856234486
-0.8564118192660304,0.5876708895662168
-0.9822365089044456,0.5845623462242683
-1.6766722843062822,-0.5288834034184712
1.6393839758678954,-0.29495211445805575
0.5300034480204023,-0.4027222059873288
-2.628216709434214,0.9773473497659371
1.1670639290508003,-0.34596876686905803
0.8807035185334443,-0.3648001793680451
0.7839967833486774,-0.366434117495426
0.6760226421002454,-0.3910386656736869
0.14833974630685057,-0.400146218248972
0.13530593262744567,-0.45203103575681364
-2.368038810761412,0.9417210413418541
0.21039089190286636,-0.412821436057174
-0.09315246262329979,-0.4252933686841516
0.9813017437750766,-0.2685308000512368
-1.861880672171946,-0.611944897908677
1.4423136696233207,-0.32164520957390874
-0.9638046527893578,-0.532330932482733
1.9269048165319498,-0.2621942575941554
-0.8949615461554961,-0.47746739505507113
0.169463382622129,-0.33748652244856686
-0.09790285913416791,1.0934388237476287
1.8589490954279118,-0.29390334544421115
0.7312630137104387,-0.3119560613591812
-0.3656018467598412,-0.4299271581368086
1.1576592439003948,-0.33826695032863247
-0.3091979942583306,-0.36782211000677967
2.2064214831570133,4.879485321416862
-0.5799234389104134,-0.47329525787417887
-0.8655128411554927,-0.49199294044830066
0.4676582063072278,-0.35201313131098405
1.1782017258377662,-0.343196244072949
-0.82742930111042,0.5864585673388728
0.16105887863951618,-0.28281344250917057
-0.660777251009319,-0.36359768803066517
-0.1250109415472041,-0.4453084113543862
1.251543044594104,-0.2730652454026653
-0.9427524561238871,0.585600648827109
-0.8907802690938483,0.5855584403999323
-2.1349664045737082,0.4445560804003826
-0.8497341731870688,0.5887573399110775
-1.0068155140005979,0.5871549612734391
-0.8496238553992839,0.5887752885710044
-0.8893882727915311,0.5857849176412857
-0.827585107256841,0.5864332177411988
-1.0265124735641526,0.5839502738345597
-0.9191492166395465,0.5848873107081259
-0.8274479925162905,0.5864555262546174
-0.8439039806921126,0.5865935844219002
-0.9459228203008587,0.5850848318441969
-0.8906550967782125,0.5855788058855962
-0.8869052795606818,0.5861888996463281
-0.4384023915482037,-0.3848991270207512
1.270015878892993,0.6913071214929921
-0.9830129418242238,0.5844360208989247
1.2675220973051404,-0.32580863443235325
-0.0942134890160693,-0.4468892874943148
0.6902997529892494,-0.3829291342411078
1.1444605799620242,-0.325937659248135
-1.3048869929077322,0.5796096685064622
-1.154291074995289,0.5836361553008749
-1.163756886257009,0.5820960715965164
-1.0332840439195865,0.5828485420475025
-1.2971999968680394,0.5808603396860234
0.0752729869513222,0.6126968426559422
-1.2982490250805498,0.5806896632156364
0.37459701358143255,0.6054060553096218
-1.0877477229803036,0.5824853857183054
-1.300049924920366,0.5803966575323625
-0.4639713125722272,0.5969955057441352
-1.303982670572736,0.5797568013884844
-0.9707315842092196,0.60152386467014
-0.8203891261404229,0.5850337048632808
-0.9203657614709885,0.5846893793508737
-0.21250808047186215,-0.4403987412822299
-0.9841602554064236,0.49162757321853373
0.8497701588408669,-0.3552020900353141
-0.4698361762997981,-0.3649844066970722
0.7218928965678174,-0.30412311381368123
2.223995124272899,2.9701431329283188
-0.6256255217291655,0.4757758813407597
0.015031285256915907,-0.44737156902253544
-2.5012097151075907,-0.6630353134555979
1.295188594813719,-0.28688325248985297
-0.14993533856809638,-0.4674624175445285
0.13396882920961736,0.573594391915585
-1.0500825771480449,0.47385164804208
-0.9459323308147469,-0.5283680088789333
0.12792061064404786,-0.42318827819424004
-1.884693014800878,-0.5627282930265126
0.04792714557336663,-0.3012199302072306
1.0495668817889963,-0.3711324549622259
-1.9374394878154262,1.5246973845041285
-1.0506825271588434,0.4904370949745095
-1.3520610601551375,0.5105082402844927
1.270015878892993,0.6913071214929921
0.8265914995721022,-0.34602873284697294
0.5666966940608973,-0.3900406360774055
0.7158229853034392,-0.2646999157878479
-1.078391951893845,0.568917894128312
-1.0877221137179758,0.5824895523350382
-0.7884759061976088,0.5878615297451393
-1.0415048027789406,0.5900090903300882
-1.1150097024365382,0.5900272188969995
-0.9996881290401662,0.5379567161811935
0.8688693129313704,2.830287485516668
1.2829735296907234,-0.33307553113734156
0.5822943582677703,-0.36851331309307916
0.03717015898842798,-0.44859129780643253
1.1394924113859992,-0.31399650826633485
0.33249164222721217,-0.4106340598785028
0.8489493618543227,-0.3210890522807542
-0.7018305735250319,1.0550314282678375
0.977283728159613,-0.35714582841353915
-0.03590818697562682,-0.45705072746080583
0.415264976452488,-0.38777878340983174
1.1073388794230234,-0.277128498388511
-0.15567279850798038,-0.48423424384843466
-0.6560654225204016,-0.5212024167372382
0.8334258515460136,-0.29302265657128806
-0.07167362130726207,-0.4761630869405435
-1.0994772991766795,0.5481242332520028
-0.9354344993632147,-0.5266600159026747
0.0009572191202766819,-0.4419489200301657
0.43559890638470383,-0.4316914206230085
-0.25983519689731366,-0.42121702898801094
-0.5299153725917822,-0.49635451935708536
-0.7525591258443739,0.5915160430301879
-0.09279684036519112,0.5384959922735533
-1.3469651078536828,1.000843443931456
-0.012831690397197424,-0.32901048116603
-1.302088199875201,0.5800650310128651
0.24137575223463478,0.6223184294507458
1.8378457517532654,3.899280409997332
-1.1601322594376926,0.5826857969295562
0.5914862196605439,-0.3640263529655028
-2.1564444718222675,2.1392685383115198
-1.2931230152764845,0.5815236629594881
-1.1667003014990736,0.5816171791144958
-1.1621196643771061,0.5823624469412113
-1.1169832278688898,0.5897061270988995
-1.304186044393881,0.4764376808769166
0.5393234607462782,-0.41585109747678733
-1.0906657678118354,0.582010620991926
-1.2948050870880625,0.5812499905488572
-0.5795397852285411,0.5961841742725196
-1.0588027339434503,0.5991720701785435
-2.6690630618859448,1.4056625217758647
1.4130237062425621,-0.3072758852472131
0.7962332596494772,-0.3203540025275895
1.7671511038062444,2.976437573427563
0.26339855468848183,-0.2541854718423338
-1.8172315160758474,0.3643295177478729
-0.22217104149830416,0.5375176095854529
-1.1535364452733734,0.5717815869278244
-0.3633545892850524,-0.4371217434355114
1.5226295840399662,-0.28867774809307356
0.0031317145526624187,-0.3204854752353871
1.2590824957948554,-0.3433195744367218
-0.8948084551165743,-0.4426252888591779
-0.8421382552972283,0.5868808672370596
-0.2867547277031356,-0.42165233915625105
-0.5781482297174426,0.6004915091203702
-0.9814999670438873,0.5846821812902399
-0.8982254963549103,0.5882915916254139
1.1710859459712293,-0.3289497868045641
0.407081430349924,-0.4119072915890764
1.2978721299100915,2.8624696846538473
-1.351089241812463,0.5720925810983661
0.4909778817696739,-0.3902846876526852
1.1524222016307004,-0.29306063986137737
-0.7647673462819948,0.6025814086474504
-0.8188479578842427,-0.5097652499628453
0.731898886416768,-0.39222650734873266
0.8677014571843517,-0.3710423716284946
-1.1895633923171807,-0.5071127212545835
-0.5832621268270389,0.5257138780727294
-1.9374394878154262,1.5246973845041285
-0.9668053526344913,1.4547293661569964
-0.2308699193931862,0.5184122104504091
-0.40756082707236785,-0.4792044878654975
0.34815526860773405,-0.3623101918527551
0.7107645054981873,-0.3776456186934097
0.0896972948853905,-0.41252987563287635
0.7234414806566849,-0.36800362256650093
-0.9722879482620908,1.0377235654131736
-0.7022673069714607,-0.41789053044751073
0.18146575613318594,-0.3975087096102618
0.12244504878705674,-0.38017994439731007
-2.9372399120150563,0.24912099155866332
0.0758945778818293,-0.44193278813789405
1.0034079140327452,-0.3426287059509461
0.4405471368254877,2.8100854205517076
0.5573940708835511,-0.3772053887523307
0.509187345999299,-0.3992150824326365
-1.0809097565988761,0.4694493827485014
0.3288086060702502,-0.42891221840256855
-0.17257911905601026,2.7439886515451137
0.276232360245112,-0.41525912688514965
0.6516898180640533,-0.359597367344459
-0.3263467188517254,-0.4852727052462599
-0.566608915540743,1.1387322936838613
0.36196308421615353,-0.3658829495416993
-1.0106796384752157,-0.42052666645130893
1.6248035195588209,-0.2853389283831023
-2.4869461832172637,1.435292865057746
1.263266928079061,-0.30915703248891635
-0.4248063174487867,-0.4715993065579641
2.3670093123513922,3.0212725216978034
-0.8870441842562518,-0.5198420349695498
-0.8459602077566774,0.47967329518883395
0.40091375015493247,-0.4218986848580781
-1.1361449779575725,-0.5520448160120944
-0.32038793033741864,-0.5057152811855914
-1.2376615206243977,1.0513630703945205
0.5901437293168784,-0.38205880701227535
-0.2033444019058699,-0.4462695917899248
-0.9768904438398526,0.5920237582135096
-0.6859851801255374,0.6803047457808604
-1.7748336526444175,0.5031495350253469
-0.3186323953748982,-0.30793085693467936
0.24660132662180645,-0.4044349134343647
-0.964311258765264,0.5874787772487853
-0.9058712582410654,0.5870476292261326
-0.8436412495677514,0.5932279400132582
-1.4658204814163271,0.5534258543266928
-0.781904314331527,0.5867415926063603
-1.052309439881902,0.600228526523943
-0.7686618081043604,0.5868581094655224
-1.0779185027694869,0.584084595913257
-1.0871530122430972,0.5825821449172641
-1.0322107337138253,0.5915212316477849
-0.8327587215507941,0.5855914727658923
-1.4479078259506941,-0.5121389263745787
-1.1595230864339752,0.5827849091334889
-1.5692337780026722,1.0205709612206932
-1.1659020843042753,0.5817470487326677
-0.9301568398565099,0.6081253593395745
-0.8430841046993113,0.5867269779178401
-2.4039849836410987,1.9221875633631507
0.11961466801781677,-0.4025463654824937
-1.2037719023351197,0.4902047254813077
-0.9095756613621289,-0.42455249861981553
0.30269897855213007,-0.3642247314631877
-3.7767124966929186,0.790487544771255
-0.7187997321687789,-0.5229573933420382
-1.6034369580700756,1.1440786052278846
2.0067579251398158,-0.2518238435450057
-1.8380058456270891,0.49287144450661385
-1.6287716020190897,-0.5620407991509835
-2.0372491527500904,0.41950382059640434
1.3813892548787716,-0.3454825091444707
1.9223960294974887,-0.27749365712288737
1.109585801054669,-0.3535056794820008
1.9294667636185343,2.8972802428445115
-0.25143712453488326,0.5425422861596109
-0.6827522421067724,0.47073422152938305
-0.09979637661456575,-0.43165284530014225
-0.3756210622504651,-0.4642144638956
-1.6073083516890538,-0.5175979193389376
1.8972966750160218,2.960653328389554
-0.8847344260628194,0.5865420966417223
-2.1512701442965145,-0.6590284492186743
-1.266386962598002,0.5858736080313401
-0.6477868411968619,-0.4793178276775661
-1.7676272029238291,0.5043220215110894
-1.0319785111876187,0.58306095170056
-1.167642409216378,0.5814638985658925
-0.9420475702225682,0.6181680885941442
0.5115856283512379,0.5974126540790964
-2.1598206245341456,1.0535552053416266
-0.6607393758404511,-0.3635915257558468
0.024637995607400345,-0.35352009634994247
0.6034242751318601,-0.3857496361810666
0.7850504657656987,-0.3789300912294398
0.43004132372215725,-0.44429057428826585
-0.6286733019272028,-0.5104301949686162
-1.4413435497709293,1.4403659507997402
0.816066869059519,-0.4108856959521678
-0.7535601635739814,1.033758226626636
-0.20311761113369525,-0.43978553272388027
-0.1641607726250066,-0.4550708569492447
0.3192274269879241,-0.3874325327879702
0.8150236976458355,-0.33091303776438086
-0.47479154279465186,-0.46278194978922205
-1.490662465268113,0.5493840734949968
0.07498186742296375,-0.3972887286026968
-0.7658823685340237,-0.5066168347953627
-1.0739203292206916,-0.5602599635880242
-2.0884817785320955,1.343908668675603
-0.23332744732068766,-0.3265045311356116
-1.010787934099335,-0.42054428610601663
0.39697101527048456,-0.39302861508269
0.9534258895626317,2.8534795288169215
0.16067179488396374,-0.4071554675615405
0.3753893932929718,-0.4292702627199075
1.301722145937864,-0.3060955543018073
-0.8308702459926778,0.5887141678418029
-0.8972138088919673,0.5884561927707888
-1.023772890053524,0.5416543479749705
-0.9816308815442124,0.5846608815534249
-0.8453547809689691,0.5894698652724657
0.8011863050207126,0.6563874556940269
-1.9374394878154262,1.5246973845041285
-0.9729594163354133,0.5860717254728458
-0.821508783658362,0.5933495994924747
-0.9450828166489741,0.5852215001022152
-0.8903549489097659,0.5856276398236826
-0.37363025862141047,0.5224839432127636
-0.9148770574962654,0.5855823892911525
-0.1867616943426056,4.742826189238307
0.005008510011178769,-0.38201379929693374
0.4373148747239402,0.6594581614877837
1.6523584031724654,2.9324957319273044
-0.5910031486840878,-0.3727208782899139
-0.347757794485581,-0.4230794512509136
1.1933745878682493,-0.33997479704288874
1.4882944670381153,-0.3306409977952141
1.0283806323754907,-0.32090340312173754
0.8090987873452649,-0.40845280484351004
0.9686358200738099,-0.2998252759950456
-0.2626889088110202,-0.2988288740575806
0.8331164174950406,-0.36862222772374403
-1.9310392558883513,0.3977397638583852
-0.330511627878162,-0.42164769744082264
1.5613265506473122,-0.29951581726800086
-2.854499863308335,1.3754920283904846
-0.07111310547459954,-0.5017134570003524
2.5107496170749726,3.0040814116651875
-0.8471054114943908,-0.5254936029993208
-2.2237740875615497,-0.6997982830195192
-1.5592429833333126,-0.5302531119278618
-2.586650449054833,0.9841101636961372
-1.4881265612853485,1.0870715447237262
0.7921974275180415,-0.40067810329225845
1.0423126624677121,-0.39384607453776416
0.21215104965595513,-0.41216464959325405
-0.8071427631156911,-0.48788188909338126
0.9241212097775495,-0.34992353764097556
-0.17525403082623225,-0.47561168696820477
-0.564407792441822,-0.5114900003110099
2.3605792364167013,2.961385596523272
1.2153740827955946,-0.3121632083321112
-1.479674911929737,1.0418273907463622
-1.0300046044877902,-0.4236708306883042
1.3478079342888682,-0.2873145704818828
-1.0271494296966228,0.45269875153594263
-0.15387662295024784,-0.4935360800380659
1.1896554005600506,-0.2718983383004182
0.2333657509795591,-0.40216797282665906
-2.2308901218680828,0.9685886538799598
-0.9369484539736718,0.5865449576543679
-3.1452156204788095,0.8607790787129088
-1.3009077152764168,0.580257095384694
-0.41574993917254643,0.6248027645936468
-0.7297392421049499,0.5862079250741884
-1.1658128488253576,0.5817615673093783
-0.30996747160287963,-0.3065210773044051
-0.16637666080111385,-0.45336858654829637
-1.0675789463938188,0.5857668375980092
0.14559303881620742,3.744481351344489
-1.1696219301635304,0.5811418312999336
-1.2940924801810851,0.5813659314074593
-0.3627237253438942,-0.46947185723770124
-1.2158210218821908,-0.5465248676601058
-0.019059319518506788,-0.33002371393196345
0.23126300045136516,-0.37467729165614105
-1.7007614886026803,-0.5652554624307086
0.18554738176112856,-0.34733528034152805
-0.44281500139399843,-0.3895615435983805
0.8932286914730679,-0.348207808401362
-0.3233787740094054,-0.4652141710272438
-0.3974048311568994,-0.4440575435463643
-1.9374394878154262,1.5246973845041285
0.04253124536198396,-0.42178663936073557
0.3936944712564401,-0.37334261067952346
-0.9779179751547471,-0.5460816692614106
0.9555877300060961,-0.3460380478279331
1.8349157690080982,-0.30606650696293025
0.39149008979802163,4.360958668005883
0.21120940712543776,-0.45520714027002873
-2.3127184248583794,1.9298754028346468
-0.47442661779301865,-0.4731847308088416
-1.8161479751582752,0.9731410059740745
2.340949312871178,2.932476925668076
0.7760550585190791,-0.3668782341924585
-0.01627115093924073,-0.4717645358676118
1.0574634235837295,-0.3683910357335161
-0.3387155693854136,-0.3111983813095283
-0.3020385312638424,-0.4734225837823386
-1.8728227208382446,0.9943933216271083
1.6475421523425644,-0.30959327565085265
-2.806983723134372,2.268242345676074
4.467825438678023,8.911084443152532
0.1459334409000856,-0.4367520556287925
0.4505639100525982,-0.39799511884287697
-3.7415587964406876,2.0772788839015144
0.9706495351098676,-0.3579578385737496
0.46765936744616576,-0.39939763654830024
1.461695719194403,-0.34226005988133146
0.5715324812445963,-0.3816236593413948
1.1592114587132551,-0.29080929679246426
-1.0976694370104205,0.5314222467843819
-0.8350026003256241,0.6031315072473439
-1.1012112846056499,0.5802948696295605
-0.594008885135964,0.5681281561699015
-0.9741356369951405,0.6009700266440667
1.2643010583294807,-0.32436139742857073
-0.652867433339475,-0.49893140033289285
-0.8105111114505819,-0.5526715852362858
0.34694853488408783,-0.3901865232063954
0.9163792118708428,-0.3457381449912334
3.2717308570659873,4.934554280707331
-0.8654397534129558,0.5641295061875017
-0.6479324337817917,-0.361507841407843
-1.1668474626465593,0.5815932360546892
-0.9958905196477419,0.5889324534828057
-0.824099462591868,0.6253808521796664
-2.004374433954639,0.46580334176125837
-0.8375553872473136,0.6231915786228682
-0.8605615486180817,0.5869957302612308
-0.7772249588598177,0.6245092527198415
-0.953815510165484,0.5891864313458971
-0.9962937887408014,0.5888668417627406
-1.0879206569057969,0.5824572494378305
0.9519357935700586,-0.36531405721175736
-0.8059605474749592,0.5873812288382831
-0.9825670499520351,0.5911001766706588
0.18253418442560918,-0.4084541611137301
-0.49294589969850966,-0.4871200529203727
0.2558160006259929,-0.40015527521431726
0.2828953799129538,0.5686201123758741
0.7992657529730043,1.2277591609682965
1.5725917063923645,-0.30151074326940036
0.6292188462453134,-0.37526342661828443
-0.5636862200546233,-0.36827642493328566
1.1924296444028237,-0.3076564736579805
-0.3813500143819404,-0.4444667250338238
-0.6607520002336191,-0.36359357973956336
1.685195995059857,-0.26142423568741735
-0.5232724425049062,-0.4869889393005832
-1.4549566818882698,-0.5685783795461494
-0.9157848366377978,0.4523243868629331
0.5990185166620801,-0.3179559418080273
-1.2828870086261952,0.4412793769694136
0.7594359767085057,-0.31569118352942654
5.585385034609082,13.839340472363526
0.09027167653888704,-0.24140232806500395
-0.2850003207595375,-0.47257556982919463
-0.8915590499219062,-0.5425672027482533
0.4192935619529214,-0.36124828405018455
-0.8851654455988874,1.1197668806673666
-0.5268233776099368,-0.5367218902050582
-0.0010686008236826577,-0.4502828701878588
-0.45949247061917975,-0.3513241435952383
0.030472206206460236,-0.4151648308916366
-0.2742819264699589,1.100222834311519
0.12094422350022938,-0.4182250138349523
0.8741372637590126,-0.30505933623661374
1.8023606311330118,2.9316978524827104
0.3088305516023484,-0.4390171957336849
-1.0140735258473348,1.0423218530341753
-1.4104377981234344,0.4315512824138756
-0.009354378878228379,-0.4325335162068229
-2.555003767471487,0.9892590661257294
-0.6824030457469918,-0.3671161961805138
1.3104262983383632,-0.33154494477524277
1.351432504362078,-0.33278948207668096
1.6287265020607486,-0.2996769666230969
-3.5626623841190668,1.260274269639204
0.6016209400387265,0.586491831515813
0.1393645214220195,-0.4447375520864902
0.09739533536986089,-0.3575248244255301
-1.6275755871274098,-0.5208953904344406
-0.2434059185035478,-0.44037260394493677
-2.736583879761668,1.3146817296994169
-1.2077627829597515,0.5544609210266347
0.0022538946621406216,-0.4561006570718324
0.8828436506720074,-0.36525677226094216
-2.4062710368160922,1.7653251222002326
0.5081898362531929,-0.3950689458637157
-1.2815893869221922,-0.5121460010288086
1.3981400059257905,-0.3204342577545967
1.490012335706567,-0.31743119783144735
-0.5302552292380478,0.6851665376858328
0.28712386629462944,-0.42838153803284773
1.0687596547306055,-0.250789454244919
-2.736257730085472,0.8983428925822232
0.4234568417001752,2.8548472632886592
-2.696126632132218,-0.6947482178558142
1.0349316290817256,-0.37151001056417715
0.6709478776530722,-0.38307618344656263
0.1016255298043631,-0.2970368003190741
-0.9439923882221879,0.5041191901068414
0.20770735563010528,-0.36220180630170906
-1.861880672171946,-0.611944897908677
-0.7742679469176329,1.1003460839317776
-1.4801458870871473,-0.5806011098074193
-0.36980185340320315,-0.44678764566403073
2.0067579251398158,-0.2518238435450057
0.8604965427197206,-0.3126872325208682
-1.416105238941148,-0.5069646581945321
-0.7074467502879618,-0.4979299850451578
1.5156637594498836,-0.264942534078968
0.31244110615331366,2.904802883241204
1.2186663975718015,-0.331108128386536
1.1760589346646644,-0.2996428146396484
0.06999742409609891,-0.4578374754564517
1.1468943681914092,-0.3251014702110069
1.2980100203785447,-0.2761775168624025
-1.4266791630755293,-0.5291604402059775
-0.3504366102093749,-0.45734223920571654
-0.4121052575468955,0.5250954205375221
-0.43062265794076005,-0.3466270366252609
1.0118702954370056,-0.282328889983193
0.9049640314719193,-0.3992615898508264
0.3001008418039948,-0.3981334952612763
0.4259452903559361,-0.393197225199353
-1.2762294580326947,0.5085042220453787
-0.4041711479790202,-0.3218479777534205
-0.8917239535284005,-0.5306166861722139
-0.18046450526341043,0.5950657748357743
1.7020296066129825,2.9263659739983847
-0.981867955851057,0.5846223096585711
-0.9158413566689998,0.5854254982016311
-0.944332411132715,0.5853435907794216
-0.8886673598634416,0.5859022098861989
-0.9302337927883576,0.5876374303422198
-0.8619629034301948,0.5867677303940786
-0.9470161014587972,0.5849069554372974
-0.9416661064250649,0.585777397488384
0.42626617144019774,-0.38193498156111066
-0.022907328805857167,-0.4345797593824372
1.0772780699184736,-0.3452096399880613
-1.287636577075603,-0.5730409106498096
-1.8492887037012922,-0.6303715984635533
0.14261226168878735,-0.3786497643946266
-0.9425489538194638,-0.40944183132160006
1.6305290728850306,-0.2894577630302986
1.706103685884588,-0.28142777980042544
-0.6914597233385696,0.47675160797711785
0.7262522886876361,-0.3298863017110561
-1.176463590862412,-0.5155174848640949
-0.42597081607956977,-0.4216381997333652
1.0762417079806537,-0.3311716729156569
1.1288050441811963,-0.37529368031316646
-1.2036958102903086,-0.4519303203665532
-0.6530720534502041,-0.469797516588952
-0.5776731094270773,-0.4858154642361437
-0.5581992291741333,-0.41181379515254396
-0.9360838331921901,0.4655759758514255
0.790736314724244,-0.3563247442440002
-2.4822956361537925,0.9535462230807489
0.420710974715313,-0.37694645759759665
1.0193291480857187,-0.36478608180578614
-0.984370154423152,0.5908068122947544
0.1259180471318285,-0.42466481529147737
-0.0741306656414858,-0.4004100262667434
1.3739553290572943,-0.27256804694222764
-0.45535602710192113,-0.48638993267547176
-0.16934412934991006,-0.46998149740867246
-0.6735738351547478,-0.3656796871503312
0.473724999815233,-0.33990999892297635
-0.6874738454443451,-0.5008645591889979
0.8619714947519355,-0.3784880973211467
-1.2951652918877345,0.5811913853720934
-1.1634853441132473,0.5821402513946438
-1.0804517106705953,0.5836724440014577
-1.0821533855682326,0.5833955821765695
-1.0862414257023238,0.5827304596826595
-1.1342760228753213,0.586892596271392
-0.6508325928072383,0.5886657923316829
-1.2979156037594197,0.5807439107311595
-0.5983069554816294,0.5972116925054324
-1.168137371864837,0.581383368341057
-0.6759927349698862,0.5949524602773819
-1.171839962804671,0.5807809582768078
0.012500683418662811,0.5980403043752366
-0.6794471146801794,0.5959875674004242
1.471620415657465,-0.2864322040145162
-1.0907500337603453,0.5819969109558241
1.7617221315882798,-0.27081173787068097
2.103162495451252,-0.24587028958317841
0.7631410500119552,-0.371122866512081
0.9659503013199211,-0.28808987980196094
0.08119882407850118,-0.43601362883245304
1.5367851463134217,-0.32770507810006827
0.8582121126288395,-0.3429309970795254
-1.5569909206159336,-0.6388553554981973
0.6042503265769719,-0.3884822536201901
0.9802203343984981,-0.3806488483690691
-0.49777934430845916,-0.49268931601992605
0.7219563956838715,-0.26327076718572295
0.6232794333646224,-0.37889928775008475
0.39589760411017333,-0.3944322903739248
1.7806120778315662,-0.2500387932471824
-3.5151429431933576,1.2204632367471782
0.8535628425345622,-0.38652978847946357
-3.7292687193835743,1.2331674855623445
-1.010738699805386,-0.4529890308190573
-1.2256175105417748,-0.5030393991399195
-0.0960321850053999,-0.42088548038788204
-0.6607898773919907,-0.36359974233807313
-0.03322367982505465,-0.3725999621607493
-0.8101437470831045,0.4426696275852909
0.3031841904570238,-0.4185197537755294
-0.9070470207014263,1.4852854938461075
1.206078262889766,-0.30852788506673773
1.5307572067598998,-0.30276240717711106
-0.4356597247716487,-0.4733651515861976
1.0616591833164941,-0.3545812796489857
0.8730429574317288,-0.3008128814284599
-0.03908347307375851,0.6062954941647914
-0.6110011746799553,0.6515537958883143
-0.18253286184462267,0.516010766207174
-1.391645221102336,-0.48250961429415884
0.669659752143049,-0.41189825291007093
-0.6784933538209358,1.037393501330521
1.5855394871569424,7.143665831596306
0.1512006716311689,-0.4329831557045833
-0.5455551422259421,-0.457948286045739
1.4653531347419917,-0.300435715598599
0.9079946548587169,-0.37082074746369953
0.47374517776884895,-0.40424083951657286
-0.4735120199080226,-0.5064238311823716
1.0631639443725496,-0.33869857998497843
1.289463292344217,-0.33865885311780164
-0.5852625357540423,-0.35131147407727303
0.2418986830748417,-0.41112324605772116
-0.05128822149348445,-0.37553905586133485
-1.8954320779260934,0.4835282194917587
0.26962188959517736,-0.4297317108873346
0.46520864104466747,-0.416758426857742
0.7218928965678174,-0.30412311381368123
1.5667441153781274,-0.2680067346404878
0.5128622187796968,-0.3857400777697214
-0.5017608986631936,1.095312659480302
-1.088726614389988,-0.5648052760211406
-0.5504129532092039,-0.4326195132745844
0.627952266217184,-0.4071274138051748
-0.8678640193322041,1.0755400749489525
-0.44114030443220076,-0.5128258734090204
-0.35318313212699914,-0.3664804118772168
0.07076174839392083,-0.4606664595372142
-1.3400616983808928,-0.5216594227043378
-2.5832458074045572,0.3716212009472842
-1.009449840044258,-0.4408019875248565
0.7556618172130422,-0.3624112075041559
-0.6829881949668315,0.4948316397885362
-2.62399937941842,1.32037258466056
-0.5104277732577782,-0.4713953910833754
0.3097436349041402,0.6004995954216316
0.9043028344049382,-0.3630959671969654
-1.889345144701773,-0.5959379478127146
-2.331201838105529,1.46063240768338
-0.4841763272370354,2.713767319251714
0.7783427043911902,-0.41477033087372606
1.2590952355448066,-0.2798669564314463
0.1886966119717187,-0.42566596907535353
-2.121122943530971,1.9590646313642097
3.2510913184045354,4.965328967806868
0.04412633678995325,-0.4413532755447887
-0.7596654199276598,-0.4206375711139828
-1.8206602505638128,-0.6280782038264612
0.8842084406738049,-0.37885678530384564
1.9512526472584768,2.9408288442843897
0.5256434328218994,-0.41590230922474625
1.1203367117832939,-0.34659173555532885
-1.2866982768305644,-0.5473364236021951
-0.3184707345835714,3.785252022789994
1.7965045339196228,7.142569418259614
0.9972574818510455,-0.3850350947804977
1.4674349235459536,-0.2958235985446759
0.8749098025339677,-0.32565910284467614
0.11904356923946702,-0.4726808265446537
0.7128680781883399,-0.36257063836790254
1.3561616762875552,-0.27555035965757585
-0.0682808733322331,-0.3429667803986314
-0.7665315828022856,-0.4012792842799222
-0.5001792724217196,4.680079998509614
1.37385634945195,-0.33573583326454987
-1.407193058222022,-0.4850392411717707
-1.088726614389988,-0.5648052760211406
0.26221447905686773,-0.38121829939878865
-1.168382091169215,1.1414582852919832
1.3382290079098058,-0.2922404538019314
0.3057701639681024,-0.4350880291347539
0.5192952812258088,-0.30963465162916315
-1.534623309471582,-0.5057720920564491
0.8374645806030874,-0.3527540437008075
1.289414535650548,-0.2935800009316439
-0.26273094064284913,-0.486336134517835
-1.2229692938898604,-0.5545352551860743
1.1615548619358553,-0.3117974997087749
1.1409654710990573,-0.3255458363749906
-0.3075906134244677,-0.4569628220170092
0.39868402337980013,-0.3640964820867822
-1.1730515007230922,-0.5118500136887952
0.769567635711895,-0.4221156768095079
0.5854727816069188,-0.40753797311676515
-1.802063354168207,-0.5492844803073984
-1.23332755651433,1.373931872823471
0.7890600372723153,-0.35185212232007884
1.2865001766861308,-0.3104754783689512
0.8113198602173409,-0.41556556911434384
1.3032705760085832,-0.3335838919083633
1.3720297220270998,-0.3260185766550121
0.2093289091318076,-0.34795035016836756
0.02274867927045032,-0.3862802424748827
0.047898791766905084,-0.4842660821493449
0.03283740996104772,-0.4458658463490596
-0.9531202790712661,0.4775154510351547
-1.0768863856833228,1.055144595032567
-0.4972387755577413,-0.49275324146290445
1.217118595792842,-0.2891971240088428
1.5178170272048517,-0.2790371116642193
-1.4144567280427423,0.514240289531562
-0.11024796337221882,-0.4513802406035068
0.7495007129982374,-0.38523546805314435
-0.41280428809126135,-0.46417751615971803
-0.5631695630141443,-0.5103431875400584
0.2807868131803502,4.382412655138731
0.5380673082979169,-0.31164233381077827
-3.2233813430236977,1.3154751592556955
-0.26477460761789634,0.5385949186708149
0.1769282230749028,-0.4151636965524811
0.3482690443779479,-0.4252129921063401
0.11676318258626167,4.3021801710454035
1.7684339460740992,2.9242765518457072
-1.3304183995241097,-0.47254803492445197
3.174733238329322,4.892454849543435
-0.11083657143256281,-0.36674433975237625
-0.3240348355183028,-0.43430940712199967
1.419753268338632,2.8559726227660804
1.0870829817679568,-0.33364901068265823
0.27630933647050687,-0.33906294514452895
-0.35329269244788064,-0.4422662532149791
-2.0273530411442464,0.4296119764538694
-0.6607520002336191,-0.36359357973956336
-1.809928380968777,-0.6390573615076222
1.08068456235291,-0.3295107731235271
0.41621082277260335,-0.4007608117927374
2.0067579251398158,-0.2518238435450057
1.116743676576682,-0.31172732918194895
0.5826681785316098,-0.37500685472173756
2.500679070985848,4.8227374720863
0.9780131050749836,-0.3599114802494259
-0.3606580259344444,-0.4692941593414008
1.1858158818999451,-0.32750073818928793
3.280827862658931,4.886963997425071
1.0913028664789535,-0.3197882754529225
-1.016099718089482,-0.4214085112356027
1.6953479264310385,-0.30080358744664115
0.26340895277258625,-0.36695812684637524
-0.171530030476599,0.6238421856252636
-0.1058591254107541,-0.45782129277633404
-2.211820242983022,-0.6159517621456005
-1.9372265282893468,1.3659475412364979
0.40416896995679585,-0.41012893171245296
-0.8111604899195889,0.45893202023566665
1.1327139953590282,-0.2884903258281228
-0.06700194806107662,-0.45284219367740536
1.2485096913352645,-0.33304816197495996
1.0684797952806524,-0.28860251619090355
-1.8411198143535605,1.6988343976983626
0.7018128278037167,-0.2757967772488815
0.29877202133396347,-0.39559419476314706
1.3183540716308837,-0.2888920566184828
-0.3084118043094234,-0.4701864060913701
1.2962062590422971,-0.324312815058116
0.2833125360124714,-0.32837036095172534
1.095322461491949,-0.331170270885183
1.049085697254469,-0.35877243518129665
-0.5100466927893037,0.5280728334623397
0.7234292423363591,-0.28498913795641395
-0.506468099105562,-0.4522241281426697
-0.930488643316178,0.4792492258705718
-0.7585486671720842,-0.5137129444784235
1.0574917795292584,-0.33244731617546935
1.1706985361010125,2.82441894917911
-1.7803829755992508,-0.6257522734178426
2.260748887601571,2.960256532890808
0.4930343334469941,-0.4105514819362438
1.3419240670548263,-0.2994121551332537
1.252906661868385,-0.33998632319325667
0.5587956106729132,-0.3774059693203994
-1.0777645525802737,0.6165623986604
1.440284305318853,-0.2922372430303473
-0.6206574235764478,1.4752932085649302
-0.795771038905049,-0.4966661123353176
0.12641006059586155,-0.3063559039996792
0.5906837402404937,-0.4069331649967089
1.1564199055129871,-0.33519710439938444
-0.6524595027286435,-0.4951677396408047
2.753010950851872,4.921176448961351
-0.26467343965377393,-0.49159487560011267
0.5604128282665789,-0.40990010191091436
0.9632055256216993,-0.272837353258283
0.7364007482701227,-0.36864723481572587
-0.6446750900678703,-0.3609778728890757
-3.2368144940207366,0.26528583717270177
1.1020708574223603,-0.3498448613554847
-1.7854223267040894,-0.6223450077156059
0.6622867900384262,-0.3941270192080749
-1.449890737039777,0.41939698089032074
-3.343112532687454,2.6813805482942468
1.0059474157676542,-0.3470049963023689
0.916288616047209,-0.29547705943288544
1.1272558177043803,3.8260896890040366
0.8231154827967634,-0.3807088446568006
-0.35778561425747935,-0.48767875505668856
-0.4323018549938033,0.4748185322904483
0.15392629761427612,-0.44284943400798205
0.6163616549539244,-0.40829972796608416
0.39259310364747124,-0.4230025659682485
-0.5082693742225607,-0.3387847175063706
0.42167408452744104,-0.40729818703827436
0.7924960492551599,-0.3838155912155412
1.3592415998274048,-0.2898111248528217
0.18807598429597142,-0.22548960633116968
0.02858744190356399,-0.4148933851350313
1.7588230521663897,-0.3024050505219905
0.6489512146150269,-0.3882080711209891
-0.4996112059675904,1.135810259446578
0.1503420395689395,-0.4582253785427907
-1.928084227301971,0.3945232552819316
1.037668919996703,-0.34021383980830683
-0.1059815405109733,-0.44391157658730734
0.6355046599351015,-0.30964402623915643
1.4408753940779586,-0.3081599033749149
1.2488517117377118,3.8574144441978855
-0.07543379526111876,-0.4347072469045591
-1.7948878322492738,-0.5481170257626088
-1.234855039765321,-0.5820744498658329
1.253385049358569,-0.3089086502407863
-1.3704230216617972,-0.47905677093764765
-0.8250805094102831,-0.4552352726493741
-2.003576780248221,0.3654625288861593
-0.19538419327564505,-0.4792974543615818
0.43940074458521594,-0.3750511053194336
-0.3330495791535374,-0.3102765269661552
-0.2541526136081089,-0.4950859690154527
1.208781025547048,-0.34025903785189243
-0.939152099296248,0.45059720743586146
0.9078857072219904,-0.4050790985687848
0.9734538525459899,-0.28720943474511645
0.7717570861097901,-0.3596790687357202
1.3277476515666615,-0.28272689513748406
-2.5968854765473512,0.2755230507645472
1.7460858722957031,-0.3054733619960476
1.1766922859217246,-0.3321308350040265
0.4120700272855659,-0.3997146039865797
0.6607379402836571,-0.3225437998998679
-0.8505176695915074,1.0417700530572283
1.8406905465509418,-0.2409797828728838
1.1159259202832466,-0.33644558211545117
0.19261506986395416,-0.40158951856370884
-0.4150641346897963,-0.3560730174451932
1.2945127238344152,-0.32867243476046815
-0.014628026531824632,-0.41315276272630375
-0.5466096627136976,-0.528836143322531
1.7625288782337085,-0.29969229447407003
-1.5336675939632758,-0.5056165975256953
0.3196372220225699,-0.4455051894809406
-0.07552449934470701,-0.4799528793830609
-0.9724666893708476,-0.5444829110973443
0.5454328156913935,-0.39257728951373894
1.0114091348986292,-0.31673426732078097
0.7542671341830374,-0.4173521891344824
-0.6608025044379691,-0.3636017967534009
0.16953501254784495,0.5732637193738619
3.8643702793630417,11.577227890487329
0.9818022996018121,-0.293996599226931
1.675780259649825,-0.28090174931941575
0.5639708368805904,-0.35412082208316176
0.8441876779809725,-0.3531664950914344
0.26676249142332026,-0.39679242851732754
-1.4001749578666975,0.4046458662487754
1.016169198300294,-0.3335243312308281
0.710750263739986,-0.3590091603757348
-1.379436601943799,1.4172209583651991
-1.0460445813984343,-0.5147737730000761
0.9977355607624362,-0.3506067592839777
2.07939335021199,10.990571990614011
0.27561872960221356,-0.41115220097812494
1.0106503560852929,-0.29017084775303703
-0.29042832653555517,-0.44219317848117
0.8627192932200773,-0.27193960551184904
0.763762465097354,-0.3288410906413825
0.2200775195991249,0.5751429090520368
-0.00967531148024137,-0.45770508664262544
-0.3528118923347143,-0.4768299148475761
0.3934044970923865,-0.416744286126633
1.941557697564698,2.9113102509708866
0.8092862735432608,-0.3524796091393125
0.8276003236296812,-0.33002945038641723
0.5524958112878396,-0.19865140142204235
-1.3298221494520368,-0.5783073530745292
1.0867008461150884,-0.34325990035580245
1.4057493529993135,-0.34010215005425326
0.22383885180000343,-0.40873313955682716
0.7325359262619401,-0.3331622170513113
0.7399712105517755,-0.38108963014977915
0.05650796495004597,-0.24689567042932067
0.9821144959334442,-0.36701107365498165
-1.7492711064258704,1.7071174374702638
1.989669866035831,2.939357813623413
-3.4537688585885555,2.807481017400822
0.30766350656142394,-0.4148249445860405
0.5218259318378515,-0.42919126110593436
0.5147545696020278,-0.38499390947819523
0.44629911295523156,-0.40847461761480347
0.7685535715135641,-0.4142133326796944
0.39451318543004277,-0.3990652347695899
1.6957457988134006,-0.29177072995795206
1.25899564597556,-0.33679755802913186
0.853243726813374,-0.36165954697861236
0.2675937222637551,-0.414238704304964
1.1596684475796133,-0.3230746584709886
0.6525636037489755,-0.3992744253032338
0.0856977060934942,-0.3872652101572673
-0.1815990323057401,-0.47037225279046413
-1.807097446960898,-0.570578933976419
0.2479267924800446,-0.4144432962775916
2.005664900725056,-0.25834396495674894
1.4789534476827102,-0.30389903929793716
0.2846677739915948,-0.2302495695868604
-0.6412634057335044,-0.5198832817032686
0.949594401705168,-0.31149415757603455
1.1377245785359895,-0.30122727995103804
0.2475591620673793,-0.43610778561830277
0.8076278389135976,-0.314285796089023
1.4659103144549868,-0.26827655687397306
0.42069712048679875,-0.408159072969393
0.8610224141092012,-0.34633168791874736
-0.750217706075674,-0.5120415640535799
-0.7055045656922646,0.45862478384122785
0.20684701693994717,-0.40499184180113273
0.8232075626397581,-0.37168863416477343
-1.2048939191158121,0.9916185773056566
0.6351514295559044,-0.3262947170544398
0.3501396955023957,-0.42512019124930334
1.5771247455423227,-0.21425530441839824
0.034035005956017654,-0.45181960311994396
-3.084040043393565,2.386149686736766
-1.157302010911902,1.5807921632502797
-0.17327302473299133,-0.47172958864511644
-0.2591096808406006,0.5340431486813784
0.5494360712290528,-0.366465943840883
-0.38993728518867055,-0.4306371230077144
1.5166426431583333,-0.3130094212349833
1.6393064762055383,-0.29562962191332437
1.9398865153681917,2.988925548957248
0.05092064732276252,-0.37065717748823257
0.06753513389974516,3.749976239853073
1.0659799364046874,-0.33748763966779627
0.20055878857349377,-0.33960388675615794
-0.5067518293707782,0.6080267455631005
-0.012815384996564233,0.5684783286335747
-0.7506636596377991,-0.4708439509644587
0.473271047276062,-0.40871868191498456
-1.0596908336420892,-0.4993340448514899
3.5070905249946533,4.9201394455928
0.849979343813828,-0.3696353670172186
-0.2994493108370595,-0.36623600311525895
1.721103222562997,2.923679241550236
-0.14310864049544741,-0.41511199904015805
1.2762457177358866,-0.275123814036351
-1.3867530125287573,-0.5497314896179203
1.5100071082026247,-0.31889799863488677
-1.2889745853730752,0.4883196293733241
0.7089452051935846,-0.3816858344473751
-1.5193247028140464,-0.6265934577075281
-1.2337733350035691,0.5911798321899945
0.33157078835833054,-0.39174008771113317
0.7337777961247518,-0.3854100989042101
0.7855479689310729,3.8213176799105653
0.6853795917041055,-0.38977422025950575
-4.37477982021509,1.1281430877705314
0.7293306342926735,-0.31282114948568557
0.39686498921704,0.6073126695729584
1.0391401398141515,-0.34629512010979324
-0.30994499656148433,-0.3474682381964384
-0.13225447511606653,-0.4968094433365527
-1.2017186475431207,-0.5510777835293077
1.4136612595288363,-0.3229355385585865
-2.505748271007897,0.9972729156898371
-0.1837325956871545,-0.33891087740729087
0.28545719184284785,-0.42940859905161954
0.23791081341784057,-0.4367072596400869
0.26701005608639666,-0.42879584126057013
-0.7336695176168192,-0.506342542960629
-0.660853019256348,-0.36361001549413663
-1.7711819015324282,0.4200512008972033
-0.16999490939797146,-0.49246419617445414
0.7754259908280593,-0.36613737290676435
1.691587966825361,-0.3057326132981238
-1.4054759320075594,0.4306505991783942
-1.8931119021057377,-0.637501615307275
-0.3859652582383839,-0.46289809790035
1.3475250534148258,-0.34549691531092314
0.4648859335289108,-0.2965979660474175
0.9893043735301098,-0.3082013694277668
0.8701859682543165,-0.37518085700154424
-1.3640971533695043,0.4179203924867883
0.842210333660622,-0.36704933957502006
-0.15051318997631968,-0.2805779294924101
0.49578068133237063,-0.3926534468058544
1.2380080269060962,-0.30591137499032905
-0.572972456527814,-0.4671455572303029
1.4328193228975936,-0.3198848506621497
0.9971549863012206,-0.3079509075352529
0.5657352708233385,-0.4060348928971498
-0.0167732886517093,-0.410702063623012
0.8084246774990902,-0.3676254678441571
2.5158416874942087,2.955217591376432
0.735114552842981,-0.3671667192865689
0.5167650545412872,-0.394333625600751
0.3022406420024728,-0.4337310622607994
1.1987983316822837,-0.344641722074208
-0.8193086734460845,0.5030017445867289
-1.4016927057545012,0.5638594177649296
0.7097104625104869,3.8741143408340144
-0.3722060757262362,-0.3166472732893207
-0.26997829749680397,1.04526140670903
-1.1411638227626384,-0.4417563910191586
-0.3897268678202833,-0.4800088012708667
0.747440814900526,-0.3510969907318721
0.9902141353123266,-0.3635944107024218
-1.216465848492611,0.4402705889789705
1.276518420026605,-0.3174970065327434
-1.9953888279650631,1.3719411885483461
-0.07099617844592626,-0.46640268999984996
0.12437051011826283,-0.3736113830747287
0.8768719272414054,-0.3574587490395869
-1.1549683126217751,-0.44400237599511244
1.501337446869108,-0.32644792611725876
-0.3714168205565489,-0.316518861789048
-0.15321988216784932,-0.3899869605020855
1.3286677375425093,-0.2965258811670625
-1.256435107225435,1.4559643663473296
1.5007627889333115,-0.28935829472222135
0.44880906965798384,-0.4202271624311411
-2.3841037081395435,-0.6764349680970441
-0.351880116012745,0.5658811490066916
-0.5502104980010053,0.4887419537374859
0.45008022904129225,-0.3994387997173644
-0.6618545195815196,-0.4588578130259442
0.28699277310597443,-0.4543706544999442
-0.6352165813949695,-0.35943897731299584
-0.48428754675438657,-0.480432827892868
-0.8590698661045868,-0.49210324185966
0.8077889951484306,-0.35752660863073865
0.6675373854220094,-0.39497717109535546
-0.08924238969801479,-0.426067856335048
-0.9891432344000473,1.064424115696424
0.13970604092170988,0.5058116300761581
0.6214844093606366,-0.3757772854316053
-0.8983862128614972,-0.4022565710402949
-0.09630759229048147,-0.4384193417164411
-0.330290966758783,-0.42597292951915056
-1.3093069668630541,1.1594806819826244
-0.5193702759046185,0.5217259815909057
1.7875072968351677,2.9006909955196036
0.34694853488408783,-0.3901865232063954
-0.31154718462955244,-0.475560452988553
0.7862043814753944,-0.3594598419484775
0.18590345452710166,-0.34198830374089684
1.7799876502093948,-0.2963770666547519
0.47401522064702883,-0.41872450636608327
